quest_key	group_id	group_mode	card_id	source
Akingdomdivided	all:item.dark_essence_block.13446	ALL	item.dark_essence_block.13446	Quest Helper 5ea99d5ea9ba3fb096ebe7b5ed02d80883e9819d: A Kingdom Divided
Akingdomdivided	all:item.defence_potion.137	ALL	item.defence_potion.137	Quest Helper pinned source 5ea99d5ea9ba3fb096ebe7b5ed02d80883e9819d
Akingdomdivided	all:item.molten_glass.1775	ALL	item.molten_glass.1775	Quest Helper 5ea99d5ea9ba3fb096ebe7b5ed02d80883e9819d: A Kingdom Divided; Desert Treasure I; Dragon Slayer II; Horror from the Deep; Observatory Quest; The Fremennik Exiles; Wanted
Akingdomdivided	all:item.shielding_potion.25813	ALL	item.shielding_potion.25813	Quest Helper 5ea99d5ea9ba3fb096ebe7b5ed02d80883e9819d: A Kingdom Divided
Akingdomdivided	all:item.sulphur_potion.25812	ALL	item.sulphur_potion.25812	Quest Helper 5ea99d5ea9ba3fb096ebe7b5ed02d80883e9819d: A Kingdom Divided
Anightatthetheatre	all:item.drakan_s_medallion.22400	ALL	item.drakan_s_medallion.22400	Quest Helper 5ea99d5ea9ba3fb096ebe7b5ed02d80883e9819d: A Night at the Theatre; Sins of the Father
Anightatthetheatre	all:item.hespori_bark.25968	ALL	item.hespori_bark.25968	Quest Helper 5ea99d5ea9ba3fb096ebe7b5ed02d80883e9819d: A Night at the Theatre
Anightatthetheatre	all:item.ivandis_flail.22398	ALL	item.ivandis_flail.22398	Quest Helper 5ea99d5ea9ba3fb096ebe7b5ed02d80883e9819d: A Night at the Theatre; A Taste of Hope; Sins of the Father
Aporcineofinterest	all:item.reinforced_goggles.24942	ALL	item.reinforced_goggles.24942	Quest Helper 5ea99d5ea9ba3fb096ebe7b5ed02d80883e9819d: A Porcine of Interest
Aporcineofinterest	all:item.rope.954	ALL	item.rope.954	Quest Helper 5ea99d5ea9ba3fb096ebe7b5ed02d80883e9819d: A Porcine of Interest; A Soul’s Bane; Another Slice of H.A.M.; Cabin Fever; In Aid of the Myreque; Legends’ Quest; Making Friends with My Arm; Mountain Daughter; Mourning’s End Part II; Olaf’s Quest; Perilous Moons; Plague City; Prince Ali Rescue; Rag and Bone Man II; Recipe for Disaster; Regicide; Roving Elves; Royal Trouble; Shilo Village; Song of the Elves; Spirits of the Elid; Tale of the Righteous; Tears of Guthix; The Dig Site; The Fremennik Isles; Troll Romance; Underground Pass; Wanted!; Watchtower; Waterfall Quest
Atailoftwocats	all:item.bucket_of_milk.1927	ALL	item.bucket_of_milk.1927	Quest Helper 5ea99d5ea9ba3fb096ebe7b5ed02d80883e9819d: A Tail of Two Cats; Cook's Assistant; Gertrude’s Cat; Ghosts Ahoy; Plague City; Ratcatchers; Recipe for Disaster
Atailoftwocats	all:item.catspeak_amulet.4677	ALL	item.catspeak_amulet.4677	Quest Helper 5ea99d5ea9ba3fb096ebe7b5ed02d80883e9819d: A Tail of Two Cats; Dragon Slayer II; Ratcatchers
Atailoftwocats	all:item.catspeak_amulet_e.6544	ALL	item.catspeak_amulet_e.6544	Quest Helper pinned source 5ea99d5ea9ba3fb096ebe7b5ed02d80883e9819d
Atailoftwocats	all:item.chocolate_cake.1897	ALL	item.chocolate_cake.1897	Quest Helper 5ea99d5ea9ba3fb096ebe7b5ed02d80883e9819d: A Tail of Two Cats
Atailoftwocats	all:item.desert_robe.1835	ALL	item.desert_robe.1835	Quest Helper 5ea99d5ea9ba3fb096ebe7b5ed02d80883e9819d: A Tail of Two Cats; The Tourist Trap
Atailoftwocats	all:item.desert_shirt.1833	ALL	item.desert_shirt.1833	Quest Helper 5ea99d5ea9ba3fb096ebe7b5ed02d80883e9819d: A Tail of Two Cats; The Tourist Trap
Atailoftwocats	all:item.logs	ALL	item.logs	Quest Helper 5ea99d5ea9ba3fb096ebe7b5ed02d80883e9819d: A Tail of Two Cats, Eadgar's Ruse, Enakhra's Lament, Enlightened Journey, Monk's Friend, Monkey Madness II, Rag and Bone Man, Sins of the Father, The Giant Dwarf, Throne of Miscellania, Tree Gnome Village and While Guthix Sleeps; Quest completeness review batch 6; Quest Helper 5ea99d5ea9ba3fb096ebe7b5ed02d80883e9819d; OSRS Wiki: Rag and Bone Man II
Atailoftwocats	all:item.potato_seed.5318	ALL	item.potato_seed.5318	Quest Helper 5ea99d5ea9ba3fb096ebe7b5ed02d80883e9819d: A Tail of Two Cats
Atailoftwocats	all:item.rake.5341	ALL	item.rake.5341	Quest Helper 5ea99d5ea9ba3fb096ebe7b5ed02d80883e9819d: A Tail of Two Cats; Forgettable Tale of a Drunken Dwarf; Garden of Tranquillity; My Arm's Big Adventure; Rum Deal; Throne of Miscellania
Atailoftwocats	all:item.seed_dibber.5343	ALL	item.seed_dibber.5343	Quest Helper 5ea99d5ea9ba3fb096ebe7b5ed02d80883e9819d: A Tail of Two Cats; Forgettable Tale of a Drunken Dwarf; Garden of Tranquillity; Grim Tales; My Arm's Big Adventure; Rum Deal; Song of the Elves; Quest Helper 5ea99d5ea9ba3fb096ebe7b5ed02d80883e9819d; OSRS Wiki: While Guthix Sleeps
Atailoftwocats	all:item.shears	ALL	item.shears	Quest Helper 5ea99d5ea9ba3fb096ebe7b5ed02d80883e9819d: A Tail of Two Cats; Recruitment Drive; Sheep Shearer
Atailoftwocats	all:item.tinderbox	ALL	item.tinderbox	Quest Helper 5ea99d5ea9ba3fb096ebe7b5ed02d80883e9819d: A Tail of Two Cats, Another Slice of Ham, Beneath Cursed Sands, Cabin Fever, Contact, Death to the Dorgeshuun, Desert Treasure I, Desert Treasure II, Dream Mentor, Eadgar's Ruse, Enakhra's Lament, Enlightened Journey, Horror from the Deep, Icthlarin's Little Helper, In Aid of the Myreque, Land of the Goblins, Lunar Diplomacy, Merlin's Crystal, Misthalin Mystery, Olaf's Quest, Rag and Bone Man, Rat Catchers, Recipe for Disaster, Regicide, Secrets of the North, Shades of Mort'ton, Song of the Elves, Swan Song, Tai Bwo Wannai Trio, Tears of Guthix, The Corsair Curse, The Dig Site, The Forsaken Tower, The Fremennik Trials, The Giant Dwarf, The Great Brain Robbery and Underground Pass; Quest completeness review batch 6; Quest Helper 5ea99d5ea9ba3fb096ebe7b5ed02d80883e9819d; OSRS Wiki: Rag and Bone Man II; Quest Helper 5ea99d5ea9ba3fb096ebe7b5ed02d80883e9819d; OSRS Wiki: Dragon Slayer II
Atailoftwocats	all:item.vial_of_water.227	ALL	item.vial_of_water.227	Quest Helper 5ea99d5ea9ba3fb096ebe7b5ed02d80883e9819d: A Tail of Two Cats; A Taste of Hope; Fairytale II – Cure a Queen; Legends' Quest; Song of the Elves
Atasteofhope	all:item.chisel	ALL	item.chisel	Quest Helper 5ea99d5ea9ba3fb096ebe7b5ed02d80883e9819d: A Taste of Hope, Big Chompy Bird Hunting, Desert Treasure II, Dragon Slayer II, Enakhra's Lament, Haunted Mine, Monkey Madness II, Mourning's End Part II, One Small Favour, Shilo Village, Sins of the Father, Sleeping Giants, Tears of Guthix, Temple of the Eye, The Slug Menace and While Guthix Sleeps
Atasteofhope	all:item.cosmic-rune	ALL	item.cosmic-rune	Quest Helper 5ea99d5ea9ba3fb096ebe7b5ed02d80883e9819d: A Taste of Hope, In Aid of the Myreque, Legends Quest, Sins of the Father and While Guthix Sleeps
Atasteofhope	all:item.emerald	ALL	item.emerald	Quest Helper 5ea99d5ea9ba3fb096ebe7b5ed02d80883e9819d: A Taste of Hope; Legends’ Quest
Atasteofhope	all:item.emerald_sickle_b.22433	ALL	item.emerald_sickle_b.22433	Quest Helper 5ea99d5ea9ba3fb096ebe7b5ed02d80883e9819d: A Taste of Hope
Atasteofhope	all:item.enchanted_emerald_sickle_b.22435	ALL	item.enchanted_emerald_sickle_b.22435	Quest Helper 5ea99d5ea9ba3fb096ebe7b5ed02d80883e9819d: A Taste of Hope
Atasteofhope	all:item.ivandis_flail.22398	ALL	item.ivandis_flail.22398	Quest Helper 5ea99d5ea9ba3fb096ebe7b5ed02d80883e9819d: A Night at the Theatre; A Taste of Hope; Sins of the Father
Atasteofhope	all:item.knife	ALL	item.knife	Quest Helper 5ea99d5ea9ba3fb096ebe7b5ed02d80883e9819d: A Taste of Hope, Below Ice Mountain, Big Chompy Bird Hunting, Curse of the Empty Lord, Darkness of Hallowvale, Desert Treasure II, Elemental Workshop I, Getting Ahead, Ghosts Ahoy, Lost City, Misthalin Mystery, Perilous Moon, Recipe for Disaster, Sins of the Father, Spirits of the Elid, Tai Bwo Wannai Trio, The Final Dawn, The Fremennik Isles, The Fremennik Trials, The Tourist Trap, While Guthix Sleeps and Zogre Flesh Eaters; Quest completeness review batch 6
Atasteofhope	all:item.mysterious_herb.22402	ALL	item.mysterious_herb.22402	Quest Helper 5ea99d5ea9ba3fb096ebe7b5ed02d80883e9819d: A Taste of Hope
Atasteofhope	all:item.pestle_and_mortar.233	ALL	item.pestle_and_mortar.233	Quest Helper 5ea99d5ea9ba3fb096ebe7b5ed02d80883e9819d: A Taste of Hope; Dream Mentor; Eadgar’s Ruse; Fairytale II – Cure a Queen; Garden of Tranquillity; Land of the Goblins; Lunar Diplomacy; Monkey Madness II; Perilous Moons; Recipe for Disaster; Regicide; Shadow of the Storm; Song of the Elves; Tai Bwo Wannai Trio; The Dig Site; The Eyes of Glouphrie; The Golem; Watchtower; Quest Helper 5ea99d5ea9ba3fb096ebe7b5ed02d80883e9819d; OSRS Wiki: Dragon Slayer II
Atasteofhope	all:item.silver_sickle_b.2963	ALL	item.silver_sickle_b.2963	Quest Helper pinned source 5ea99d5ea9ba3fb096ebe7b5ed02d80883e9819d
Atasteofhope	all:item.unfinished_potion.3406	ALL	item.unfinished_potion.3406	Quest Helper 5ea99d5ea9ba3fb096ebe7b5ed02d80883e9819d: A Taste of Hope
Atasteofhope	all:item.vial.229	ALL	item.vial.229	Quest Helper 5ea99d5ea9ba3fb096ebe7b5ed02d80883e9819d: A Taste of Hope; Land of the Goblins; Shadow of the Storm; The Dig Site; The Golem; The Hand in the Sand; Watchtower
Atasteofhope	all:item.vial_of_blood.22405	ALL	item.vial_of_blood.22405	Quest Helper 5ea99d5ea9ba3fb096ebe7b5ed02d80883e9819d: A Taste of Hope
Atasteofhope	all:item.vial_of_water.227	ALL	item.vial_of_water.227	Quest Helper 5ea99d5ea9ba3fb096ebe7b5ed02d80883e9819d: A Tail of Two Cats; A Taste of Hope; Fairytale II – Cure a Queen; Legends' Quest; Song of the Elves
Animalmagnetism	all:item.blessed_axe.10491	ALL	item.blessed_axe.10491	Quest Helper 5ea99d5ea9ba3fb096ebe7b5ed02d80883e9819d: Animal Magnetism
Animalmagnetism	all:item.crone_made_amulet.10500	ALL	item.crone_made_amulet.10500	Quest Helper 5ea99d5ea9ba3fb096ebe7b5ed02d80883e9819d: Animal Magnetism
Animalmagnetism	all:item.ghostspeak_amulet.552	ALL	item.ghostspeak_amulet.552	Quest Helper 5ea99d5ea9ba3fb096ebe7b5ed02d80883e9819d: Animal Magnetism; Ghosts Ahoy; Nature Spirit; The General's Shadow; The Restless Ghost; Quest Helper 5ea99d5ea9ba3fb096ebe7b5ed02d80883e9819d; OSRS Wiki: Dragon Slayer II
Animalmagnetism	all:item.hard_leather.1743	ALL	item.hard_leather.1743	Quest Helper 5ea99d5ea9ba3fb096ebe7b5ed02d80883e9819d: Animal Magnetism
Animalmagnetism	all:item.holy_symbol.1718	ALL	item.holy_symbol.1718	Quest Helper 5ea99d5ea9ba3fb096ebe7b5ed02d80883e9819d: Animal Magnetism; The Great Brain Robbery
Animalmagnetism	all:item.iron-bar	ALL	item.iron-bar	Quest Helper 5ea99d5ea9ba3fb096ebe7b5ed02d80883e9819d: Animal Magnetism, Beneath Cursed Sands, Bone Voyage, Death Plateau, One Small Favour, Swan Song, The Giant Dwarf, The Knight's Sword, Throne of Miscellania and Troll Romance
Animalmagnetism	all:item.mithril_axe.1355	ALL	item.mithril_axe.1355	Quest Helper 5ea99d5ea9ba3fb096ebe7b5ed02d80883e9819d: Animal Magnetism
Animalmagnetism	all:item.polished_buttons.10496	ALL	item.polished_buttons.10496	Quest Helper 5ea99d5ea9ba3fb096ebe7b5ed02d80883e9819d: Animal Magnetism
Animalmagnetism	all:item.undead_chicken.10487	ALL	item.undead_chicken.10487	Quest Helper 5ea99d5ea9ba3fb096ebe7b5ed02d80883e9819d: Animal Magnetism
Anothersliceofham	all:item.ancient_mace.11061	ALL	item.ancient_mace.11061	Quest Helper 5ea99d5ea9ba3fb096ebe7b5ed02d80883e9819d: Another Slice of H.A.M.
Anothersliceofham	all:item.rope.954	ALL	item.rope.954	Quest Helper 5ea99d5ea9ba3fb096ebe7b5ed02d80883e9819d: A Porcine of Interest; A Soul’s Bane; Another Slice of H.A.M.; Cabin Fever; In Aid of the Myreque; Legends’ Quest; Making Friends with My Arm; Mountain Daughter; Mourning’s End Part II; Olaf’s Quest; Perilous Moons; Plague City; Prince Ali Rescue; Rag and Bone Man II; Recipe for Disaster; Regicide; Roving Elves; Royal Trouble; Shilo Village; Song of the Elves; Spirits of the Elid; Tale of the Righteous; Tears of Guthix; The Dig Site; The Fremennik Isles; Troll Romance; Underground Pass; Wanted!; Watchtower; Waterfall Quest
Anothersliceofham	all:item.tinderbox	ALL	item.tinderbox	Quest Helper 5ea99d5ea9ba3fb096ebe7b5ed02d80883e9819d: A Tail of Two Cats, Another Slice of Ham, Beneath Cursed Sands, Cabin Fever, Contact, Death to the Dorgeshuun, Desert Treasure I, Desert Treasure II, Dream Mentor, Eadgar's Ruse, Enakhra's Lament, Enlightened Journey, Horror from the Deep, Icthlarin's Little Helper, In Aid of the Myreque, Land of the Goblins, Lunar Diplomacy, Merlin's Crystal, Misthalin Mystery, Olaf's Quest, Rag and Bone Man, Rat Catchers, Recipe for Disaster, Regicide, Secrets of the North, Shades of Mort'ton, Song of the Elves, Swan Song, Tai Bwo Wannai Trio, Tears of Guthix, The Corsair Curse, The Dig Site, The Forsaken Tower, The Fremennik Trials, The Giant Dwarf, The Great Brain Robbery and Underground Pass; Quest completeness review batch 6; Quest Helper 5ea99d5ea9ba3fb096ebe7b5ed02d80883e9819d; OSRS Wiki: Rag and Bone Man II; Quest Helper 5ea99d5ea9ba3fb096ebe7b5ed02d80883e9819d; OSRS Wiki: Dragon Slayer II
Atfirstlight	all:item.box_trap.10008	ALL	item.box_trap.10008	Quest Helper 5ea99d5ea9ba3fb096ebe7b5ed02d80883e9819d: At First Light
Atfirstlight	all:item.costume_needle.29920	ALL	item.costume_needle.29920	Quest Helper 5ea99d5ea9ba3fb096ebe7b5ed02d80883e9819d: At First Light
Atfirstlight	all:item.jerboa_tail.29166	ALL	item.jerboa_tail.29166	Quest Helper 5ea99d5ea9ba3fb096ebe7b5ed02d80883e9819d: At First Light
Atfirstlight	all:item.needle.1733	ALL	item.needle.1733	Quest Helper 5ea99d5ea9ba3fb096ebe7b5ed02d80883e9819d: At First Light; Creature of Fenkenstrain; Elemental Workshop I; Getting Ahead; Ghosts Ahoy; Lunar Diplomacy; Recipe for Disaster; Spirits of the Elid; The Fremennik Isles
Atfirstlight	all:item.toy_mouse.7767	ALL	item.toy_mouse.7767	Quest Helper 5ea99d5ea9ba3fb096ebe7b5ed02d80883e9819d: At First Light
Atfirstlight	all:item.toy_mouse_wound.7769	ALL	item.toy_mouse_wound.7769	Quest Helper pinned source 5ea99d5ea9ba3fb096ebe7b5ed02d80883e9819d
Barbariantraining	all:item.attack_mix.11431	ALL	item.attack_mix.11431	Quest Helper pinned source 5ea99d5ea9ba3fb096ebe7b5ed02d80883e9819d
Barbariantraining	all:item.attack_potion.125	ALL	item.attack_potion.125	Quest Helper pinned source 5ea99d5ea9ba3fb096ebe7b5ed02d80883e9819d
Barbariantraining	all:item.bronze-bar	ALL	item.bronze-bar	Quest Helper 5ea99d5ea9ba3fb096ebe7b5ed02d80883e9819d: Observatory Quest, One Small Favour, Prince Ali Rescue, The Giant Dwarf and The Tourist Trap; Quest completeness review batch 6
Barbariantraining	all:item.chewed_bones.11338	ALL	item.chewed_bones.11338	Quest Helper pinned source 5ea99d5ea9ba3fb096ebe7b5ed02d80883e9819d
Barbariantraining	all:item.knife	ALL	item.knife	Quest Helper 5ea99d5ea9ba3fb096ebe7b5ed02d80883e9819d: A Taste of Hope, Below Ice Mountain, Big Chompy Bird Hunting, Curse of the Empty Lord, Darkness of Hallowvale, Desert Treasure II, Elemental Workshop I, Getting Ahead, Ghosts Ahoy, Lost City, Misthalin Mystery, Perilous Moon, Recipe for Disaster, Sins of the Father, Spirits of the Elid, Tai Bwo Wannai Trio, The Final Dawn, The Fremennik Isles, The Fremennik Trials, The Tourist Trap, While Guthix Sleeps and Zogre Flesh Eaters; Quest completeness review batch 6
Barbariantraining	all:item.logs	ALL	item.logs	Quest Helper 5ea99d5ea9ba3fb096ebe7b5ed02d80883e9819d: A Tail of Two Cats, Eadgar's Ruse, Enakhra's Lament, Enlightened Journey, Monk's Friend, Monkey Madness II, Rag and Bone Man, Sins of the Father, The Giant Dwarf, Throne of Miscellania, Tree Gnome Village and While Guthix Sleeps; Quest completeness review batch 6; Quest Helper 5ea99d5ea9ba3fb096ebe7b5ed02d80883e9819d; OSRS Wiki: Rag and Bone Man II
Barbariantraining	all:item.roe.11324	ALL	item.roe.11324	Quest Helper pinned source 5ea99d5ea9ba3fb096ebe7b5ed02d80883e9819d
Barbariantraining	all:item.spade	ALL	item.spade	Quest Helper 5ea99d5ea9ba3fb096ebe7b5ed02d80883e9819d: Bear Your Soul, Beneath Cursed Sands, Cold War, Creature of Fenkenstrain, Dragon Slayer II, Ernest the Chicken, Fairytale I - Growing Pains, Fishing Contest, Garden of Tranquillity, Ghosts Ahoy, In Aid of the Myreque, Lunar Diplomacy, Making History, My Arm's Big Adventure, Olaf's Quest, Pirate's Treasure, Plague City, Regicide, Roving Elves, Shilo Village, Song of the Elves, The Corsair Curse, Underground Pass, While Guthix Sleeps and X Marks the Spot; Quest completeness review batch 6
Barbariantraining	all:item.tinderbox	ALL	item.tinderbox	Quest Helper 5ea99d5ea9ba3fb096ebe7b5ed02d80883e9819d: A Tail of Two Cats, Another Slice of Ham, Beneath Cursed Sands, Cabin Fever, Contact, Death to the Dorgeshuun, Desert Treasure I, Desert Treasure II, Dream Mentor, Eadgar's Ruse, Enakhra's Lament, Enlightened Journey, Horror from the Deep, Icthlarin's Little Helper, In Aid of the Myreque, Land of the Goblins, Lunar Diplomacy, Merlin's Crystal, Misthalin Mystery, Olaf's Quest, Rag and Bone Man, Rat Catchers, Recipe for Disaster, Regicide, Secrets of the North, Shades of Mort'ton, Song of the Elves, Swan Song, Tai Bwo Wannai Trio, Tears of Guthix, The Corsair Curse, The Dig Site, The Forsaken Tower, The Fremennik Trials, The Giant Dwarf, The Great Brain Robbery and Underground Pass; Quest completeness review batch 6; Quest Helper 5ea99d5ea9ba3fb096ebe7b5ed02d80883e9819d; OSRS Wiki: Rag and Bone Man II; Quest Helper 5ea99d5ea9ba3fb096ebe7b5ed02d80883e9819d; OSRS Wiki: Dragon Slayer II
Bearyoursoul	all:item.spade	ALL	item.spade	Quest Helper 5ea99d5ea9ba3fb096ebe7b5ed02d80883e9819d: Bear Your Soul, Beneath Cursed Sands, Cold War, Creature of Fenkenstrain, Dragon Slayer II, Ernest the Chicken, Fairytale I - Growing Pains, Fishing Contest, Garden of Tranquillity, Ghosts Ahoy, In Aid of the Myreque, Lunar Diplomacy, Making History, My Arm's Big Adventure, Olaf's Quest, Pirate's Treasure, Plague City, Regicide, Roving Elves, Shilo Village, Song of the Elves, The Corsair Curse, Underground Pass, While Guthix Sleeps and X Marks the Spot; Quest completeness review batch 6
Belowicemountain	all:item.bread	ALL	item.bread	Quest Helper 5ea99d5ea9ba3fb096ebe7b5ed02d80883e9819d: Below Ice Mountain, Death Plateau, Merlin's Crystal and Recipe for Disaster
Belowicemountain	all:item.cooked_meat	ALL	item.cooked_meat	Quest Helper 5ea99d5ea9ba3fb096ebe7b5ed02d80883e9819d: Below Ice Mountain
Belowicemountain	all:item.knife	ALL	item.knife	Quest Helper 5ea99d5ea9ba3fb096ebe7b5ed02d80883e9819d: A Taste of Hope, Below Ice Mountain, Big Chompy Bird Hunting, Curse of the Empty Lord, Darkness of Hallowvale, Desert Treasure II, Elemental Workshop I, Getting Ahead, Ghosts Ahoy, Lost City, Misthalin Mystery, Perilous Moon, Recipe for Disaster, Sins of the Father, Spirits of the Elid, Tai Bwo Wannai Trio, The Final Dawn, The Fremennik Isles, The Fremennik Trials, The Tourist Trap, While Guthix Sleeps and Zogre Flesh Eaters; Quest completeness review batch 6
Belowicemountain	all:item.steak_sandwich.25631	ALL	item.steak_sandwich.25631	Quest Helper 5ea99d5ea9ba3fb096ebe7b5ed02d80883e9819d: Below Ice Mountain
Beneathcursedsands	all:item.coal	ALL	item.coal	Quest Helper 5ea99d5ea9ba3fb096ebe7b5ed02d80883e9819d: Beneath Cursed Sands, Elemental Workshop I, Elemental Workshop II, Enakhra's Lament, In Aid of the Myreque, Regicide, Royal Trouble, The Fremennik Isles and The Giant Dwarf
Beneathcursedsands	all:item.iron-bar	ALL	item.iron-bar	Quest Helper 5ea99d5ea9ba3fb096ebe7b5ed02d80883e9819d: Animal Magnetism, Beneath Cursed Sands, Bone Voyage, Death Plateau, One Small Favour, Swan Song, The Giant Dwarf, The Knight's Sword, Throne of Miscellania and Troll Romance
Beneathcursedsands	all:item.scarab_mould.26952	ALL	item.scarab_mould.26952	Quest Helper 5ea99d5ea9ba3fb096ebe7b5ed02d80883e9819d: Beneath Cursed Sands
Beneathcursedsands	all:item.spade	ALL	item.spade	Quest Helper 5ea99d5ea9ba3fb096ebe7b5ed02d80883e9819d: Bear Your Soul, Beneath Cursed Sands, Cold War, Creature of Fenkenstrain, Dragon Slayer II, Ernest the Chicken, Fairytale I - Growing Pains, Fishing Contest, Garden of Tranquillity, Ghosts Ahoy, In Aid of the Myreque, Lunar Diplomacy, Making History, My Arm's Big Adventure, Olaf's Quest, Pirate's Treasure, Plague City, Regicide, Roving Elves, Shilo Village, Song of the Elves, The Corsair Curse, Underground Pass, While Guthix Sleeps and X Marks the Spot; Quest completeness review batch 6
Beneathcursedsands	all:item.tinderbox	ALL	item.tinderbox	Quest Helper 5ea99d5ea9ba3fb096ebe7b5ed02d80883e9819d: A Tail of Two Cats, Another Slice of Ham, Beneath Cursed Sands, Cabin Fever, Contact, Death to the Dorgeshuun, Desert Treasure I, Desert Treasure II, Dream Mentor, Eadgar's Ruse, Enakhra's Lament, Enlightened Journey, Horror from the Deep, Icthlarin's Little Helper, In Aid of the Myreque, Land of the Goblins, Lunar Diplomacy, Merlin's Crystal, Misthalin Mystery, Olaf's Quest, Rag and Bone Man, Rat Catchers, Recipe for Disaster, Regicide, Secrets of the North, Shades of Mort'ton, Song of the Elves, Swan Song, Tai Bwo Wannai Trio, Tears of Guthix, The Corsair Curse, The Dig Site, The Forsaken Tower, The Fremennik Trials, The Giant Dwarf, The Great Brain Robbery and Underground Pass; Quest completeness review batch 6; Quest Helper 5ea99d5ea9ba3fb096ebe7b5ed02d80883e9819d; OSRS Wiki: Rag and Bone Man II; Quest Helper 5ea99d5ea9ba3fb096ebe7b5ed02d80883e9819d; OSRS Wiki: Dragon Slayer II
Beneathcursedsands	all:item.waterskin.1823	ALL	item.waterskin.1823	Quest Helper 5ea99d5ea9ba3fb096ebe7b5ed02d80883e9819d: Beneath Cursed Sands
Betweenarock	all:item.ammo_mould.4	ALL	item.ammo_mould.4	Quest Helper 5ea99d5ea9ba3fb096ebe7b5ed02d80883e9819d: Between a Rock...
Betweenarock	all:item.gold-bar	ALL	item.gold-bar	Quest Helper 5ea99d5ea9ba3fb096ebe7b5ed02d80883e9819d: Between A Rock, Legends Quest, Monkey Madness I, The Giant Dwarf and Watchtower
Betweenarock	all:item.gold_helmet.4567	ALL	item.gold_helmet.4567	Quest Helper 5ea99d5ea9ba3fb096ebe7b5ed02d80883e9819d: Between a Rock...
Bigchompybirdhunting	all:item.achey_tree_logs.2862	ALL	item.achey_tree_logs.2862	Quest Helper 5ea99d5ea9ba3fb096ebe7b5ed02d80883e9819d: Big Chompy Bird Hunting
Bigchompybirdhunting	all:item.bloated_toad.2875	ALL	item.bloated_toad.2875	Quest Helper 5ea99d5ea9ba3fb096ebe7b5ed02d80883e9819d: Big Chompy Bird Hunting; Quest Helper 5ea99d5ea9ba3fb096ebe7b5ed02d80883e9819d: Recipe for Disaster; OSRS Wiki: Recipe for Disaster
Bigchompybirdhunting	all:item.cabbage.1965	ALL	item.cabbage.1965	Quest Helper 5ea99d5ea9ba3fb096ebe7b5ed02d80883e9819d: Big Chompy Bird Hunting; Black Knights' Fortress; Song of the Elves; The Fremennik Trials
Bigchompybirdhunting	all:item.chisel	ALL	item.chisel	Quest Helper 5ea99d5ea9ba3fb096ebe7b5ed02d80883e9819d: A Taste of Hope, Big Chompy Bird Hunting, Desert Treasure II, Dragon Slayer II, Enakhra's Lament, Haunted Mine, Monkey Madness II, Mourning's End Part II, One Small Favour, Shilo Village, Sins of the Father, Sleeping Giants, Tears of Guthix, Temple of the Eye, The Slug Menace and While Guthix Sleeps
Bigchompybirdhunting	all:item.doogle_leaves.1573	ALL	item.doogle_leaves.1573	Quest Helper 5ea99d5ea9ba3fb096ebe7b5ed02d80883e9819d: Big Chompy Bird Hunting; Gertrude’s Cat
Bigchompybirdhunting	all:item.equa_leaves.2128	ALL	item.equa_leaves.2128	Quest Helper 5ea99d5ea9ba3fb096ebe7b5ed02d80883e9819d: Big Chompy Bird Hunting
Bigchompybirdhunting	all:item.feather.314	ALL	item.feather.314	Quest Helper 5ea99d5ea9ba3fb096ebe7b5ed02d80883e9819d: Big Chompy Bird Hunting; Client of Kourend; Cold War; Mourning’s End Part I; The Tourist Trap
Bigchompybirdhunting	all:item.flighted_ogre_arrow.2865	ALL	item.flighted_ogre_arrow.2865	Quest Helper 5ea99d5ea9ba3fb096ebe7b5ed02d80883e9819d: Big Chompy Bird Hunting
Bigchompybirdhunting	all:item.iron_spit.7225	ALL	item.iron_spit.7225	Quest Helper 5ea99d5ea9ba3fb096ebe7b5ed02d80883e9819d: Big Chompy Bird Hunting; Quest Helper 5ea99d5ea9ba3fb096ebe7b5ed02d80883e9819d: Recipe for Disaster; OSRS Wiki: Recipe for Disaster
Bigchompybirdhunting	all:item.knife	ALL	item.knife	Quest Helper 5ea99d5ea9ba3fb096ebe7b5ed02d80883e9819d: A Taste of Hope, Below Ice Mountain, Big Chompy Bird Hunting, Curse of the Empty Lord, Darkness of Hallowvale, Desert Treasure II, Elemental Workshop I, Getting Ahead, Ghosts Ahoy, Lost City, Misthalin Mystery, Perilous Moon, Recipe for Disaster, Sins of the Father, Spirits of the Elid, Tai Bwo Wannai Trio, The Final Dawn, The Fremennik Isles, The Fremennik Trials, The Tourist Trap, While Guthix Sleeps and Zogre Flesh Eaters; Quest completeness review batch 6
Bigchompybirdhunting	all:item.ogre_arrow.2866	ALL	item.ogre_arrow.2866	Quest Helper 5ea99d5ea9ba3fb096ebe7b5ed02d80883e9819d: Big Chompy Bird Hunting; Recipe for Disaster
Bigchompybirdhunting	all:item.ogre_arrow_shaft.2864	ALL	item.ogre_arrow_shaft.2864	Quest Helper 5ea99d5ea9ba3fb096ebe7b5ed02d80883e9819d: Big Chompy Bird Hunting
Bigchompybirdhunting	all:item.ogre_bow.2883	ALL	item.ogre_bow.2883	Quest Helper 5ea99d5ea9ba3fb096ebe7b5ed02d80883e9819d: Big Chompy Bird Hunting; Quest Helper 5ea99d5ea9ba3fb096ebe7b5ed02d80883e9819d: Recipe for Disaster; OSRS Wiki: Recipe for Disaster
Bigchompybirdhunting	all:item.onion.1957	ALL	item.onion.1957	Quest Helper 5ea99d5ea9ba3fb096ebe7b5ed02d80883e9819d: Big Chompy Bird Hunting; The Fremennik Trials; Witch's Potion
Bigchompybirdhunting	all:item.potato.1942	ALL	item.potato.1942	Quest Helper 5ea99d5ea9ba3fb096ebe7b5ed02d80883e9819d: Big Chompy Bird Hunting; The Fremennik Trials
Bigchompybirdhunting	all:item.raw_chompy.2876	ALL	item.raw_chompy.2876	Quest Helper 5ea99d5ea9ba3fb096ebe7b5ed02d80883e9819d: Big Chompy Bird Hunting; Quest Helper 5ea99d5ea9ba3fb096ebe7b5ed02d80883e9819d: Recipe for Disaster; OSRS Wiki: Recipe for Disaster
Bigchompybirdhunting	all:item.tomato.1982	ALL	item.tomato.1982	Quest Helper 5ea99d5ea9ba3fb096ebe7b5ed02d80883e9819d: Big Chompy Bird Hunting
Bigchompybirdhunting	all:item.wolf_bones.2859	ALL	item.wolf_bones.2859	Quest Helper 5ea99d5ea9ba3fb096ebe7b5ed02d80883e9819d: Big Chompy Bird Hunting
Bigchompybirdhunting	all:item.wolfbone_arrowtips.2861	ALL	item.wolfbone_arrowtips.2861	Quest Helper 5ea99d5ea9ba3fb096ebe7b5ed02d80883e9819d: Big Chompy Bird Hunting
Biohazard	all:item.apple_barrel.6094	ALL	item.apple_barrel.6094	Quest Helper 5ea99d5ea9ba3fb096ebe7b5ed02d80883e9819d: Biohazard
Biohazard	all:item.ardougne_knight_helm.23785	ALL	item.ardougne_knight_helm.23785	Quest Helper 5ea99d5ea9ba3fb096ebe7b5ed02d80883e9819d: Biohazard
Biohazard	all:item.ardougne_knight_platebody.23787	ALL	item.ardougne_knight_platebody.23787	Quest Helper 5ea99d5ea9ba3fb096ebe7b5ed02d80883e9819d: Biohazard
Biohazard	all:item.ardougne_knight_platelegs.23789	ALL	item.ardougne_knight_platelegs.23789	Quest Helper 5ea99d5ea9ba3fb096ebe7b5ed02d80883e9819d: Biohazard
Biohazard	all:item.assorted_flowers.2460	ALL	item.assorted_flowers.2460	Quest Helper 5ea99d5ea9ba3fb096ebe7b5ed02d80883e9819d: Biohazard
Biohazard	all:item.black_dagger.1217	ALL	item.black_dagger.1217	Quest Helper 5ea99d5ea9ba3fb096ebe7b5ed02d80883e9819d: Biohazard
Biohazard	all:item.black_knife.869	ALL	item.black_knife.869	Quest Helper 5ea99d5ea9ba3fb096ebe7b5ed02d80883e9819d: Biohazard
Biohazard	all:item.cadantine_seed.5301	ALL	item.cadantine_seed.5301	Quest Helper 5ea99d5ea9ba3fb096ebe7b5ed02d80883e9819d: Biohazard
Biohazard	all:item.crystal_seed.23808	ALL	item.crystal_seed.23808	Quest Helper 5ea99d5ea9ba3fb096ebe7b5ed02d80883e9819d: Biohazard
Biohazard	all:item.fixed_device.6082	ALL	item.fixed_device.6082	Quest Helper 5ea99d5ea9ba3fb096ebe7b5ed02d80883e9819d: Biohazard
Biohazard	all:item.gas_mask.1506	ALL	item.gas_mask.1506	Quest Helper 5ea99d5ea9ba3fb096ebe7b5ed02d80883e9819d: Biohazard
Biohazard	all:item.grimy_irit_leaf.209	ALL	item.grimy_irit_leaf.209	Quest Helper 5ea99d5ea9ba3fb096ebe7b5ed02d80883e9819d: Biohazard
Biohazard	all:item.inversion_potion.23806	ALL	item.inversion_potion.23806	Quest Helper 5ea99d5ea9ba3fb096ebe7b5ed02d80883e9819d: Biohazard
Biohazard	all:item.irit_leaf.259	ALL	item.irit_leaf.259	Quest Helper 5ea99d5ea9ba3fb096ebe7b5ed02d80883e9819d: Biohazard
Biohazard	all:item.medical_gown.430	ALL	item.medical_gown.430	Quest Helper 5ea99d5ea9ba3fb096ebe7b5ed02d80883e9819d: Biohazard
Biohazard	all:item.priest_gown.426	ALL	item.priest_gown.426	Quest Helper 5ea99d5ea9ba3fb096ebe7b5ed02d80883e9819d: Biohazard
Biohazard	all:item.rotten_apple.1984	ALL	item.rotten_apple.1984	Quest Helper 5ea99d5ea9ba3fb096ebe7b5ed02d80883e9819d: Biohazard
Biohazard	all:item.zamorak_brew.193	ALL	item.zamorak_brew.193	Quest Helper 5ea99d5ea9ba3fb096ebe7b5ed02d80883e9819d: Biohazard
Blackknightfortress	all:item.bronze_med_helm	ALL	item.bronze_med_helm	Quest Helper 5ea99d5ea9ba3fb096ebe7b5ed02d80883e9819d: Black Knights’ Fortress; King’s Ransom; While Guthix Sleeps
Blackknightfortress	all:item.cabbage.1965	ALL	item.cabbage.1965	Quest Helper 5ea99d5ea9ba3fb096ebe7b5ed02d80883e9819d: Big Chompy Bird Hunting; Black Knights' Fortress; Song of the Elves; The Fremennik Trials
Blackknightfortress	all:item.iron-chainbody	ALL	item.iron-chainbody	Quest Helper 5ea99d5ea9ba3fb096ebe7b5ed02d80883e9819d: Black Knights’ Fortress; King’s Ransom; While Guthix Sleeps
Bonevoyage	all:item.iron-bar	ALL	item.iron-bar	Quest Helper 5ea99d5ea9ba3fb096ebe7b5ed02d80883e9819d: Animal Magnetism, Beneath Cursed Sands, Bone Voyage, Death Plateau, One Small Favour, Swan Song, The Giant Dwarf, The Knight's Sword, Throne of Miscellania and Troll Romance
Bonevoyage	all:item.marrentill_potion_unf.93	ALL	item.marrentill_potion_unf.93	Quest Helper 5ea99d5ea9ba3fb096ebe7b5ed02d80883e9819d: Bone Voyage
Bonevoyage	all:item.oak_plank.8778	ALL	item.oak_plank.8778	Quest Helper 5ea99d5ea9ba3fb096ebe7b5ed02d80883e9819d: Bone Voyage; Cold War; The Great Brain Robbery; Quest Helper 5ea99d5ea9ba3fb096ebe7b5ed02d80883e9819d; OSRS Wiki: Dragon Slayer II
Bonevoyage	all:item.sawmill_agreement.21529	ALL	item.sawmill_agreement.21529	Quest Helper 5ea99d5ea9ba3fb096ebe7b5ed02d80883e9819d: Bone Voyage
Bonevoyage	all:item.sawmill_proposal.21528	ALL	item.sawmill_proposal.21528	Quest Helper 5ea99d5ea9ba3fb096ebe7b5ed02d80883e9819d: Bone Voyage
Bonevoyage	all:item.vodka.2015	ALL	item.vodka.2015	Quest Helper 5ea99d5ea9ba3fb096ebe7b5ed02d80883e9819d: Bone Voyage; Eadgar's Ruse
Cabinfever	all:item.cannon_barrel.7145	ALL	item.cannon_barrel.7145	Quest Helper 5ea99d5ea9ba3fb096ebe7b5ed02d80883e9819d: Cabin Fever
Cabinfever	all:item.repair_plank.7121	ALL	item.repair_plank.7121	Quest Helper 5ea99d5ea9ba3fb096ebe7b5ed02d80883e9819d: Cabin Fever
Cabinfever	all:item.rope.954	ALL	item.rope.954	Quest Helper 5ea99d5ea9ba3fb096ebe7b5ed02d80883e9819d: A Porcine of Interest; A Soul’s Bane; Another Slice of H.A.M.; Cabin Fever; In Aid of the Myreque; Legends’ Quest; Making Friends with My Arm; Mountain Daughter; Mourning’s End Part II; Olaf’s Quest; Perilous Moons; Plague City; Prince Ali Rescue; Rag and Bone Man II; Recipe for Disaster; Regicide; Roving Elves; Royal Trouble; Shilo Village; Song of the Elves; Spirits of the Elid; Tale of the Righteous; Tears of Guthix; The Dig Site; The Fremennik Isles; Troll Romance; Underground Pass; Wanted!; Watchtower; Waterfall Quest
Cabinfever	all:item.swamp_paste.1941	ALL	item.swamp_paste.1941	Quest Helper 5ea99d5ea9ba3fb096ebe7b5ed02d80883e9819d: Cabin Fever; Dragon Slayer II; In Aid of the Myreque; Sea Slug; Shades of Mort’ton; The Slug Menace
Cabinfever	all:item.tinderbox	ALL	item.tinderbox	Quest Helper 5ea99d5ea9ba3fb096ebe7b5ed02d80883e9819d: A Tail of Two Cats, Another Slice of Ham, Beneath Cursed Sands, Cabin Fever, Contact, Death to the Dorgeshuun, Desert Treasure I, Desert Treasure II, Dream Mentor, Eadgar's Ruse, Enakhra's Lament, Enlightened Journey, Horror from the Deep, Icthlarin's Little Helper, In Aid of the Myreque, Land of the Goblins, Lunar Diplomacy, Merlin's Crystal, Misthalin Mystery, Olaf's Quest, Rag and Bone Man, Rat Catchers, Recipe for Disaster, Regicide, Secrets of the North, Shades of Mort'ton, Song of the Elves, Swan Song, Tai Bwo Wannai Trio, Tears of Guthix, The Corsair Curse, The Dig Site, The Forsaken Tower, The Fremennik Trials, The Giant Dwarf, The Great Brain Robbery and Underground Pass; Quest completeness review batch 6; Quest Helper 5ea99d5ea9ba3fb096ebe7b5ed02d80883e9819d; OSRS Wiki: Rag and Bone Man II; Quest Helper 5ea99d5ea9ba3fb096ebe7b5ed02d80883e9819d; OSRS Wiki: Dragon Slayer II
Clientofkourend	all:item.feather.314	ALL	item.feather.314	Quest Helper 5ea99d5ea9ba3fb096ebe7b5ed02d80883e9819d: Big Chompy Bird Hunting; Client of Kourend; Cold War; Mourning’s End Part I; The Tourist Trap
Clientofkourend	all:item.mysterious_orb.21261	ALL	item.mysterious_orb.21261	Quest Helper 5ea99d5ea9ba3fb096ebe7b5ed02d80883e9819d: Client of Kourend
Clocktower	all:item.bucket	ALL	item.bucket	Quest Helper 5ea99d5ea9ba3fb096ebe7b5ed02d80883e9819d: Clock Tower, Cook's Assistant, Demon Slayer, Getting Ahead, Icthlarin's Little Helper, In Aid of the Myreque, Making Friends with My Arm, Merlin's Crystal, Misthalin Mystery, My Arm's Big Adventure, Priest in Peril, Regicide, Rum Deal, Sleeping Giants, The Feud and Underground Pass
Coldwar	all:item.clockwork.8792	ALL	item.clockwork.8792	Quest Helper 5ea99d5ea9ba3fb096ebe7b5ed02d80883e9819d: Cold War
Coldwar	all:item.clockwork_suit.10595	ALL	item.clockwork_suit.10595	Quest Helper 5ea99d5ea9ba3fb096ebe7b5ed02d80883e9819d: Cold War
Coldwar	all:item.cowbells.10593	ALL	item.cowbells.10593	Quest Helper pinned source 5ea99d5ea9ba3fb096ebe7b5ed02d80883e9819d
Coldwar	all:item.feather.314	ALL	item.feather.314	Quest Helper 5ea99d5ea9ba3fb096ebe7b5ed02d80883e9819d: Big Chompy Bird Hunting; Client of Kourend; Cold War; Mourning’s End Part I; The Tourist Trap
Coldwar	all:item.leather.1741	ALL	item.leather.1741	Quest Helper 5ea99d5ea9ba3fb096ebe7b5ed02d80883e9819d: Cold War; Elemental Workshop I; Mourning’s End Part I
Coldwar	all:item.mahogany_plank.8782	ALL	item.mahogany_plank.8782	Quest Helper 5ea99d5ea9ba3fb096ebe7b5ed02d80883e9819d: Cold War; Making Friends with My Arm
Coldwar	all:item.oak_plank.8778	ALL	item.oak_plank.8778	Quest Helper 5ea99d5ea9ba3fb096ebe7b5ed02d80883e9819d: Bone Voyage; Cold War; The Great Brain Robbery; Quest Helper 5ea99d5ea9ba3fb096ebe7b5ed02d80883e9819d; OSRS Wiki: Dragon Slayer II
Coldwar	all:item.penguin_bongos.10592	ALL	item.penguin_bongos.10592	Quest Helper 5ea99d5ea9ba3fb096ebe7b5ed02d80883e9819d: Cold War
Coldwar	all:item.raw_cod.341	ALL	item.raw_cod.341	Quest Helper 5ea99d5ea9ba3fb096ebe7b5ed02d80883e9819d: Cold War; Recipe for Disaster
Coldwar	all:item.silk.950	ALL	item.silk.950	Quest Helper 5ea99d5ea9ba3fb096ebe7b5ed02d80883e9819d: Cold War; Dragon Slayer I; Enlightened Journey; Ghosts Ahoy; Mourning’s End Part I; Song of the Elves
Coldwar	all:item.spade	ALL	item.spade	Quest Helper 5ea99d5ea9ba3fb096ebe7b5ed02d80883e9819d: Bear Your Soul, Beneath Cursed Sands, Cold War, Creature of Fenkenstrain, Dragon Slayer II, Ernest the Chicken, Fairytale I - Growing Pains, Fishing Contest, Garden of Tranquillity, Ghosts Ahoy, In Aid of the Myreque, Lunar Diplomacy, Making History, My Arm's Big Adventure, Olaf's Quest, Pirate's Treasure, Plague City, Regicide, Roving Elves, Shilo Village, Song of the Elves, The Corsair Curse, Underground Pass, While Guthix Sleeps and X Marks the Spot; Quest completeness review batch 6
Coldwar	all:item.steel-bar	ALL	item.steel-bar	Quest Helper 5ea99d5ea9ba3fb096ebe7b5ed02d80883e9819d: Cold War, Desert Treasure I, In Aid of the Myreque, One Small Favour, Prying Times and The Giant Dwarf
Coldwar	all:item.steel_nails.1539	ALL	item.steel_nails.1539	Quest Helper 5ea99d5ea9ba3fb096ebe7b5ed02d80883e9819d: Cold War; Dragon Slayer I; Horror from the Deep; In Search of the Myreque
Coldwar	all:item.swamp_tar.1939	ALL	item.swamp_tar.1939	Quest Helper 5ea99d5ea9ba3fb096ebe7b5ed02d80883e9819d: Cold War; Eagles' Peak; Horror from the Deep; Troll Romance
Contact	all:item.keris.10581	ALL	item.keris.10581	Quest Helper 5ea99d5ea9ba3fb096ebe7b5ed02d80883e9819d: Contact!
Contact	all:item.tinderbox	ALL	item.tinderbox	Quest Helper 5ea99d5ea9ba3fb096ebe7b5ed02d80883e9819d: A Tail of Two Cats, Another Slice of Ham, Beneath Cursed Sands, Cabin Fever, Contact, Death to the Dorgeshuun, Desert Treasure I, Desert Treasure II, Dream Mentor, Eadgar's Ruse, Enakhra's Lament, Enlightened Journey, Horror from the Deep, Icthlarin's Little Helper, In Aid of the Myreque, Land of the Goblins, Lunar Diplomacy, Merlin's Crystal, Misthalin Mystery, Olaf's Quest, Rag and Bone Man, Rat Catchers, Recipe for Disaster, Regicide, Secrets of the North, Shades of Mort'ton, Song of the Elves, Swan Song, Tai Bwo Wannai Trio, Tears of Guthix, The Corsair Curse, The Dig Site, The Forsaken Tower, The Fremennik Trials, The Giant Dwarf, The Great Brain Robbery and Underground Pass; Quest completeness review batch 6; Quest Helper 5ea99d5ea9ba3fb096ebe7b5ed02d80883e9819d; OSRS Wiki: Rag and Bone Man II; Quest Helper 5ea99d5ea9ba3fb096ebe7b5ed02d80883e9819d; OSRS Wiki: Dragon Slayer II
Cooksassistant	all:item.bucket	ALL	item.bucket	Quest Helper 5ea99d5ea9ba3fb096ebe7b5ed02d80883e9819d: Clock Tower, Cook's Assistant, Demon Slayer, Getting Ahead, Icthlarin's Little Helper, In Aid of the Myreque, Making Friends with My Arm, Merlin's Crystal, Misthalin Mystery, My Arm's Big Adventure, Priest in Peril, Regicide, Rum Deal, Sleeping Giants, The Feud and Underground Pass
Cooksassistant	all:item.bucket_of_milk.1927	ALL	item.bucket_of_milk.1927	Quest Helper 5ea99d5ea9ba3fb096ebe7b5ed02d80883e9819d: A Tail of Two Cats; Cook's Assistant; Gertrude’s Cat; Ghosts Ahoy; Plague City; Ratcatchers; Recipe for Disaster
Cooksassistant	all:item.egg.1944	ALL	item.egg.1944	Quest Helper 5ea99d5ea9ba3fb096ebe7b5ed02d80883e9819d: Cook's Assistant; Recipe for Disaster
Cooksassistant	all:item.grain.1947	ALL	item.grain.1947	Quest Helper 5ea99d5ea9ba3fb096ebe7b5ed02d80883e9819d: Cook's Assistant; Eadgar's Ruse
Cooksassistant	all:item.pot	ALL	item.pot	Quest Helper 5ea99d5ea9ba3fb096ebe7b5ed02d80883e9819d: Cook's Assistant, Forgettable Tale, Murder Mystery, One Small Favour, Rag and Bone Man, Recipe for Disaster, Regicide and Swan Song; Quest Helper 5ea99d5ea9ba3fb096ebe7b5ed02d80883e9819d; OSRS Wiki: Rag and Bone Man II
Cooksassistant	all:item.pot_of_flour	ALL	item.pot_of_flour	Quest Helper 5ea99d5ea9ba3fb096ebe7b5ed02d80883e9819d: Cook's Assistant, Getting Ahead, Murder Mystery, Prince Ali Rescue and Recipe for Disaster
Creatureoffenkenstrain	all:item.bronze_wire.1794	ALL	item.bronze_wire.1794	Quest Helper 5ea99d5ea9ba3fb096ebe7b5ed02d80883e9819d: Creature of Fenkenstrain; Recipe for Disaster; Shilo Village
Creatureoffenkenstrain	all:item.conductor_mould.4200	ALL	item.conductor_mould.4200	Quest Helper pinned source 5ea99d5ea9ba3fb096ebe7b5ed02d80883e9819d
Creatureoffenkenstrain	all:item.fenkenstrain_s_castle_teleport.19621	ALL	item.fenkenstrain_s_castle_teleport.19621	Quest Helper 5ea99d5ea9ba3fb096ebe7b5ed02d80883e9819d: Creature of Fenkenstrain; The Great Brain Robbery
Creatureoffenkenstrain	all:item.law-rune	ALL	item.law-rune	Quest Helper 5ea99d5ea9ba3fb096ebe7b5ed02d80883e9819d: Creature of Fenkenstrain, Darkness of Hallowvale, King's Ransom, Legends Quest, Spirits of the Elid, The Giant Dwarf and While Guthix Sleeps; Quest completeness review batch 6
Creatureoffenkenstrain	all:item.needle.1733	ALL	item.needle.1733	Quest Helper 5ea99d5ea9ba3fb096ebe7b5ed02d80883e9819d: At First Light; Creature of Fenkenstrain; Elemental Workshop I; Getting Ahead; Ghosts Ahoy; Lunar Diplomacy; Recipe for Disaster; Spirits of the Elid; The Fremennik Isles
Creatureoffenkenstrain	all:item.silver-bar	ALL	item.silver-bar	Quest Helper 5ea99d5ea9ba3fb096ebe7b5ed02d80883e9819d: Creature of Fenkenstrain, Desert Treasure I, In Aid of the Myreque, Shadow of the Storm and The Giant Dwarf
Creatureoffenkenstrain	all:item.spade	ALL	item.spade	Quest Helper 5ea99d5ea9ba3fb096ebe7b5ed02d80883e9819d: Bear Your Soul, Beneath Cursed Sands, Cold War, Creature of Fenkenstrain, Dragon Slayer II, Ernest the Chicken, Fairytale I - Growing Pains, Fishing Contest, Garden of Tranquillity, Ghosts Ahoy, In Aid of the Myreque, Lunar Diplomacy, Making History, My Arm's Big Adventure, Olaf's Quest, Pirate's Treasure, Plague City, Regicide, Roving Elves, Shilo Village, Song of the Elves, The Corsair Curse, Underground Pass, While Guthix Sleeps and X Marks the Spot; Quest completeness review batch 6
Creatureoffenkenstrain	all:item.thread.1734	ALL	item.thread.1734	Quest Helper 5ea99d5ea9ba3fb096ebe7b5ed02d80883e9819d: Creature of Fenkenstrain; Elemental Workshop I; Getting Ahead; Ghosts Ahoy; Lunar Diplomacy; Spirits of the Elid; The Fremennik Isles
Currentaffairs	all:item.charcoal.973	ALL	item.charcoal.973	Quest Helper 5ea99d5ea9ba3fb096ebe7b5ed02d80883e9819d: Current Affairs; Darkness of Hallowvale; Desert Treasure I; Legends’ Quest; Recipe for Disaster; Shilo Village; The Dig Site; While Guthix Sleeps; Zogre Flesh Eaters
Currentaffairs	all:item.tiny_net.6674	ALL	item.tiny_net.6674	Quest Helper 5ea99d5ea9ba3fb096ebe7b5ed02d80883e9819d: Current Affairs
Curseoftheemptylord	all:item.knife	ALL	item.knife	Quest Helper 5ea99d5ea9ba3fb096ebe7b5ed02d80883e9819d: A Taste of Hope, Below Ice Mountain, Big Chompy Bird Hunting, Curse of the Empty Lord, Darkness of Hallowvale, Desert Treasure II, Elemental Workshop I, Getting Ahead, Ghosts Ahoy, Lost City, Misthalin Mystery, Perilous Moon, Recipe for Disaster, Sins of the Father, Spirits of the Elid, Tai Bwo Wannai Trio, The Final Dawn, The Fremennik Isles, The Fremennik Trials, The Tourist Trap, While Guthix Sleeps and Zogre Flesh Eaters; Quest completeness review batch 6
Curseoftheemptylord	all:item.ring_of_visibility.4657	ALL	item.ring_of_visibility.4657	Quest Helper 5ea99d5ea9ba3fb096ebe7b5ed02d80883e9819d: The Curse of the Empty Lord
Darknessofhallowvale	all:item.air-rune	ALL	item.air-rune	Quest Helper 5ea99d5ea9ba3fb096ebe7b5ed02d80883e9819d: Darkness of Hallowvale, Dragon Slayer II, Horror from the Deep, Spirits of the Elid, The Giant Dwarf, The Slug Menace, Underground Pass, Waterfall Quest and While Guthix Sleeps
Darknessofhallowvale	all:item.charcoal.973	ALL	item.charcoal.973	Quest Helper 5ea99d5ea9ba3fb096ebe7b5ed02d80883e9819d: Current Affairs; Darkness of Hallowvale; Desert Treasure I; Legends’ Quest; Recipe for Disaster; Shilo Village; The Dig Site; While Guthix Sleeps; Zogre Flesh Eaters
Darknessofhallowvale	all:item.knife	ALL	item.knife	Quest Helper 5ea99d5ea9ba3fb096ebe7b5ed02d80883e9819d: A Taste of Hope, Below Ice Mountain, Big Chompy Bird Hunting, Curse of the Empty Lord, Darkness of Hallowvale, Desert Treasure II, Elemental Workshop I, Getting Ahead, Ghosts Ahoy, Lost City, Misthalin Mystery, Perilous Moon, Recipe for Disaster, Sins of the Father, Spirits of the Elid, Tai Bwo Wannai Trio, The Final Dawn, The Fremennik Isles, The Fremennik Trials, The Tourist Trap, While Guthix Sleeps and Zogre Flesh Eaters; Quest completeness review batch 6
Darknessofhallowvale	all:item.law-rune	ALL	item.law-rune	Quest Helper 5ea99d5ea9ba3fb096ebe7b5ed02d80883e9819d: Creature of Fenkenstrain, Darkness of Hallowvale, King's Ransom, Legends Quest, Spirits of the Elid, The Giant Dwarf and While Guthix Sleeps; Quest completeness review batch 6
Darknessofhallowvale	all:item.papyrus.970	ALL	item.papyrus.970	Quest Helper 5ea99d5ea9ba3fb096ebe7b5ed02d80883e9819d: Darkness of Hallowvale; Enlightened Journey; Legends' Quest; Shilo Village; The Golem; While Guthix Sleeps; Zogre Flesh Eaters
Darknessofhallowvale	all:item.plank.960	ALL	item.plank.960	Quest Helper 5ea99d5ea9ba3fb096ebe7b5ed02d80883e9819d: Daddy’s Home; Darkness of Hallowvale; Dragon Slayer I; Horror from the Deep; In Aid of the Myreque; In Search of the Myreque; Observatory Quest; Regicide; Royal Trouble; Scrambled!; The Great Brain Robbery; Underground Pass
Deathontheisle	all:item.butler_s_uniform.29914	ALL	item.butler_s_uniform.29914	Quest Helper 5ea99d5ea9ba3fb096ebe7b5ed02d80883e9819d: Death on the Isle
Deathplateau	all:item.asgarnian_ale.1905	ALL	item.asgarnian_ale.1905	Quest Helper 5ea99d5ea9ba3fb096ebe7b5ed02d80883e9819d: Death Plateau; Recipe for Disaster
Deathplateau	all:item.bread	ALL	item.bread	Quest Helper 5ea99d5ea9ba3fb096ebe7b5ed02d80883e9819d: Below Ice Mountain, Death Plateau, Merlin's Crystal and Recipe for Disaster
Deathplateau	all:item.iron-bar	ALL	item.iron-bar	Quest Helper 5ea99d5ea9ba3fb096ebe7b5ed02d80883e9819d: Animal Magnetism, Beneath Cursed Sands, Bone Voyage, Death Plateau, One Small Favour, Swan Song, The Giant Dwarf, The Knight's Sword, Throne of Miscellania and Troll Romance
Deathplateau	all:item.premade_blurb_sp.2028	ALL	item.premade_blurb_sp.2028	Quest Helper 5ea99d5ea9ba3fb096ebe7b5ed02d80883e9819d: Death Plateau
Deathplateau	all:item.spice.2007	ALL	item.spice.2007	Quest Helper 5ea99d5ea9ba3fb096ebe7b5ed02d80883e9819d: Death Plateau
Deathplateau	all:item.spiked_boots.3107	ALL	item.spiked_boots.3107	Quest Helper 5ea99d5ea9ba3fb096ebe7b5ed02d80883e9819d: Death Plateau
Deathplateau	all:item.trout	ALL	item.trout	Quest Helper 5ea99d5ea9ba3fb096ebe7b5ed02d80883e9819d: Death Plateau
Deathtothedorgeshuun	all:item.crate_with_zanik.8871	ALL	item.crate_with_zanik.8871	Quest Helper 5ea99d5ea9ba3fb096ebe7b5ed02d80883e9819d: Death to the Dorgeshuun
Deathtothedorgeshuun	all:item.games_necklace.3867	ALL	item.games_necklace.3867	Quest Helper 5ea99d5ea9ba3fb096ebe7b5ed02d80883e9819d: Death to the Dorgeshuun
Deathtothedorgeshuun	all:item.ham_boots.4310	ALL	item.ham_boots.4310	Quest Helper 5ea99d5ea9ba3fb096ebe7b5ed02d80883e9819d: Death to the Dorgeshuun
Deathtothedorgeshuun	all:item.ham_cloak.4304	ALL	item.ham_cloak.4304	Quest Helper 5ea99d5ea9ba3fb096ebe7b5ed02d80883e9819d: Death to the Dorgeshuun
Deathtothedorgeshuun	all:item.ham_gloves.4308	ALL	item.ham_gloves.4308	Quest Helper 5ea99d5ea9ba3fb096ebe7b5ed02d80883e9819d: Death to the Dorgeshuun
Deathtothedorgeshuun	all:item.ham_hood.4302	ALL	item.ham_hood.4302	Quest Helper 5ea99d5ea9ba3fb096ebe7b5ed02d80883e9819d: Death to the Dorgeshuun
Deathtothedorgeshuun	all:item.ham_logo.4306	ALL	item.ham_logo.4306	Quest Helper 5ea99d5ea9ba3fb096ebe7b5ed02d80883e9819d: Death to the Dorgeshuun
Deathtothedorgeshuun	all:item.ham_robe.4300	ALL	item.ham_robe.4300	Quest Helper 5ea99d5ea9ba3fb096ebe7b5ed02d80883e9819d: Death to the Dorgeshuun
Deathtothedorgeshuun	all:item.ham_shirt.4298	ALL	item.ham_shirt.4298	Quest Helper 5ea99d5ea9ba3fb096ebe7b5ed02d80883e9819d: Death to the Dorgeshuun
Deathtothedorgeshuun	all:item.tinderbox	ALL	item.tinderbox	Quest Helper 5ea99d5ea9ba3fb096ebe7b5ed02d80883e9819d: A Tail of Two Cats, Another Slice of Ham, Beneath Cursed Sands, Cabin Fever, Contact, Death to the Dorgeshuun, Desert Treasure I, Desert Treasure II, Dream Mentor, Eadgar's Ruse, Enakhra's Lament, Enlightened Journey, Horror from the Deep, Icthlarin's Little Helper, In Aid of the Myreque, Land of the Goblins, Lunar Diplomacy, Merlin's Crystal, Misthalin Mystery, Olaf's Quest, Rag and Bone Man, Rat Catchers, Recipe for Disaster, Regicide, Secrets of the North, Shades of Mort'ton, Song of the Elves, Swan Song, Tai Bwo Wannai Trio, Tears of Guthix, The Corsair Curse, The Dig Site, The Forsaken Tower, The Fremennik Trials, The Giant Dwarf, The Great Brain Robbery and Underground Pass; Quest completeness review batch 6; Quest Helper 5ea99d5ea9ba3fb096ebe7b5ed02d80883e9819d; OSRS Wiki: Rag and Bone Man II; Quest Helper 5ea99d5ea9ba3fb096ebe7b5ed02d80883e9819d; OSRS Wiki: Dragon Slayer II
Defenderofvarrock	all:item.imbued_barronite.28806	ALL	item.imbued_barronite.28806	Quest Helper 5ea99d5ea9ba3fb096ebe7b5ed02d80883e9819d: Defender of Varrock
Demonslayer	all:item.bucket	ALL	item.bucket	Quest Helper 5ea99d5ea9ba3fb096ebe7b5ed02d80883e9819d: Clock Tower, Cook's Assistant, Demon Slayer, Getting Ahead, Icthlarin's Little Helper, In Aid of the Myreque, Making Friends with My Arm, Merlin's Crystal, Misthalin Mystery, My Arm's Big Adventure, Priest in Peril, Regicide, Rum Deal, Sleeping Giants, The Feud and Underground Pass
Demonslayer	all:item.bucket_of_water.1929	ALL	item.bucket_of_water.1929	Quest Helper 5ea99d5ea9ba3fb096ebe7b5ed02d80883e9819d: Demon Slayer I; Forgettable Tale of a Drunken Dwarf; Getting Ahead; Making Friends with My Arm; Mourning’s End Part I; Plague City; Prince Ali Rescue; Recipe for Disaster; Rum Deal; Skippy and the Mogres; Sleeping Giants; Temple of the Eye
Demonslayer	all:item.silverlight.2402	ALL	item.silverlight.2402	OSRS Wiki: Silverlight
Deserttreasure	all:item.ashes.592	ALL	item.ashes.592	Quest Helper 5ea99d5ea9ba3fb096ebe7b5ed02d80883e9819d: Desert Treasure I; Prince Ali Rescue; Recipe for Disaster; Shades of Mort’ton
Deserttreasure	all:item.blood_rune.565	ALL	item.blood_rune.565	Quest Helper 5ea99d5ea9ba3fb096ebe7b5ed02d80883e9819d: Desert Treasure I; Dragon Slayer II; Swan Song
Deserttreasure	all:item.bones.526	ALL	item.bones.526	Quest Helper 5ea99d5ea9ba3fb096ebe7b5ed02d80883e9819d: Desert Treasure I; Shilo Village; Swan Song
Deserttreasure	all:item.cake.1891	ALL	item.cake.1891	Quest Helper 5ea99d5ea9ba3fb096ebe7b5ed02d80883e9819d: Desert Treasure I
Deserttreasure	all:item.charcoal.973	ALL	item.charcoal.973	Quest Helper 5ea99d5ea9ba3fb096ebe7b5ed02d80883e9819d: Current Affairs; Darkness of Hallowvale; Desert Treasure I; Legends’ Quest; Recipe for Disaster; Shilo Village; The Dig Site; While Guthix Sleeps; Zogre Flesh Eaters
Deserttreasure	all:item.garlic_powder.4668	ALL	item.garlic_powder.4668	Quest Helper 5ea99d5ea9ba3fb096ebe7b5ed02d80883e9819d: Desert Treasure I
Deserttreasure	all:item.lockpick.1523	ALL	item.lockpick.1523	Quest Helper pinned source 5ea99d5ea9ba3fb096ebe7b5ed02d80883e9819d
Deserttreasure	all:item.magic_logs.1513	ALL	item.magic_logs.1513	Quest Helper 5ea99d5ea9ba3fb096ebe7b5ed02d80883e9819d: Desert Treasure I; Enlightened Journey; Monkey Madness II; Mourning’s End Part I
Deserttreasure	all:item.molten_glass.1775	ALL	item.molten_glass.1775	Quest Helper 5ea99d5ea9ba3fb096ebe7b5ed02d80883e9819d: A Kingdom Divided; Desert Treasure I; Dragon Slayer II; Horror from the Deep; Observatory Quest; The Fremennik Exiles; Wanted
Deserttreasure	all:item.silver-bar	ALL	item.silver-bar	Quest Helper 5ea99d5ea9ba3fb096ebe7b5ed02d80883e9819d: Creature of Fenkenstrain, Desert Treasure I, In Aid of the Myreque, Shadow of the Storm and The Giant Dwarf
Deserttreasure	all:item.steel-bar	ALL	item.steel-bar	Quest Helper 5ea99d5ea9ba3fb096ebe7b5ed02d80883e9819d: Cold War, Desert Treasure I, In Aid of the Myreque, One Small Favour, Prying Times and The Giant Dwarf
Deserttreasure	all:item.tinderbox	ALL	item.tinderbox	Quest Helper 5ea99d5ea9ba3fb096ebe7b5ed02d80883e9819d: A Tail of Two Cats, Another Slice of Ham, Beneath Cursed Sands, Cabin Fever, Contact, Death to the Dorgeshuun, Desert Treasure I, Desert Treasure II, Dream Mentor, Eadgar's Ruse, Enakhra's Lament, Enlightened Journey, Horror from the Deep, Icthlarin's Little Helper, In Aid of the Myreque, Land of the Goblins, Lunar Diplomacy, Merlin's Crystal, Misthalin Mystery, Olaf's Quest, Rag and Bone Man, Rat Catchers, Recipe for Disaster, Regicide, Secrets of the North, Shades of Mort'ton, Song of the Elves, Swan Song, Tai Bwo Wannai Trio, Tears of Guthix, The Corsair Curse, The Dig Site, The Forsaken Tower, The Fremennik Trials, The Giant Dwarf, The Great Brain Robbery and Underground Pass; Quest completeness review batch 6; Quest Helper 5ea99d5ea9ba3fb096ebe7b5ed02d80883e9819d; OSRS Wiki: Rag and Bone Man II; Quest Helper 5ea99d5ea9ba3fb096ebe7b5ed02d80883e9819d; OSRS Wiki: Dragon Slayer II
Deserttreasureii	all:item.arclight.19675	ALL	item.arclight.19675	Quest Helper 5ea99d5ea9ba3fb096ebe7b5ed02d80883e9819d: Desert Treasure II
Deserttreasureii	all:item.blackstone_fragment.28356	ALL	item.blackstone_fragment.28356	Quest Helper 5ea99d5ea9ba3fb096ebe7b5ed02d80883e9819d: Desert Treasure II
Deserttreasureii	all:item.chisel	ALL	item.chisel	Quest Helper 5ea99d5ea9ba3fb096ebe7b5ed02d80883e9819d: A Taste of Hope, Big Chompy Bird Hunting, Desert Treasure II, Dragon Slayer II, Enakhra's Lament, Haunted Mine, Monkey Madness II, Mourning's End Part II, One Small Favour, Shilo Village, Sins of the Father, Sleeping Giants, Tears of Guthix, Temple of the Eye, The Slug Menace and While Guthix Sleeps
Deserttreasureii	all:item.death-rune	ALL	item.death-rune	Quest Helper 5ea99d5ea9ba3fb096ebe7b5ed02d80883e9819d: Watchtower; While Guthix Sleeps; Quest completeness review batch 6
Deserttreasureii	all:item.digsite_pendant.11190	ALL	item.digsite_pendant.11190	Quest Helper 5ea99d5ea9ba3fb096ebe7b5ed02d80883e9819d: Desert Treasure II
Deserttreasureii	all:item.icy_basalt.22599	ALL	item.icy_basalt.22599	Quest Helper 5ea99d5ea9ba3fb096ebe7b5ed02d80883e9819d: Desert Treasure II
Deserttreasureii	all:item.knife	ALL	item.knife	Quest Helper 5ea99d5ea9ba3fb096ebe7b5ed02d80883e9819d: A Taste of Hope, Below Ice Mountain, Big Chompy Bird Hunting, Curse of the Empty Lord, Darkness of Hallowvale, Desert Treasure II, Elemental Workshop I, Getting Ahead, Ghosts Ahoy, Lost City, Misthalin Mystery, Perilous Moon, Recipe for Disaster, Sins of the Father, Spirits of the Elid, Tai Bwo Wannai Trio, The Final Dawn, The Fremennik Isles, The Fremennik Trials, The Tourist Trap, While Guthix Sleeps and Zogre Flesh Eaters; Quest completeness review batch 6
Deserttreasureii	all:item.korbal_herb.28384	ALL	item.korbal_herb.28384	Quest Helper 5ea99d5ea9ba3fb096ebe7b5ed02d80883e9819d: Desert Treasure II
Deserttreasureii	all:item.lockpick.1523	ALL	item.lockpick.1523	Quest Helper pinned source 5ea99d5ea9ba3fb096ebe7b5ed02d80883e9819d
Deserttreasureii	all:item.strange_potion.4836	ALL	item.strange_potion.4836	Quest Helper 5ea99d5ea9ba3fb096ebe7b5ed02d80883e9819d: Desert Treasure II
Deserttreasureii	all:item.strangler_serum.28388	ALL	item.strangler_serum.28388	Quest Helper 5ea99d5ea9ba3fb096ebe7b5ed02d80883e9819d: Desert Treasure II
Deserttreasureii	all:item.tinderbox	ALL	item.tinderbox	Quest Helper 5ea99d5ea9ba3fb096ebe7b5ed02d80883e9819d: A Tail of Two Cats, Another Slice of Ham, Beneath Cursed Sands, Cabin Fever, Contact, Death to the Dorgeshuun, Desert Treasure I, Desert Treasure II, Dream Mentor, Eadgar's Ruse, Enakhra's Lament, Enlightened Journey, Horror from the Deep, Icthlarin's Little Helper, In Aid of the Myreque, Land of the Goblins, Lunar Diplomacy, Merlin's Crystal, Misthalin Mystery, Olaf's Quest, Rag and Bone Man, Rat Catchers, Recipe for Disaster, Regicide, Secrets of the North, Shades of Mort'ton, Song of the Elves, Swan Song, Tai Bwo Wannai Trio, Tears of Guthix, The Corsair Curse, The Dig Site, The Forsaken Tower, The Fremennik Trials, The Giant Dwarf, The Great Brain Robbery and Underground Pass; Quest completeness review batch 6; Quest Helper 5ea99d5ea9ba3fb096ebe7b5ed02d80883e9819d; OSRS Wiki: Rag and Bone Man II; Quest Helper 5ea99d5ea9ba3fb096ebe7b5ed02d80883e9819d; OSRS Wiki: Dragon Slayer II
Deserttreasureii	all:item.very_long_rope.28363	ALL	item.very_long_rope.28363	Quest Helper 5ea99d5ea9ba3fb096ebe7b5ed02d80883e9819d: Desert Treasure II
Deviousminds	all:item.bow_string.1777	ALL	item.bow_string.1777	Quest Helper 5ea99d5ea9ba3fb096ebe7b5ed02d80883e9819d: Devious Minds
Deviousminds	all:item.bow_sword.6818	ALL	item.bow_sword.6818	Quest Helper 5ea99d5ea9ba3fb096ebe7b5ed02d80883e9819d: Devious Minds
Deviousminds	all:item.mithril-2h-sword	ALL	item.mithril-2h-sword	Quest Helper 5ea99d5ea9ba3fb096ebe7b5ed02d80883e9819d: Devious Minds
Doricsquest	all:item.clay.434	ALL	item.clay.434	Quest Helper 5ea99d5ea9ba3fb096ebe7b5ed02d80883e9819d: Doric's Quest; Getting Ahead; The Giant Dwarf
Dragonslayer	all:item.anti_dragon_shield.1540	ALL	item.anti_dragon_shield.1540	OSRS Wiki: Anti-dragon shield
Dragonslayer	all:item.chronicle.13660	ALL	item.chronicle.13660	Quest Helper 5ea99d5ea9ba3fb096ebe7b5ed02d80883e9819d: Dragon Slayer; What Lies Below
Dragonslayer	all:item.lobster_pot.301	ALL	item.lobster_pot.301	Quest Helper 5ea99d5ea9ba3fb096ebe7b5ed02d80883e9819d: Dragon Slayer I; Throne of Miscellania
Dragonslayer	all:item.plank.960	ALL	item.plank.960	Quest Helper 5ea99d5ea9ba3fb096ebe7b5ed02d80883e9819d: Daddy’s Home; Darkness of Hallowvale; Dragon Slayer I; Horror from the Deep; In Aid of the Myreque; In Search of the Myreque; Observatory Quest; Regicide; Royal Trouble; Scrambled!; The Great Brain Robbery; Underground Pass
Dragonslayer	all:item.ring_of_recoil.2550	ALL	item.ring_of_recoil.2550	Quest Helper 5ea99d5ea9ba3fb096ebe7b5ed02d80883e9819d: Dragon Slayer; The Fremennik Trials; The Mage Arena II
Dragonslayer	all:item.silk.950	ALL	item.silk.950	Quest Helper 5ea99d5ea9ba3fb096ebe7b5ed02d80883e9819d: Cold War; Dragon Slayer I; Enlightened Journey; Ghosts Ahoy; Mourning’s End Part I; Song of the Elves
Dragonslayer	all:item.steel_nails.1539	ALL	item.steel_nails.1539	Quest Helper 5ea99d5ea9ba3fb096ebe7b5ed02d80883e9819d: Cold War; Dragon Slayer I; Horror from the Deep; In Search of the Myreque
Dragonslayer	all:item.unfired_bowl.1791	ALL	item.unfired_bowl.1791	Quest Helper 5ea99d5ea9ba3fb096ebe7b5ed02d80883e9819d: Dragon Slayer
Dragonslayer	all:item.wizard_s_mind_bomb.1907	ALL	item.wizard_s_mind_bomb.1907	Quest Helper 5ea99d5ea9ba3fb096ebe7b5ed02d80883e9819d: Dragon Slayer; The Final Dawn
Dragonslayerii	all:item.air-rune	ALL	item.air-rune	Quest Helper 5ea99d5ea9ba3fb096ebe7b5ed02d80883e9819d: Darkness of Hallowvale, Dragon Slayer II, Horror from the Deep, Spirits of the Elid, The Giant Dwarf, The Slug Menace, Underground Pass, Waterfall Quest and While Guthix Sleeps
Dragonslayerii	all:item.astral_rune.9075	ALL	item.astral_rune.9075	Quest Helper 5ea99d5ea9ba3fb096ebe7b5ed02d80883e9819d: Dragon Slayer II; Dream Mentor; The Fremennik Exiles; While Guthix Sleeps
Dragonslayerii	all:item.blood_rune.565	ALL	item.blood_rune.565	Quest Helper 5ea99d5ea9ba3fb096ebe7b5ed02d80883e9819d: Desert Treasure I; Dragon Slayer II; Swan Song
Dragonslayerii	all:item.catspeak_amulet.4677	ALL	item.catspeak_amulet.4677	Quest Helper 5ea99d5ea9ba3fb096ebe7b5ed02d80883e9819d: A Tail of Two Cats; Dragon Slayer II; Ratcatchers
Dragonslayerii	all:item.catspeak_amulet_e.6544	ALL	item.catspeak_amulet_e.6544	Quest Helper pinned source 5ea99d5ea9ba3fb096ebe7b5ed02d80883e9819d
Dragonslayerii	all:item.chisel	ALL	item.chisel	Quest Helper 5ea99d5ea9ba3fb096ebe7b5ed02d80883e9819d: A Taste of Hope, Big Chompy Bird Hunting, Desert Treasure II, Dragon Slayer II, Enakhra's Lament, Haunted Mine, Monkey Madness II, Mourning's End Part II, One Small Favour, Shilo Village, Sins of the Father, Sleeping Giants, Tears of Guthix, Temple of the Eye, The Slug Menace and While Guthix Sleeps
Dragonslayerii	all:item.dragonstone.1615	ALL	item.dragonstone.1615	Quest Helper 5ea99d5ea9ba3fb096ebe7b5ed02d80883e9819d: Dragon Slayer II
Dragonslayerii	all:item.fire-rune	ALL	item.fire-rune	Quest Helper 5ea99d5ea9ba3fb096ebe7b5ed02d80883e9819d: Dragon Slayer II, Horror from the Deep, The Slug Menace and While Guthix Sleeps
Dragonslayerii	all:item.ghostspeak_amulet.552	ALL	item.ghostspeak_amulet.552	Quest Helper 5ea99d5ea9ba3fb096ebe7b5ed02d80883e9819d: Animal Magnetism; Ghosts Ahoy; Nature Spirit; The General's Shadow; The Restless Ghost; Quest Helper 5ea99d5ea9ba3fb096ebe7b5ed02d80883e9819d; OSRS Wiki: Dragon Slayer II
Dragonslayerii	all:item.glassblowing_pipe.1785	ALL	item.glassblowing_pipe.1785	Quest Helper 5ea99d5ea9ba3fb096ebe7b5ed02d80883e9819d: Dragon Slayer II; The Fremennik Exiles
Dragonslayerii	all:item.goutweed.3261	ALL	item.goutweed.3261	Quest Helper pinned source; quest catalogue-gap review
Dragonslayerii	all:item.hammer	ALL	item.hammer	Quest Helper 5ea99d5ea9ba3fb096ebe7b5ed02d80883e9819d: Prying Times; Sleeping Giants; The Great Brain Robbery; While Guthix Sleeps; Quest Helper 5ea99d5ea9ba3fb096ebe7b5ed02d80883e9819d; OSRS Wiki: Dragon Slayer II
Dragonslayerii	all:item.machete.975	ALL	item.machete.975	Quest Helper 5ea99d5ea9ba3fb096ebe7b5ed02d80883e9819d; OSRS Wiki: Dragon Slayer II
Dragonslayerii	all:item.molten_glass.1775	ALL	item.molten_glass.1775	Quest Helper 5ea99d5ea9ba3fb096ebe7b5ed02d80883e9819d: A Kingdom Divided; Desert Treasure I; Dragon Slayer II; Horror from the Deep; Observatory Quest; The Fremennik Exiles; Wanted
Dragonslayerii	all:item.oak_plank.8778	ALL	item.oak_plank.8778	Quest Helper 5ea99d5ea9ba3fb096ebe7b5ed02d80883e9819d: Bone Voyage; Cold War; The Great Brain Robbery; Quest Helper 5ea99d5ea9ba3fb096ebe7b5ed02d80883e9819d; OSRS Wiki: Dragon Slayer II
Dragonslayerii	all:item.pestle_and_mortar.233	ALL	item.pestle_and_mortar.233	Quest Helper 5ea99d5ea9ba3fb096ebe7b5ed02d80883e9819d: A Taste of Hope; Dream Mentor; Eadgar’s Ruse; Fairytale II – Cure a Queen; Garden of Tranquillity; Land of the Goblins; Lunar Diplomacy; Monkey Madness II; Perilous Moons; Recipe for Disaster; Regicide; Shadow of the Storm; Song of the Elves; Tai Bwo Wannai Trio; The Dig Site; The Eyes of Glouphrie; The Golem; Watchtower; Quest Helper 5ea99d5ea9ba3fb096ebe7b5ed02d80883e9819d; OSRS Wiki: Dragon Slayer II
Dragonslayerii	all:item.saw.8794	ALL	item.saw.8794	Quest Helper 5ea99d5ea9ba3fb096ebe7b5ed02d80883e9819d: Perilous Moon; Quest Helper 5ea99d5ea9ba3fb096ebe7b5ed02d80883e9819d; OSRS Wiki: Dragon Slayer II
Dragonslayerii	all:item.seal_of_passage.9083	ALL	item.seal_of_passage.9083	Quest Helper 5ea99d5ea9ba3fb096ebe7b5ed02d80883e9819d: Dragon Slayer II; Lunar Diplomacy; The Fremennik Exiles
Dragonslayerii	all:item.spade	ALL	item.spade	Quest Helper 5ea99d5ea9ba3fb096ebe7b5ed02d80883e9819d: Bear Your Soul, Beneath Cursed Sands, Cold War, Creature of Fenkenstrain, Dragon Slayer II, Ernest the Chicken, Fairytale I - Growing Pains, Fishing Contest, Garden of Tranquillity, Ghosts Ahoy, In Aid of the Myreque, Lunar Diplomacy, Making History, My Arm's Big Adventure, Olaf's Quest, Pirate's Treasure, Plague City, Regicide, Roving Elves, Shilo Village, Song of the Elves, The Corsair Curse, Underground Pass, While Guthix Sleeps and X Marks the Spot; Quest completeness review batch 6
Dragonslayerii	all:item.swamp_paste.1941	ALL	item.swamp_paste.1941	Quest Helper 5ea99d5ea9ba3fb096ebe7b5ed02d80883e9819d: Cabin Fever; Dragon Slayer II; In Aid of the Myreque; Sea Slug; Shades of Mort’ton; The Slug Menace
Dragonslayerii	all:item.tinderbox	ALL	item.tinderbox	Quest Helper 5ea99d5ea9ba3fb096ebe7b5ed02d80883e9819d: A Tail of Two Cats, Another Slice of Ham, Beneath Cursed Sands, Cabin Fever, Contact, Death to the Dorgeshuun, Desert Treasure I, Desert Treasure II, Dream Mentor, Eadgar's Ruse, Enakhra's Lament, Enlightened Journey, Horror from the Deep, Icthlarin's Little Helper, In Aid of the Myreque, Land of the Goblins, Lunar Diplomacy, Merlin's Crystal, Misthalin Mystery, Olaf's Quest, Rag and Bone Man, Rat Catchers, Recipe for Disaster, Regicide, Secrets of the North, Shades of Mort'ton, Song of the Elves, Swan Song, Tai Bwo Wannai Trio, Tears of Guthix, The Corsair Curse, The Dig Site, The Forsaken Tower, The Fremennik Trials, The Giant Dwarf, The Great Brain Robbery and Underground Pass; Quest completeness review batch 6; Quest Helper 5ea99d5ea9ba3fb096ebe7b5ed02d80883e9819d; OSRS Wiki: Rag and Bone Man II; Quest Helper 5ea99d5ea9ba3fb096ebe7b5ed02d80883e9819d; OSRS Wiki: Dragon Slayer II
Dragonslayerii	all:item.wrath_rune.21880	ALL	item.wrath_rune.21880	Quest Helper 5ea99d5ea9ba3fb096ebe7b5ed02d80883e9819d: Dragon Slayer II
Dreammentor	all:item.astral_rune.9075	ALL	item.astral_rune.9075	Quest Helper 5ea99d5ea9ba3fb096ebe7b5ed02d80883e9819d: Dragon Slayer II; Dream Mentor; The Fremennik Exiles; While Guthix Sleeps
Dreammentor	all:item.goutweed.3261	ALL	item.goutweed.3261	Quest Helper pinned source; quest catalogue-gap review
Dreammentor	all:item.pestle_and_mortar.233	ALL	item.pestle_and_mortar.233	Quest Helper 5ea99d5ea9ba3fb096ebe7b5ed02d80883e9819d: A Taste of Hope; Dream Mentor; Eadgar’s Ruse; Fairytale II – Cure a Queen; Garden of Tranquillity; Land of the Goblins; Lunar Diplomacy; Monkey Madness II; Perilous Moons; Recipe for Disaster; Regicide; Shadow of the Storm; Song of the Elves; Tai Bwo Wannai Trio; The Dig Site; The Eyes of Glouphrie; The Golem; Watchtower; Quest Helper 5ea99d5ea9ba3fb096ebe7b5ed02d80883e9819d; OSRS Wiki: Dragon Slayer II
Dreammentor	all:item.tinderbox	ALL	item.tinderbox	Quest Helper 5ea99d5ea9ba3fb096ebe7b5ed02d80883e9819d: A Tail of Two Cats, Another Slice of Ham, Beneath Cursed Sands, Cabin Fever, Contact, Death to the Dorgeshuun, Desert Treasure I, Desert Treasure II, Dream Mentor, Eadgar's Ruse, Enakhra's Lament, Enlightened Journey, Horror from the Deep, Icthlarin's Little Helper, In Aid of the Myreque, Land of the Goblins, Lunar Diplomacy, Merlin's Crystal, Misthalin Mystery, Olaf's Quest, Rag and Bone Man, Rat Catchers, Recipe for Disaster, Regicide, Secrets of the North, Shades of Mort'ton, Song of the Elves, Swan Song, Tai Bwo Wannai Trio, Tears of Guthix, The Corsair Curse, The Dig Site, The Forsaken Tower, The Fremennik Trials, The Giant Dwarf, The Great Brain Robbery and Underground Pass; Quest completeness review batch 6; Quest Helper 5ea99d5ea9ba3fb096ebe7b5ed02d80883e9819d; OSRS Wiki: Rag and Bone Man II; Quest Helper 5ea99d5ea9ba3fb096ebe7b5ed02d80883e9819d; OSRS Wiki: Dragon Slayer II
Druidicritual	all:item.raw_bear_meat.2136	ALL	item.raw_bear_meat.2136	Quest Helper 5ea99d5ea9ba3fb096ebe7b5ed02d80883e9819d: Druidic Ritual
Druidicritual	all:item.raw_beef	ALL	item.raw_beef	Quest Helper 5ea99d5ea9ba3fb096ebe7b5ed02d80883e9819d: Druidic Ritual
Druidicritual	all:item.raw_chicken	ALL	item.raw_chicken	Quest Helper 5ea99d5ea9ba3fb096ebe7b5ed02d80883e9819d: Druidic Ritual, Eadgar's Ruse and Recipe for Disaster
Druidicritual	all:item.raw_rat_meat.2134	ALL	item.raw_rat_meat.2134	Quest Helper 5ea99d5ea9ba3fb096ebe7b5ed02d80883e9819d: Druidic Ritual
Eadgarsruse	all:item.goutweed.3261	ALL	item.goutweed.3261	Quest Helper pinned source; quest catalogue-gap review
Eadgarsruse	all:item.grain.1947	ALL	item.grain.1947	Quest Helper 5ea99d5ea9ba3fb096ebe7b5ed02d80883e9819d: Cook's Assistant; Eadgar's Ruse
Eadgarsruse	all:item.logs	ALL	item.logs	Quest Helper 5ea99d5ea9ba3fb096ebe7b5ed02d80883e9819d: A Tail of Two Cats, Eadgar's Ruse, Enakhra's Lament, Enlightened Journey, Monk's Friend, Monkey Madness II, Rag and Bone Man, Sins of the Father, The Giant Dwarf, Throne of Miscellania, Tree Gnome Village and While Guthix Sleeps; Quest completeness review batch 6; Quest Helper 5ea99d5ea9ba3fb096ebe7b5ed02d80883e9819d; OSRS Wiki: Rag and Bone Man II
Eadgarsruse	all:item.pineapple_chunks.2116	ALL	item.pineapple_chunks.2116	Quest Helper 5ea99d5ea9ba3fb096ebe7b5ed02d80883e9819d: Eadgar's Ruse
Eadgarsruse	all:item.ranarr_potion_unf.99	ALL	item.ranarr_potion_unf.99	Quest Helper 5ea99d5ea9ba3fb096ebe7b5ed02d80883e9819d: Eadgar's Ruse
Eadgarsruse	all:item.raw_chicken	ALL	item.raw_chicken	Quest Helper 5ea99d5ea9ba3fb096ebe7b5ed02d80883e9819d: Druidic Ritual, Eadgar's Ruse and Recipe for Disaster
Eadgarsruse	all:item.tinderbox	ALL	item.tinderbox	Quest Helper 5ea99d5ea9ba3fb096ebe7b5ed02d80883e9819d: A Tail of Two Cats, Another Slice of Ham, Beneath Cursed Sands, Cabin Fever, Contact, Death to the Dorgeshuun, Desert Treasure I, Desert Treasure II, Dream Mentor, Eadgar's Ruse, Enakhra's Lament, Enlightened Journey, Horror from the Deep, Icthlarin's Little Helper, In Aid of the Myreque, Land of the Goblins, Lunar Diplomacy, Merlin's Crystal, Misthalin Mystery, Olaf's Quest, Rag and Bone Man, Rat Catchers, Recipe for Disaster, Regicide, Secrets of the North, Shades of Mort'ton, Song of the Elves, Swan Song, Tai Bwo Wannai Trio, Tears of Guthix, The Corsair Curse, The Dig Site, The Forsaken Tower, The Fremennik Trials, The Giant Dwarf, The Great Brain Robbery and Underground Pass; Quest completeness review batch 6; Quest Helper 5ea99d5ea9ba3fb096ebe7b5ed02d80883e9819d; OSRS Wiki: Rag and Bone Man II; Quest Helper 5ea99d5ea9ba3fb096ebe7b5ed02d80883e9819d; OSRS Wiki: Dragon Slayer II
Eadgarsruse	all:item.vodka.2015	ALL	item.vodka.2015	Quest Helper 5ea99d5ea9ba3fb096ebe7b5ed02d80883e9819d: Bone Voyage; Eadgar's Ruse
Eaglespeak	all:item.bronze_feather.10177	ALL	item.bronze_feather.10177	Quest Helper 5ea99d5ea9ba3fb096ebe7b5ed02d80883e9819d: Eagles’ Peak
Eaglespeak	all:item.eagle_cape.10171	ALL	item.eagle_cape.10171	Quest Helper 5ea99d5ea9ba3fb096ebe7b5ed02d80883e9819d: Eagles’ Peak
Eaglespeak	all:item.eagle_feather.10167	ALL	item.eagle_feather.10167	Quest Helper 5ea99d5ea9ba3fb096ebe7b5ed02d80883e9819d: Eagles’ Peak
Eaglespeak	all:item.fake_beak.10172	ALL	item.fake_beak.10172	Quest Helper 5ea99d5ea9ba3fb096ebe7b5ed02d80883e9819d: Eagles’ Peak
Eaglespeak	all:item.ferret.10092	ALL	item.ferret.10092	Quest Helper 5ea99d5ea9ba3fb096ebe7b5ed02d80883e9819d: Eagles’ Peak
Eaglespeak	all:item.golden_feather.2950	ALL	item.golden_feather.2950	Quest Helper 5ea99d5ea9ba3fb096ebe7b5ed02d80883e9819d: Eagles’ Peak
Eaglespeak	all:item.metal_feather.10174	ALL	item.metal_feather.10174	Quest Helper 5ea99d5ea9ba3fb096ebe7b5ed02d80883e9819d: Eagles’ Peak
Eaglespeak	all:item.odd_bird_seed.10178	ALL	item.odd_bird_seed.10178	Quest Helper 5ea99d5ea9ba3fb096ebe7b5ed02d80883e9819d: Eagles’ Peak
Eaglespeak	all:item.silver_feather.10176	ALL	item.silver_feather.10176	Quest Helper 5ea99d5ea9ba3fb096ebe7b5ed02d80883e9819d: Eagles’ Peak
Eaglespeak	all:item.swamp_tar.1939	ALL	item.swamp_tar.1939	Quest Helper 5ea99d5ea9ba3fb096ebe7b5ed02d80883e9819d: Cold War; Eagles' Peak; Horror from the Deep; Troll Romance
Eaglespeak	all:item.yellow_dye.1765	ALL	item.yellow_dye.1765	Quest Helper 5ea99d5ea9ba3fb096ebe7b5ed02d80883e9819d: Eagles' Peak; Enlightened Journey; Ghosts Ahoy; Land of the Goblins; Mourning’s End Part I; Prince Ali Rescue
Elementalworkshopi	all:item.coal	ALL	item.coal	Quest Helper 5ea99d5ea9ba3fb096ebe7b5ed02d80883e9819d: Beneath Cursed Sands, Elemental Workshop I, Elemental Workshop II, Enakhra's Lament, In Aid of the Myreque, Regicide, Royal Trouble, The Fremennik Isles and The Giant Dwarf
Elementalworkshopi	all:item.elemental_ore.2892	ALL	item.elemental_ore.2892	Quest Helper 5ea99d5ea9ba3fb096ebe7b5ed02d80883e9819d: Elemental Workshop I; Elemental Workshop II
Elementalworkshopi	all:item.knife	ALL	item.knife	Quest Helper 5ea99d5ea9ba3fb096ebe7b5ed02d80883e9819d: A Taste of Hope, Below Ice Mountain, Big Chompy Bird Hunting, Curse of the Empty Lord, Darkness of Hallowvale, Desert Treasure II, Elemental Workshop I, Getting Ahead, Ghosts Ahoy, Lost City, Misthalin Mystery, Perilous Moon, Recipe for Disaster, Sins of the Father, Spirits of the Elid, Tai Bwo Wannai Trio, The Final Dawn, The Fremennik Isles, The Fremennik Trials, The Tourist Trap, While Guthix Sleeps and Zogre Flesh Eaters; Quest completeness review batch 6
Elementalworkshopi	all:item.leather.1741	ALL	item.leather.1741	Quest Helper 5ea99d5ea9ba3fb096ebe7b5ed02d80883e9819d: Cold War; Elemental Workshop I; Mourning’s End Part I
Elementalworkshopi	all:item.needle.1733	ALL	item.needle.1733	Quest Helper 5ea99d5ea9ba3fb096ebe7b5ed02d80883e9819d: At First Light; Creature of Fenkenstrain; Elemental Workshop I; Getting Ahead; Ghosts Ahoy; Lunar Diplomacy; Recipe for Disaster; Spirits of the Elid; The Fremennik Isles
Elementalworkshopi	all:item.thread.1734	ALL	item.thread.1734	Quest Helper 5ea99d5ea9ba3fb096ebe7b5ed02d80883e9819d: Creature of Fenkenstrain; Elemental Workshop I; Getting Ahead; Ghosts Ahoy; Lunar Diplomacy; Spirits of the Elid; The Fremennik Isles
Elementalworkshopii	all:item.coal	ALL	item.coal	Quest Helper 5ea99d5ea9ba3fb096ebe7b5ed02d80883e9819d: Beneath Cursed Sands, Elemental Workshop I, Elemental Workshop II, Enakhra's Lament, In Aid of the Myreque, Regicide, Royal Trouble, The Fremennik Isles and The Giant Dwarf
Elementalworkshopii	all:item.elemental_ore.2892	ALL	item.elemental_ore.2892	Quest Helper 5ea99d5ea9ba3fb096ebe7b5ed02d80883e9819d: Elemental Workshop I; Elemental Workshop II
Elementalworkshopii	all:item.primed_mind_bar.9728	ALL	item.primed_mind_bar.9728	Quest Helper 5ea99d5ea9ba3fb096ebe7b5ed02d80883e9819d: Elemental Workshop II
Enakhraslament	all:item.camel_mould.7001	ALL	item.camel_mould.7001	Quest Helper 5ea99d5ea9ba3fb096ebe7b5ed02d80883e9819d: Enakhra’s Lament
Enakhraslament	all:item.candle.36	ALL	item.candle.36	Quest Helper 5ea99d5ea9ba3fb096ebe7b5ed02d80883e9819d: Enakhra’s Lament
Enakhraslament	all:item.chaos-rune	ALL	item.chaos-rune	Quest Helper 5ea99d5ea9ba3fb096ebe7b5ed02d80883e9819d: Enakhra’s Lament
Enakhraslament	all:item.sandstone_base.6988	ALL	item.sandstone_base.6988	Quest Helper 5ea99d5ea9ba3fb096ebe7b5ed02d80883e9819d: Enakhra’s Lament
Enakhraslament	all:item.sandstone_body.6987	ALL	item.sandstone_body.6987	Quest Helper 5ea99d5ea9ba3fb096ebe7b5ed02d80883e9819d: Enakhra’s Lament
Enlightenedjourney	all:item.ball_of_wool.1759	ALL	item.ball_of_wool.1759	Quest Helper 5ea99d5ea9ba3fb096ebe7b5ed02d80883e9819d: Enlightened Journey; Monkey Madness I; Prince Ali Rescue; Recipe for Disaster; Sheep Shearer
Enlightenedjourney	all:item.bowl	ALL	item.bowl	Quest Helper 5ea99d5ea9ba3fb096ebe7b5ed02d80883e9819d: Enlightened Journey; What Lies Below
Enlightenedjourney	all:item.empty_sack.5418	ALL	item.empty_sack.5418	Quest Helper 5ea99d5ea9ba3fb096ebe7b5ed02d80883e9819d: Enlightened Journey; The Final Dawn
Enlightenedjourney	all:item.logs	ALL	item.logs	Quest Helper 5ea99d5ea9ba3fb096ebe7b5ed02d80883e9819d: A Tail of Two Cats, Eadgar's Ruse, Enakhra's Lament, Enlightened Journey, Monk's Friend, Monkey Madness II, Rag and Bone Man, Sins of the Father, The Giant Dwarf, Throne of Miscellania, Tree Gnome Village and While Guthix Sleeps; Quest completeness review batch 6; Quest Helper 5ea99d5ea9ba3fb096ebe7b5ed02d80883e9819d; OSRS Wiki: Rag and Bone Man II
Enlightenedjourney	all:item.magic_logs.1513	ALL	item.magic_logs.1513	Quest Helper 5ea99d5ea9ba3fb096ebe7b5ed02d80883e9819d: Desert Treasure I; Enlightened Journey; Monkey Madness II; Mourning’s End Part I
Enlightenedjourney	all:item.oak_logs.1521	ALL	item.oak_logs.1521	Quest Helper 5ea99d5ea9ba3fb096ebe7b5ed02d80883e9819d: Enakhra's Lament; Enlightened Journey; Sleeping Giants; The Eyes of Glouphrie
Enlightenedjourney	all:item.papyrus.970	ALL	item.papyrus.970	Quest Helper 5ea99d5ea9ba3fb096ebe7b5ed02d80883e9819d: Darkness of Hallowvale; Enlightened Journey; Legends' Quest; Shilo Village; The Golem; While Guthix Sleeps; Zogre Flesh Eaters
Enlightenedjourney	all:item.red_dye.1763	ALL	item.red_dye.1763	Quest Helper 5ea99d5ea9ba3fb096ebe7b5ed02d80883e9819d: Enlightened Journey; Getting Ahead; Ghosts Ahoy; Mourning’s End Part I; Song of the Elves; The Hand in the Sand
Enlightenedjourney	all:item.sandbag.9943	ALL	item.sandbag.9943	Quest Helper 5ea99d5ea9ba3fb096ebe7b5ed02d80883e9819d: Enlightened Journey
Enlightenedjourney	all:item.silk.950	ALL	item.silk.950	Quest Helper 5ea99d5ea9ba3fb096ebe7b5ed02d80883e9819d: Cold War; Dragon Slayer I; Enlightened Journey; Ghosts Ahoy; Mourning’s End Part I; Song of the Elves
Enlightenedjourney	all:item.tinderbox	ALL	item.tinderbox	Quest Helper 5ea99d5ea9ba3fb096ebe7b5ed02d80883e9819d: A Tail of Two Cats, Another Slice of Ham, Beneath Cursed Sands, Cabin Fever, Contact, Death to the Dorgeshuun, Desert Treasure I, Desert Treasure II, Dream Mentor, Eadgar's Ruse, Enakhra's Lament, Enlightened Journey, Horror from the Deep, Icthlarin's Little Helper, In Aid of the Myreque, Land of the Goblins, Lunar Diplomacy, Merlin's Crystal, Misthalin Mystery, Olaf's Quest, Rag and Bone Man, Rat Catchers, Recipe for Disaster, Regicide, Secrets of the North, Shades of Mort'ton, Song of the Elves, Swan Song, Tai Bwo Wannai Trio, Tears of Guthix, The Corsair Curse, The Dig Site, The Forsaken Tower, The Fremennik Trials, The Giant Dwarf, The Great Brain Robbery and Underground Pass; Quest completeness review batch 6; Quest Helper 5ea99d5ea9ba3fb096ebe7b5ed02d80883e9819d; OSRS Wiki: Rag and Bone Man II; Quest Helper 5ea99d5ea9ba3fb096ebe7b5ed02d80883e9819d; OSRS Wiki: Dragon Slayer II
Enlightenedjourney	all:item.willow_branch.5933	ALL	item.willow_branch.5933	Quest Helper 5ea99d5ea9ba3fb096ebe7b5ed02d80883e9819d: Enlightened Journey
Enlightenedjourney	all:item.willow_logs.1519	ALL	item.willow_logs.1519	Quest Helper 5ea99d5ea9ba3fb096ebe7b5ed02d80883e9819d: Enakhra's Lament; Enlightened Journey; Icthlarin's Little Helper
Enlightenedjourney	all:item.yellow_dye.1765	ALL	item.yellow_dye.1765	Quest Helper 5ea99d5ea9ba3fb096ebe7b5ed02d80883e9819d: Eagles' Peak; Enlightened Journey; Ghosts Ahoy; Land of the Goblins; Mourning’s End Part I; Prince Ali Rescue
Ernestthechicken	all:item.fish_food.272	ALL	item.fish_food.272	Quest Helper 5ea99d5ea9ba3fb096ebe7b5ed02d80883e9819d: Ernest the Chicken
Ernestthechicken	all:item.poison.273	ALL	item.poison.273	Quest Helper 5ea99d5ea9ba3fb096ebe7b5ed02d80883e9819d: Ernest the Chicken; Hazeel Cult
Ernestthechicken	all:item.spade	ALL	item.spade	Quest Helper 5ea99d5ea9ba3fb096ebe7b5ed02d80883e9819d: Bear Your Soul, Beneath Cursed Sands, Cold War, Creature of Fenkenstrain, Dragon Slayer II, Ernest the Chicken, Fairytale I - Growing Pains, Fishing Contest, Garden of Tranquillity, Ghosts Ahoy, In Aid of the Myreque, Lunar Diplomacy, Making History, My Arm's Big Adventure, Olaf's Quest, Pirate's Treasure, Plague City, Regicide, Roving Elves, Shilo Village, Song of the Elves, The Corsair Curse, Underground Pass, While Guthix Sleeps and X Marks the Spot; Quest completeness review batch 6
Ethicallyacquiredantiquities	all:item.stamina_potion.12631	ALL	item.stamina_potion.12631	Quest Helper 5ea99d5ea9ba3fb096ebe7b5ed02d80883e9819d: Ethically Acquired Antiquities
Fairytalei	all:item.dramen_staff.772	ALL	item.dramen_staff.772	Quest Helper 5ea99d5ea9ba3fb096ebe7b5ed02d80883e9819d: Fairytale I – Growing Pains; Fairytale II – Cure a Queen; Lunar Diplomacy; Rag and Bone Man I; Recipe for Disaster
Fairytalei	all:item.queen_s_secateurs.7410	ALL	item.queen_s_secateurs.7410	Quest Helper 5ea99d5ea9ba3fb096ebe7b5ed02d80883e9819d: Fairytale I – Growing Pains; Fairytale II – Cure a Queen
Fairytalei	all:item.secateurs.5329	ALL	item.secateurs.5329	Quest Helper 5ea99d5ea9ba3fb096ebe7b5ed02d80883e9819d: Fairytale I – Growing Pains; Garden of Tranquillity
Fairytalei	all:item.spade	ALL	item.spade	Quest Helper 5ea99d5ea9ba3fb096ebe7b5ed02d80883e9819d: Bear Your Soul, Beneath Cursed Sands, Cold War, Creature of Fenkenstrain, Dragon Slayer II, Ernest the Chicken, Fairytale I - Growing Pains, Fishing Contest, Garden of Tranquillity, Ghosts Ahoy, In Aid of the Myreque, Lunar Diplomacy, Making History, My Arm's Big Adventure, Olaf's Quest, Pirate's Treasure, Plague City, Regicide, Roving Elves, Shilo Village, Song of the Elves, The Corsair Curse, Underground Pass, While Guthix Sleeps and X Marks the Spot; Quest completeness review batch 6
Fairytaleii	all:item.dramen_staff.772	ALL	item.dramen_staff.772	Quest Helper 5ea99d5ea9ba3fb096ebe7b5ed02d80883e9819d: Fairytale I – Growing Pains; Fairytale II – Cure a Queen; Lunar Diplomacy; Rag and Bone Man I; Recipe for Disaster
Fairytaleii	all:item.magic_essence_4.9021	ALL	item.magic_essence_4.9021	Quest Helper pinned source 5ea99d5ea9ba3fb096ebe7b5ed02d80883e9819d
Fairytaleii	all:item.magic_essence_unf.9019	ALL	item.magic_essence_unf.9019	Quest Helper pinned source 5ea99d5ea9ba3fb096ebe7b5ed02d80883e9819d
Fairytaleii	all:item.pestle_and_mortar.233	ALL	item.pestle_and_mortar.233	Quest Helper 5ea99d5ea9ba3fb096ebe7b5ed02d80883e9819d: A Taste of Hope; Dream Mentor; Eadgar’s Ruse; Fairytale II – Cure a Queen; Garden of Tranquillity; Land of the Goblins; Lunar Diplomacy; Monkey Madness II; Perilous Moons; Recipe for Disaster; Regicide; Shadow of the Storm; Song of the Elves; Tai Bwo Wannai Trio; The Dig Site; The Eyes of Glouphrie; The Golem; Watchtower; Quest Helper 5ea99d5ea9ba3fb096ebe7b5ed02d80883e9819d; OSRS Wiki: Dragon Slayer II
Fairytaleii	all:item.queen_s_secateurs.7410	ALL	item.queen_s_secateurs.7410	Quest Helper 5ea99d5ea9ba3fb096ebe7b5ed02d80883e9819d: Fairytale I – Growing Pains; Fairytale II – Cure a Queen
Fairytaleii	all:item.vial_of_water.227	ALL	item.vial_of_water.227	Quest Helper 5ea99d5ea9ba3fb096ebe7b5ed02d80883e9819d: A Tail of Two Cats; A Taste of Hope; Fairytale II – Cure a Queen; Legends' Quest; Song of the Elves
Familycrest	all:item.bass.365	ALL	item.bass.365	Quest Helper 5ea99d5ea9ba3fb096ebe7b5ed02d80883e9819d: Family Crest
Familycrest	all:item.necklace_mould.1597	ALL	item.necklace_mould.1597	Quest Helper 5ea99d5ea9ba3fb096ebe7b5ed02d80883e9819d: Family Crest
Familycrest	all:item.perfect_gold_bar.2365	ALL	item.perfect_gold_bar.2365	Quest Helper 5ea99d5ea9ba3fb096ebe7b5ed02d80883e9819d: Family Crest
Familycrest	all:item.perfect_gold_ore.446	ALL	item.perfect_gold_ore.446	Quest Helper 5ea99d5ea9ba3fb096ebe7b5ed02d80883e9819d: Family Crest
Familycrest	all:item.perfect_necklace.774	ALL	item.perfect_necklace.774	Quest Helper 5ea99d5ea9ba3fb096ebe7b5ed02d80883e9819d: Family Crest
Familycrest	all:item.perfect_ring.773	ALL	item.perfect_ring.773	Quest Helper 5ea99d5ea9ba3fb096ebe7b5ed02d80883e9819d: Family Crest
Familycrest	all:item.ring_mould.1592	ALL	item.ring_mould.1592	Quest Helper 5ea99d5ea9ba3fb096ebe7b5ed02d80883e9819d: Family Crest
Familycrest	all:item.ruby	ALL	item.ruby	Quest Helper 5ea99d5ea9ba3fb096ebe7b5ed02d80883e9819d: Family Crest; Legends’ Quest; Sins of the Father
Familycrest	all:item.salmon	ALL	item.salmon	Quest Helper 5ea99d5ea9ba3fb096ebe7b5ed02d80883e9819d: Family Crest
Familycrest	all:item.shrimps	ALL	item.shrimps	Quest Helper 5ea99d5ea9ba3fb096ebe7b5ed02d80883e9819d: Family Crest
Familycrest	all:item.swordfish	ALL	item.swordfish	Quest Helper 5ea99d5ea9ba3fb096ebe7b5ed02d80883e9819d: Family Crest
Familycrest	all:item.tuna	ALL	item.tuna	Quest Helper 5ea99d5ea9ba3fb096ebe7b5ed02d80883e9819d: Family Crest
Fightarena	all:item.khazard_armour.75	ALL	item.khazard_armour.75	Quest Helper 5ea99d5ea9ba3fb096ebe7b5ed02d80883e9819d: Fight Arena
Fightarena	all:item.khazard_helmet.74	ALL	item.khazard_helmet.74	Quest Helper 5ea99d5ea9ba3fb096ebe7b5ed02d80883e9819d: Fight Arena
Fishingcontest	all:item.fishing_rod.307	ALL	item.fishing_rod.307	Quest Helper 5ea99d5ea9ba3fb096ebe7b5ed02d80883e9819d: Fishing Contest; Garden of Tranquillity; Heroes’ Quest; Land of the Goblins; Shadows of Custodia; The Fremennik Exiles
Fishingcontest	all:item.garlic.1550	ALL	item.garlic.1550	Quest Helper 5ea99d5ea9ba3fb096ebe7b5ed02d80883e9819d: Fishing Contest; Vampyre Slayer; While Guthix Sleeps
Fishingcontest	all:item.raw_giant_carp.338	ALL	item.raw_giant_carp.338	Quest Helper 5ea99d5ea9ba3fb096ebe7b5ed02d80883e9819d: Fishing Contest
Fishingcontest	all:item.spade	ALL	item.spade	Quest Helper 5ea99d5ea9ba3fb096ebe7b5ed02d80883e9819d: Bear Your Soul, Beneath Cursed Sands, Cold War, Creature of Fenkenstrain, Dragon Slayer II, Ernest the Chicken, Fairytale I - Growing Pains, Fishing Contest, Garden of Tranquillity, Ghosts Ahoy, In Aid of the Myreque, Lunar Diplomacy, Making History, My Arm's Big Adventure, Olaf's Quest, Pirate's Treasure, Plague City, Regicide, Roving Elves, Shilo Village, Song of the Elves, The Corsair Curse, Underground Pass, While Guthix Sleeps and X Marks the Spot; Quest completeness review batch 6
Forgettabletale	all:item.ale_yeast.5767	ALL	item.ale_yeast.5767	Quest Helper 5ea99d5ea9ba3fb096ebe7b5ed02d80883e9819d: Forgettable Tale…
Forgettabletale	all:item.barley_malt.6008	ALL	item.barley_malt.6008	Quest Helper 5ea99d5ea9ba3fb096ebe7b5ed02d80883e9819d: Forgettable Tale…
Forgettabletale	all:item.beer.1917	ALL	item.beer.1917	Quest Helper 5ea99d5ea9ba3fb096ebe7b5ed02d80883e9819d: Forgettable Tale of a Drunken Dwarf; Prince Ali Rescue; The Feud; The Final Dawn; The Hand in the Sand; Tower of Life; Vampyre Slayer
Forgettabletale	all:item.beer_glass.1919	ALL	item.beer_glass.1919	Quest Helper 5ea99d5ea9ba3fb096ebe7b5ed02d80883e9819d: Forgettable Tale of a Drunken Dwarf; The Final Dawn
Forgettabletale	all:item.bucket_of_water.1929	ALL	item.bucket_of_water.1929	Quest Helper 5ea99d5ea9ba3fb096ebe7b5ed02d80883e9819d: Demon Slayer I; Forgettable Tale of a Drunken Dwarf; Getting Ahead; Making Friends with My Arm; Mourning’s End Part I; Plague City; Prince Ali Rescue; Recipe for Disaster; Rum Deal; Skippy and the Mogres; Sleeping Giants; Temple of the Eye
Forgettabletale	all:item.dwarven_stout.1913	ALL	item.dwarven_stout.1913	Quest Helper 5ea99d5ea9ba3fb096ebe7b5ed02d80883e9819d: Forgettable Tale of a Drunken Dwarf; The Final Dawn; Quest completeness review batch 6
Forgettabletale	all:item.kebab.1971	ALL	item.kebab.1971	Quest Helper 5ea99d5ea9ba3fb096ebe7b5ed02d80883e9819d: Forgettable Tale…
Forgettabletale	all:item.kelda_seed.6112	ALL	item.kelda_seed.6112	Quest Helper 5ea99d5ea9ba3fb096ebe7b5ed02d80883e9819d: Forgettable Tale…
Forgettabletale	all:item.kelda_stout.6118	ALL	item.kelda_stout.6118	Quest Helper 5ea99d5ea9ba3fb096ebe7b5ed02d80883e9819d: Forgettable Tale…
Forgettabletale	all:item.pot	ALL	item.pot	Quest Helper 5ea99d5ea9ba3fb096ebe7b5ed02d80883e9819d: Cook's Assistant, Forgettable Tale, Murder Mystery, One Small Favour, Rag and Bone Man, Recipe for Disaster, Regicide and Swan Song; Quest Helper 5ea99d5ea9ba3fb096ebe7b5ed02d80883e9819d; OSRS Wiki: Rag and Bone Man II
Forgettabletale	all:item.rake.5341	ALL	item.rake.5341	Quest Helper 5ea99d5ea9ba3fb096ebe7b5ed02d80883e9819d: A Tail of Two Cats; Forgettable Tale of a Drunken Dwarf; Garden of Tranquillity; My Arm's Big Adventure; Rum Deal; Throne of Miscellania
Forgettabletale	all:item.seed_dibber.5343	ALL	item.seed_dibber.5343	Quest Helper 5ea99d5ea9ba3fb096ebe7b5ed02d80883e9819d: A Tail of Two Cats; Forgettable Tale of a Drunken Dwarf; Garden of Tranquillity; Grim Tales; My Arm's Big Adventure; Rum Deal; Song of the Elves; Quest Helper 5ea99d5ea9ba3fb096ebe7b5ed02d80883e9819d; OSRS Wiki: While Guthix Sleeps
Gardenoftranquility	all:item.cabbage_seed.5324	ALL	item.cabbage_seed.5324	Quest Helper pinned source 5ea99d5ea9ba3fb096ebe7b5ed02d80883e9819d
Gardenoftranquility	all:item.delphinium_seed.6457	ALL	item.delphinium_seed.6457	Quest Helper pinned source 5ea99d5ea9ba3fb096ebe7b5ed02d80883e9819d
Gardenoftranquility	all:item.filled_plant_pot.5354	ALL	item.filled_plant_pot.5354	Quest Helper 5ea99d5ea9ba3fb096ebe7b5ed02d80883e9819d: Garden Of Tranquillity
Gardenoftranquility	all:item.fishing_rod.307	ALL	item.fishing_rod.307	Quest Helper 5ea99d5ea9ba3fb096ebe7b5ed02d80883e9819d: Fishing Contest; Garden of Tranquillity; Heroes’ Quest; Land of the Goblins; Shadows of Custodia; The Fremennik Exiles
Gardenoftranquility	all:item.gardening_trowel.5325	ALL	item.gardening_trowel.5325	Quest Helper 5ea99d5ea9ba3fb096ebe7b5ed02d80883e9819d: Garden Of Tranquillity
Gardenoftranquility	all:item.marigold_seed.5096	ALL	item.marigold_seed.5096	Quest Helper 5ea99d5ea9ba3fb096ebe7b5ed02d80883e9819d: Garden Of Tranquillity
Gardenoftranquility	all:item.marigolds.6010	ALL	item.marigolds.6010	Quest Helper pinned source 5ea99d5ea9ba3fb096ebe7b5ed02d80883e9819d
Gardenoftranquility	all:item.onion_seed.5319	ALL	item.onion_seed.5319	Quest Helper pinned source 5ea99d5ea9ba3fb096ebe7b5ed02d80883e9819d
Gardenoftranquility	all:item.orchid_seed.6458	ALL	item.orchid_seed.6458	Quest Helper pinned source 5ea99d5ea9ba3fb096ebe7b5ed02d80883e9819d
Gardenoftranquility	all:item.pestle_and_mortar.233	ALL	item.pestle_and_mortar.233	Quest Helper 5ea99d5ea9ba3fb096ebe7b5ed02d80883e9819d: A Taste of Hope; Dream Mentor; Eadgar’s Ruse; Fairytale II – Cure a Queen; Garden of Tranquillity; Land of the Goblins; Lunar Diplomacy; Monkey Madness II; Perilous Moons; Recipe for Disaster; Regicide; Shadow of the Storm; Song of the Elves; Tai Bwo Wannai Trio; The Dig Site; The Eyes of Glouphrie; The Golem; Watchtower; Quest Helper 5ea99d5ea9ba3fb096ebe7b5ed02d80883e9819d; OSRS Wiki: Dragon Slayer II
Gardenoftranquility	all:item.pink_rose_seed.6455	ALL	item.pink_rose_seed.6455	Quest Helper 5ea99d5ea9ba3fb096ebe7b5ed02d80883e9819d: Garden Of Tranquillity
Gardenoftranquility	all:item.plant_cure.6036	ALL	item.plant_cure.6036	Quest Helper 5ea99d5ea9ba3fb096ebe7b5ed02d80883e9819d: Garden of Tranquillity; My Arm's Big Adventure
Gardenoftranquility	all:item.rake.5341	ALL	item.rake.5341	Quest Helper 5ea99d5ea9ba3fb096ebe7b5ed02d80883e9819d: A Tail of Two Cats; Forgettable Tale of a Drunken Dwarf; Garden of Tranquillity; My Arm's Big Adventure; Rum Deal; Throne of Miscellania
Gardenoftranquility	all:item.red_rose_seed.6454	ALL	item.red_rose_seed.6454	Quest Helper 5ea99d5ea9ba3fb096ebe7b5ed02d80883e9819d: Garden Of Tranquillity
Gardenoftranquility	all:item.ring_of_charos.4202	ALL	item.ring_of_charos.4202	Quest Helper pinned source 5ea99d5ea9ba3fb096ebe7b5ed02d80883e9819d
Gardenoftranquility	all:item.ring_of_charos_a.6465	ALL	item.ring_of_charos_a.6465	Quest Helper pinned source 5ea99d5ea9ba3fb096ebe7b5ed02d80883e9819d
Gardenoftranquility	all:item.secateurs.5329	ALL	item.secateurs.5329	Quest Helper 5ea99d5ea9ba3fb096ebe7b5ed02d80883e9819d: Fairytale I – Growing Pains; Garden of Tranquillity
Gardenoftranquility	all:item.seed_dibber.5343	ALL	item.seed_dibber.5343	Quest Helper 5ea99d5ea9ba3fb096ebe7b5ed02d80883e9819d: A Tail of Two Cats; Forgettable Tale of a Drunken Dwarf; Garden of Tranquillity; Grim Tales; My Arm's Big Adventure; Rum Deal; Song of the Elves; Quest Helper 5ea99d5ea9ba3fb096ebe7b5ed02d80883e9819d; OSRS Wiki: While Guthix Sleeps
Gardenoftranquility	all:item.spade	ALL	item.spade	Quest Helper 5ea99d5ea9ba3fb096ebe7b5ed02d80883e9819d: Bear Your Soul, Beneath Cursed Sands, Cold War, Creature of Fenkenstrain, Dragon Slayer II, Ernest the Chicken, Fairytale I - Growing Pains, Fishing Contest, Garden of Tranquillity, Ghosts Ahoy, In Aid of the Myreque, Lunar Diplomacy, Making History, My Arm's Big Adventure, Olaf's Quest, Pirate's Treasure, Plague City, Regicide, Roving Elves, Shilo Village, Song of the Elves, The Corsair Curse, Underground Pass, While Guthix Sleeps and X Marks the Spot; Quest completeness review batch 6
Gardenoftranquility	all:item.vine_seed.6456	ALL	item.vine_seed.6456	Quest Helper pinned source 5ea99d5ea9ba3fb096ebe7b5ed02d80883e9819d
Gardenoftranquility	all:item.white_rose_seed.6453	ALL	item.white_rose_seed.6453	Quest Helper 5ea99d5ea9ba3fb096ebe7b5ed02d80883e9819d: Garden Of Tranquillity
Gettingahead	all:item.bear_fur.948	ALL	item.bear_fur.948	Quest Helper 5ea99d5ea9ba3fb096ebe7b5ed02d80883e9819d: Getting Ahead; Mourning’s End Part I
Gettingahead	all:item.bucket	ALL	item.bucket	Quest Helper 5ea99d5ea9ba3fb096ebe7b5ed02d80883e9819d: Clock Tower, Cook's Assistant, Demon Slayer, Getting Ahead, Icthlarin's Little Helper, In Aid of the Myreque, Making Friends with My Arm, Merlin's Crystal, Misthalin Mystery, My Arm's Big Adventure, Priest in Peril, Regicide, Rum Deal, Sleeping Giants, The Feud and Underground Pass
Gettingahead	all:item.bucket_of_water.1929	ALL	item.bucket_of_water.1929	Quest Helper 5ea99d5ea9ba3fb096ebe7b5ed02d80883e9819d: Demon Slayer I; Forgettable Tale of a Drunken Dwarf; Getting Ahead; Making Friends with My Arm; Mourning’s End Part I; Plague City; Prince Ali Rescue; Recipe for Disaster; Rum Deal; Skippy and the Mogres; Sleeping Giants; Temple of the Eye
Gettingahead	all:item.clay.434	ALL	item.clay.434	Quest Helper 5ea99d5ea9ba3fb096ebe7b5ed02d80883e9819d: Doric's Quest; Getting Ahead; The Giant Dwarf
Gettingahead	all:item.clay_head.25145	ALL	item.clay_head.25145	Quest Helper 5ea99d5ea9ba3fb096ebe7b5ed02d80883e9819d: Getting Ahead
Gettingahead	all:item.knife	ALL	item.knife	Quest Helper 5ea99d5ea9ba3fb096ebe7b5ed02d80883e9819d: A Taste of Hope, Below Ice Mountain, Big Chompy Bird Hunting, Curse of the Empty Lord, Darkness of Hallowvale, Desert Treasure II, Elemental Workshop I, Getting Ahead, Ghosts Ahoy, Lost City, Misthalin Mystery, Perilous Moon, Recipe for Disaster, Sins of the Father, Spirits of the Elid, Tai Bwo Wannai Trio, The Final Dawn, The Fremennik Isles, The Fremennik Trials, The Tourist Trap, While Guthix Sleeps and Zogre Flesh Eaters; Quest completeness review batch 6
Gettingahead	all:item.needle.1733	ALL	item.needle.1733	Quest Helper 5ea99d5ea9ba3fb096ebe7b5ed02d80883e9819d: At First Light; Creature of Fenkenstrain; Elemental Workshop I; Getting Ahead; Ghosts Ahoy; Lunar Diplomacy; Recipe for Disaster; Spirits of the Elid; The Fremennik Isles
Gettingahead	all:item.pot_of_flour	ALL	item.pot_of_flour	Quest Helper 5ea99d5ea9ba3fb096ebe7b5ed02d80883e9819d: Cook's Assistant, Getting Ahead, Murder Mystery, Prince Ali Rescue and Recipe for Disaster
Gettingahead	all:item.red_dye.1763	ALL	item.red_dye.1763	Quest Helper 5ea99d5ea9ba3fb096ebe7b5ed02d80883e9819d: Enlightened Journey; Getting Ahead; Ghosts Ahoy; Mourning’s End Part I; Song of the Elves; The Hand in the Sand
Gettingahead	all:item.soft_clay.1761	ALL	item.soft_clay.1761	Quest Helper 5ea99d5ea9ba3fb096ebe7b5ed02d80883e9819d: Enakhra's Lament; Getting Ahead; In Aid of the Myreque; One Small Favour; Prince Ali Rescue; The Golem; The Heart of Darkness
Gettingahead	all:item.thread.1734	ALL	item.thread.1734	Quest Helper 5ea99d5ea9ba3fb096ebe7b5ed02d80883e9819d: Creature of Fenkenstrain; Elemental Workshop I; Getting Ahead; Ghosts Ahoy; Lunar Diplomacy; Spirits of the Elid; The Fremennik Isles
Ghostsahoy	all:item.bedsheet.4284	ALL	item.bedsheet.4284	Quest Helper 5ea99d5ea9ba3fb096ebe7b5ed02d80883e9819d: Ghosts Ahoy
Ghostsahoy	all:item.blue_dye.1767	ALL	item.blue_dye.1767	Quest Helper 5ea99d5ea9ba3fb096ebe7b5ed02d80883e9819d: Ghosts Ahoy; Goblin Diplomacy; Land of the Goblins; Mourning’s End Part I
Ghostsahoy	all:item.bucket_of_milk.1927	ALL	item.bucket_of_milk.1927	Quest Helper 5ea99d5ea9ba3fb096ebe7b5ed02d80883e9819d: A Tail of Two Cats; Cook's Assistant; Gertrude’s Cat; Ghosts Ahoy; Plague City; Ratcatchers; Recipe for Disaster
Ghostsahoy	all:item.bucket_of_slime.4286	ALL	item.bucket_of_slime.4286	Quest Helper 5ea99d5ea9ba3fb096ebe7b5ed02d80883e9819d: Ghosts Ahoy
Ghostsahoy	all:item.cup_of_tea.712	ALL	item.cup_of_tea.712	Quest Helper 5ea99d5ea9ba3fb096ebe7b5ed02d80883e9819d: Ghosts Ahoy; The Dig Site; Zogre Flesh Eaters
Ghostsahoy	all:item.ghostspeak_amulet.552	ALL	item.ghostspeak_amulet.552	Quest Helper 5ea99d5ea9ba3fb096ebe7b5ed02d80883e9819d: Animal Magnetism; Ghosts Ahoy; Nature Spirit; The General's Shadow; The Restless Ghost; Quest Helper 5ea99d5ea9ba3fb096ebe7b5ed02d80883e9819d; OSRS Wiki: Dragon Slayer II
Ghostsahoy	all:item.green_dye.1771	ALL	item.green_dye.1771	Quest Helper 5ea99d5ea9ba3fb096ebe7b5ed02d80883e9819d: Ghosts Ahoy; Mourning’s End Part I
Ghostsahoy	all:item.knife	ALL	item.knife	Quest Helper 5ea99d5ea9ba3fb096ebe7b5ed02d80883e9819d: A Taste of Hope, Below Ice Mountain, Big Chompy Bird Hunting, Curse of the Empty Lord, Darkness of Hallowvale, Desert Treasure II, Elemental Workshop I, Getting Ahead, Ghosts Ahoy, Lost City, Misthalin Mystery, Perilous Moon, Recipe for Disaster, Sins of the Father, Spirits of the Elid, Tai Bwo Wannai Trio, The Final Dawn, The Fremennik Isles, The Fremennik Trials, The Tourist Trap, While Guthix Sleeps and Zogre Flesh Eaters; Quest completeness review batch 6
Ghostsahoy	all:item.needle.1733	ALL	item.needle.1733	Quest Helper 5ea99d5ea9ba3fb096ebe7b5ed02d80883e9819d: At First Light; Creature of Fenkenstrain; Elemental Workshop I; Getting Ahead; Ghosts Ahoy; Lunar Diplomacy; Recipe for Disaster; Spirits of the Elid; The Fremennik Isles
Ghostsahoy	all:item.nettle_tea.4239	ALL	item.nettle_tea.4239	Quest Helper 5ea99d5ea9ba3fb096ebe7b5ed02d80883e9819d: Ghosts Ahoy
Ghostsahoy	all:item.oak-longbow	ALL	item.oak-longbow	Quest Helper 5ea99d5ea9ba3fb096ebe7b5ed02d80883e9819d: Ghosts Ahoy
Ghostsahoy	all:item.orange_dye.1769	ALL	item.orange_dye.1769	OSRS Wiki: Ghosts Ahoy; OSRS Wiki: Goblin Diplomacy; Quest Helper 5ea99d5ea9ba3fb096ebe7b5ed02d80883e9819d: Land of the Goblins; OSRS Wiki: Land of the Goblins
Ghostsahoy	all:item.purple_dye.1773	ALL	item.purple_dye.1773	OSRS Wiki: Ghosts Ahoy; Quest Helper 5ea99d5ea9ba3fb096ebe7b5ed02d80883e9819d: Land of the Goblins; OSRS Wiki: Land of the Goblins
Ghostsahoy	all:item.red_dye.1763	ALL	item.red_dye.1763	Quest Helper 5ea99d5ea9ba3fb096ebe7b5ed02d80883e9819d: Enlightened Journey; Getting Ahead; Ghosts Ahoy; Mourning’s End Part I; Song of the Elves; The Hand in the Sand
Ghostsahoy	all:item.ring_of_charos_a.6465	ALL	item.ring_of_charos_a.6465	Quest Helper pinned source 5ea99d5ea9ba3fb096ebe7b5ed02d80883e9819d
Ghostsahoy	all:item.signed_oak_bow.4236	ALL	item.signed_oak_bow.4236	Quest Helper 5ea99d5ea9ba3fb096ebe7b5ed02d80883e9819d: Ghosts Ahoy
Ghostsahoy	all:item.silk.950	ALL	item.silk.950	Quest Helper 5ea99d5ea9ba3fb096ebe7b5ed02d80883e9819d: Cold War; Dragon Slayer I; Enlightened Journey; Ghosts Ahoy; Mourning’s End Part I; Song of the Elves
Ghostsahoy	all:item.spade	ALL	item.spade	Quest Helper 5ea99d5ea9ba3fb096ebe7b5ed02d80883e9819d: Bear Your Soul, Beneath Cursed Sands, Cold War, Creature of Fenkenstrain, Dragon Slayer II, Ernest the Chicken, Fairytale I - Growing Pains, Fishing Contest, Garden of Tranquillity, Ghosts Ahoy, In Aid of the Myreque, Lunar Diplomacy, Making History, My Arm's Big Adventure, Olaf's Quest, Pirate's Treasure, Plague City, Regicide, Roving Elves, Shilo Village, Song of the Elves, The Corsair Curse, Underground Pass, While Guthix Sleeps and X Marks the Spot; Quest completeness review batch 6
Ghostsahoy	all:item.thread.1734	ALL	item.thread.1734	Quest Helper 5ea99d5ea9ba3fb096ebe7b5ed02d80883e9819d: Creature of Fenkenstrain; Elemental Workshop I; Getting Ahead; Ghosts Ahoy; Lunar Diplomacy; Spirits of the Elid; The Fremennik Isles
Ghostsahoy	all:item.yellow_dye.1765	ALL	item.yellow_dye.1765	Quest Helper 5ea99d5ea9ba3fb096ebe7b5ed02d80883e9819d: Eagles' Peak; Enlightened Journey; Ghosts Ahoy; Land of the Goblins; Mourning’s End Part I; Prince Ali Rescue
Goblindiplomacy	all:item.blue_dye.1767	ALL	item.blue_dye.1767	Quest Helper 5ea99d5ea9ba3fb096ebe7b5ed02d80883e9819d: Ghosts Ahoy; Goblin Diplomacy; Land of the Goblins; Mourning’s End Part I
Goblindiplomacy	all:item.blue_goblin_mail.287	ALL	item.blue_goblin_mail.287	OSRS Wiki: Goblin Diplomacy; Quest Helper 5ea99d5ea9ba3fb096ebe7b5ed02d80883e9819d: Land of the Goblins; OSRS Wiki: Land of the Goblins
Goblindiplomacy	all:item.goblin_mail.288	ALL	item.goblin_mail.288	OSRS Wiki: Goblin Diplomacy; Quest Helper 5ea99d5ea9ba3fb096ebe7b5ed02d80883e9819d: Land of the Goblins; OSRS Wiki: Land of the Goblins
Goblindiplomacy	all:item.orange_dye.1769	ALL	item.orange_dye.1769	OSRS Wiki: Ghosts Ahoy; OSRS Wiki: Goblin Diplomacy; Quest Helper 5ea99d5ea9ba3fb096ebe7b5ed02d80883e9819d: Land of the Goblins; OSRS Wiki: Land of the Goblins
Goblindiplomacy	all:item.orange_goblin_mail.286	ALL	item.orange_goblin_mail.286	OSRS Wiki: Goblin Diplomacy; Quest Helper 5ea99d5ea9ba3fb096ebe7b5ed02d80883e9819d: Land of the Goblins; OSRS Wiki: Land of the Goblins
Grimtales	all:item.griffin_feather.11196	ALL	item.griffin_feather.11196	Quest Helper 5ea99d5ea9ba3fb096ebe7b5ed02d80883e9819d: Grim Tales
Grimtales	all:item.seed_dibber.5343	ALL	item.seed_dibber.5343	Quest Helper 5ea99d5ea9ba3fb096ebe7b5ed02d80883e9819d: A Tail of Two Cats; Forgettable Tale of a Drunken Dwarf; Garden of Tranquillity; Grim Tales; My Arm's Big Adventure; Rum Deal; Song of the Elves; Quest Helper 5ea99d5ea9ba3fb096ebe7b5ed02d80883e9819d; OSRS Wiki: While Guthix Sleeps
Grimtales	all:item.shrink_me_quick.11204	ALL	item.shrink_me_quick.11204	Quest Helper 5ea99d5ea9ba3fb096ebe7b5ed02d80883e9819d: Grim Tales
Grimtales	all:item.shrunk_ogleroot.11205	ALL	item.shrunk_ogleroot.11205	Quest Helper 5ea99d5ea9ba3fb096ebe7b5ed02d80883e9819d: Grim Tales
Grimtales	all:item.tarromin_potion_unf.95	ALL	item.tarromin_potion_unf.95	Quest Helper 5ea99d5ea9ba3fb096ebe7b5ed02d80883e9819d: Grim Tales; Shades of Mort’ton
Hauntedmine	all:item.chisel	ALL	item.chisel	Quest Helper 5ea99d5ea9ba3fb096ebe7b5ed02d80883e9819d: A Taste of Hope, Big Chompy Bird Hunting, Desert Treasure II, Dragon Slayer II, Enakhra's Lament, Haunted Mine, Monkey Madness II, Mourning's End Part II, One Small Favour, Shilo Village, Sins of the Father, Sleeping Giants, Tears of Guthix, Temple of the Eye, The Slug Menace and While Guthix Sleeps
Hazeelcult	all:item.carnillean_armour.2405	ALL	item.carnillean_armour.2405	Quest Helper 5ea99d5ea9ba3fb096ebe7b5ed02d80883e9819d: Hazeel Cult
Hazeelcult	all:item.hazeel_s_mark.2406	ALL	item.hazeel_s_mark.2406	Quest Helper 5ea99d5ea9ba3fb096ebe7b5ed02d80883e9819d: Hazeel Cult
Hazeelcult	all:item.poison.273	ALL	item.poison.273	Quest Helper 5ea99d5ea9ba3fb096ebe7b5ed02d80883e9819d: Ernest the Chicken; Hazeel Cult
Heroesquest	all:item.black_full_helm.1165	ALL	item.black_full_helm.1165	Quest Helper 5ea99d5ea9ba3fb096ebe7b5ed02d80883e9819d: Heroes’ Quest
Heroesquest	all:item.black_platebody.1125	ALL	item.black_platebody.1125	Quest Helper 5ea99d5ea9ba3fb096ebe7b5ed02d80883e9819d: Heroes’ Quest
Heroesquest	all:item.black_platelegs.1077	ALL	item.black_platelegs.1077	Quest Helper 5ea99d5ea9ba3fb096ebe7b5ed02d80883e9819d: Heroes’ Quest
Heroesquest	all:item.blamish_oil.1582	ALL	item.blamish_oil.1582	Quest Helper 5ea99d5ea9ba3fb096ebe7b5ed02d80883e9819d: Heroes’ Quest
Heroesquest	all:item.fire_feather.1583	ALL	item.fire_feather.1583	Quest Helper 5ea99d5ea9ba3fb096ebe7b5ed02d80883e9819d: Heroes’ Quest
Heroesquest	all:item.fishing_bait.313	ALL	item.fishing_bait.313	Quest Helper 5ea99d5ea9ba3fb096ebe7b5ed02d80883e9819d: Heroes' Quest; Recipe for Disaster
Heroesquest	all:item.fishing_rod.307	ALL	item.fishing_rod.307	Quest Helper 5ea99d5ea9ba3fb096ebe7b5ed02d80883e9819d: Fishing Contest; Garden of Tranquillity; Heroes’ Quest; Land of the Goblins; Shadows of Custodia; The Fremennik Exiles
Heroesquest	all:item.harralander_potion_unf.97	ALL	item.harralander_potion_unf.97	Quest Helper 5ea99d5ea9ba3fb096ebe7b5ed02d80883e9819d: Heroes’ Quest
Heroesquest	all:item.ice_gloves.1580	ALL	item.ice_gloves.1580	Quest Helper 5ea99d5ea9ba3fb096ebe7b5ed02d80883e9819d: Heroes’ Quest; Recipe for Disaster; The Fremennik Exiles
Heroesquest	all:item.lava_eel.2149	ALL	item.lava_eel.2149	Quest Helper 5ea99d5ea9ba3fb096ebe7b5ed02d80883e9819d: Heroes’ Quest
Heroesquest	all:item.oily_fishing_rod.1585	ALL	item.oily_fishing_rod.1585	Quest Helper 5ea99d5ea9ba3fb096ebe7b5ed02d80883e9819d: Heroes’ Quest
Heroesquest	all:item.raw_lava_eel.2148	ALL	item.raw_lava_eel.2148	Quest Helper 5ea99d5ea9ba3fb096ebe7b5ed02d80883e9819d: Heroes’ Quest
Hisfaithfulservants	all:item.strange_old_lockpick_full.24740	ALL	item.strange_old_lockpick_full.24740	Quest Helper 5ea99d5ea9ba3fb096ebe7b5ed02d80883e9819d: His Faithful Servants
Holygrail	all:item.excalibur.35	ALL	item.excalibur.35	Quest Helper 5ea99d5ea9ba3fb096ebe7b5ed02d80883e9819d: Holy Grail
Holygrail	all:item.grail_bell.17	ALL	item.grail_bell.17	Quest Helper 5ea99d5ea9ba3fb096ebe7b5ed02d80883e9819d: Holy Grail
Holygrail	all:item.insect_repellent.28	ALL	item.insect_repellent.28	Quest Helper 5ea99d5ea9ba3fb096ebe7b5ed02d80883e9819d: Holy Grail
Holygrail	all:item.lit_black_candle.32	ALL	item.lit_black_candle.32	Quest Helper 5ea99d5ea9ba3fb096ebe7b5ed02d80883e9819d: Holy Grail
Holygrail	all:item.magic_gold_feather.18	ALL	item.magic_gold_feather.18	Quest Helper 5ea99d5ea9ba3fb096ebe7b5ed02d80883e9819d: Holy Grail
Holygrail	all:item.magic_whistle.16	ALL	item.magic_whistle.16	Quest Helper 5ea99d5ea9ba3fb096ebe7b5ed02d80883e9819d: Holy Grail
Hopespearswill	all:item.mosschin_s_bone.26591	ALL	item.mosschin_s_bone.26591	Quest Helper pinned source 5ea99d5ea9ba3fb096ebe7b5ed02d80883e9819d
Hopespearswill	all:item.redeyes_bone.26592	ALL	item.redeyes_bone.26592	Quest Helper pinned source 5ea99d5ea9ba3fb096ebe7b5ed02d80883e9819d
Hopespearswill	all:item.snailfeet_s_bone.26590	ALL	item.snailfeet_s_bone.26590	Quest Helper pinned source 5ea99d5ea9ba3fb096ebe7b5ed02d80883e9819d
Hopespearswill	all:item.snothead_s_bone.26589	ALL	item.snothead_s_bone.26589	Quest Helper pinned source 5ea99d5ea9ba3fb096ebe7b5ed02d80883e9819d
Hopespearswill	all:item.strongbones_bone.26593	ALL	item.strongbones_bone.26593	Quest Helper pinned source 5ea99d5ea9ba3fb096ebe7b5ed02d80883e9819d
Horrorfromthedeep	all:item.air-rune	ALL	item.air-rune	Quest Helper 5ea99d5ea9ba3fb096ebe7b5ed02d80883e9819d: Darkness of Hallowvale, Dragon Slayer II, Horror from the Deep, Spirits of the Elid, The Giant Dwarf, The Slug Menace, Underground Pass, Waterfall Quest and While Guthix Sleeps
Horrorfromthedeep	all:item.earth-rune	ALL	item.earth-rune	Quest Helper 5ea99d5ea9ba3fb096ebe7b5ed02d80883e9819d: Horror from the Deep, Legends Quest, The Slug Menace, Waterfall Quest and While Guthix Sleeps
Horrorfromthedeep	all:item.fire-rune	ALL	item.fire-rune	Quest Helper 5ea99d5ea9ba3fb096ebe7b5ed02d80883e9819d: Dragon Slayer II, Horror from the Deep, The Slug Menace and While Guthix Sleeps
Horrorfromthedeep	all:item.molten_glass.1775	ALL	item.molten_glass.1775	Quest Helper 5ea99d5ea9ba3fb096ebe7b5ed02d80883e9819d: A Kingdom Divided; Desert Treasure I; Dragon Slayer II; Horror from the Deep; Observatory Quest; The Fremennik Exiles; Wanted
Horrorfromthedeep	all:item.plank.960	ALL	item.plank.960	Quest Helper 5ea99d5ea9ba3fb096ebe7b5ed02d80883e9819d: Daddy’s Home; Darkness of Hallowvale; Dragon Slayer I; Horror from the Deep; In Aid of the Myreque; In Search of the Myreque; Observatory Quest; Regicide; Royal Trouble; Scrambled!; The Great Brain Robbery; Underground Pass
Horrorfromthedeep	all:item.steel_nails.1539	ALL	item.steel_nails.1539	Quest Helper 5ea99d5ea9ba3fb096ebe7b5ed02d80883e9819d: Cold War; Dragon Slayer I; Horror from the Deep; In Search of the Myreque
Horrorfromthedeep	all:item.swamp_tar.1939	ALL	item.swamp_tar.1939	Quest Helper 5ea99d5ea9ba3fb096ebe7b5ed02d80883e9819d: Cold War; Eagles' Peak; Horror from the Deep; Troll Romance
Horrorfromthedeep	all:item.tinderbox	ALL	item.tinderbox	Quest Helper 5ea99d5ea9ba3fb096ebe7b5ed02d80883e9819d: A Tail of Two Cats, Another Slice of Ham, Beneath Cursed Sands, Cabin Fever, Contact, Death to the Dorgeshuun, Desert Treasure I, Desert Treasure II, Dream Mentor, Eadgar's Ruse, Enakhra's Lament, Enlightened Journey, Horror from the Deep, Icthlarin's Little Helper, In Aid of the Myreque, Land of the Goblins, Lunar Diplomacy, Merlin's Crystal, Misthalin Mystery, Olaf's Quest, Rag and Bone Man, Rat Catchers, Recipe for Disaster, Regicide, Secrets of the North, Shades of Mort'ton, Song of the Elves, Swan Song, Tai Bwo Wannai Trio, Tears of Guthix, The Corsair Curse, The Dig Site, The Forsaken Tower, The Fremennik Trials, The Giant Dwarf, The Great Brain Robbery and Underground Pass; Quest completeness review batch 6; Quest Helper 5ea99d5ea9ba3fb096ebe7b5ed02d80883e9819d; OSRS Wiki: Rag and Bone Man II; Quest Helper 5ea99d5ea9ba3fb096ebe7b5ed02d80883e9819d; OSRS Wiki: Dragon Slayer II
Horrorfromthedeep	all:item.water-rune	ALL	item.water-rune	Quest Helper 5ea99d5ea9ba3fb096ebe7b5ed02d80883e9819d: Horror from the Deep, In Aid of the Myreque, The Slug Menace, Waterfall Quest and While Guthix Sleeps
Icthlarinslittlehelper	all:item.bucket	ALL	item.bucket	Quest Helper 5ea99d5ea9ba3fb096ebe7b5ed02d80883e9819d: Clock Tower, Cook's Assistant, Demon Slayer, Getting Ahead, Icthlarin's Little Helper, In Aid of the Myreque, Making Friends with My Arm, Merlin's Crystal, Misthalin Mystery, My Arm's Big Adventure, Priest in Peril, Regicide, Rum Deal, Sleeping Giants, The Feud and Underground Pass
Icthlarinslittlehelper	all:item.tinderbox	ALL	item.tinderbox	Quest Helper 5ea99d5ea9ba3fb096ebe7b5ed02d80883e9819d: A Tail of Two Cats, Another Slice of Ham, Beneath Cursed Sands, Cabin Fever, Contact, Death to the Dorgeshuun, Desert Treasure I, Desert Treasure II, Dream Mentor, Eadgar's Ruse, Enakhra's Lament, Enlightened Journey, Horror from the Deep, Icthlarin's Little Helper, In Aid of the Myreque, Land of the Goblins, Lunar Diplomacy, Merlin's Crystal, Misthalin Mystery, Olaf's Quest, Rag and Bone Man, Rat Catchers, Recipe for Disaster, Regicide, Secrets of the North, Shades of Mort'ton, Song of the Elves, Swan Song, Tai Bwo Wannai Trio, Tears of Guthix, The Corsair Curse, The Dig Site, The Forsaken Tower, The Fremennik Trials, The Giant Dwarf, The Great Brain Robbery and Underground Pass; Quest completeness review batch 6; Quest Helper 5ea99d5ea9ba3fb096ebe7b5ed02d80883e9819d; OSRS Wiki: Rag and Bone Man II; Quest Helper 5ea99d5ea9ba3fb096ebe7b5ed02d80883e9819d; OSRS Wiki: Dragon Slayer II
Icthlarinslittlehelper	all:item.willow_logs.1519	ALL	item.willow_logs.1519	Quest Helper 5ea99d5ea9ba3fb096ebe7b5ed02d80883e9819d: Enakhra's Lament; Enlightened Journey; Icthlarin's Little Helper
Impcatcher	all:item.black_bead.1474	ALL	item.black_bead.1474	Quest Helper 5ea99d5ea9ba3fb096ebe7b5ed02d80883e9819d: Imp Catcher
Impcatcher	all:item.red_bead.1470	ALL	item.red_bead.1470	Quest Helper 5ea99d5ea9ba3fb096ebe7b5ed02d80883e9819d: Imp Catcher
Impcatcher	all:item.white_bead.1476	ALL	item.white_bead.1476	Quest Helper 5ea99d5ea9ba3fb096ebe7b5ed02d80883e9819d: Imp Catcher
Impcatcher	all:item.yellow_bead.1472	ALL	item.yellow_bead.1472	Quest Helper 5ea99d5ea9ba3fb096ebe7b5ed02d80883e9819d: Imp Catcher
Inaidofthemyreque	all:item.bronze_axe	ALL	item.bronze_axe	Quest Helper 5ea99d5ea9ba3fb096ebe7b5ed02d80883e9819d: In Aid of the Myreque
Inaidofthemyreque	all:item.bucket	ALL	item.bucket	Quest Helper 5ea99d5ea9ba3fb096ebe7b5ed02d80883e9819d: Clock Tower, Cook's Assistant, Demon Slayer, Getting Ahead, Icthlarin's Little Helper, In Aid of the Myreque, Making Friends with My Arm, Merlin's Crystal, Misthalin Mystery, My Arm's Big Adventure, Priest in Peril, Regicide, Rum Deal, Sleeping Giants, The Feud and Underground Pass
Inaidofthemyreque	all:item.coal	ALL	item.coal	Quest Helper 5ea99d5ea9ba3fb096ebe7b5ed02d80883e9819d: Beneath Cursed Sands, Elemental Workshop I, Elemental Workshop II, Enakhra's Lament, In Aid of the Myreque, Regicide, Royal Trouble, The Fremennik Isles and The Giant Dwarf
Inaidofthemyreque	all:item.cosmic-rune	ALL	item.cosmic-rune	Quest Helper 5ea99d5ea9ba3fb096ebe7b5ed02d80883e9819d: A Taste of Hope, In Aid of the Myreque, Legends Quest, Sins of the Father and While Guthix Sleeps
Inaidofthemyreque	all:item.mithril-bar	ALL	item.mithril-bar	Quest Helper 5ea99d5ea9ba3fb096ebe7b5ed02d80883e9819d: In Aid of the Myreque; The Giant Dwarf
Inaidofthemyreque	all:item.plank.960	ALL	item.plank.960	Quest Helper 5ea99d5ea9ba3fb096ebe7b5ed02d80883e9819d: Daddy’s Home; Darkness of Hallowvale; Dragon Slayer I; Horror from the Deep; In Aid of the Myreque; In Search of the Myreque; Observatory Quest; Regicide; Royal Trouble; Scrambled!; The Great Brain Robbery; Underground Pass
Inaidofthemyreque	all:item.raw_mackerel.353	ALL	item.raw_mackerel.353	Quest Helper 5ea99d5ea9ba3fb096ebe7b5ed02d80883e9819d: In Aid of the Myreque
Inaidofthemyreque	all:item.rod_mould.7649	ALL	item.rod_mould.7649	Quest Helper 5ea99d5ea9ba3fb096ebe7b5ed02d80883e9819d: In Aid of the Myreque
Inaidofthemyreque	all:item.rope.954	ALL	item.rope.954	Quest Helper 5ea99d5ea9ba3fb096ebe7b5ed02d80883e9819d: A Porcine of Interest; A Soul’s Bane; Another Slice of H.A.M.; Cabin Fever; In Aid of the Myreque; Legends’ Quest; Making Friends with My Arm; Mountain Daughter; Mourning’s End Part II; Olaf’s Quest; Perilous Moons; Plague City; Prince Ali Rescue; Rag and Bone Man II; Recipe for Disaster; Regicide; Roving Elves; Royal Trouble; Shilo Village; Song of the Elves; Spirits of the Elid; Tale of the Righteous; Tears of Guthix; The Dig Site; The Fremennik Isles; Troll Romance; Underground Pass; Wanted!; Watchtower; Waterfall Quest
Inaidofthemyreque	all:item.sapphire	ALL	item.sapphire	Quest Helper 5ea99d5ea9ba3fb096ebe7b5ed02d80883e9819d: In Aid of the Myreque; Legends’ Quest; One Small Favour
Inaidofthemyreque	all:item.silver-bar	ALL	item.silver-bar	Quest Helper 5ea99d5ea9ba3fb096ebe7b5ed02d80883e9819d: Creature of Fenkenstrain, Desert Treasure I, In Aid of the Myreque, Shadow of the Storm and The Giant Dwarf
Inaidofthemyreque	all:item.silver_sickle.2961	ALL	item.silver_sickle.2961	Quest Helper pinned source 5ea99d5ea9ba3fb096ebe7b5ed02d80883e9819d
Inaidofthemyreque	all:item.soft_clay.1761	ALL	item.soft_clay.1761	Quest Helper 5ea99d5ea9ba3fb096ebe7b5ed02d80883e9819d: Enakhra's Lament; Getting Ahead; In Aid of the Myreque; One Small Favour; Prince Ali Rescue; The Golem; The Heart of Darkness
Inaidofthemyreque	all:item.spade	ALL	item.spade	Quest Helper 5ea99d5ea9ba3fb096ebe7b5ed02d80883e9819d: Bear Your Soul, Beneath Cursed Sands, Cold War, Creature of Fenkenstrain, Dragon Slayer II, Ernest the Chicken, Fairytale I - Growing Pains, Fishing Contest, Garden of Tranquillity, Ghosts Ahoy, In Aid of the Myreque, Lunar Diplomacy, Making History, My Arm's Big Adventure, Olaf's Quest, Pirate's Treasure, Plague City, Regicide, Roving Elves, Shilo Village, Song of the Elves, The Corsair Curse, Underground Pass, While Guthix Sleeps and X Marks the Spot; Quest completeness review batch 6
Inaidofthemyreque	all:item.steel-bar	ALL	item.steel-bar	Quest Helper 5ea99d5ea9ba3fb096ebe7b5ed02d80883e9819d: Cold War, Desert Treasure I, In Aid of the Myreque, One Small Favour, Prying Times and The Giant Dwarf
Inaidofthemyreque	all:item.steel-chainbody	ALL	item.steel-chainbody	Quest Helper 5ea99d5ea9ba3fb096ebe7b5ed02d80883e9819d: In Aid of the Myreque
Inaidofthemyreque	all:item.steel-platelegs	ALL	item.steel-platelegs	Quest Helper 5ea99d5ea9ba3fb096ebe7b5ed02d80883e9819d: In Aid of the Myreque; Song of the Elves
Inaidofthemyreque	all:item.steel_med_helm.1141	ALL	item.steel_med_helm.1141	Quest Helper 5ea99d5ea9ba3fb096ebe7b5ed02d80883e9819d: In Aid of the Myreque
Inaidofthemyreque	all:item.swamp_paste.1941	ALL	item.swamp_paste.1941	Quest Helper 5ea99d5ea9ba3fb096ebe7b5ed02d80883e9819d: Cabin Fever; Dragon Slayer II; In Aid of the Myreque; Sea Slug; Shades of Mort’ton; The Slug Menace
Inaidofthemyreque	all:item.tinderbox	ALL	item.tinderbox	Quest Helper 5ea99d5ea9ba3fb096ebe7b5ed02d80883e9819d: A Tail of Two Cats, Another Slice of Ham, Beneath Cursed Sands, Cabin Fever, Contact, Death to the Dorgeshuun, Desert Treasure I, Desert Treasure II, Dream Mentor, Eadgar's Ruse, Enakhra's Lament, Enlightened Journey, Horror from the Deep, Icthlarin's Little Helper, In Aid of the Myreque, Land of the Goblins, Lunar Diplomacy, Merlin's Crystal, Misthalin Mystery, Olaf's Quest, Rag and Bone Man, Rat Catchers, Recipe for Disaster, Regicide, Secrets of the North, Shades of Mort'ton, Song of the Elves, Swan Song, Tai Bwo Wannai Trio, Tears of Guthix, The Corsair Curse, The Dig Site, The Forsaken Tower, The Fremennik Trials, The Giant Dwarf, The Great Brain Robbery and Underground Pass; Quest completeness review batch 6; Quest Helper 5ea99d5ea9ba3fb096ebe7b5ed02d80883e9819d; OSRS Wiki: Rag and Bone Man II; Quest Helper 5ea99d5ea9ba3fb096ebe7b5ed02d80883e9819d; OSRS Wiki: Dragon Slayer II
Inaidofthemyreque	all:item.water-rune	ALL	item.water-rune	Quest Helper 5ea99d5ea9ba3fb096ebe7b5ed02d80883e9819d: Horror from the Deep, In Aid of the Myreque, The Slug Menace, Waterfall Quest and While Guthix Sleeps
Insearchofthemyreque	all:item.druid_pouch.2957	ALL	item.druid_pouch.2957	Quest Helper 5ea99d5ea9ba3fb096ebe7b5ed02d80883e9819d: In Search of the Myreque; Nature Spirit; While Guthix Sleeps
Insearchofthemyreque	all:item.plank.960	ALL	item.plank.960	Quest Helper 5ea99d5ea9ba3fb096ebe7b5ed02d80883e9819d: Daddy’s Home; Darkness of Hallowvale; Dragon Slayer I; Horror from the Deep; In Aid of the Myreque; In Search of the Myreque; Observatory Quest; Regicide; Royal Trouble; Scrambled!; The Great Brain Robbery; Underground Pass
Insearchofthemyreque	all:item.ring_of_charos_a.6465	ALL	item.ring_of_charos_a.6465	Quest Helper pinned source 5ea99d5ea9ba3fb096ebe7b5ed02d80883e9819d
Insearchofthemyreque	all:item.steel-dagger	ALL	item.steel-dagger	Quest Helper 5ea99d5ea9ba3fb096ebe7b5ed02d80883e9819d: In Search of the Myreque
Insearchofthemyreque	all:item.steel-longsword	ALL	item.steel-longsword	Quest Helper 5ea99d5ea9ba3fb096ebe7b5ed02d80883e9819d: In Search of the Myreque
Insearchofthemyreque	all:item.steel-mace	ALL	item.steel-mace	Quest Helper 5ea99d5ea9ba3fb096ebe7b5ed02d80883e9819d: In Search of the Myreque
Insearchofthemyreque	all:item.steel_nails.1539	ALL	item.steel_nails.1539	Quest Helper 5ea99d5ea9ba3fb096ebe7b5ed02d80883e9819d: Cold War; Dragon Slayer I; Horror from the Deep; In Search of the Myreque
Insearchofthemyreque	all:item.steel_sword	ALL	item.steel_sword	Quest Helper 5ea99d5ea9ba3fb096ebe7b5ed02d80883e9819d: In Search of the Myreque
Insearchofthemyreque	all:item.steel_warhammer.1339	ALL	item.steel_warhammer.1339	Quest Helper 5ea99d5ea9ba3fb096ebe7b5ed02d80883e9819d: In Search Of The Myreque
Junglepotion	all:item.grimy_ardrigal.1527	ALL	item.grimy_ardrigal.1527	Quest Helper 5ea99d5ea9ba3fb096ebe7b5ed02d80883e9819d: Jungle Potion
Junglepotion	all:item.grimy_rogue_s_purse.1533	ALL	item.grimy_rogue_s_purse.1533	Quest Helper 5ea99d5ea9ba3fb096ebe7b5ed02d80883e9819d: Jungle Potion
Junglepotion	all:item.grimy_sito_foil.1529	ALL	item.grimy_sito_foil.1529	Quest Helper 5ea99d5ea9ba3fb096ebe7b5ed02d80883e9819d: Jungle Potion
Junglepotion	all:item.grimy_snake_weed.1525	ALL	item.grimy_snake_weed.1525	Quest Helper 5ea99d5ea9ba3fb096ebe7b5ed02d80883e9819d: Jungle Potion
Junglepotion	all:item.grimy_volencia_moss.1531	ALL	item.grimy_volencia_moss.1531	Quest Helper 5ea99d5ea9ba3fb096ebe7b5ed02d80883e9819d: Jungle Potion
Kingsransom	all:item.law-rune	ALL	item.law-rune	Quest Helper 5ea99d5ea9ba3fb096ebe7b5ed02d80883e9819d: Creature of Fenkenstrain, Darkness of Hallowvale, King's Ransom, Legends Quest, Spirits of the Elid, The Giant Dwarf and While Guthix Sleeps; Quest completeness review batch 6
Kingsransom	all:item.lockpick.1523	ALL	item.lockpick.1523	Quest Helper pinned source 5ea99d5ea9ba3fb096ebe7b5ed02d80883e9819d
Landofthegoblins	all:item.black_dye.4622	ALL	item.black_dye.4622	Quest Helper 5ea99d5ea9ba3fb096ebe7b5ed02d80883e9819d: Land of the Goblins; OSRS Wiki: Land of the Goblins
Landofthegoblins	all:item.black_goblin_mail.9055	ALL	item.black_goblin_mail.9055	Quest Helper 5ea99d5ea9ba3fb096ebe7b5ed02d80883e9819d: Land of the Goblins; OSRS Wiki: Land of the Goblins
Landofthegoblins	all:item.blue_dye.1767	ALL	item.blue_dye.1767	Quest Helper 5ea99d5ea9ba3fb096ebe7b5ed02d80883e9819d: Ghosts Ahoy; Goblin Diplomacy; Land of the Goblins; Mourning’s End Part I
Landofthegoblins	all:item.blue_goblin_mail.287	ALL	item.blue_goblin_mail.287	OSRS Wiki: Goblin Diplomacy; Quest Helper 5ea99d5ea9ba3fb096ebe7b5ed02d80883e9819d: Land of the Goblins; OSRS Wiki: Land of the Goblins
Landofthegoblins	all:item.fishing_rod.307	ALL	item.fishing_rod.307	Quest Helper 5ea99d5ea9ba3fb096ebe7b5ed02d80883e9819d: Fishing Contest; Garden of Tranquillity; Heroes’ Quest; Land of the Goblins; Shadows of Custodia; The Fremennik Exiles
Landofthegoblins	all:item.goblin_mail.288	ALL	item.goblin_mail.288	OSRS Wiki: Goblin Diplomacy; Quest Helper 5ea99d5ea9ba3fb096ebe7b5ed02d80883e9819d: Land of the Goblins; OSRS Wiki: Land of the Goblins
Landofthegoblins	all:item.orange_dye.1769	ALL	item.orange_dye.1769	OSRS Wiki: Ghosts Ahoy; OSRS Wiki: Goblin Diplomacy; Quest Helper 5ea99d5ea9ba3fb096ebe7b5ed02d80883e9819d: Land of the Goblins; OSRS Wiki: Land of the Goblins
Landofthegoblins	all:item.orange_goblin_mail.286	ALL	item.orange_goblin_mail.286	OSRS Wiki: Goblin Diplomacy; Quest Helper 5ea99d5ea9ba3fb096ebe7b5ed02d80883e9819d: Land of the Goblins; OSRS Wiki: Land of the Goblins
Landofthegoblins	all:item.pestle_and_mortar.233	ALL	item.pestle_and_mortar.233	Quest Helper 5ea99d5ea9ba3fb096ebe7b5ed02d80883e9819d: A Taste of Hope; Dream Mentor; Eadgar’s Ruse; Fairytale II – Cure a Queen; Garden of Tranquillity; Land of the Goblins; Lunar Diplomacy; Monkey Madness II; Perilous Moons; Recipe for Disaster; Regicide; Shadow of the Storm; Song of the Elves; Tai Bwo Wannai Trio; The Dig Site; The Eyes of Glouphrie; The Golem; Watchtower; Quest Helper 5ea99d5ea9ba3fb096ebe7b5ed02d80883e9819d; OSRS Wiki: Dragon Slayer II
Landofthegoblins	all:item.purple_dye.1773	ALL	item.purple_dye.1773	OSRS Wiki: Ghosts Ahoy; Quest Helper 5ea99d5ea9ba3fb096ebe7b5ed02d80883e9819d: Land of the Goblins; OSRS Wiki: Land of the Goblins
Landofthegoblins	all:item.purple_goblin_mail.9058	ALL	item.purple_goblin_mail.9058	Quest Helper 5ea99d5ea9ba3fb096ebe7b5ed02d80883e9819d: Land of the Goblins; OSRS Wiki: Land of the Goblins
Landofthegoblins	all:item.raw_slimy_eel.3379	ALL	item.raw_slimy_eel.3379	Quest Helper 5ea99d5ea9ba3fb096ebe7b5ed02d80883e9819d: Land of the Goblins; OSRS Wiki: Land of the Goblins
Landofthegoblins	all:item.tinderbox	ALL	item.tinderbox	Quest Helper 5ea99d5ea9ba3fb096ebe7b5ed02d80883e9819d: A Tail of Two Cats, Another Slice of Ham, Beneath Cursed Sands, Cabin Fever, Contact, Death to the Dorgeshuun, Desert Treasure I, Desert Treasure II, Dream Mentor, Eadgar's Ruse, Enakhra's Lament, Enlightened Journey, Horror from the Deep, Icthlarin's Little Helper, In Aid of the Myreque, Land of the Goblins, Lunar Diplomacy, Merlin's Crystal, Misthalin Mystery, Olaf's Quest, Rag and Bone Man, Rat Catchers, Recipe for Disaster, Regicide, Secrets of the North, Shades of Mort'ton, Song of the Elves, Swan Song, Tai Bwo Wannai Trio, Tears of Guthix, The Corsair Curse, The Dig Site, The Forsaken Tower, The Fremennik Trials, The Giant Dwarf, The Great Brain Robbery and Underground Pass; Quest completeness review batch 6; Quest Helper 5ea99d5ea9ba3fb096ebe7b5ed02d80883e9819d; OSRS Wiki: Rag and Bone Man II; Quest Helper 5ea99d5ea9ba3fb096ebe7b5ed02d80883e9819d; OSRS Wiki: Dragon Slayer II
Landofthegoblins	all:item.toadflax_potion_unf.3002	ALL	item.toadflax_potion_unf.3002	Quest Helper 5ea99d5ea9ba3fb096ebe7b5ed02d80883e9819d: Land of the Goblins; OSRS Wiki: Land of the Goblins
Landofthegoblins	all:item.vial.229	ALL	item.vial.229	Quest Helper 5ea99d5ea9ba3fb096ebe7b5ed02d80883e9819d: A Taste of Hope; Land of the Goblins; Shadow of the Storm; The Dig Site; The Golem; The Hand in the Sand; Watchtower
Landofthegoblins	all:item.white_goblin_mail.26567	ALL	item.white_goblin_mail.26567	Quest Helper 5ea99d5ea9ba3fb096ebe7b5ed02d80883e9819d: Land of the Goblins; OSRS Wiki: Land of the Goblins
Landofthegoblins	all:item.yellow_dye.1765	ALL	item.yellow_dye.1765	Quest Helper 5ea99d5ea9ba3fb096ebe7b5ed02d80883e9819d: Eagles' Peak; Enlightened Journey; Ghosts Ahoy; Land of the Goblins; Mourning’s End Part I; Prince Ali Rescue
Landofthegoblins	all:item.yellow_goblin_mail.9056	ALL	item.yellow_goblin_mail.9056	Quest Helper 5ea99d5ea9ba3fb096ebe7b5ed02d80883e9819d: Land of the Goblins; OSRS Wiki: Land of the Goblins
Legendsquest	all:item.bravery_potion.739	ALL	item.bravery_potion.739	Quest Helper 5ea99d5ea9ba3fb096ebe7b5ed02d80883e9819d: Legends' Quest
Legendsquest	all:item.charcoal.973	ALL	item.charcoal.973	Quest Helper 5ea99d5ea9ba3fb096ebe7b5ed02d80883e9819d: Current Affairs; Darkness of Hallowvale; Desert Treasure I; Legends’ Quest; Recipe for Disaster; Shilo Village; The Dig Site; While Guthix Sleeps; Zogre Flesh Eaters
Legendsquest	all:item.cosmic-rune	ALL	item.cosmic-rune	Quest Helper 5ea99d5ea9ba3fb096ebe7b5ed02d80883e9819d: A Taste of Hope, In Aid of the Myreque, Legends Quest, Sins of the Father and While Guthix Sleeps
Legendsquest	all:item.dark_dagger.746	ALL	item.dark_dagger.746	Quest Helper 5ea99d5ea9ba3fb096ebe7b5ed02d80883e9819d: Legends' Quest
Legendsquest	all:item.diamond	ALL	item.diamond	Quest Helper 5ea99d5ea9ba3fb096ebe7b5ed02d80883e9819d: Legends’ Quest
Legendsquest	all:item.earth-rune	ALL	item.earth-rune	Quest Helper 5ea99d5ea9ba3fb096ebe7b5ed02d80883e9819d: Horror from the Deep, Legends Quest, The Slug Menace, Waterfall Quest and While Guthix Sleeps
Legendsquest	all:item.emerald	ALL	item.emerald	Quest Helper 5ea99d5ea9ba3fb096ebe7b5ed02d80883e9819d: A Taste of Hope; Legends’ Quest
Legendsquest	all:item.glowing_dagger.747	ALL	item.glowing_dagger.747	Quest Helper 5ea99d5ea9ba3fb096ebe7b5ed02d80883e9819d: Legends' Quest
Legendsquest	all:item.gold-bar	ALL	item.gold-bar	Quest Helper 5ea99d5ea9ba3fb096ebe7b5ed02d80883e9819d: Between A Rock, Legends Quest, Monkey Madness I, The Giant Dwarf and Watchtower
Legendsquest	all:item.golden_bowl.723	ALL	item.golden_bowl.723	Quest Helper 5ea99d5ea9ba3fb096ebe7b5ed02d80883e9819d: Legends' Quest
Legendsquest	all:item.jade.1611	ALL	item.jade.1611	Quest Helper 5ea99d5ea9ba3fb096ebe7b5ed02d80883e9819d: Legends' Quest; One Small Favour
Legendsquest	all:item.law-rune	ALL	item.law-rune	Quest Helper 5ea99d5ea9ba3fb096ebe7b5ed02d80883e9819d: Creature of Fenkenstrain, Darkness of Hallowvale, King's Ransom, Legends Quest, Spirits of the Elid, The Giant Dwarf and While Guthix Sleeps; Quest completeness review batch 6
Legendsquest	all:item.lockpick.1523	ALL	item.lockpick.1523	Quest Helper pinned source 5ea99d5ea9ba3fb096ebe7b5ed02d80883e9819d
Legendsquest	all:item.mind-rune	ALL	item.mind-rune	Quest Helper 5ea99d5ea9ba3fb096ebe7b5ed02d80883e9819d: Legends’ Quest; The Slug Menace; While Guthix Sleeps
Legendsquest	all:item.opal.1609	ALL	item.opal.1609	Quest Helper 5ea99d5ea9ba3fb096ebe7b5ed02d80883e9819d: Legends' Quest; One Small Favour; The Dig Site
Legendsquest	all:item.papyrus.970	ALL	item.papyrus.970	Quest Helper 5ea99d5ea9ba3fb096ebe7b5ed02d80883e9819d: Darkness of Hallowvale; Enlightened Journey; Legends' Quest; Shilo Village; The Golem; While Guthix Sleeps; Zogre Flesh Eaters
Legendsquest	all:item.red_topaz.1613	ALL	item.red_topaz.1613	Quest Helper 5ea99d5ea9ba3fb096ebe7b5ed02d80883e9819d: Legends' Quest; One Small Favour
Legendsquest	all:item.rope.954	ALL	item.rope.954	Quest Helper 5ea99d5ea9ba3fb096ebe7b5ed02d80883e9819d: A Porcine of Interest; A Soul’s Bane; Another Slice of H.A.M.; Cabin Fever; In Aid of the Myreque; Legends’ Quest; Making Friends with My Arm; Mountain Daughter; Mourning’s End Part II; Olaf’s Quest; Perilous Moons; Plague City; Prince Ali Rescue; Rag and Bone Man II; Recipe for Disaster; Regicide; Roving Elves; Royal Trouble; Shilo Village; Song of the Elves; Spirits of the Elid; Tale of the Righteous; Tears of Guthix; The Dig Site; The Fremennik Isles; Troll Romance; Underground Pass; Wanted!; Watchtower; Waterfall Quest
Legendsquest	all:item.ruby	ALL	item.ruby	Quest Helper 5ea99d5ea9ba3fb096ebe7b5ed02d80883e9819d: Family Crest; Legends’ Quest; Sins of the Father
Legendsquest	all:item.sapphire	ALL	item.sapphire	Quest Helper 5ea99d5ea9ba3fb096ebe7b5ed02d80883e9819d: In Aid of the Myreque; Legends’ Quest; One Small Favour
Legendsquest	all:item.soul_rune.566	ALL	item.soul_rune.566	Quest Helper 5ea99d5ea9ba3fb096ebe7b5ed02d80883e9819d: Legends' Quest
Legendsquest	all:item.unpowered_orb.567	ALL	item.unpowered_orb.567	Quest Helper 5ea99d5ea9ba3fb096ebe7b5ed02d80883e9819d: Legends' Quest; While Guthix Sleeps
Legendsquest	all:item.vial_of_water.227	ALL	item.vial_of_water.227	Quest Helper 5ea99d5ea9ba3fb096ebe7b5ed02d80883e9819d: A Tail of Two Cats; A Taste of Hope; Fairytale II – Cure a Queen; Legends' Quest; Song of the Elves
Legendsquest	all:item.yommi_tree_seeds.735	ALL	item.yommi_tree_seeds.735	Quest Helper 5ea99d5ea9ba3fb096ebe7b5ed02d80883e9819d: Legends' Quest
Lostcity	all:item.knife	ALL	item.knife	Quest Helper 5ea99d5ea9ba3fb096ebe7b5ed02d80883e9819d: A Taste of Hope, Below Ice Mountain, Big Chompy Bird Hunting, Curse of the Empty Lord, Darkness of Hallowvale, Desert Treasure II, Elemental Workshop I, Getting Ahead, Ghosts Ahoy, Lost City, Misthalin Mystery, Perilous Moon, Recipe for Disaster, Sins of the Father, Spirits of the Elid, Tai Bwo Wannai Trio, The Final Dawn, The Fremennik Isles, The Fremennik Trials, The Tourist Trap, While Guthix Sleeps and Zogre Flesh Eaters; Quest completeness review batch 6
Lunardiplomacy	all:item.bullseye_lantern.4548	ALL	item.bullseye_lantern.4548	Quest Helper 5ea99d5ea9ba3fb096ebe7b5ed02d80883e9819d: Lunar Diplomacy
Lunardiplomacy	all:item.dramen_staff.772	ALL	item.dramen_staff.772	Quest Helper 5ea99d5ea9ba3fb096ebe7b5ed02d80883e9819d: Fairytale I – Growing Pains; Fairytale II – Cure a Queen; Lunar Diplomacy; Rag and Bone Man I; Recipe for Disaster
Lunardiplomacy	all:item.emerald_lantern.9064	ALL	item.emerald_lantern.9064	Quest Helper 5ea99d5ea9ba3fb096ebe7b5ed02d80883e9819d: Lunar Diplomacy
Lunardiplomacy	all:item.guam_leaf.249	ALL	item.guam_leaf.249	Quest Helper 5ea99d5ea9ba3fb096ebe7b5ed02d80883e9819d: Lunar Diplomacy; One Small Favour; While Guthix Sleeps
Lunardiplomacy	all:item.lunar_staff.9084	ALL	item.lunar_staff.9084	Quest Helper 5ea99d5ea9ba3fb096ebe7b5ed02d80883e9819d: Lunar Diplomacy
Lunardiplomacy	all:item.lunar_staff_pt1.9091	ALL	item.lunar_staff_pt1.9091	Quest Helper 5ea99d5ea9ba3fb096ebe7b5ed02d80883e9819d: Lunar Diplomacy
Lunardiplomacy	all:item.lunar_staff_pt2.9092	ALL	item.lunar_staff_pt2.9092	Quest Helper 5ea99d5ea9ba3fb096ebe7b5ed02d80883e9819d: Lunar Diplomacy
Lunardiplomacy	all:item.lunar_staff_pt3.9093	ALL	item.lunar_staff_pt3.9093	Quest Helper 5ea99d5ea9ba3fb096ebe7b5ed02d80883e9819d: Lunar Diplomacy
Lunardiplomacy	all:item.marrentill.251	ALL	item.marrentill.251	Quest Helper 5ea99d5ea9ba3fb096ebe7b5ed02d80883e9819d: Lunar Diplomacy; One Small Favour; Ratcatchers
Lunardiplomacy	all:item.needle.1733	ALL	item.needle.1733	Quest Helper 5ea99d5ea9ba3fb096ebe7b5ed02d80883e9819d: At First Light; Creature of Fenkenstrain; Elemental Workshop I; Getting Ahead; Ghosts Ahoy; Lunar Diplomacy; Recipe for Disaster; Spirits of the Elid; The Fremennik Isles
Lunardiplomacy	all:item.pestle_and_mortar.233	ALL	item.pestle_and_mortar.233	Quest Helper 5ea99d5ea9ba3fb096ebe7b5ed02d80883e9819d: A Taste of Hope; Dream Mentor; Eadgar’s Ruse; Fairytale II – Cure a Queen; Garden of Tranquillity; Land of the Goblins; Lunar Diplomacy; Monkey Madness II; Perilous Moons; Recipe for Disaster; Regicide; Shadow of the Storm; Song of the Elves; Tai Bwo Wannai Trio; The Dig Site; The Eyes of Glouphrie; The Golem; Watchtower; Quest Helper 5ea99d5ea9ba3fb096ebe7b5ed02d80883e9819d; OSRS Wiki: Dragon Slayer II
Lunardiplomacy	all:item.seal_of_passage.9083	ALL	item.seal_of_passage.9083	Quest Helper 5ea99d5ea9ba3fb096ebe7b5ed02d80883e9819d: Dragon Slayer II; Lunar Diplomacy; The Fremennik Exiles
Lunardiplomacy	all:item.spade	ALL	item.spade	Quest Helper 5ea99d5ea9ba3fb096ebe7b5ed02d80883e9819d: Bear Your Soul, Beneath Cursed Sands, Cold War, Creature of Fenkenstrain, Dragon Slayer II, Ernest the Chicken, Fairytale I - Growing Pains, Fishing Contest, Garden of Tranquillity, Ghosts Ahoy, In Aid of the Myreque, Lunar Diplomacy, Making History, My Arm's Big Adventure, Olaf's Quest, Pirate's Treasure, Plague City, Regicide, Roving Elves, Shilo Village, Song of the Elves, The Corsair Curse, Underground Pass, While Guthix Sleeps and X Marks the Spot; Quest completeness review batch 6
Lunardiplomacy	all:item.suqah_hide.9080	ALL	item.suqah_hide.9080	Quest Helper 5ea99d5ea9ba3fb096ebe7b5ed02d80883e9819d: Lunar Diplomacy
Lunardiplomacy	all:item.thread.1734	ALL	item.thread.1734	Quest Helper 5ea99d5ea9ba3fb096ebe7b5ed02d80883e9819d: Creature of Fenkenstrain; Elemental Workshop I; Getting Ahead; Ghosts Ahoy; Lunar Diplomacy; Spirits of the Elid; The Fremennik Isles
Lunardiplomacy	all:item.tinderbox	ALL	item.tinderbox	Quest Helper 5ea99d5ea9ba3fb096ebe7b5ed02d80883e9819d: A Tail of Two Cats, Another Slice of Ham, Beneath Cursed Sands, Cabin Fever, Contact, Death to the Dorgeshuun, Desert Treasure I, Desert Treasure II, Dream Mentor, Eadgar's Ruse, Enakhra's Lament, Enlightened Journey, Horror from the Deep, Icthlarin's Little Helper, In Aid of the Myreque, Land of the Goblins, Lunar Diplomacy, Merlin's Crystal, Misthalin Mystery, Olaf's Quest, Rag and Bone Man, Rat Catchers, Recipe for Disaster, Regicide, Secrets of the North, Shades of Mort'ton, Song of the Elves, Swan Song, Tai Bwo Wannai Trio, Tears of Guthix, The Corsair Curse, The Dig Site, The Forsaken Tower, The Fremennik Trials, The Giant Dwarf, The Great Brain Robbery and Underground Pass; Quest completeness review batch 6; Quest Helper 5ea99d5ea9ba3fb096ebe7b5ed02d80883e9819d; OSRS Wiki: Rag and Bone Man II; Quest Helper 5ea99d5ea9ba3fb096ebe7b5ed02d80883e9819d; OSRS Wiki: Dragon Slayer II
Themagearenaii	all:item.enchanted_symbol.21800	ALL	item.enchanted_symbol.21800	Quest Helper 5ea99d5ea9ba3fb096ebe7b5ed02d80883e9819d: The Mage Arena II
Themagearenaii	all:item.ring_of_recoil.2550	ALL	item.ring_of_recoil.2550	Quest Helper 5ea99d5ea9ba3fb096ebe7b5ed02d80883e9819d: Dragon Slayer; The Fremennik Trials; The Mage Arena II
Themagearenaii	any:god-cape	ANY	item.guthix_cape.2413	Reviewed choice-equivalent quest requirement
Themagearenaii	any:god-cape	ANY	item.saradomin_cape.2412	Reviewed choice-equivalent quest requirement
Themagearenaii	any:god-cape	ANY	item.zamorak_cape.2414	Reviewed choice-equivalent quest requirement
Themagearenaii	any:god-staff	ANY	item.guthix_staff.2416	Reviewed choice-equivalent quest requirement
Themagearenaii	any:god-staff	ANY	item.saradomin_staff.2415	Reviewed choice-equivalent quest requirement
Themagearenaii	any:god-staff	ANY	item.zamorak_staff.2417	Reviewed choice-equivalent quest requirement
Makingfriendswithmyarm	all:item.bolt_of_cloth.8790	ALL	item.bolt_of_cloth.8790	Quest Helper 5ea99d5ea9ba3fb096ebe7b5ed02d80883e9819d: Making Friends With My Arm
Makingfriendswithmyarm	all:item.bucket	ALL	item.bucket	Quest Helper 5ea99d5ea9ba3fb096ebe7b5ed02d80883e9819d: Clock Tower, Cook's Assistant, Demon Slayer, Getting Ahead, Icthlarin's Little Helper, In Aid of the Myreque, Making Friends with My Arm, Merlin's Crystal, Misthalin Mystery, My Arm's Big Adventure, Priest in Peril, Regicide, Rum Deal, Sleeping Giants, The Feud and Underground Pass
Makingfriendswithmyarm	all:item.bucket_of_water.1929	ALL	item.bucket_of_water.1929	Quest Helper 5ea99d5ea9ba3fb096ebe7b5ed02d80883e9819d: Demon Slayer I; Forgettable Tale of a Drunken Dwarf; Getting Ahead; Making Friends with My Arm; Mourning’s End Part I; Plague City; Prince Ali Rescue; Recipe for Disaster; Rum Deal; Skippy and the Mogres; Sleeping Giants; Temple of the Eye
Makingfriendswithmyarm	all:item.cadava_berries.753	ALL	item.cadava_berries.753	Quest Helper 5ea99d5ea9ba3fb096ebe7b5ed02d80883e9819d: Making Friends With My Arm; Romeo And Juliet
Makingfriendswithmyarm	all:item.goat_dung.22590	ALL	item.goat_dung.22590	Quest Helper 5ea99d5ea9ba3fb096ebe7b5ed02d80883e9819d: Making Friends With My Arm
Makingfriendswithmyarm	all:item.mahogany_plank.8782	ALL	item.mahogany_plank.8782	Quest Helper 5ea99d5ea9ba3fb096ebe7b5ed02d80883e9819d: Cold War; Making Friends with My Arm
Makingfriendswithmyarm	all:item.reduced_cadava_potion.22589	ALL	item.reduced_cadava_potion.22589	Quest Helper 5ea99d5ea9ba3fb096ebe7b5ed02d80883e9819d: Making Friends With My Arm
Makingfriendswithmyarm	all:item.rope.954	ALL	item.rope.954	Quest Helper 5ea99d5ea9ba3fb096ebe7b5ed02d80883e9819d: A Porcine of Interest; A Soul’s Bane; Another Slice of H.A.M.; Cabin Fever; In Aid of the Myreque; Legends’ Quest; Making Friends with My Arm; Mountain Daughter; Mourning’s End Part II; Olaf’s Quest; Perilous Moons; Plague City; Prince Ali Rescue; Rag and Bone Man II; Recipe for Disaster; Regicide; Roving Elves; Royal Trouble; Shilo Village; Song of the Elves; Spirits of the Elid; Tale of the Righteous; Tears of Guthix; The Dig Site; The Fremennik Isles; Troll Romance; Underground Pass; Wanted!; Watchtower; Waterfall Quest
Makinghistory	all:item.sapphire_amulet.1694	ALL	item.sapphire_amulet.1694	Quest Helper 5ea99d5ea9ba3fb096ebe7b5ed02d80883e9819d: Making History
Makinghistory	all:item.spade	ALL	item.spade	Quest Helper 5ea99d5ea9ba3fb096ebe7b5ed02d80883e9819d: Bear Your Soul, Beneath Cursed Sands, Cold War, Creature of Fenkenstrain, Dragon Slayer II, Ernest the Chicken, Fairytale I - Growing Pains, Fishing Contest, Garden of Tranquillity, Ghosts Ahoy, In Aid of the Myreque, Lunar Diplomacy, Making History, My Arm's Big Adventure, Olaf's Quest, Pirate's Treasure, Plague City, Regicide, Roving Elves, Shilo Village, Song of the Elves, The Corsair Curse, Underground Pass, While Guthix Sleeps and X Marks the Spot; Quest completeness review batch 6
Merlinscrystal	all:item.bat_bones.530	ALL	item.bat_bones.530	Quest Helper 5ea99d5ea9ba3fb096ebe7b5ed02d80883e9819d: Merlin's Crystal; Watchtower
Merlinscrystal	all:item.bread	ALL	item.bread	Quest Helper 5ea99d5ea9ba3fb096ebe7b5ed02d80883e9819d: Below Ice Mountain, Death Plateau, Merlin's Crystal and Recipe for Disaster
Merlinscrystal	all:item.bucket	ALL	item.bucket	Quest Helper 5ea99d5ea9ba3fb096ebe7b5ed02d80883e9819d: Clock Tower, Cook's Assistant, Demon Slayer, Getting Ahead, Icthlarin's Little Helper, In Aid of the Myreque, Making Friends with My Arm, Merlin's Crystal, Misthalin Mystery, My Arm's Big Adventure, Priest in Peril, Regicide, Rum Deal, Sleeping Giants, The Feud and Underground Pass
Merlinscrystal	all:item.bucket_of_wax.30	ALL	item.bucket_of_wax.30	Quest Helper 5ea99d5ea9ba3fb096ebe7b5ed02d80883e9819d: Merlin's Crystal; Troll Romance
Merlinscrystal	all:item.tinderbox	ALL	item.tinderbox	Quest Helper 5ea99d5ea9ba3fb096ebe7b5ed02d80883e9819d: A Tail of Two Cats, Another Slice of Ham, Beneath Cursed Sands, Cabin Fever, Contact, Death to the Dorgeshuun, Desert Treasure I, Desert Treasure II, Dream Mentor, Eadgar's Ruse, Enakhra's Lament, Enlightened Journey, Horror from the Deep, Icthlarin's Little Helper, In Aid of the Myreque, Land of the Goblins, Lunar Diplomacy, Merlin's Crystal, Misthalin Mystery, Olaf's Quest, Rag and Bone Man, Rat Catchers, Recipe for Disaster, Regicide, Secrets of the North, Shades of Mort'ton, Song of the Elves, Swan Song, Tai Bwo Wannai Trio, Tears of Guthix, The Corsair Curse, The Dig Site, The Forsaken Tower, The Fremennik Trials, The Giant Dwarf, The Great Brain Robbery and Underground Pass; Quest completeness review batch 6; Quest Helper 5ea99d5ea9ba3fb096ebe7b5ed02d80883e9819d; OSRS Wiki: Rag and Bone Man II; Quest Helper 5ea99d5ea9ba3fb096ebe7b5ed02d80883e9819d; OSRS Wiki: Dragon Slayer II
Misthalinmystery	all:item.bucket	ALL	item.bucket	Quest Helper 5ea99d5ea9ba3fb096ebe7b5ed02d80883e9819d: Clock Tower, Cook's Assistant, Demon Slayer, Getting Ahead, Icthlarin's Little Helper, In Aid of the Myreque, Making Friends with My Arm, Merlin's Crystal, Misthalin Mystery, My Arm's Big Adventure, Priest in Peril, Regicide, Rum Deal, Sleeping Giants, The Feud and Underground Pass
Misthalinmystery	all:item.killer_s_knife.20781	ALL	item.killer_s_knife.20781	Quest Helper 5ea99d5ea9ba3fb096ebe7b5ed02d80883e9819d: Misthalin Mystery
Misthalinmystery	all:item.knife	ALL	item.knife	Quest Helper 5ea99d5ea9ba3fb096ebe7b5ed02d80883e9819d: A Taste of Hope, Below Ice Mountain, Big Chompy Bird Hunting, Curse of the Empty Lord, Darkness of Hallowvale, Desert Treasure II, Elemental Workshop I, Getting Ahead, Ghosts Ahoy, Lost City, Misthalin Mystery, Perilous Moon, Recipe for Disaster, Sins of the Father, Spirits of the Elid, Tai Bwo Wannai Trio, The Final Dawn, The Fremennik Isles, The Fremennik Trials, The Tourist Trap, While Guthix Sleeps and Zogre Flesh Eaters; Quest completeness review batch 6
Misthalinmystery	all:item.tinderbox	ALL	item.tinderbox	Quest Helper 5ea99d5ea9ba3fb096ebe7b5ed02d80883e9819d: A Tail of Two Cats, Another Slice of Ham, Beneath Cursed Sands, Cabin Fever, Contact, Death to the Dorgeshuun, Desert Treasure I, Desert Treasure II, Dream Mentor, Eadgar's Ruse, Enakhra's Lament, Enlightened Journey, Horror from the Deep, Icthlarin's Little Helper, In Aid of the Myreque, Land of the Goblins, Lunar Diplomacy, Merlin's Crystal, Misthalin Mystery, Olaf's Quest, Rag and Bone Man, Rat Catchers, Recipe for Disaster, Regicide, Secrets of the North, Shades of Mort'ton, Song of the Elves, Swan Song, Tai Bwo Wannai Trio, Tears of Guthix, The Corsair Curse, The Dig Site, The Forsaken Tower, The Fremennik Trials, The Giant Dwarf, The Great Brain Robbery and Underground Pass; Quest completeness review batch 6; Quest Helper 5ea99d5ea9ba3fb096ebe7b5ed02d80883e9819d; OSRS Wiki: Rag and Bone Man II; Quest Helper 5ea99d5ea9ba3fb096ebe7b5ed02d80883e9819d; OSRS Wiki: Dragon Slayer II
Monksfriend	all:item.logs	ALL	item.logs	Quest Helper 5ea99d5ea9ba3fb096ebe7b5ed02d80883e9819d: A Tail of Two Cats, Eadgar's Ruse, Enakhra's Lament, Enlightened Journey, Monk's Friend, Monkey Madness II, Rag and Bone Man, Sins of the Father, The Giant Dwarf, Throne of Miscellania, Tree Gnome Village and While Guthix Sleeps; Quest completeness review batch 6; Quest Helper 5ea99d5ea9ba3fb096ebe7b5ed02d80883e9819d; OSRS Wiki: Rag and Bone Man II
Monkeymadnessi	all:item.10th_squad_sigil.4035	ALL	item.10th_squad_sigil.4035	Quest Helper 5ea99d5ea9ba3fb096ebe7b5ed02d80883e9819d: Monkey Madness I
Monkeymadnessi	all:item.ball_of_wool.1759	ALL	item.ball_of_wool.1759	Quest Helper 5ea99d5ea9ba3fb096ebe7b5ed02d80883e9819d: Enlightened Journey; Monkey Madness I; Prince Ali Rescue; Recipe for Disaster; Sheep Shearer
Monkeymadnessi	all:item.banana.1963	ALL	item.banana.1963	Quest Helper 5ea99d5ea9ba3fb096ebe7b5ed02d80883e9819d: Monkey Madness I; Pirate’s Treasure; Recipe for Disaster; Tai Bwo Wannai Trio
Monkeymadnessi	all:item.enchanted_bar.4007	ALL	item.enchanted_bar.4007	Quest Helper 5ea99d5ea9ba3fb096ebe7b5ed02d80883e9819d: Monkey Madness I
Monkeymadnessi	all:item.gold-bar	ALL	item.gold-bar	Quest Helper 5ea99d5ea9ba3fb096ebe7b5ed02d80883e9819d: Between A Rock, Legends Quest, Monkey Madness I, The Giant Dwarf and Watchtower
Monkeymadnessi	all:item.gorilla_bones.3181	ALL	item.gorilla_bones.3181	Quest Helper 5ea99d5ea9ba3fb096ebe7b5ed02d80883e9819d: Monkey Madness I
Monkeymadnessi	all:item.m_amulet_mould.4020	ALL	item.m_amulet_mould.4020	Quest Helper 5ea99d5ea9ba3fb096ebe7b5ed02d80883e9819d: Monkey Madness I
Monkeymadnessi	all:item.m_speak_amulet.4021	ALL	item.m_speak_amulet.4021	Quest Helper 5ea99d5ea9ba3fb096ebe7b5ed02d80883e9819d: Monkey Madness I; Monkey Madness II; Recipe for Disaster
Monkeymadnessi	all:item.monkey.4033	ALL	item.monkey.4033	Quest Helper 5ea99d5ea9ba3fb096ebe7b5ed02d80883e9819d: Monkey Madness I
Monkeymadnessii	all:item.chisel	ALL	item.chisel	Quest Helper 5ea99d5ea9ba3fb096ebe7b5ed02d80883e9819d: A Taste of Hope, Big Chompy Bird Hunting, Desert Treasure II, Dragon Slayer II, Enakhra's Lament, Haunted Mine, Monkey Madness II, Mourning's End Part II, One Small Favour, Shilo Village, Sins of the Father, Sleeping Giants, Tears of Guthix, Temple of the Eye, The Slug Menace and While Guthix Sleeps
Monkeymadnessii	all:item.grapes.1987	ALL	item.grapes.1987	Quest Helper 5ea99d5ea9ba3fb096ebe7b5ed02d80883e9819d: Monkey Madness II
Monkeymadnessii	all:item.lemon.2102	ALL	item.lemon.2102	Quest Helper 5ea99d5ea9ba3fb096ebe7b5ed02d80883e9819d: Monkey Madness II
Monkeymadnessii	all:item.logs	ALL	item.logs	Quest Helper 5ea99d5ea9ba3fb096ebe7b5ed02d80883e9819d: A Tail of Two Cats, Eadgar's Ruse, Enakhra's Lament, Enlightened Journey, Monk's Friend, Monkey Madness II, Rag and Bone Man, Sins of the Father, The Giant Dwarf, Throne of Miscellania, Tree Gnome Village and While Guthix Sleeps; Quest completeness review batch 6; Quest Helper 5ea99d5ea9ba3fb096ebe7b5ed02d80883e9819d; OSRS Wiki: Rag and Bone Man II
Monkeymadnessii	all:item.m_speak_amulet.4021	ALL	item.m_speak_amulet.4021	Quest Helper 5ea99d5ea9ba3fb096ebe7b5ed02d80883e9819d: Monkey Madness I; Monkey Madness II; Recipe for Disaster
Monkeymadnessii	all:item.magic_logs.1513	ALL	item.magic_logs.1513	Quest Helper 5ea99d5ea9ba3fb096ebe7b5ed02d80883e9819d: Desert Treasure I; Enlightened Journey; Monkey Madness II; Mourning’s End Part I
Monkeymadnessii	all:item.pestle_and_mortar.233	ALL	item.pestle_and_mortar.233	Quest Helper 5ea99d5ea9ba3fb096ebe7b5ed02d80883e9819d: A Taste of Hope; Dream Mentor; Eadgar’s Ruse; Fairytale II – Cure a Queen; Garden of Tranquillity; Land of the Goblins; Lunar Diplomacy; Monkey Madness II; Perilous Moons; Recipe for Disaster; Regicide; Shadow of the Storm; Song of the Elves; Tai Bwo Wannai Trio; The Dig Site; The Eyes of Glouphrie; The Golem; Watchtower; Quest Helper 5ea99d5ea9ba3fb096ebe7b5ed02d80883e9819d; OSRS Wiki: Dragon Slayer II
Mountaindaughter	all:item.corpse_of_woman.4488	ALL	item.corpse_of_woman.4488	Quest Helper 5ea99d5ea9ba3fb096ebe7b5ed02d80883e9819d: Mountain Daughter
Mountaindaughter	all:item.rope.954	ALL	item.rope.954	Quest Helper 5ea99d5ea9ba3fb096ebe7b5ed02d80883e9819d: A Porcine of Interest; A Soul’s Bane; Another Slice of H.A.M.; Cabin Fever; In Aid of the Myreque; Legends’ Quest; Making Friends with My Arm; Mountain Daughter; Mourning’s End Part II; Olaf’s Quest; Perilous Moons; Plague City; Prince Ali Rescue; Rag and Bone Man II; Recipe for Disaster; Regicide; Roving Elves; Royal Trouble; Shilo Village; Song of the Elves; Spirits of the Elid; Tale of the Righteous; Tears of Guthix; The Dig Site; The Fremennik Isles; Troll Romance; Underground Pass; Wanted!; Watchtower; Waterfall Quest
Mountaindaughter	all:item.white_pearl.4485	ALL	item.white_pearl.4485	Quest Helper 5ea99d5ea9ba3fb096ebe7b5ed02d80883e9819d: Mountain Daughter
Mountaindaughter	all:item.white_pearl_seed.4486	ALL	item.white_pearl_seed.4486	Quest Helper 5ea99d5ea9ba3fb096ebe7b5ed02d80883e9819d: Mountain Daughter
Mourningsendpartii	all:item.chisel	ALL	item.chisel	Quest Helper 5ea99d5ea9ba3fb096ebe7b5ed02d80883e9819d: A Taste of Hope, Big Chompy Bird Hunting, Desert Treasure II, Dragon Slayer II, Enakhra's Lament, Haunted Mine, Monkey Madness II, Mourning's End Part II, One Small Favour, Shilo Village, Sins of the Father, Sleeping Giants, Tears of Guthix, Temple of the Eye, The Slug Menace and While Guthix Sleeps
Murdermystery	all:item.criminal_s_thread.1808	ALL	item.criminal_s_thread.1808	Quest Helper 5ea99d5ea9ba3fb096ebe7b5ed02d80883e9819d: Murder Mystery
Murdermystery	all:item.pot	ALL	item.pot	Quest Helper 5ea99d5ea9ba3fb096ebe7b5ed02d80883e9819d: Cook's Assistant, Forgettable Tale, Murder Mystery, One Small Favour, Rag and Bone Man, Recipe for Disaster, Regicide and Swan Song; Quest Helper 5ea99d5ea9ba3fb096ebe7b5ed02d80883e9819d; OSRS Wiki: Rag and Bone Man II
Murdermystery	all:item.pot_of_flour	ALL	item.pot_of_flour	Quest Helper 5ea99d5ea9ba3fb096ebe7b5ed02d80883e9819d: Cook's Assistant, Getting Ahead, Murder Mystery, Prince Ali Rescue and Recipe for Disaster
Murdermystery	all:item.silver_necklace.1796	ALL	item.silver_necklace.1796	Quest Helper 5ea99d5ea9ba3fb096ebe7b5ed02d80883e9819d: Murder Mystery
Murdermystery	all:item.silver_needle.1804	ALL	item.silver_needle.1804	Quest Helper 5ea99d5ea9ba3fb096ebe7b5ed02d80883e9819d: Murder Mystery
Naturespirit	all:item.druid_pouch.2957	ALL	item.druid_pouch.2957	Quest Helper 5ea99d5ea9ba3fb096ebe7b5ed02d80883e9819d: In Search of the Myreque; Nature Spirit; While Guthix Sleeps
Naturespirit	all:item.ghostspeak_amulet.552	ALL	item.ghostspeak_amulet.552	Quest Helper 5ea99d5ea9ba3fb096ebe7b5ed02d80883e9819d: Animal Magnetism; Ghosts Ahoy; Nature Spirit; The General's Shadow; The Restless Ghost; Quest Helper 5ea99d5ea9ba3fb096ebe7b5ed02d80883e9819d; OSRS Wiki: Dragon Slayer II
Naturespirit	all:item.mort_myre_fungus.2970	ALL	item.mort_myre_fungus.2970	Quest Helper 5ea99d5ea9ba3fb096ebe7b5ed02d80883e9819d: Nature Spirit; While Guthix Sleeps
Naturespirit	all:item.silver_sickle.2961	ALL	item.silver_sickle.2961	Quest Helper pinned source 5ea99d5ea9ba3fb096ebe7b5ed02d80883e9819d
Naturespirit	all:item.silver_sickle_b.2963	ALL	item.silver_sickle_b.2963	Quest Helper pinned source 5ea99d5ea9ba3fb096ebe7b5ed02d80883e9819d
Observatoryquest	all:item.bronze-bar	ALL	item.bronze-bar	Quest Helper 5ea99d5ea9ba3fb096ebe7b5ed02d80883e9819d: Observatory Quest, One Small Favour, Prince Ali Rescue, The Giant Dwarf and The Tourist Trap; Quest completeness review batch 6
Observatoryquest	all:item.lens_mould.602	ALL	item.lens_mould.602	Quest Helper 5ea99d5ea9ba3fb096ebe7b5ed02d80883e9819d: Observatory Quest
Observatoryquest	all:item.molten_glass.1775	ALL	item.molten_glass.1775	Quest Helper 5ea99d5ea9ba3fb096ebe7b5ed02d80883e9819d: A Kingdom Divided; Desert Treasure I; Dragon Slayer II; Horror from the Deep; Observatory Quest; The Fremennik Exiles; Wanted
Observatoryquest	all:item.plank.960	ALL	item.plank.960	Quest Helper 5ea99d5ea9ba3fb096ebe7b5ed02d80883e9819d: Daddy’s Home; Darkness of Hallowvale; Dragon Slayer I; Horror from the Deep; In Aid of the Myreque; In Search of the Myreque; Observatory Quest; Regicide; Royal Trouble; Scrambled!; The Great Brain Robbery; Underground Pass
Olafsquest	all:item.damp_planks.11031	ALL	item.damp_planks.11031	Quest Helper 5ea99d5ea9ba3fb096ebe7b5ed02d80883e9819d: Olaf's Quest
Olafsquest	all:item.rotten_barrel.11044	ALL	item.rotten_barrel.11044	Quest Helper 5ea99d5ea9ba3fb096ebe7b5ed02d80883e9819d: Olaf's Quest
Olafsquest	all:item.spade	ALL	item.spade	Quest Helper 5ea99d5ea9ba3fb096ebe7b5ed02d80883e9819d: Bear Your Soul, Beneath Cursed Sands, Cold War, Creature of Fenkenstrain, Dragon Slayer II, Ernest the Chicken, Fairytale I - Growing Pains, Fishing Contest, Garden of Tranquillity, Ghosts Ahoy, In Aid of the Myreque, Lunar Diplomacy, Making History, My Arm's Big Adventure, Olaf's Quest, Pirate's Treasure, Plague City, Regicide, Roving Elves, Shilo Village, Song of the Elves, The Corsair Curse, Underground Pass, While Guthix Sleeps and X Marks the Spot; Quest completeness review batch 6
Olafsquest	all:item.tinderbox	ALL	item.tinderbox	Quest Helper 5ea99d5ea9ba3fb096ebe7b5ed02d80883e9819d: A Tail of Two Cats, Another Slice of Ham, Beneath Cursed Sands, Cabin Fever, Contact, Death to the Dorgeshuun, Desert Treasure I, Desert Treasure II, Dream Mentor, Eadgar's Ruse, Enakhra's Lament, Enlightened Journey, Horror from the Deep, Icthlarin's Little Helper, In Aid of the Myreque, Land of the Goblins, Lunar Diplomacy, Merlin's Crystal, Misthalin Mystery, Olaf's Quest, Rag and Bone Man, Rat Catchers, Recipe for Disaster, Regicide, Secrets of the North, Shades of Mort'ton, Song of the Elves, Swan Song, Tai Bwo Wannai Trio, Tears of Guthix, The Corsair Curse, The Dig Site, The Forsaken Tower, The Fremennik Trials, The Giant Dwarf, The Great Brain Robbery and Underground Pass; Quest completeness review batch 6; Quest Helper 5ea99d5ea9ba3fb096ebe7b5ed02d80883e9819d; OSRS Wiki: Rag and Bone Man II; Quest Helper 5ea99d5ea9ba3fb096ebe7b5ed02d80883e9819d; OSRS Wiki: Dragon Slayer II
Olafsquest	all:item.windswept_logs.11035	ALL	item.windswept_logs.11035	Quest Helper 5ea99d5ea9ba3fb096ebe7b5ed02d80883e9819d: Olaf's Quest
Onesmallfavour	all:item.airtight_pot.4436	ALL	item.airtight_pot.4436	Quest Helper 5ea99d5ea9ba3fb096ebe7b5ed02d80883e9819d: One Small Favour; Swan Song
Onesmallfavour	all:item.blunt_axe.4415	ALL	item.blunt_axe.4415	Quest Helper 5ea99d5ea9ba3fb096ebe7b5ed02d80883e9819d: One Small Favour
Onesmallfavour	all:item.bowl_of_hot_water.4456	ALL	item.bowl_of_hot_water.4456	Quest Helper 5ea99d5ea9ba3fb096ebe7b5ed02d80883e9819d: One Small Favour
Onesmallfavour	all:item.bronze-bar	ALL	item.bronze-bar	Quest Helper 5ea99d5ea9ba3fb096ebe7b5ed02d80883e9819d: Observatory Quest, One Small Favour, Prince Ali Rescue, The Giant Dwarf and The Tourist Trap; Quest completeness review batch 6
Onesmallfavour	all:item.chisel	ALL	item.chisel	Quest Helper 5ea99d5ea9ba3fb096ebe7b5ed02d80883e9819d: A Taste of Hope, Big Chompy Bird Hunting, Desert Treasure II, Dragon Slayer II, Enakhra's Lament, Haunted Mine, Monkey Madness II, Mourning's End Part II, One Small Favour, Shilo Village, Sins of the Father, Sleeping Giants, Tears of Guthix, Temple of the Eye, The Slug Menace and While Guthix Sleeps
Onesmallfavour	all:item.cup_of_hot_water.4460	ALL	item.cup_of_hot_water.4460	Quest Helper 5ea99d5ea9ba3fb096ebe7b5ed02d80883e9819d: One Small Favour
Onesmallfavour	all:item.empty_cup.1980	ALL	item.empty_cup.1980	Quest Helper 5ea99d5ea9ba3fb096ebe7b5ed02d80883e9819d: One Small Favour; Scrambled!
Onesmallfavour	all:item.guam_leaf.249	ALL	item.guam_leaf.249	Quest Helper 5ea99d5ea9ba3fb096ebe7b5ed02d80883e9819d: Lunar Diplomacy; One Small Favour; While Guthix Sleeps
Onesmallfavour	all:item.guthix_rest_4.4417	ALL	item.guthix_rest_4.4417	Quest Helper 5ea99d5ea9ba3fb096ebe7b5ed02d80883e9819d: One Small Favour
Onesmallfavour	all:item.harralander.255	ALL	item.harralander.255	Quest Helper 5ea99d5ea9ba3fb096ebe7b5ed02d80883e9819d: One Small Favour; While Guthix Sleeps
Onesmallfavour	all:item.herb_tea_mix.4464	ALL	item.herb_tea_mix.4464	Quest Helper 5ea99d5ea9ba3fb096ebe7b5ed02d80883e9819d: One Small Favour
Onesmallfavour	all:item.iron-bar	ALL	item.iron-bar	Quest Helper 5ea99d5ea9ba3fb096ebe7b5ed02d80883e9819d: Animal Magnetism, Beneath Cursed Sands, Bone Voyage, Death Plateau, One Small Favour, Swan Song, The Giant Dwarf, The Knight's Sword, Throne of Miscellania and Troll Romance
Onesmallfavour	all:item.jade.1611	ALL	item.jade.1611	Quest Helper 5ea99d5ea9ba3fb096ebe7b5ed02d80883e9819d: Legends' Quest; One Small Favour
Onesmallfavour	all:item.marrentill.251	ALL	item.marrentill.251	Quest Helper 5ea99d5ea9ba3fb096ebe7b5ed02d80883e9819d: Lunar Diplomacy; One Small Favour; Ratcatchers
Onesmallfavour	all:item.opal.1609	ALL	item.opal.1609	Quest Helper 5ea99d5ea9ba3fb096ebe7b5ed02d80883e9819d: Legends' Quest; One Small Favour; The Dig Site
Onesmallfavour	all:item.pot	ALL	item.pot	Quest Helper 5ea99d5ea9ba3fb096ebe7b5ed02d80883e9819d: Cook's Assistant, Forgettable Tale, Murder Mystery, One Small Favour, Rag and Bone Man, Recipe for Disaster, Regicide and Swan Song; Quest Helper 5ea99d5ea9ba3fb096ebe7b5ed02d80883e9819d; OSRS Wiki: Rag and Bone Man II
Onesmallfavour	all:item.pot_lid.4440	ALL	item.pot_lid.4440	Quest Helper 5ea99d5ea9ba3fb096ebe7b5ed02d80883e9819d: One Small Favour; Swan Song
Onesmallfavour	all:item.red_mahogany_log.4445	ALL	item.red_mahogany_log.4445	Quest Helper 5ea99d5ea9ba3fb096ebe7b5ed02d80883e9819d: One Small Favour
Onesmallfavour	all:item.red_topaz.1613	ALL	item.red_topaz.1613	Quest Helper 5ea99d5ea9ba3fb096ebe7b5ed02d80883e9819d: Legends' Quest; One Small Favour
Onesmallfavour	all:item.sapphire	ALL	item.sapphire	Quest Helper 5ea99d5ea9ba3fb096ebe7b5ed02d80883e9819d: In Aid of the Myreque; Legends’ Quest; One Small Favour
Onesmallfavour	all:item.sharpened_axe.4444	ALL	item.sharpened_axe.4444	Quest Helper 5ea99d5ea9ba3fb096ebe7b5ed02d80883e9819d: One Small Favour
Onesmallfavour	all:item.soft_clay.1761	ALL	item.soft_clay.1761	Quest Helper 5ea99d5ea9ba3fb096ebe7b5ed02d80883e9819d: Enakhra's Lament; Getting Ahead; In Aid of the Myreque; One Small Favour; Prince Ali Rescue; The Golem; The Heart of Darkness
Onesmallfavour	all:item.steel-bar	ALL	item.steel-bar	Quest Helper 5ea99d5ea9ba3fb096ebe7b5ed02d80883e9819d: Cold War, Desert Treasure I, In Aid of the Myreque, One Small Favour, Prying Times and The Giant Dwarf
Onesmallfavour	all:item.uncut-sapphire	ALL	item.uncut-sapphire	Quest Helper 5ea99d5ea9ba3fb096ebe7b5ed02d80883e9819d: One Small Favour
Onesmallfavour	all:item.uncut_jade.1627	ALL	item.uncut_jade.1627	Quest Helper 5ea99d5ea9ba3fb096ebe7b5ed02d80883e9819d: One Small Favour
Onesmallfavour	all:item.uncut_opal.1625	ALL	item.uncut_opal.1625	Quest Helper 5ea99d5ea9ba3fb096ebe7b5ed02d80883e9819d: One Small Favour
Onesmallfavour	all:item.uncut_red_topaz.1629	ALL	item.uncut_red_topaz.1629	Quest Helper 5ea99d5ea9ba3fb096ebe7b5ed02d80883e9819d: One Small Favour
Onesmallfavour	all:item.unfired_pot_lid.4438	ALL	item.unfired_pot_lid.4438	Quest Helper 5ea99d5ea9ba3fb096ebe7b5ed02d80883e9819d: One Small Favour
Perilousmoon	all:item.big_fishing_net.305	ALL	item.big_fishing_net.305	Quest Helper 5ea99d5ea9ba3fb096ebe7b5ed02d80883e9819d: Perilous Moon
Perilousmoon	all:item.earth_talisman.1440	ALL	item.earth_talisman.1440	Quest Helper 5ea99d5ea9ba3fb096ebe7b5ed02d80883e9819d: Perilous Moon
Perilousmoon	all:item.infused_earth_talisman.28967	ALL	item.infused_earth_talisman.28967	Quest Helper 5ea99d5ea9ba3fb096ebe7b5ed02d80883e9819d: Perilous Moon
Perilousmoon	all:item.infused_water_talisman.28966	ALL	item.infused_water_talisman.28966	Quest Helper 5ea99d5ea9ba3fb096ebe7b5ed02d80883e9819d: Perilous Moon
Perilousmoon	all:item.knife	ALL	item.knife	Quest Helper 5ea99d5ea9ba3fb096ebe7b5ed02d80883e9819d: A Taste of Hope, Below Ice Mountain, Big Chompy Bird Hunting, Curse of the Empty Lord, Darkness of Hallowvale, Desert Treasure II, Elemental Workshop I, Getting Ahead, Ghosts Ahoy, Lost City, Misthalin Mystery, Perilous Moon, Recipe for Disaster, Sins of the Father, Spirits of the Elid, Tai Bwo Wannai Trio, The Final Dawn, The Fremennik Isles, The Fremennik Trials, The Tourist Trap, While Guthix Sleeps and Zogre Flesh Eaters; Quest completeness review batch 6
Perilousmoon	all:item.pestle_and_mortar.233	ALL	item.pestle_and_mortar.233	Quest Helper 5ea99d5ea9ba3fb096ebe7b5ed02d80883e9819d: A Taste of Hope; Dream Mentor; Eadgar’s Ruse; Fairytale II – Cure a Queen; Garden of Tranquillity; Land of the Goblins; Lunar Diplomacy; Monkey Madness II; Perilous Moons; Recipe for Disaster; Regicide; Shadow of the Storm; Song of the Elves; Tai Bwo Wannai Trio; The Dig Site; The Eyes of Glouphrie; The Golem; Watchtower; Quest Helper 5ea99d5ea9ba3fb096ebe7b5ed02d80883e9819d; OSRS Wiki: Dragon Slayer II
Perilousmoon	all:item.raw_bream.29216	ALL	item.raw_bream.29216	Quest Helper 5ea99d5ea9ba3fb096ebe7b5ed02d80883e9819d: Perilous Moon
Perilousmoon	all:item.raw_moss_lizard.29076	ALL	item.raw_moss_lizard.29076	Quest Helper 5ea99d5ea9ba3fb096ebe7b5ed02d80883e9819d: Perilous Moon
Perilousmoon	all:item.rope.954	ALL	item.rope.954	Quest Helper 5ea99d5ea9ba3fb096ebe7b5ed02d80883e9819d: A Porcine of Interest; A Soul’s Bane; Another Slice of H.A.M.; Cabin Fever; In Aid of the Myreque; Legends’ Quest; Making Friends with My Arm; Mountain Daughter; Mourning’s End Part II; Olaf’s Quest; Perilous Moons; Plague City; Prince Ali Rescue; Rag and Bone Man II; Recipe for Disaster; Regicide; Roving Elves; Royal Trouble; Shilo Village; Song of the Elves; Spirits of the Elid; Tale of the Righteous; Tears of Guthix; The Dig Site; The Fremennik Isles; Troll Romance; Underground Pass; Wanted!; Watchtower; Waterfall Quest
Perilousmoon	all:item.saw.8794	ALL	item.saw.8794	Quest Helper 5ea99d5ea9ba3fb096ebe7b5ed02d80883e9819d: Perilous Moon; Quest Helper 5ea99d5ea9ba3fb096ebe7b5ed02d80883e9819d; OSRS Wiki: Dragon Slayer II
Perilousmoon	all:item.water_talisman.1444	ALL	item.water_talisman.1444	Quest Helper 5ea99d5ea9ba3fb096ebe7b5ed02d80883e9819d: Perilous Moon
Piratestreasure	all:item.spade	ALL	item.spade	Quest Helper 5ea99d5ea9ba3fb096ebe7b5ed02d80883e9819d: Bear Your Soul, Beneath Cursed Sands, Cold War, Creature of Fenkenstrain, Dragon Slayer II, Ernest the Chicken, Fairytale I - Growing Pains, Fishing Contest, Garden of Tranquillity, Ghosts Ahoy, In Aid of the Myreque, Lunar Diplomacy, Making History, My Arm's Big Adventure, Olaf's Quest, Pirate's Treasure, Plague City, Regicide, Roving Elves, Shilo Village, Song of the Elves, The Corsair Curse, Underground Pass, While Guthix Sleeps and X Marks the Spot; Quest completeness review batch 6
Plaguecity	all:item.bucket_of_milk.1927	ALL	item.bucket_of_milk.1927	Quest Helper 5ea99d5ea9ba3fb096ebe7b5ed02d80883e9819d: A Tail of Two Cats; Cook's Assistant; Gertrude’s Cat; Ghosts Ahoy; Plague City; Ratcatchers; Recipe for Disaster
Plaguecity	all:item.bucket_of_water.1929	ALL	item.bucket_of_water.1929	Quest Helper 5ea99d5ea9ba3fb096ebe7b5ed02d80883e9819d: Demon Slayer I; Forgettable Tale of a Drunken Dwarf; Getting Ahead; Making Friends with My Arm; Mourning’s End Part I; Plague City; Prince Ali Rescue; Recipe for Disaster; Rum Deal; Skippy and the Mogres; Sleeping Giants; Temple of the Eye
Plaguecity	all:item.chocolate_dust.1975	ALL	item.chocolate_dust.1975	Quest Helper 5ea99d5ea9ba3fb096ebe7b5ed02d80883e9819d: Plague City; While Guthix Sleeps
Plaguecity	all:item.chocolatey_milk.1977	ALL	item.chocolatey_milk.1977	Quest Helper 5ea99d5ea9ba3fb096ebe7b5ed02d80883e9819d: Plague City
Plaguecity	all:item.dwellberries.2126	ALL	item.dwellberries.2126	Quest Helper 5ea99d5ea9ba3fb096ebe7b5ed02d80883e9819d: Plague City; The Curse of Arrav
Plaguecity	all:item.rope.954	ALL	item.rope.954	Quest Helper 5ea99d5ea9ba3fb096ebe7b5ed02d80883e9819d: A Porcine of Interest; A Soul’s Bane; Another Slice of H.A.M.; Cabin Fever; In Aid of the Myreque; Legends’ Quest; Making Friends with My Arm; Mountain Daughter; Mourning’s End Part II; Olaf’s Quest; Perilous Moons; Plague City; Prince Ali Rescue; Rag and Bone Man II; Recipe for Disaster; Regicide; Roving Elves; Royal Trouble; Shilo Village; Song of the Elves; Spirits of the Elid; Tale of the Righteous; Tears of Guthix; The Dig Site; The Fremennik Isles; Troll Romance; Underground Pass; Wanted!; Watchtower; Waterfall Quest
Plaguecity	all:item.snape_grass.231	ALL	item.snape_grass.231	Quest Helper 5ea99d5ea9ba3fb096ebe7b5ed02d80883e9819d: Plague City; While Guthix Sleeps
Plaguecity	all:item.spade	ALL	item.spade	Quest Helper 5ea99d5ea9ba3fb096ebe7b5ed02d80883e9819d: Bear Your Soul, Beneath Cursed Sands, Cold War, Creature of Fenkenstrain, Dragon Slayer II, Ernest the Chicken, Fairytale I - Growing Pains, Fishing Contest, Garden of Tranquillity, Ghosts Ahoy, In Aid of the Myreque, Lunar Diplomacy, Making History, My Arm's Big Adventure, Olaf's Quest, Pirate's Treasure, Plague City, Regicide, Roving Elves, Shilo Village, Song of the Elves, The Corsair Curse, Underground Pass, While Guthix Sleeps and X Marks the Spot; Quest completeness review batch 6
Priestinperil	all:item.bucket	ALL	item.bucket	Quest Helper 5ea99d5ea9ba3fb096ebe7b5ed02d80883e9819d: Clock Tower, Cook's Assistant, Demon Slayer, Getting Ahead, Icthlarin's Little Helper, In Aid of the Myreque, Making Friends with My Arm, Merlin's Crystal, Misthalin Mystery, My Arm's Big Adventure, Priest in Peril, Regicide, Rum Deal, Sleeping Giants, The Feud and Underground Pass
Priestinperil	all:item.small_pouch.5509	ALL	item.small_pouch.5509	Quest Helper 5ea99d5ea9ba3fb096ebe7b5ed02d80883e9819d: Priest In Peril
Princealirescue	all:item.ashes.592	ALL	item.ashes.592	Quest Helper 5ea99d5ea9ba3fb096ebe7b5ed02d80883e9819d: Desert Treasure I; Prince Ali Rescue; Recipe for Disaster; Shades of Mort’ton
Princealirescue	all:item.ball_of_wool.1759	ALL	item.ball_of_wool.1759	Quest Helper 5ea99d5ea9ba3fb096ebe7b5ed02d80883e9819d: Enlightened Journey; Monkey Madness I; Prince Ali Rescue; Recipe for Disaster; Sheep Shearer
Princealirescue	all:item.beer.1917	ALL	item.beer.1917	Quest Helper 5ea99d5ea9ba3fb096ebe7b5ed02d80883e9819d: Forgettable Tale of a Drunken Dwarf; Prince Ali Rescue; The Feud; The Final Dawn; The Hand in the Sand; Tower of Life; Vampyre Slayer
Princealirescue	all:item.bronze-bar	ALL	item.bronze-bar	Quest Helper 5ea99d5ea9ba3fb096ebe7b5ed02d80883e9819d: Observatory Quest, One Small Favour, Prince Ali Rescue, The Giant Dwarf and The Tourist Trap; Quest completeness review batch 6
Princealirescue	all:item.bucket_of_water.1929	ALL	item.bucket_of_water.1929	Quest Helper 5ea99d5ea9ba3fb096ebe7b5ed02d80883e9819d: Demon Slayer I; Forgettable Tale of a Drunken Dwarf; Getting Ahead; Making Friends with My Arm; Mourning’s End Part I; Plague City; Prince Ali Rescue; Recipe for Disaster; Rum Deal; Skippy and the Mogres; Sleeping Giants; Temple of the Eye
Princealirescue	all:item.pink_skirt.1013	ALL	item.pink_skirt.1013	Quest Helper 5ea99d5ea9ba3fb096ebe7b5ed02d80883e9819d: Prince Ali Rescue
Princealirescue	all:item.pot_of_flour	ALL	item.pot_of_flour	Quest Helper 5ea99d5ea9ba3fb096ebe7b5ed02d80883e9819d: Cook's Assistant, Getting Ahead, Murder Mystery, Prince Ali Rescue and Recipe for Disaster
Princealirescue	all:item.redberries.1951	ALL	item.redberries.1951	Quest Helper 5ea99d5ea9ba3fb096ebe7b5ed02d80883e9819d: Prince Ali Rescue; The Hand in the Sand
Princealirescue	all:item.rope.954	ALL	item.rope.954	Quest Helper 5ea99d5ea9ba3fb096ebe7b5ed02d80883e9819d: A Porcine of Interest; A Soul’s Bane; Another Slice of H.A.M.; Cabin Fever; In Aid of the Myreque; Legends’ Quest; Making Friends with My Arm; Mountain Daughter; Mourning’s End Part II; Olaf’s Quest; Perilous Moons; Plague City; Prince Ali Rescue; Rag and Bone Man II; Recipe for Disaster; Regicide; Roving Elves; Royal Trouble; Shilo Village; Song of the Elves; Spirits of the Elid; Tale of the Righteous; Tears of Guthix; The Dig Site; The Fremennik Isles; Troll Romance; Underground Pass; Wanted!; Watchtower; Waterfall Quest
Princealirescue	all:item.soft_clay.1761	ALL	item.soft_clay.1761	Quest Helper 5ea99d5ea9ba3fb096ebe7b5ed02d80883e9819d: Enakhra's Lament; Getting Ahead; In Aid of the Myreque; One Small Favour; Prince Ali Rescue; The Golem; The Heart of Darkness
Princealirescue	all:item.yellow_dye.1765	ALL	item.yellow_dye.1765	Quest Helper 5ea99d5ea9ba3fb096ebe7b5ed02d80883e9819d: Eagles' Peak; Enlightened Journey; Ghosts Ahoy; Land of the Goblins; Mourning’s End Part I; Prince Ali Rescue
Pryingtimes	all:item.bottle_of_fish_bladder_stout.31833	ALL	item.bottle_of_fish_bladder_stout.31833	Quest Helper 5ea99d5ea9ba3fb096ebe7b5ed02d80883e9819d: Prying Times
Pryingtimes	all:item.captain_s_log.31985	ALL	item.captain_s_log.31985	Quest Helper 5ea99d5ea9ba3fb096ebe7b5ed02d80883e9819d: Prying Times
Pryingtimes	all:item.hammer	ALL	item.hammer	Quest Helper 5ea99d5ea9ba3fb096ebe7b5ed02d80883e9819d: Prying Times; Sleeping Giants; The Great Brain Robbery; While Guthix Sleeps; Quest Helper 5ea99d5ea9ba3fb096ebe7b5ed02d80883e9819d; OSRS Wiki: Dragon Slayer II
Pryingtimes	all:item.redberry_pie.2325	ALL	item.redberry_pie.2325	Quest Helper 5ea99d5ea9ba3fb096ebe7b5ed02d80883e9819d: Prying Times; The Giant Dwarf; The Knight's Sword
Pryingtimes	all:item.steel-bar	ALL	item.steel-bar	Quest Helper 5ea99d5ea9ba3fb096ebe7b5ed02d80883e9819d: Cold War, Desert Treasure I, In Aid of the Myreque, One Small Favour, Prying Times and The Giant Dwarf
Ragandboneman	all:item.bone_in_vinegar.7813	ALL	item.bone_in_vinegar.7813	Quest Helper 5ea99d5ea9ba3fb096ebe7b5ed02d80883e9819d: Rag And Bone Man II
Ragandboneman	all:item.fishing_explosive.6660	ALL	item.fishing_explosive.6660	Quest Helper pinned source; quest catalogue-gap review
Ragandboneman	all:item.ice_cooler.6696	ALL	item.ice_cooler.6696	Quest Helper pinned source; quest catalogue-gap review
Ragandboneman	all:item.jug_of_vinegar.7810	ALL	item.jug_of_vinegar.7810	Quest Helper 5ea99d5ea9ba3fb096ebe7b5ed02d80883e9819d: Rag And Bone Man I; Quest Helper 5ea99d5ea9ba3fb096ebe7b5ed02d80883e9819d; OSRS Wiki: Rag and Bone Man II
Ragandboneman	all:item.logs	ALL	item.logs	Quest Helper 5ea99d5ea9ba3fb096ebe7b5ed02d80883e9819d: A Tail of Two Cats, Eadgar's Ruse, Enakhra's Lament, Enlightened Journey, Monk's Friend, Monkey Madness II, Rag and Bone Man, Sins of the Father, The Giant Dwarf, Throne of Miscellania, Tree Gnome Village and While Guthix Sleeps; Quest completeness review batch 6; Quest Helper 5ea99d5ea9ba3fb096ebe7b5ed02d80883e9819d; OSRS Wiki: Rag and Bone Man II
Ragandboneman	all:item.pot	ALL	item.pot	Quest Helper 5ea99d5ea9ba3fb096ebe7b5ed02d80883e9819d: Cook's Assistant, Forgettable Tale, Murder Mystery, One Small Favour, Rag and Bone Man, Recipe for Disaster, Regicide and Swan Song; Quest Helper 5ea99d5ea9ba3fb096ebe7b5ed02d80883e9819d; OSRS Wiki: Rag and Bone Man II
Ragandboneman	all:item.pot_of_vinegar.7811	ALL	item.pot_of_vinegar.7811	Quest Helper 5ea99d5ea9ba3fb096ebe7b5ed02d80883e9819d: Rag And Bone Man I; Quest Helper 5ea99d5ea9ba3fb096ebe7b5ed02d80883e9819d; OSRS Wiki: Rag and Bone Man II
Ragandboneman	all:item.rope.954	ALL	item.rope.954	Quest Helper 5ea99d5ea9ba3fb096ebe7b5ed02d80883e9819d: A Porcine of Interest; A Soul’s Bane; Another Slice of H.A.M.; Cabin Fever; In Aid of the Myreque; Legends’ Quest; Making Friends with My Arm; Mountain Daughter; Mourning’s End Part II; Olaf’s Quest; Perilous Moons; Plague City; Prince Ali Rescue; Rag and Bone Man II; Recipe for Disaster; Regicide; Roving Elves; Royal Trouble; Shilo Village; Song of the Elves; Spirits of the Elid; Tale of the Righteous; Tears of Guthix; The Dig Site; The Fremennik Isles; Troll Romance; Underground Pass; Wanted!; Watchtower; Waterfall Quest
Ragandboneman	all:item.tinderbox	ALL	item.tinderbox	Quest Helper 5ea99d5ea9ba3fb096ebe7b5ed02d80883e9819d: A Tail of Two Cats, Another Slice of Ham, Beneath Cursed Sands, Cabin Fever, Contact, Death to the Dorgeshuun, Desert Treasure I, Desert Treasure II, Dream Mentor, Eadgar's Ruse, Enakhra's Lament, Enlightened Journey, Horror from the Deep, Icthlarin's Little Helper, In Aid of the Myreque, Land of the Goblins, Lunar Diplomacy, Merlin's Crystal, Misthalin Mystery, Olaf's Quest, Rag and Bone Man, Rat Catchers, Recipe for Disaster, Regicide, Secrets of the North, Shades of Mort'ton, Song of the Elves, Swan Song, Tai Bwo Wannai Trio, Tears of Guthix, The Corsair Curse, The Dig Site, The Forsaken Tower, The Fremennik Trials, The Giant Dwarf, The Great Brain Robbery and Underground Pass; Quest completeness review batch 6; Quest Helper 5ea99d5ea9ba3fb096ebe7b5ed02d80883e9819d; OSRS Wiki: Rag and Bone Man II; Quest Helper 5ea99d5ea9ba3fb096ebe7b5ed02d80883e9819d; OSRS Wiki: Dragon Slayer II
Ratcatchers	all:item.cat_antipoison.6766	ALL	item.cat_antipoison.6766	Quest Helper 5ea99d5ea9ba3fb096ebe7b5ed02d80883e9819d: Rat Catchers
Ratcatchers	all:item.kwuarm.263	ALL	item.kwuarm.263	Quest Helper 5ea99d5ea9ba3fb096ebe7b5ed02d80883e9819d: Rat Catchers
Ratcatchers	all:item.poisoned_cheese.6768	ALL	item.poisoned_cheese.6768	Quest Helper 5ea99d5ea9ba3fb096ebe7b5ed02d80883e9819d: Rat Catchers
Ratcatchers	all:item.smouldering_pot.6772	ALL	item.smouldering_pot.6772	Quest Helper 5ea99d5ea9ba3fb096ebe7b5ed02d80883e9819d: Rat Catchers
Ratcatchers	all:item.snake_charm.4605	ALL	item.snake_charm.4605	Quest Helper 5ea99d5ea9ba3fb096ebe7b5ed02d80883e9819d: Rat Catchers; The Feud
Ratcatchers	all:item.tinderbox	ALL	item.tinderbox	Quest Helper 5ea99d5ea9ba3fb096ebe7b5ed02d80883e9819d: A Tail of Two Cats, Another Slice of Ham, Beneath Cursed Sands, Cabin Fever, Contact, Death to the Dorgeshuun, Desert Treasure I, Desert Treasure II, Dream Mentor, Eadgar's Ruse, Enakhra's Lament, Enlightened Journey, Horror from the Deep, Icthlarin's Little Helper, In Aid of the Myreque, Land of the Goblins, Lunar Diplomacy, Merlin's Crystal, Misthalin Mystery, Olaf's Quest, Rag and Bone Man, Rat Catchers, Recipe for Disaster, Regicide, Secrets of the North, Shades of Mort'ton, Song of the Elves, Swan Song, Tai Bwo Wannai Trio, Tears of Guthix, The Corsair Curse, The Dig Site, The Forsaken Tower, The Fremennik Trials, The Giant Dwarf, The Great Brain Robbery and Underground Pass; Quest completeness review batch 6; Quest Helper 5ea99d5ea9ba3fb096ebe7b5ed02d80883e9819d; OSRS Wiki: Rag and Bone Man II; Quest Helper 5ea99d5ea9ba3fb096ebe7b5ed02d80883e9819d; OSRS Wiki: Dragon Slayer II
Ratcatchers	all:item.unicorn_horn_dust.235	ALL	item.unicorn_horn_dust.235	Quest Helper 5ea99d5ea9ba3fb096ebe7b5ed02d80883e9819d: Rat Catchers
Recipefordisaster	all:item.asgarnian_ale.1905	ALL	item.asgarnian_ale.1905	Quest Helper 5ea99d5ea9ba3fb096ebe7b5ed02d80883e9819d: Death Plateau; Recipe for Disaster
Recipefordisaster	all:item.asgoldian_ale.7508	ALL	item.asgoldian_ale.7508	Quest Helper 5ea99d5ea9ba3fb096ebe7b5ed02d80883e9819d: Recipe for Disaster; OSRS Wiki: Recipe for Disaster
Recipefordisaster	all:item.ashes.592	ALL	item.ashes.592	Quest Helper 5ea99d5ea9ba3fb096ebe7b5ed02d80883e9819d: Desert Treasure I; Prince Ali Rescue; Recipe for Disaster; Shades of Mort’ton
Recipefordisaster	all:item.ball_of_wool.1759	ALL	item.ball_of_wool.1759	Quest Helper 5ea99d5ea9ba3fb096ebe7b5ed02d80883e9819d: Enlightened Journey; Monkey Madness I; Prince Ali Rescue; Recipe for Disaster; Sheep Shearer
Recipefordisaster	all:item.balloon_toad.7564	ALL	item.balloon_toad.7564	Quest Helper 5ea99d5ea9ba3fb096ebe7b5ed02d80883e9819d: Recipe for Disaster; OSRS Wiki: Recipe for Disaster
Recipefordisaster	all:item.banana.1963	ALL	item.banana.1963	Quest Helper 5ea99d5ea9ba3fb096ebe7b5ed02d80883e9819d: Monkey Madness I; Pirate’s Treasure; Recipe for Disaster; Tai Bwo Wannai Trio
Recipefordisaster	all:item.bloated_toad.2875	ALL	item.bloated_toad.2875	Quest Helper 5ea99d5ea9ba3fb096ebe7b5ed02d80883e9819d: Big Chompy Bird Hunting; Quest Helper 5ea99d5ea9ba3fb096ebe7b5ed02d80883e9819d: Recipe for Disaster; OSRS Wiki: Recipe for Disaster
Recipefordisaster	all:item.bowl_of_water.1921	ALL	item.bowl_of_water.1921	Quest Helper 5ea99d5ea9ba3fb096ebe7b5ed02d80883e9819d: Recipe for Disaster; Scrambled!
Recipefordisaster	all:item.bread	ALL	item.bread	Quest Helper 5ea99d5ea9ba3fb096ebe7b5ed02d80883e9819d: Below Ice Mountain, Death Plateau, Merlin's Crystal and Recipe for Disaster
Recipefordisaster	all:item.bronze_wire.1794	ALL	item.bronze_wire.1794	Quest Helper 5ea99d5ea9ba3fb096ebe7b5ed02d80883e9819d: Creature of Fenkenstrain; Recipe for Disaster; Shilo Village
Recipefordisaster	all:item.brulee.7473	ALL	item.brulee.7473	Quest Helper 5ea99d5ea9ba3fb096ebe7b5ed02d80883e9819d: Recipe for Disaster; OSRS Wiki: Recipe for Disaster
Recipefordisaster	all:item.brulee_supreme.7476	ALL	item.brulee_supreme.7476	Quest Helper 5ea99d5ea9ba3fb096ebe7b5ed02d80883e9819d: Recipe for Disaster; OSRS Wiki: Recipe for Disaster
Recipefordisaster	all:item.bucket_of_milk.1927	ALL	item.bucket_of_milk.1927	Quest Helper 5ea99d5ea9ba3fb096ebe7b5ed02d80883e9819d: A Tail of Two Cats; Cook's Assistant; Gertrude’s Cat; Ghosts Ahoy; Plague City; Ratcatchers; Recipe for Disaster
Recipefordisaster	all:item.bucket_of_water.1929	ALL	item.bucket_of_water.1929	Quest Helper 5ea99d5ea9ba3fb096ebe7b5ed02d80883e9819d: Demon Slayer I; Forgettable Tale of a Drunken Dwarf; Getting Ahead; Making Friends with My Arm; Mourning’s End Part I; Plague City; Prince Ali Rescue; Recipe for Disaster; Rum Deal; Skippy and the Mogres; Sleeping Giants; Temple of the Eye
Recipefordisaster	all:item.cake_tin.1887	ALL	item.cake_tin.1887	Quest Helper 5ea99d5ea9ba3fb096ebe7b5ed02d80883e9819d: Recipe for Disaster; Troll Romance
Recipefordisaster	all:item.charcoal.973	ALL	item.charcoal.973	Quest Helper 5ea99d5ea9ba3fb096ebe7b5ed02d80883e9819d: Current Affairs; Darkness of Hallowvale; Desert Treasure I; Legends’ Quest; Recipe for Disaster; Shilo Village; The Dig Site; While Guthix Sleeps; Zogre Flesh Eaters
Recipefordisaster	all:item.cooked_fishcake.7530	ALL	item.cooked_fishcake.7530	Quest Helper 5ea99d5ea9ba3fb096ebe7b5ed02d80883e9819d: Recipe for Disaster; OSRS Wiki: Recipe for Disaster
Recipefordisaster	all:item.cooked_jubbly.7568	ALL	item.cooked_jubbly.7568	Quest Helper 5ea99d5ea9ba3fb096ebe7b5ed02d80883e9819d: Recipe for Disaster; OSRS Wiki: Recipe for Disaster
Recipefordisaster	all:item.cornflour_mixture.7470	ALL	item.cornflour_mixture.7470	Quest Helper 5ea99d5ea9ba3fb096ebe7b5ed02d80883e9819d: Recipe for Disaster; OSRS Wiki: Recipe for Disaster
Recipefordisaster	all:item.dirty_blast.7497	ALL	item.dirty_blast.7497	Quest Helper 5ea99d5ea9ba3fb096ebe7b5ed02d80883e9819d: Recipe for Disaster; OSRS Wiki: Recipe for Disaster
Recipefordisaster	all:item.diving_apparatus.7535	ALL	item.diving_apparatus.7535	Quest Helper 5ea99d5ea9ba3fb096ebe7b5ed02d80883e9819d: Recipe for Disaster; The Great Brain Robbery
Recipefordisaster	all:item.dragon_token.7478	ALL	item.dragon_token.7478	Quest Helper 5ea99d5ea9ba3fb096ebe7b5ed02d80883e9819d: Recipe for Disaster; OSRS Wiki: Recipe for Disaster
Recipefordisaster	all:item.dramen_staff.772	ALL	item.dramen_staff.772	Quest Helper 5ea99d5ea9ba3fb096ebe7b5ed02d80883e9819d: Fairytale I – Growing Pains; Fairytale II – Cure a Queen; Lunar Diplomacy; Rag and Bone Man I; Recipe for Disaster
Recipefordisaster	all:item.dwarven_rock_cake.7509	ALL	item.dwarven_rock_cake.7509	Quest Helper 5ea99d5ea9ba3fb096ebe7b5ed02d80883e9819d: Recipe for Disaster; OSRS Wiki: Recipe for Disaster
Recipefordisaster	all:item.egg.1944	ALL	item.egg.1944	Quest Helper 5ea99d5ea9ba3fb096ebe7b5ed02d80883e9819d: Cook's Assistant; Recipe for Disaster
Recipefordisaster	all:item.empty_fishbowl.6667	ALL	item.empty_fishbowl.6667	Quest Helper 5ea99d5ea9ba3fb096ebe7b5ed02d80883e9819d: Recipe for Disaster; OSRS Wiki: Recipe for Disaster
Recipefordisaster	all:item.eye_of_newt.221	ALL	item.eye_of_newt.221	Quest Helper 5ea99d5ea9ba3fb096ebe7b5ed02d80883e9819d: Recipe for Disaster; While Guthix Sleeps; Witch's Potion
Recipefordisaster	all:item.fishbowl_helmet.7534	ALL	item.fishbowl_helmet.7534	Quest Helper 5ea99d5ea9ba3fb096ebe7b5ed02d80883e9819d: Recipe for Disaster; The Great Brain Robbery
Recipefordisaster	all:item.fishing_bait.313	ALL	item.fishing_bait.313	Quest Helper 5ea99d5ea9ba3fb096ebe7b5ed02d80883e9819d: Heroes' Quest; Recipe for Disaster
Recipefordisaster	all:item.fruit_blast.2084	ALL	item.fruit_blast.2084	Quest Helper 5ea99d5ea9ba3fb096ebe7b5ed02d80883e9819d: Recipe for Disaster; OSRS Wiki: Recipe for Disaster
Recipefordisaster	all:item.greenman_s_ale.1909	ALL	item.greenman_s_ale.1909	Quest Helper pinned source 5ea99d5ea9ba3fb096ebe7b5ed02d80883e9819d
Recipefordisaster	all:item.ice_gloves.1580	ALL	item.ice_gloves.1580	Quest Helper 5ea99d5ea9ba3fb096ebe7b5ed02d80883e9819d: Heroes’ Quest; Recipe for Disaster; The Fremennik Exiles
Recipefordisaster	all:item.iron_spit.7225	ALL	item.iron_spit.7225	Quest Helper 5ea99d5ea9ba3fb096ebe7b5ed02d80883e9819d: Big Chompy Bird Hunting; Quest Helper 5ea99d5ea9ba3fb096ebe7b5ed02d80883e9819d: Recipe for Disaster; OSRS Wiki: Recipe for Disaster
Recipefordisaster	all:item.knife	ALL	item.knife	Quest Helper 5ea99d5ea9ba3fb096ebe7b5ed02d80883e9819d: A Taste of Hope, Below Ice Mountain, Big Chompy Bird Hunting, Curse of the Empty Lord, Darkness of Hallowvale, Desert Treasure II, Elemental Workshop I, Getting Ahead, Ghosts Ahoy, Lost City, Misthalin Mystery, Perilous Moon, Recipe for Disaster, Sins of the Father, Spirits of the Elid, Tai Bwo Wannai Trio, The Final Dawn, The Fremennik Isles, The Fremennik Trials, The Tourist Trap, While Guthix Sleeps and Zogre Flesh Eaters; Quest completeness review batch 6
Recipefordisaster	all:item.m_speak_amulet.4021	ALL	item.m_speak_amulet.4021	Quest Helper 5ea99d5ea9ba3fb096ebe7b5ed02d80883e9819d: Monkey Madness I; Monkey Madness II; Recipe for Disaster
Recipefordisaster	all:item.milky_mixture.7471	ALL	item.milky_mixture.7471	Quest Helper 5ea99d5ea9ba3fb096ebe7b5ed02d80883e9819d: Recipe for Disaster; OSRS Wiki: Recipe for Disaster
Recipefordisaster	all:item.monkey_nuts.4012	ALL	item.monkey_nuts.4012	Quest Helper 5ea99d5ea9ba3fb096ebe7b5ed02d80883e9819d: Recipe for Disaster; OSRS Wiki: Recipe for Disaster
Recipefordisaster	all:item.mudskipper_hide.7532	ALL	item.mudskipper_hide.7532	Quest Helper 5ea99d5ea9ba3fb096ebe7b5ed02d80883e9819d: Recipe for Disaster; OSRS Wiki: Recipe for Disaster
Recipefordisaster	all:item.needle.1733	ALL	item.needle.1733	Quest Helper 5ea99d5ea9ba3fb096ebe7b5ed02d80883e9819d: At First Light; Creature of Fenkenstrain; Elemental Workshop I; Getting Ahead; Ghosts Ahoy; Lunar Diplomacy; Recipe for Disaster; Spirits of the Elid; The Fremennik Isles
Recipefordisaster	all:item.ogre_arrow.2866	ALL	item.ogre_arrow.2866	Quest Helper 5ea99d5ea9ba3fb096ebe7b5ed02d80883e9819d: Big Chompy Bird Hunting; Recipe for Disaster
Recipefordisaster	all:item.ogre_bow.2883	ALL	item.ogre_bow.2883	Quest Helper 5ea99d5ea9ba3fb096ebe7b5ed02d80883e9819d: Big Chompy Bird Hunting; Quest Helper 5ea99d5ea9ba3fb096ebe7b5ed02d80883e9819d: Recipe for Disaster; OSRS Wiki: Recipe for Disaster
Recipefordisaster	all:item.orange.2108	ALL	item.orange.2108	Quest Helper 5ea99d5ea9ba3fb096ebe7b5ed02d80883e9819d: Recipe for Disaster; OSRS Wiki: Recipe for Disaster
Recipefordisaster	all:item.orange_slices.2112	ALL	item.orange_slices.2112	Quest Helper 5ea99d5ea9ba3fb096ebe7b5ed02d80883e9819d: Recipe for Disaster; OSRS Wiki: Recipe for Disaster
Recipefordisaster	all:item.pestle_and_mortar.233	ALL	item.pestle_and_mortar.233	Quest Helper 5ea99d5ea9ba3fb096ebe7b5ed02d80883e9819d: A Taste of Hope; Dream Mentor; Eadgar’s Ruse; Fairytale II – Cure a Queen; Garden of Tranquillity; Land of the Goblins; Lunar Diplomacy; Monkey Madness II; Perilous Moons; Recipe for Disaster; Regicide; Shadow of the Storm; Song of the Elves; Tai Bwo Wannai Trio; The Dig Site; The Eyes of Glouphrie; The Golem; Watchtower; Quest Helper 5ea99d5ea9ba3fb096ebe7b5ed02d80883e9819d; OSRS Wiki: Dragon Slayer II
Recipefordisaster	all:item.pot	ALL	item.pot	Quest Helper 5ea99d5ea9ba3fb096ebe7b5ed02d80883e9819d: Cook's Assistant, Forgettable Tale, Murder Mystery, One Small Favour, Rag and Bone Man, Recipe for Disaster, Regicide and Swan Song; Quest Helper 5ea99d5ea9ba3fb096ebe7b5ed02d80883e9819d; OSRS Wiki: Rag and Bone Man II
Recipefordisaster	all:item.pot_of_cornflour.7468	ALL	item.pot_of_cornflour.7468	Quest Helper 5ea99d5ea9ba3fb096ebe7b5ed02d80883e9819d: Recipe for Disaster; OSRS Wiki: Recipe for Disaster
Recipefordisaster	all:item.pot_of_cream.2130	ALL	item.pot_of_cream.2130	Quest Helper 5ea99d5ea9ba3fb096ebe7b5ed02d80883e9819d: Recipe for Disaster; OSRS Wiki: Recipe for Disaster
Recipefordisaster	all:item.pot_of_flour	ALL	item.pot_of_flour	Quest Helper 5ea99d5ea9ba3fb096ebe7b5ed02d80883e9819d: Cook's Assistant, Getting Ahead, Murder Mystery, Prince Ali Rescue and Recipe for Disaster
Recipefordisaster	all:item.raw_chicken	ALL	item.raw_chicken	Quest Helper 5ea99d5ea9ba3fb096ebe7b5ed02d80883e9819d: Druidic Ritual, Eadgar's Ruse and Recipe for Disaster
Recipefordisaster	all:item.raw_chompy.2876	ALL	item.raw_chompy.2876	Quest Helper 5ea99d5ea9ba3fb096ebe7b5ed02d80883e9819d: Big Chompy Bird Hunting; Quest Helper 5ea99d5ea9ba3fb096ebe7b5ed02d80883e9819d: Recipe for Disaster; OSRS Wiki: Recipe for Disaster
Recipefordisaster	all:item.raw_cod.341	ALL	item.raw_cod.341	Quest Helper 5ea99d5ea9ba3fb096ebe7b5ed02d80883e9819d: Cold War; Recipe for Disaster
Recipefordisaster	all:item.raw_fishcake.7529	ALL	item.raw_fishcake.7529	Quest Helper 5ea99d5ea9ba3fb096ebe7b5ed02d80883e9819d: Recipe for Disaster; OSRS Wiki: Recipe for Disaster
Recipefordisaster	all:item.raw_guide_cake.7543	ALL	item.raw_guide_cake.7543	Quest Helper 5ea99d5ea9ba3fb096ebe7b5ed02d80883e9819d: Recipe for Disaster; OSRS Wiki: Recipe for Disaster
Recipefordisaster	all:item.raw_jubbly.7566	ALL	item.raw_jubbly.7566	Quest Helper 5ea99d5ea9ba3fb096ebe7b5ed02d80883e9819d: Recipe for Disaster; OSRS Wiki: Recipe for Disaster
Recipefordisaster	all:item.raw_stuffed_snake.7577	ALL	item.raw_stuffed_snake.7577	Quest Helper 5ea99d5ea9ba3fb096ebe7b5ed02d80883e9819d: Recipe for Disaster; OSRS Wiki: Recipe for Disaster
Recipefordisaster	all:item.red_banana.7572	ALL	item.red_banana.7572	Quest Helper 5ea99d5ea9ba3fb096ebe7b5ed02d80883e9819d: Recipe for Disaster; OSRS Wiki: Recipe for Disaster
Recipefordisaster	all:item.rope.954	ALL	item.rope.954	Quest Helper 5ea99d5ea9ba3fb096ebe7b5ed02d80883e9819d: A Porcine of Interest; A Soul’s Bane; Another Slice of H.A.M.; Cabin Fever; In Aid of the Myreque; Legends’ Quest; Making Friends with My Arm; Mountain Daughter; Mourning’s End Part II; Olaf’s Quest; Perilous Moons; Plague City; Prince Ali Rescue; Rag and Bone Man II; Recipe for Disaster; Regicide; Roving Elves; Royal Trouble; Shilo Village; Song of the Elves; Spirits of the Elid; Tale of the Righteous; Tears of Guthix; The Dig Site; The Fremennik Isles; Troll Romance; Underground Pass; Wanted!; Watchtower; Waterfall Quest
Recipefordisaster	all:item.sliced_red_banana.7574	ALL	item.sliced_red_banana.7574	Quest Helper 5ea99d5ea9ba3fb096ebe7b5ed02d80883e9819d: Recipe for Disaster; OSRS Wiki: Recipe for Disaster
Recipefordisaster	all:item.spicy_stew.7479	ALL	item.spicy_stew.7479	Quest Helper 5ea99d5ea9ba3fb096ebe7b5ed02d80883e9819d: Recipe for Disaster; OSRS Wiki: Recipe for Disaster
Recipefordisaster	all:item.stew.2003	ALL	item.stew.2003	Quest Helper 5ea99d5ea9ba3fb096ebe7b5ed02d80883e9819d: Recipe for Disaster; The Queen of Thieves
Recipefordisaster	all:item.stuffed_snake.7579	ALL	item.stuffed_snake.7579	Quest Helper 5ea99d5ea9ba3fb096ebe7b5ed02d80883e9819d: Recipe for Disaster; OSRS Wiki: Recipe for Disaster
Recipefordisaster	all:item.sweetcorn.5986	ALL	item.sweetcorn.5986	Quest Helper 5ea99d5ea9ba3fb096ebe7b5ed02d80883e9819d: Recipe for Disaster; OSRS Wiki: Recipe for Disaster
Recipefordisaster	all:item.tchiki_monkey_nuts.7573	ALL	item.tchiki_monkey_nuts.7573	Quest Helper 5ea99d5ea9ba3fb096ebe7b5ed02d80883e9819d: Recipe for Disaster; OSRS Wiki: Recipe for Disaster
Recipefordisaster	all:item.tchiki_nut_paste.7575	ALL	item.tchiki_nut_paste.7575	Quest Helper 5ea99d5ea9ba3fb096ebe7b5ed02d80883e9819d: Recipe for Disaster; OSRS Wiki: Recipe for Disaster
Recipefordisaster	all:item.tinderbox	ALL	item.tinderbox	Quest Helper 5ea99d5ea9ba3fb096ebe7b5ed02d80883e9819d: A Tail of Two Cats, Another Slice of Ham, Beneath Cursed Sands, Cabin Fever, Contact, Death to the Dorgeshuun, Desert Treasure I, Desert Treasure II, Dream Mentor, Eadgar's Ruse, Enakhra's Lament, Enlightened Journey, Horror from the Deep, Icthlarin's Little Helper, In Aid of the Myreque, Land of the Goblins, Lunar Diplomacy, Merlin's Crystal, Misthalin Mystery, Olaf's Quest, Rag and Bone Man, Rat Catchers, Recipe for Disaster, Regicide, Secrets of the North, Shades of Mort'ton, Song of the Elves, Swan Song, Tai Bwo Wannai Trio, Tears of Guthix, The Corsair Curse, The Dig Site, The Forsaken Tower, The Fremennik Trials, The Giant Dwarf, The Great Brain Robbery and Underground Pass; Quest completeness review batch 6; Quest Helper 5ea99d5ea9ba3fb096ebe7b5ed02d80883e9819d; OSRS Wiki: Rag and Bone Man II; Quest Helper 5ea99d5ea9ba3fb096ebe7b5ed02d80883e9819d; OSRS Wiki: Dragon Slayer II
Recruitmentdrive	all:item.shears	ALL	item.shears	Quest Helper 5ea99d5ea9ba3fb096ebe7b5ed02d80883e9819d: A Tail of Two Cats; Recruitment Drive; Sheep Shearer
Regicide	all:item.barrel.1841	ALL	item.barrel.1841	Quest Helper 5ea99d5ea9ba3fb096ebe7b5ed02d80883e9819d: Mourning’s End Part I; Regicide; The Tourist Trap
Regicide	all:item.bucket	ALL	item.bucket	Quest Helper 5ea99d5ea9ba3fb096ebe7b5ed02d80883e9819d: Clock Tower, Cook's Assistant, Demon Slayer, Getting Ahead, Icthlarin's Little Helper, In Aid of the Myreque, Making Friends with My Arm, Merlin's Crystal, Misthalin Mystery, My Arm's Big Adventure, Priest in Peril, Regicide, Rum Deal, Sleeping Giants, The Feud and Underground Pass
Regicide	all:item.coal	ALL	item.coal	Quest Helper 5ea99d5ea9ba3fb096ebe7b5ed02d80883e9819d: Beneath Cursed Sands, Elemental Workshop I, Elemental Workshop II, Enakhra's Lament, In Aid of the Myreque, Regicide, Royal Trouble, The Fremennik Isles and The Giant Dwarf
Regicide	all:item.cooked_rabbit.3228	ALL	item.cooked_rabbit.3228	Quest Helper 5ea99d5ea9ba3fb096ebe7b5ed02d80883e9819d: Regicide
Regicide	all:item.crystal_pendant.3208	ALL	item.crystal_pendant.3208	Quest Helper 5ea99d5ea9ba3fb096ebe7b5ed02d80883e9819d: Regicide
Regicide	all:item.limestone.3211	ALL	item.limestone.3211	Quest Helper 5ea99d5ea9ba3fb096ebe7b5ed02d80883e9819d: Regicide
Regicide	all:item.pestle_and_mortar.233	ALL	item.pestle_and_mortar.233	Quest Helper 5ea99d5ea9ba3fb096ebe7b5ed02d80883e9819d: A Taste of Hope; Dream Mentor; Eadgar’s Ruse; Fairytale II – Cure a Queen; Garden of Tranquillity; Land of the Goblins; Lunar Diplomacy; Monkey Madness II; Perilous Moons; Recipe for Disaster; Regicide; Shadow of the Storm; Song of the Elves; Tai Bwo Wannai Trio; The Dig Site; The Eyes of Glouphrie; The Golem; Watchtower; Quest Helper 5ea99d5ea9ba3fb096ebe7b5ed02d80883e9819d; OSRS Wiki: Dragon Slayer II
Regicide	all:item.plank.960	ALL	item.plank.960	Quest Helper 5ea99d5ea9ba3fb096ebe7b5ed02d80883e9819d: Daddy’s Home; Darkness of Hallowvale; Dragon Slayer I; Horror from the Deep; In Aid of the Myreque; In Search of the Myreque; Observatory Quest; Regicide; Royal Trouble; Scrambled!; The Great Brain Robbery; Underground Pass
Regicide	all:item.pot	ALL	item.pot	Quest Helper 5ea99d5ea9ba3fb096ebe7b5ed02d80883e9819d: Cook's Assistant, Forgettable Tale, Murder Mystery, One Small Favour, Rag and Bone Man, Recipe for Disaster, Regicide and Swan Song; Quest Helper 5ea99d5ea9ba3fb096ebe7b5ed02d80883e9819d; OSRS Wiki: Rag and Bone Man II
Regicide	all:item.rope.954	ALL	item.rope.954	Quest Helper 5ea99d5ea9ba3fb096ebe7b5ed02d80883e9819d: A Porcine of Interest; A Soul’s Bane; Another Slice of H.A.M.; Cabin Fever; In Aid of the Myreque; Legends’ Quest; Making Friends with My Arm; Mountain Daughter; Mourning’s End Part II; Olaf’s Quest; Perilous Moons; Plague City; Prince Ali Rescue; Rag and Bone Man II; Recipe for Disaster; Regicide; Roving Elves; Royal Trouble; Shilo Village; Song of the Elves; Spirits of the Elid; Tale of the Righteous; Tears of Guthix; The Dig Site; The Fremennik Isles; Troll Romance; Underground Pass; Wanted!; Watchtower; Waterfall Quest
Regicide	all:item.spade	ALL	item.spade	Quest Helper 5ea99d5ea9ba3fb096ebe7b5ed02d80883e9819d: Bear Your Soul, Beneath Cursed Sands, Cold War, Creature of Fenkenstrain, Dragon Slayer II, Ernest the Chicken, Fairytale I - Growing Pains, Fishing Contest, Garden of Tranquillity, Ghosts Ahoy, In Aid of the Myreque, Lunar Diplomacy, Making History, My Arm's Big Adventure, Olaf's Quest, Pirate's Treasure, Plague City, Regicide, Roving Elves, Shilo Village, Song of the Elves, The Corsair Curse, Underground Pass, While Guthix Sleeps and X Marks the Spot; Quest completeness review batch 6
Regicide	all:item.tinderbox	ALL	item.tinderbox	Quest Helper 5ea99d5ea9ba3fb096ebe7b5ed02d80883e9819d: A Tail of Two Cats, Another Slice of Ham, Beneath Cursed Sands, Cabin Fever, Contact, Death to the Dorgeshuun, Desert Treasure I, Desert Treasure II, Dream Mentor, Eadgar's Ruse, Enakhra's Lament, Enlightened Journey, Horror from the Deep, Icthlarin's Little Helper, In Aid of the Myreque, Land of the Goblins, Lunar Diplomacy, Merlin's Crystal, Misthalin Mystery, Olaf's Quest, Rag and Bone Man, Rat Catchers, Recipe for Disaster, Regicide, Secrets of the North, Shades of Mort'ton, Song of the Elves, Swan Song, Tai Bwo Wannai Trio, Tears of Guthix, The Corsair Curse, The Dig Site, The Forsaken Tower, The Fremennik Trials, The Giant Dwarf, The Great Brain Robbery and Underground Pass; Quest completeness review batch 6; Quest Helper 5ea99d5ea9ba3fb096ebe7b5ed02d80883e9819d; OSRS Wiki: Rag and Bone Man II; Quest Helper 5ea99d5ea9ba3fb096ebe7b5ed02d80883e9819d; OSRS Wiki: Dragon Slayer II
Regicide	all:item.west_ardougne_teleport.19623	ALL	item.west_ardougne_teleport.19623	Quest Helper 5ea99d5ea9ba3fb096ebe7b5ed02d80883e9819d: Mourning’s End Part I; Mourning’s End Part II; Regicide
Romeoandjuliet	all:item.cadava_berries.753	ALL	item.cadava_berries.753	Quest Helper 5ea99d5ea9ba3fb096ebe7b5ed02d80883e9819d: Making Friends With My Arm; Romeo And Juliet
Romeoandjuliet	all:item.cadava_potion.756	ALL	item.cadava_potion.756	Quest Helper 5ea99d5ea9ba3fb096ebe7b5ed02d80883e9819d: Romeo And Juliet
Rovingelves	all:item.consecration_seed.4205	ALL	item.consecration_seed.4205	Quest Helper 5ea99d5ea9ba3fb096ebe7b5ed02d80883e9819d: Roving Elves
Rovingelves	all:item.rope.954	ALL	item.rope.954	Quest Helper 5ea99d5ea9ba3fb096ebe7b5ed02d80883e9819d: A Porcine of Interest; A Soul’s Bane; Another Slice of H.A.M.; Cabin Fever; In Aid of the Myreque; Legends’ Quest; Making Friends with My Arm; Mountain Daughter; Mourning’s End Part II; Olaf’s Quest; Perilous Moons; Plague City; Prince Ali Rescue; Rag and Bone Man II; Recipe for Disaster; Regicide; Roving Elves; Royal Trouble; Shilo Village; Song of the Elves; Spirits of the Elid; Tale of the Righteous; Tears of Guthix; The Dig Site; The Fremennik Isles; Troll Romance; Underground Pass; Wanted!; Watchtower; Waterfall Quest
Rovingelves	all:item.spade	ALL	item.spade	Quest Helper 5ea99d5ea9ba3fb096ebe7b5ed02d80883e9819d: Bear Your Soul, Beneath Cursed Sands, Cold War, Creature of Fenkenstrain, Dragon Slayer II, Ernest the Chicken, Fairytale I - Growing Pains, Fishing Contest, Garden of Tranquillity, Ghosts Ahoy, In Aid of the Myreque, Lunar Diplomacy, Making History, My Arm's Big Adventure, Olaf's Quest, Pirate's Treasure, Plague City, Regicide, Roving Elves, Shilo Village, Song of the Elves, The Corsair Curse, Underground Pass, While Guthix Sleeps and X Marks the Spot; Quest completeness review batch 6
Royaltrouble	all:item.coal	ALL	item.coal	Quest Helper 5ea99d5ea9ba3fb096ebe7b5ed02d80883e9819d: Beneath Cursed Sands, Elemental Workshop I, Elemental Workshop II, Enakhra's Lament, In Aid of the Myreque, Regicide, Royal Trouble, The Fremennik Isles and The Giant Dwarf
Royaltrouble	all:item.plank.960	ALL	item.plank.960	Quest Helper 5ea99d5ea9ba3fb096ebe7b5ed02d80883e9819d: Daddy’s Home; Darkness of Hallowvale; Dragon Slayer I; Horror from the Deep; In Aid of the Myreque; In Search of the Myreque; Observatory Quest; Regicide; Royal Trouble; Scrambled!; The Great Brain Robbery; Underground Pass
Royaltrouble	all:item.rope.954	ALL	item.rope.954	Quest Helper 5ea99d5ea9ba3fb096ebe7b5ed02d80883e9819d: A Porcine of Interest; A Soul’s Bane; Another Slice of H.A.M.; Cabin Fever; In Aid of the Myreque; Legends’ Quest; Making Friends with My Arm; Mountain Daughter; Mourning’s End Part II; Olaf’s Quest; Perilous Moons; Plague City; Prince Ali Rescue; Rag and Bone Man II; Recipe for Disaster; Regicide; Roving Elves; Royal Trouble; Shilo Village; Song of the Elves; Spirits of the Elid; Tale of the Righteous; Tears of Guthix; The Dig Site; The Fremennik Isles; Troll Romance; Underground Pass; Wanted!; Watchtower; Waterfall Quest
Rumdeal	all:item.blindweed_seed.6710	ALL	item.blindweed_seed.6710	Quest Helper 5ea99d5ea9ba3fb096ebe7b5ed02d80883e9819d: Rum Deal
Rumdeal	all:item.bucket	ALL	item.bucket	Quest Helper 5ea99d5ea9ba3fb096ebe7b5ed02d80883e9819d: Clock Tower, Cook's Assistant, Demon Slayer, Getting Ahead, Icthlarin's Little Helper, In Aid of the Myreque, Making Friends with My Arm, Merlin's Crystal, Misthalin Mystery, My Arm's Big Adventure, Priest in Peril, Regicide, Rum Deal, Sleeping Giants, The Feud and Underground Pass
Rumdeal	all:item.bucket_of_water.1929	ALL	item.bucket_of_water.1929	Quest Helper 5ea99d5ea9ba3fb096ebe7b5ed02d80883e9819d: Demon Slayer I; Forgettable Tale of a Drunken Dwarf; Getting Ahead; Making Friends with My Arm; Mourning’s End Part I; Plague City; Prince Ali Rescue; Recipe for Disaster; Rum Deal; Skippy and the Mogres; Sleeping Giants; Temple of the Eye
Rumdeal	all:item.fishbowl_and_net.6673	ALL	item.fishbowl_and_net.6673	Quest Helper 5ea99d5ea9ba3fb096ebe7b5ed02d80883e9819d: Rum Deal
Rumdeal	all:item.holy_wrench.6714	ALL	item.holy_wrench.6714	Quest Helper 5ea99d5ea9ba3fb096ebe7b5ed02d80883e9819d: Rum Deal
Rumdeal	all:item.rake.5341	ALL	item.rake.5341	Quest Helper 5ea99d5ea9ba3fb096ebe7b5ed02d80883e9819d: A Tail of Two Cats; Forgettable Tale of a Drunken Dwarf; Garden of Tranquillity; My Arm's Big Adventure; Rum Deal; Throne of Miscellania
Rumdeal	all:item.seed_dibber.5343	ALL	item.seed_dibber.5343	Quest Helper 5ea99d5ea9ba3fb096ebe7b5ed02d80883e9819d: A Tail of Two Cats; Forgettable Tale of a Drunken Dwarf; Garden of Tranquillity; Grim Tales; My Arm's Big Adventure; Rum Deal; Song of the Elves; Quest Helper 5ea99d5ea9ba3fb096ebe7b5ed02d80883e9819d; OSRS Wiki: While Guthix Sleeps
Rumdeal	all:item.slayer_gloves.6708	ALL	item.slayer_gloves.6708	Quest Helper 5ea99d5ea9ba3fb096ebe7b5ed02d80883e9819d: Rum Deal
Rumdeal	all:item.wrench.6713	ALL	item.wrench.6713	Quest Helper 5ea99d5ea9ba3fb096ebe7b5ed02d80883e9819d: Rum Deal
Runemysteries	all:item.air_talisman.1438	ALL	item.air_talisman.1438	Quest Helper 5ea99d5ea9ba3fb096ebe7b5ed02d80883e9819d: Rune Mysteries
Scrambled	all:item.acatzin_s_axe.30989	ALL	item.acatzin_s_axe.30989	Quest Helper 5ea99d5ea9ba3fb096ebe7b5ed02d80883e9819d: Scrambled
Scrambled	all:item.bowl_of_water.1921	ALL	item.bowl_of_water.1921	Quest Helper 5ea99d5ea9ba3fb096ebe7b5ed02d80883e9819d: Recipe for Disaster; Scrambled!
Scrambled	all:item.damiana_tea.30981	ALL	item.damiana_tea.30981	Quest Helper 5ea99d5ea9ba3fb096ebe7b5ed02d80883e9819d: Scrambled
Scrambled	all:item.damiana_water.30979	ALL	item.damiana_water.30979	Quest Helper 5ea99d5ea9ba3fb096ebe7b5ed02d80883e9819d: Scrambled
Scrambled	all:item.empty_cup.1980	ALL	item.empty_cup.1980	Quest Helper 5ea99d5ea9ba3fb096ebe7b5ed02d80883e9819d: One Small Favour; Scrambled!
Scrambled	all:item.plank.960	ALL	item.plank.960	Quest Helper 5ea99d5ea9ba3fb096ebe7b5ed02d80883e9819d: Daddy’s Home; Darkness of Hallowvale; Dragon Slayer I; Horror from the Deep; In Aid of the Myreque; In Search of the Myreque; Observatory Quest; Regicide; Royal Trouble; Scrambled!; The Great Brain Robbery; Underground Pass
Seaslug	all:item.lit_torch.594	ALL	item.lit_torch.594	Quest Helper 5ea99d5ea9ba3fb096ebe7b5ed02d80883e9819d: Sea Slug
Seaslug	all:item.swamp_paste.1941	ALL	item.swamp_paste.1941	Quest Helper 5ea99d5ea9ba3fb096ebe7b5ed02d80883e9819d: Cabin Fever; Dragon Slayer II; In Aid of the Myreque; Sea Slug; Shades of Mort’ton; The Slug Menace
Seaslug	all:item.unlit_torch.596	ALL	item.unlit_torch.596	Quest Helper 5ea99d5ea9ba3fb096ebe7b5ed02d80883e9819d: Sea Slug
Secretsofthenorth	all:item.lockpick.1523	ALL	item.lockpick.1523	Quest Helper pinned source 5ea99d5ea9ba3fb096ebe7b5ed02d80883e9819d
Secretsofthenorth	all:item.tinderbox	ALL	item.tinderbox	Quest Helper 5ea99d5ea9ba3fb096ebe7b5ed02d80883e9819d: A Tail of Two Cats, Another Slice of Ham, Beneath Cursed Sands, Cabin Fever, Contact, Death to the Dorgeshuun, Desert Treasure I, Desert Treasure II, Dream Mentor, Eadgar's Ruse, Enakhra's Lament, Enlightened Journey, Horror from the Deep, Icthlarin's Little Helper, In Aid of the Myreque, Land of the Goblins, Lunar Diplomacy, Merlin's Crystal, Misthalin Mystery, Olaf's Quest, Rag and Bone Man, Rat Catchers, Recipe for Disaster, Regicide, Secrets of the North, Shades of Mort'ton, Song of the Elves, Swan Song, Tai Bwo Wannai Trio, Tears of Guthix, The Corsair Curse, The Dig Site, The Forsaken Tower, The Fremennik Trials, The Giant Dwarf, The Great Brain Robbery and Underground Pass; Quest completeness review batch 6; Quest Helper 5ea99d5ea9ba3fb096ebe7b5ed02d80883e9819d; OSRS Wiki: Rag and Bone Man II; Quest Helper 5ea99d5ea9ba3fb096ebe7b5ed02d80883e9819d; OSRS Wiki: Dragon Slayer II
Shadesofmortton	all:item.tinderbox	ALL	item.tinderbox	Quest Helper 5ea99d5ea9ba3fb096ebe7b5ed02d80883e9819d: A Tail of Two Cats, Another Slice of Ham, Beneath Cursed Sands, Cabin Fever, Contact, Death to the Dorgeshuun, Desert Treasure I, Desert Treasure II, Dream Mentor, Eadgar's Ruse, Enakhra's Lament, Enlightened Journey, Horror from the Deep, Icthlarin's Little Helper, In Aid of the Myreque, Land of the Goblins, Lunar Diplomacy, Merlin's Crystal, Misthalin Mystery, Olaf's Quest, Rag and Bone Man, Rat Catchers, Recipe for Disaster, Regicide, Secrets of the North, Shades of Mort'ton, Song of the Elves, Swan Song, Tai Bwo Wannai Trio, Tears of Guthix, The Corsair Curse, The Dig Site, The Forsaken Tower, The Fremennik Trials, The Giant Dwarf, The Great Brain Robbery and Underground Pass; Quest completeness review batch 6; Quest Helper 5ea99d5ea9ba3fb096ebe7b5ed02d80883e9819d; OSRS Wiki: Rag and Bone Man II; Quest Helper 5ea99d5ea9ba3fb096ebe7b5ed02d80883e9819d; OSRS Wiki: Dragon Slayer II
Shadowofthestorm	all:item.demonic_sigil_mould.6747	ALL	item.demonic_sigil_mould.6747	Quest Helper 5ea99d5ea9ba3fb096ebe7b5ed02d80883e9819d: Shadow of the Storm
Shadowofthestorm	all:item.pestle_and_mortar.233	ALL	item.pestle_and_mortar.233	Quest Helper 5ea99d5ea9ba3fb096ebe7b5ed02d80883e9819d: A Taste of Hope; Dream Mentor; Eadgar’s Ruse; Fairytale II – Cure a Queen; Garden of Tranquillity; Land of the Goblins; Lunar Diplomacy; Monkey Madness II; Perilous Moons; Recipe for Disaster; Regicide; Shadow of the Storm; Song of the Elves; Tai Bwo Wannai Trio; The Dig Site; The Eyes of Glouphrie; The Golem; Watchtower; Quest Helper 5ea99d5ea9ba3fb096ebe7b5ed02d80883e9819d; OSRS Wiki: Dragon Slayer II
Shadowofthestorm	all:item.silver-bar	ALL	item.silver-bar	Quest Helper 5ea99d5ea9ba3fb096ebe7b5ed02d80883e9819d: Creature of Fenkenstrain, Desert Treasure I, In Aid of the Myreque, Shadow of the Storm and The Giant Dwarf
Shadowofthestorm	all:item.vial.229	ALL	item.vial.229	Quest Helper 5ea99d5ea9ba3fb096ebe7b5ed02d80883e9819d: A Taste of Hope; Land of the Goblins; Shadow of the Storm; The Dig Site; The Golem; The Hand in the Sand; Watchtower
Shadowsofcustodia	all:item.fishing_rod.307	ALL	item.fishing_rod.307	Quest Helper 5ea99d5ea9ba3fb096ebe7b5ed02d80883e9819d: Fishing Contest; Garden of Tranquillity; Heroes’ Quest; Land of the Goblins; Shadows of Custodia; The Fremennik Exiles
Shadowsofcustodia	all:item.maple_logs.1517	ALL	item.maple_logs.1517	Quest Helper 5ea99d5ea9ba3fb096ebe7b5ed02d80883e9819d: Enakhra's Lament; Shadows of Custodia; The Eyes of Glouphrie; Troll Romance
Shadowsofcustodia	all:item.willow-longbow	ALL	item.willow-longbow	Quest Helper 5ea99d5ea9ba3fb096ebe7b5ed02d80883e9819d: Shadows of Custodia
Sheepherder	all:item.cattleprod.278	ALL	item.cattleprod.278	Quest Helper 5ea99d5ea9ba3fb096ebe7b5ed02d80883e9819d: Sheep Herder
Sheepherder	all:item.plague_jacket.284	ALL	item.plague_jacket.284	Quest Helper 5ea99d5ea9ba3fb096ebe7b5ed02d80883e9819d: Sheep Herder
Sheepherder	all:item.plague_trousers.285	ALL	item.plague_trousers.285	Quest Helper 5ea99d5ea9ba3fb096ebe7b5ed02d80883e9819d: Sheep Herder
Sheepherder	all:item.sheep_bones_4.283	ALL	item.sheep_bones_4.283	Quest Helper pinned source 5ea99d5ea9ba3fb096ebe7b5ed02d80883e9819d: Sheep Herder
Sheepshearer	all:item.ball_of_wool.1759	ALL	item.ball_of_wool.1759	Quest Helper 5ea99d5ea9ba3fb096ebe7b5ed02d80883e9819d: Enlightened Journey; Monkey Madness I; Prince Ali Rescue; Recipe for Disaster; Sheep Shearer
Sheepshearer	all:item.shears	ALL	item.shears	Quest Helper 5ea99d5ea9ba3fb096ebe7b5ed02d80883e9819d: A Tail of Two Cats; Recruitment Drive; Sheep Shearer
Sheepshearer	all:item.wool.1737	ALL	item.wool.1737	Quest Helper 5ea99d5ea9ba3fb096ebe7b5ed02d80883e9819d: Sheep Shearer; Sleeping Giants
Shieldofarrav	all:item.phoenix_crossbow.767	ALL	item.phoenix_crossbow.767	Quest Helper 5ea99d5ea9ba3fb096ebe7b5ed02d80883e9819d: Shield Of Arrav Black Arm Gang
Shilovillage	all:item.beads_of_the_dead.616	ALL	item.beads_of_the_dead.616	Quest Helper 5ea99d5ea9ba3fb096ebe7b5ed02d80883e9819d: Shilo Village
Shilovillage	all:item.bones.526	ALL	item.bones.526	Quest Helper 5ea99d5ea9ba3fb096ebe7b5ed02d80883e9819d: Desert Treasure I; Shilo Village; Swan Song
Shilovillage	all:item.bronze_wire.1794	ALL	item.bronze_wire.1794	Quest Helper 5ea99d5ea9ba3fb096ebe7b5ed02d80883e9819d: Creature of Fenkenstrain; Recipe for Disaster; Shilo Village
Shilovillage	all:item.charcoal.973	ALL	item.charcoal.973	Quest Helper 5ea99d5ea9ba3fb096ebe7b5ed02d80883e9819d: Current Affairs; Darkness of Hallowvale; Desert Treasure I; Legends’ Quest; Recipe for Disaster; Shilo Village; The Dig Site; While Guthix Sleeps; Zogre Flesh Eaters
Shilovillage	all:item.chisel	ALL	item.chisel	Quest Helper 5ea99d5ea9ba3fb096ebe7b5ed02d80883e9819d: A Taste of Hope, Big Chompy Bird Hunting, Desert Treasure II, Dragon Slayer II, Enakhra's Lament, Haunted Mine, Monkey Madness II, Mourning's End Part II, One Small Favour, Shilo Village, Sins of the Father, Sleeping Giants, Tears of Guthix, Temple of the Eye, The Slug Menace and While Guthix Sleeps
Shilovillage	all:item.papyrus.970	ALL	item.papyrus.970	Quest Helper 5ea99d5ea9ba3fb096ebe7b5ed02d80883e9819d: Darkness of Hallowvale; Enlightened Journey; Legends' Quest; Shilo Village; The Golem; While Guthix Sleeps; Zogre Flesh Eaters
Shilovillage	all:item.rope.954	ALL	item.rope.954	Quest Helper 5ea99d5ea9ba3fb096ebe7b5ed02d80883e9819d: A Porcine of Interest; A Soul’s Bane; Another Slice of H.A.M.; Cabin Fever; In Aid of the Myreque; Legends’ Quest; Making Friends with My Arm; Mountain Daughter; Mourning’s End Part II; Olaf’s Quest; Perilous Moons; Plague City; Prince Ali Rescue; Rag and Bone Man II; Recipe for Disaster; Regicide; Roving Elves; Royal Trouble; Shilo Village; Song of the Elves; Spirits of the Elid; Tale of the Righteous; Tears of Guthix; The Dig Site; The Fremennik Isles; Troll Romance; Underground Pass; Wanted!; Watchtower; Waterfall Quest
Shilovillage	all:item.spade	ALL	item.spade	Quest Helper 5ea99d5ea9ba3fb096ebe7b5ed02d80883e9819d: Bear Your Soul, Beneath Cursed Sands, Cold War, Creature of Fenkenstrain, Dragon Slayer II, Ernest the Chicken, Fairytale I - Growing Pains, Fishing Contest, Garden of Tranquillity, Ghosts Ahoy, In Aid of the Myreque, Lunar Diplomacy, Making History, My Arm's Big Adventure, Olaf's Quest, Pirate's Treasure, Plague City, Regicide, Roving Elves, Shilo Village, Song of the Elves, The Corsair Curse, Underground Pass, While Guthix Sleeps and X Marks the Spot; Quest completeness review batch 6
Shilovillage	all:item.zadimus_corpse.610	ALL	item.zadimus_corpse.610	Quest Helper 5ea99d5ea9ba3fb096ebe7b5ed02d80883e9819d: Shilo Village
Sinsofthefather	all:item.blisterwood_flail.24699	ALL	item.blisterwood_flail.24699	Quest Helper 5ea99d5ea9ba3fb096ebe7b5ed02d80883e9819d: Sins of the Father
Sinsofthefather	all:item.blisterwood_logs.24691	ALL	item.blisterwood_logs.24691	Quest Helper 5ea99d5ea9ba3fb096ebe7b5ed02d80883e9819d: Sins of the Father
Sinsofthefather	all:item.blisterwood_sickle.24697	ALL	item.blisterwood_sickle.24697	Quest Helper 5ea99d5ea9ba3fb096ebe7b5ed02d80883e9819d: Sins of the Father
Sinsofthefather	all:item.chisel	ALL	item.chisel	Quest Helper 5ea99d5ea9ba3fb096ebe7b5ed02d80883e9819d: A Taste of Hope, Big Chompy Bird Hunting, Desert Treasure II, Dragon Slayer II, Enakhra's Lament, Haunted Mine, Monkey Madness II, Mourning's End Part II, One Small Favour, Shilo Village, Sins of the Father, Sleeping Giants, Tears of Guthix, Temple of the Eye, The Slug Menace and While Guthix Sleeps
Sinsofthefather	all:item.cosmic-rune	ALL	item.cosmic-rune	Quest Helper 5ea99d5ea9ba3fb096ebe7b5ed02d80883e9819d: A Taste of Hope, In Aid of the Myreque, Legends Quest, Sins of the Father and While Guthix Sleeps
Sinsofthefather	all:item.drakan_s_medallion.22400	ALL	item.drakan_s_medallion.22400	Quest Helper 5ea99d5ea9ba3fb096ebe7b5ed02d80883e9819d: A Night at the Theatre; Sins of the Father
Sinsofthefather	all:item.enchanted_ruby_sickle_b.24695	ALL	item.enchanted_ruby_sickle_b.24695	Quest Helper 5ea99d5ea9ba3fb096ebe7b5ed02d80883e9819d: Sins of the Father
Sinsofthefather	all:item.ivandis_flail.22398	ALL	item.ivandis_flail.22398	Quest Helper 5ea99d5ea9ba3fb096ebe7b5ed02d80883e9819d: A Night at the Theatre; A Taste of Hope; Sins of the Father
Sinsofthefather	all:item.knife	ALL	item.knife	Quest Helper 5ea99d5ea9ba3fb096ebe7b5ed02d80883e9819d: A Taste of Hope, Below Ice Mountain, Big Chompy Bird Hunting, Curse of the Empty Lord, Darkness of Hallowvale, Desert Treasure II, Elemental Workshop I, Getting Ahead, Ghosts Ahoy, Lost City, Misthalin Mystery, Perilous Moon, Recipe for Disaster, Sins of the Father, Spirits of the Elid, Tai Bwo Wannai Trio, The Final Dawn, The Fremennik Isles, The Fremennik Trials, The Tourist Trap, While Guthix Sleeps and Zogre Flesh Eaters; Quest completeness review batch 6
Sinsofthefather	all:item.logs	ALL	item.logs	Quest Helper 5ea99d5ea9ba3fb096ebe7b5ed02d80883e9819d: A Tail of Two Cats, Eadgar's Ruse, Enakhra's Lament, Enlightened Journey, Monk's Friend, Monkey Madness II, Rag and Bone Man, Sins of the Father, The Giant Dwarf, Throne of Miscellania, Tree Gnome Village and While Guthix Sleeps; Quest completeness review batch 6; Quest Helper 5ea99d5ea9ba3fb096ebe7b5ed02d80883e9819d; OSRS Wiki: Rag and Bone Man II
Sinsofthefather	all:item.ruby	ALL	item.ruby	Quest Helper 5ea99d5ea9ba3fb096ebe7b5ed02d80883e9819d: Family Crest; Legends’ Quest; Sins of the Father
Sinsofthefather	all:item.ruby_sickle_b.24693	ALL	item.ruby_sickle_b.24693	Quest Helper 5ea99d5ea9ba3fb096ebe7b5ed02d80883e9819d: Sins of the Father
Sinsofthefather	all:item.silver_sickle_b.2963	ALL	item.silver_sickle_b.2963	Quest Helper pinned source 5ea99d5ea9ba3fb096ebe7b5ed02d80883e9819d
Sinsofthefather	all:item.vyre_noble_legs.24678	ALL	item.vyre_noble_legs.24678	Quest Helper 5ea99d5ea9ba3fb096ebe7b5ed02d80883e9819d: Sins of the Father
Sinsofthefather	all:item.vyre_noble_shoes.24680	ALL	item.vyre_noble_shoes.24680	Quest Helper 5ea99d5ea9ba3fb096ebe7b5ed02d80883e9819d: Sins of the Father
Sinsofthefather	all:item.vyre_noble_top.24676	ALL	item.vyre_noble_top.24676	Quest Helper 5ea99d5ea9ba3fb096ebe7b5ed02d80883e9819d: Sins of the Father
Sinsofthefather	all:item.vyrewatch_legs.9636	ALL	item.vyrewatch_legs.9636	Quest Helper 5ea99d5ea9ba3fb096ebe7b5ed02d80883e9819d: Sins of the Father
Sinsofthefather	all:item.vyrewatch_shoes.9638	ALL	item.vyrewatch_shoes.9638	Quest Helper 5ea99d5ea9ba3fb096ebe7b5ed02d80883e9819d: Sins of the Father
Sinsofthefather	all:item.vyrewatch_top.9634	ALL	item.vyrewatch_top.9634	Quest Helper 5ea99d5ea9ba3fb096ebe7b5ed02d80883e9819d: Sins of the Father
Skippyandthemogres	all:item.bucket_of_water.1929	ALL	item.bucket_of_water.1929	Quest Helper 5ea99d5ea9ba3fb096ebe7b5ed02d80883e9819d: Demon Slayer I; Forgettable Tale of a Drunken Dwarf; Getting Ahead; Making Friends with My Arm; Mourning’s End Part I; Plague City; Prince Ali Rescue; Recipe for Disaster; Rum Deal; Skippy and the Mogres; Sleeping Giants; Temple of the Eye
Sleepinggiants	all:item.bucket	ALL	item.bucket	Quest Helper 5ea99d5ea9ba3fb096ebe7b5ed02d80883e9819d: Clock Tower, Cook's Assistant, Demon Slayer, Getting Ahead, Icthlarin's Little Helper, In Aid of the Myreque, Making Friends with My Arm, Merlin's Crystal, Misthalin Mystery, My Arm's Big Adventure, Priest in Peril, Regicide, Rum Deal, Sleeping Giants, The Feud and Underground Pass
Sleepinggiants	all:item.bucket_of_water.1929	ALL	item.bucket_of_water.1929	Quest Helper 5ea99d5ea9ba3fb096ebe7b5ed02d80883e9819d: Demon Slayer I; Forgettable Tale of a Drunken Dwarf; Getting Ahead; Making Friends with My Arm; Mourning’s End Part I; Plague City; Prince Ali Rescue; Recipe for Disaster; Rum Deal; Skippy and the Mogres; Sleeping Giants; Temple of the Eye
Sleepinggiants	all:item.chisel	ALL	item.chisel	Quest Helper 5ea99d5ea9ba3fb096ebe7b5ed02d80883e9819d: A Taste of Hope, Big Chompy Bird Hunting, Desert Treasure II, Dragon Slayer II, Enakhra's Lament, Haunted Mine, Monkey Madness II, Mourning's End Part II, One Small Favour, Shilo Village, Sins of the Father, Sleeping Giants, Tears of Guthix, Temple of the Eye, The Slug Menace and While Guthix Sleeps
Sleepinggiants	all:item.hammer	ALL	item.hammer	Quest Helper 5ea99d5ea9ba3fb096ebe7b5ed02d80883e9819d: Prying Times; Sleeping Giants; The Great Brain Robbery; While Guthix Sleeps; Quest Helper 5ea99d5ea9ba3fb096ebe7b5ed02d80883e9819d; OSRS Wiki: Dragon Slayer II
Sleepinggiants	all:item.oak_logs.1521	ALL	item.oak_logs.1521	Quest Helper 5ea99d5ea9ba3fb096ebe7b5ed02d80883e9819d: Enakhra's Lament; Enlightened Journey; Sleeping Giants; The Eyes of Glouphrie
Sleepinggiants	all:item.wool.1737	ALL	item.wool.1737	Quest Helper 5ea99d5ea9ba3fb096ebe7b5ed02d80883e9819d: Sheep Shearer; Sleeping Giants
Songoftheelves	all:item.adamant-chainbody	ALL	item.adamant-chainbody	Quest Helper 5ea99d5ea9ba3fb096ebe7b5ed02d80883e9819d: Song of the Elves
Songoftheelves	all:item.cabbage.1965	ALL	item.cabbage.1965	Quest Helper 5ea99d5ea9ba3fb096ebe7b5ed02d80883e9819d: Big Chompy Bird Hunting; Black Knights' Fortress; Song of the Elves; The Fremennik Trials
Songoftheelves	all:item.limestone_brick.3420	ALL	item.limestone_brick.3420	Quest Helper 5ea99d5ea9ba3fb096ebe7b5ed02d80883e9819d: Shades of Mort’ton; Song of the Elves; The Heart of Darkness
Songoftheelves	all:item.nature-rune	ALL	item.nature-rune	Quest Helper 5ea99d5ea9ba3fb096ebe7b5ed02d80883e9819d: Song of the Elves; While Guthix Sleeps
Songoftheelves	all:item.pestle_and_mortar.233	ALL	item.pestle_and_mortar.233	Quest Helper 5ea99d5ea9ba3fb096ebe7b5ed02d80883e9819d: A Taste of Hope; Dream Mentor; Eadgar’s Ruse; Fairytale II – Cure a Queen; Garden of Tranquillity; Land of the Goblins; Lunar Diplomacy; Monkey Madness II; Perilous Moons; Recipe for Disaster; Regicide; Shadow of the Storm; Song of the Elves; Tai Bwo Wannai Trio; The Dig Site; The Eyes of Glouphrie; The Golem; Watchtower; Quest Helper 5ea99d5ea9ba3fb096ebe7b5ed02d80883e9819d; OSRS Wiki: Dragon Slayer II
Songoftheelves	all:item.red_dye.1763	ALL	item.red_dye.1763	Quest Helper 5ea99d5ea9ba3fb096ebe7b5ed02d80883e9819d: Enlightened Journey; Getting Ahead; Ghosts Ahoy; Mourning’s End Part I; Song of the Elves; The Hand in the Sand
Songoftheelves	all:item.rope.954	ALL	item.rope.954	Quest Helper 5ea99d5ea9ba3fb096ebe7b5ed02d80883e9819d: A Porcine of Interest; A Soul’s Bane; Another Slice of H.A.M.; Cabin Fever; In Aid of the Myreque; Legends’ Quest; Making Friends with My Arm; Mountain Daughter; Mourning’s End Part II; Olaf’s Quest; Perilous Moons; Plague City; Prince Ali Rescue; Rag and Bone Man II; Recipe for Disaster; Regicide; Roving Elves; Royal Trouble; Shilo Village; Song of the Elves; Spirits of the Elid; Tale of the Righteous; Tears of Guthix; The Dig Site; The Fremennik Isles; Troll Romance; Underground Pass; Wanted!; Watchtower; Waterfall Quest
Songoftheelves	all:item.runite-bar	ALL	item.runite-bar	Quest Helper 5ea99d5ea9ba3fb096ebe7b5ed02d80883e9819d: Song of the Elves
Songoftheelves	all:item.seed_dibber.5343	ALL	item.seed_dibber.5343	Quest Helper 5ea99d5ea9ba3fb096ebe7b5ed02d80883e9819d: A Tail of Two Cats; Forgettable Tale of a Drunken Dwarf; Garden of Tranquillity; Grim Tales; My Arm's Big Adventure; Rum Deal; Song of the Elves; Quest Helper 5ea99d5ea9ba3fb096ebe7b5ed02d80883e9819d; OSRS Wiki: While Guthix Sleeps
Songoftheelves	all:item.silk.950	ALL	item.silk.950	Quest Helper 5ea99d5ea9ba3fb096ebe7b5ed02d80883e9819d: Cold War; Dragon Slayer I; Enlightened Journey; Ghosts Ahoy; Mourning’s End Part I; Song of the Elves
Songoftheelves	all:item.spade	ALL	item.spade	Quest Helper 5ea99d5ea9ba3fb096ebe7b5ed02d80883e9819d: Bear Your Soul, Beneath Cursed Sands, Cold War, Creature of Fenkenstrain, Dragon Slayer II, Ernest the Chicken, Fairytale I - Growing Pains, Fishing Contest, Garden of Tranquillity, Ghosts Ahoy, In Aid of the Myreque, Lunar Diplomacy, Making History, My Arm's Big Adventure, Olaf's Quest, Pirate's Treasure, Plague City, Regicide, Roving Elves, Shilo Village, Song of the Elves, The Corsair Curse, Underground Pass, While Guthix Sleeps and X Marks the Spot; Quest completeness review batch 6
Songoftheelves	all:item.steel-full-helm	ALL	item.steel-full-helm	Quest Helper 5ea99d5ea9ba3fb096ebe7b5ed02d80883e9819d: Song of the Elves
Songoftheelves	all:item.steel-platebody	ALL	item.steel-platebody	Quest Helper 5ea99d5ea9ba3fb096ebe7b5ed02d80883e9819d: Song of the Elves
Songoftheelves	all:item.steel-platelegs	ALL	item.steel-platelegs	Quest Helper 5ea99d5ea9ba3fb096ebe7b5ed02d80883e9819d: In Aid of the Myreque; Song of the Elves
Songoftheelves	all:item.tinderbox	ALL	item.tinderbox	Quest Helper 5ea99d5ea9ba3fb096ebe7b5ed02d80883e9819d: A Tail of Two Cats, Another Slice of Ham, Beneath Cursed Sands, Cabin Fever, Contact, Death to the Dorgeshuun, Desert Treasure I, Desert Treasure II, Dream Mentor, Eadgar's Ruse, Enakhra's Lament, Enlightened Journey, Horror from the Deep, Icthlarin's Little Helper, In Aid of the Myreque, Land of the Goblins, Lunar Diplomacy, Merlin's Crystal, Misthalin Mystery, Olaf's Quest, Rag and Bone Man, Rat Catchers, Recipe for Disaster, Regicide, Secrets of the North, Shades of Mort'ton, Song of the Elves, Swan Song, Tai Bwo Wannai Trio, Tears of Guthix, The Corsair Curse, The Dig Site, The Forsaken Tower, The Fremennik Trials, The Giant Dwarf, The Great Brain Robbery and Underground Pass; Quest completeness review batch 6; Quest Helper 5ea99d5ea9ba3fb096ebe7b5ed02d80883e9819d; OSRS Wiki: Rag and Bone Man II; Quest Helper 5ea99d5ea9ba3fb096ebe7b5ed02d80883e9819d; OSRS Wiki: Dragon Slayer II
Songoftheelves	all:item.vial_of_water.227	ALL	item.vial_of_water.227	Quest Helper 5ea99d5ea9ba3fb096ebe7b5ed02d80883e9819d: A Tail of Two Cats; A Taste of Hope; Fairytale II – Cure a Queen; Legends' Quest; Song of the Elves
Spiritsoftheelid	all:item.air-rune	ALL	item.air-rune	Quest Helper 5ea99d5ea9ba3fb096ebe7b5ed02d80883e9819d: Darkness of Hallowvale, Dragon Slayer II, Horror from the Deep, Spirits of the Elid, The Giant Dwarf, The Slug Menace, Underground Pass, Waterfall Quest and While Guthix Sleeps
Spiritsoftheelid	all:item.knife	ALL	item.knife	Quest Helper 5ea99d5ea9ba3fb096ebe7b5ed02d80883e9819d: A Taste of Hope, Below Ice Mountain, Big Chompy Bird Hunting, Curse of the Empty Lord, Darkness of Hallowvale, Desert Treasure II, Elemental Workshop I, Getting Ahead, Ghosts Ahoy, Lost City, Misthalin Mystery, Perilous Moon, Recipe for Disaster, Sins of the Father, Spirits of the Elid, Tai Bwo Wannai Trio, The Final Dawn, The Fremennik Isles, The Fremennik Trials, The Tourist Trap, While Guthix Sleeps and Zogre Flesh Eaters; Quest completeness review batch 6
Spiritsoftheelid	all:item.law-rune	ALL	item.law-rune	Quest Helper 5ea99d5ea9ba3fb096ebe7b5ed02d80883e9819d: Creature of Fenkenstrain, Darkness of Hallowvale, King's Ransom, Legends Quest, Spirits of the Elid, The Giant Dwarf and While Guthix Sleeps; Quest completeness review batch 6
Spiritsoftheelid	all:item.needle.1733	ALL	item.needle.1733	Quest Helper 5ea99d5ea9ba3fb096ebe7b5ed02d80883e9819d: At First Light; Creature of Fenkenstrain; Elemental Workshop I; Getting Ahead; Ghosts Ahoy; Lunar Diplomacy; Recipe for Disaster; Spirits of the Elid; The Fremennik Isles
Spiritsoftheelid	all:item.robe_of_elidinis.6786	ALL	item.robe_of_elidinis.6786	Quest Helper 5ea99d5ea9ba3fb096ebe7b5ed02d80883e9819d: Spirits of the Elid
Spiritsoftheelid	all:item.rope.954	ALL	item.rope.954	Quest Helper 5ea99d5ea9ba3fb096ebe7b5ed02d80883e9819d: A Porcine of Interest; A Soul’s Bane; Another Slice of H.A.M.; Cabin Fever; In Aid of the Myreque; Legends’ Quest; Making Friends with My Arm; Mountain Daughter; Mourning’s End Part II; Olaf’s Quest; Perilous Moons; Plague City; Prince Ali Rescue; Rag and Bone Man II; Recipe for Disaster; Regicide; Roving Elves; Royal Trouble; Shilo Village; Song of the Elves; Spirits of the Elid; Tale of the Righteous; Tears of Guthix; The Dig Site; The Fremennik Isles; Troll Romance; Underground Pass; Wanted!; Watchtower; Waterfall Quest
Spiritsoftheelid	all:item.shantay_pass.1854	ALL	item.shantay_pass.1854	Quest Helper 5ea99d5ea9ba3fb096ebe7b5ed02d80883e9819d: Spirits of the Elid; The Feud
Spiritsoftheelid	all:item.shoes.6790	ALL	item.shoes.6790	Quest Helper 5ea99d5ea9ba3fb096ebe7b5ed02d80883e9819d: Spirits of the Elid
Spiritsoftheelid	all:item.thread.1734	ALL	item.thread.1734	Quest Helper 5ea99d5ea9ba3fb096ebe7b5ed02d80883e9819d: Creature of Fenkenstrain; Elemental Workshop I; Getting Ahead; Ghosts Ahoy; Lunar Diplomacy; Spirits of the Elid; The Fremennik Isles
Spiritsoftheelid	all:item.torn_robe.6788	ALL	item.torn_robe.6788	Quest Helper 5ea99d5ea9ba3fb096ebe7b5ed02d80883e9819d: Spirits of the Elid
Swansong	all:item.airtight_pot.4436	ALL	item.airtight_pot.4436	Quest Helper 5ea99d5ea9ba3fb096ebe7b5ed02d80883e9819d: One Small Favour; Swan Song
Swansong	all:item.blood_rune.565	ALL	item.blood_rune.565	Quest Helper 5ea99d5ea9ba3fb096ebe7b5ed02d80883e9819d: Desert Treasure I; Dragon Slayer II; Swan Song
Swansong	all:item.bone_seeds.7950	ALL	item.bone_seeds.7950	Quest Helper pinned source 5ea99d5ea9ba3fb096ebe7b5ed02d80883e9819d
Swansong	all:item.bones.526	ALL	item.bones.526	Quest Helper 5ea99d5ea9ba3fb096ebe7b5ed02d80883e9819d: Desert Treasure I; Shilo Village; Swan Song
Swansong	all:item.brown_apron.1757	ALL	item.brown_apron.1757	Quest Helper 5ea99d5ea9ba3fb096ebe7b5ed02d80883e9819d: Swan Song
Swansong	all:item.iron-bar	ALL	item.iron-bar	Quest Helper 5ea99d5ea9ba3fb096ebe7b5ed02d80883e9819d: Animal Magnetism, Beneath Cursed Sands, Bone Voyage, Death Plateau, One Small Favour, Swan Song, The Giant Dwarf, The Knight's Sword, Throne of Miscellania and Troll Romance
Swansong	all:item.lava_rune.4699	ALL	item.lava_rune.4699	Quest Helper 5ea99d5ea9ba3fb096ebe7b5ed02d80883e9819d: Swan Song
Swansong	all:item.mist_rune.4695	ALL	item.mist_rune.4695	Quest Helper 5ea99d5ea9ba3fb096ebe7b5ed02d80883e9819d: Swan Song
Swansong	all:item.pot	ALL	item.pot	Quest Helper 5ea99d5ea9ba3fb096ebe7b5ed02d80883e9819d: Cook's Assistant, Forgettable Tale, Murder Mystery, One Small Favour, Rag and Bone Man, Recipe for Disaster, Regicide and Swan Song; Quest Helper 5ea99d5ea9ba3fb096ebe7b5ed02d80883e9819d; OSRS Wiki: Rag and Bone Man II
Swansong	all:item.pot_lid.4440	ALL	item.pot_lid.4440	Quest Helper 5ea99d5ea9ba3fb096ebe7b5ed02d80883e9819d: One Small Favour; Swan Song
Swansong	all:item.small_fishing_net	ALL	item.small_fishing_net	Quest Helper 5ea99d5ea9ba3fb096ebe7b5ed02d80883e9819d: Swan Song; Tai Bwo Wannai Trio
Swansong	all:item.tinderbox	ALL	item.tinderbox	Quest Helper 5ea99d5ea9ba3fb096ebe7b5ed02d80883e9819d: A Tail of Two Cats, Another Slice of Ham, Beneath Cursed Sands, Cabin Fever, Contact, Death to the Dorgeshuun, Desert Treasure I, Desert Treasure II, Dream Mentor, Eadgar's Ruse, Enakhra's Lament, Enlightened Journey, Horror from the Deep, Icthlarin's Little Helper, In Aid of the Myreque, Land of the Goblins, Lunar Diplomacy, Merlin's Crystal, Misthalin Mystery, Olaf's Quest, Rag and Bone Man, Rat Catchers, Recipe for Disaster, Regicide, Secrets of the North, Shades of Mort'ton, Song of the Elves, Swan Song, Tai Bwo Wannai Trio, Tears of Guthix, The Corsair Curse, The Dig Site, The Forsaken Tower, The Fremennik Trials, The Giant Dwarf, The Great Brain Robbery and Underground Pass; Quest completeness review batch 6; Quest Helper 5ea99d5ea9ba3fb096ebe7b5ed02d80883e9819d; OSRS Wiki: Rag and Bone Man II; Quest Helper 5ea99d5ea9ba3fb096ebe7b5ed02d80883e9819d; OSRS Wiki: Dragon Slayer II
Taibwowannaitrio	all:item.agility_potion.3038	ALL	item.agility_potion.3038	Quest Helper 5ea99d5ea9ba3fb096ebe7b5ed02d80883e9819d: Tai Bwo Wannai Trio
Taibwowannaitrio	all:item.banana.1963	ALL	item.banana.1963	Quest Helper 5ea99d5ea9ba3fb096ebe7b5ed02d80883e9819d: Monkey Madness I; Pirate’s Treasure; Recipe for Disaster; Tai Bwo Wannai Trio
Taibwowannaitrio	all:item.burnt_jogre_bones.3127	ALL	item.burnt_jogre_bones.3127	Quest Helper 5ea99d5ea9ba3fb096ebe7b5ed02d80883e9819d: Tai Bwo Wannai Trio
Taibwowannaitrio	all:item.jogre_bones.3125	ALL	item.jogre_bones.3125	Quest Helper 5ea99d5ea9ba3fb096ebe7b5ed02d80883e9819d: Tai Bwo Wannai Trio
Taibwowannaitrio	all:item.karambwan_vessel.3157	ALL	item.karambwan_vessel.3157	Quest Helper 5ea99d5ea9ba3fb096ebe7b5ed02d80883e9819d: Tai Bwo Wannai Trio
Taibwowannaitrio	all:item.karamjan_rum.431	ALL	item.karamjan_rum.431	Quest Helper 5ea99d5ea9ba3fb096ebe7b5ed02d80883e9819d: Pirates Treasure; Tai Bwo Wannai Trio
Taibwowannaitrio	all:item.knife	ALL	item.knife	Quest Helper 5ea99d5ea9ba3fb096ebe7b5ed02d80883e9819d: A Taste of Hope, Below Ice Mountain, Big Chompy Bird Hunting, Curse of the Empty Lord, Darkness of Hallowvale, Desert Treasure II, Elemental Workshop I, Getting Ahead, Ghosts Ahoy, Lost City, Misthalin Mystery, Perilous Moon, Recipe for Disaster, Sins of the Father, Spirits of the Elid, Tai Bwo Wannai Trio, The Final Dawn, The Fremennik Isles, The Fremennik Trials, The Tourist Trap, While Guthix Sleeps and Zogre Flesh Eaters; Quest completeness review batch 6
Taibwowannaitrio	all:item.marinated_j_bones.3130	ALL	item.marinated_j_bones.3130	Quest Helper pinned source 5ea99d5ea9ba3fb096ebe7b5ed02d80883e9819d
Taibwowannaitrio	all:item.pasty_jogre_bones.3128	ALL	item.pasty_jogre_bones.3128	Quest Helper 5ea99d5ea9ba3fb096ebe7b5ed02d80883e9819d: Tai Bwo Wannai Trio
Taibwowannaitrio	all:item.pestle_and_mortar.233	ALL	item.pestle_and_mortar.233	Quest Helper 5ea99d5ea9ba3fb096ebe7b5ed02d80883e9819d: A Taste of Hope; Dream Mentor; Eadgar’s Ruse; Fairytale II – Cure a Queen; Garden of Tranquillity; Land of the Goblins; Lunar Diplomacy; Monkey Madness II; Perilous Moons; Recipe for Disaster; Regicide; Shadow of the Storm; Song of the Elves; Tai Bwo Wannai Trio; The Dig Site; The Eyes of Glouphrie; The Golem; Watchtower; Quest Helper 5ea99d5ea9ba3fb096ebe7b5ed02d80883e9819d; OSRS Wiki: Dragon Slayer II
Taibwowannaitrio	all:item.poison_karambwan.3146	ALL	item.poison_karambwan.3146	Quest Helper 5ea99d5ea9ba3fb096ebe7b5ed02d80883e9819d: Tai Bwo Wannai Trio
Taibwowannaitrio	all:item.raw_karambwan.3142	ALL	item.raw_karambwan.3142	Quest Helper 5ea99d5ea9ba3fb096ebe7b5ed02d80883e9819d: Tai Bwo Wannai Trio
Taibwowannaitrio	all:item.raw_karambwanji.3150	ALL	item.raw_karambwanji.3150	Quest Helper pinned source 5ea99d5ea9ba3fb096ebe7b5ed02d80883e9819d: Tai Bwo Wannai Trio
Taibwowannaitrio	all:item.seaweed.401	ALL	item.seaweed.401	Quest Helper 5ea99d5ea9ba3fb096ebe7b5ed02d80883e9819d: Tai Bwo Wannai Trio; Troubled Tortugans
Taibwowannaitrio	all:item.seaweed_sandwich.3168	ALL	item.seaweed_sandwich.3168	Quest Helper 5ea99d5ea9ba3fb096ebe7b5ed02d80883e9819d: Tai Bwo Wannai Trio
Taibwowannaitrio	all:item.sliced_banana.3162	ALL	item.sliced_banana.3162	Quest Helper 5ea99d5ea9ba3fb096ebe7b5ed02d80883e9819d: Tai Bwo Wannai Trio
Taibwowannaitrio	all:item.small_fishing_net	ALL	item.small_fishing_net	Quest Helper 5ea99d5ea9ba3fb096ebe7b5ed02d80883e9819d: Swan Song; Tai Bwo Wannai Trio
Taibwowannaitrio	all:item.tinderbox	ALL	item.tinderbox	Quest Helper 5ea99d5ea9ba3fb096ebe7b5ed02d80883e9819d: A Tail of Two Cats, Another Slice of Ham, Beneath Cursed Sands, Cabin Fever, Contact, Death to the Dorgeshuun, Desert Treasure I, Desert Treasure II, Dream Mentor, Eadgar's Ruse, Enakhra's Lament, Enlightened Journey, Horror from the Deep, Icthlarin's Little Helper, In Aid of the Myreque, Land of the Goblins, Lunar Diplomacy, Merlin's Crystal, Misthalin Mystery, Olaf's Quest, Rag and Bone Man, Rat Catchers, Recipe for Disaster, Regicide, Secrets of the North, Shades of Mort'ton, Song of the Elves, Swan Song, Tai Bwo Wannai Trio, Tears of Guthix, The Corsair Curse, The Dig Site, The Forsaken Tower, The Fremennik Trials, The Giant Dwarf, The Great Brain Robbery and Underground Pass; Quest completeness review batch 6; Quest Helper 5ea99d5ea9ba3fb096ebe7b5ed02d80883e9819d; OSRS Wiki: Rag and Bone Man II; Quest Helper 5ea99d5ea9ba3fb096ebe7b5ed02d80883e9819d; OSRS Wiki: Dragon Slayer II
Taleoftherighteous	all:item.rope.954	ALL	item.rope.954	Quest Helper 5ea99d5ea9ba3fb096ebe7b5ed02d80883e9819d: A Porcine of Interest; A Soul’s Bane; Another Slice of H.A.M.; Cabin Fever; In Aid of the Myreque; Legends’ Quest; Making Friends with My Arm; Mountain Daughter; Mourning’s End Part II; Olaf’s Quest; Perilous Moons; Plague City; Prince Ali Rescue; Rag and Bone Man II; Recipe for Disaster; Regicide; Roving Elves; Royal Trouble; Shilo Village; Song of the Elves; Spirits of the Elid; Tale of the Righteous; Tears of Guthix; The Dig Site; The Fremennik Isles; Troll Romance; Underground Pass; Wanted!; Watchtower; Waterfall Quest
Tearsofguthix	all:item.chisel	ALL	item.chisel	Quest Helper 5ea99d5ea9ba3fb096ebe7b5ed02d80883e9819d: A Taste of Hope, Big Chompy Bird Hunting, Desert Treasure II, Dragon Slayer II, Enakhra's Lament, Haunted Mine, Monkey Madness II, Mourning's End Part II, One Small Favour, Shilo Village, Sins of the Father, Sleeping Giants, Tears of Guthix, Temple of the Eye, The Slug Menace and While Guthix Sleeps
Tearsofguthix	all:item.magic_stone.4703	ALL	item.magic_stone.4703	Quest Helper 5ea99d5ea9ba3fb096ebe7b5ed02d80883e9819d: Tears Of Guthix
Tearsofguthix	all:item.rope.954	ALL	item.rope.954	Quest Helper 5ea99d5ea9ba3fb096ebe7b5ed02d80883e9819d: A Porcine of Interest; A Soul’s Bane; Another Slice of H.A.M.; Cabin Fever; In Aid of the Myreque; Legends’ Quest; Making Friends with My Arm; Mountain Daughter; Mourning’s End Part II; Olaf’s Quest; Perilous Moons; Plague City; Prince Ali Rescue; Rag and Bone Man II; Recipe for Disaster; Regicide; Roving Elves; Royal Trouble; Shilo Village; Song of the Elves; Spirits of the Elid; Tale of the Righteous; Tears of Guthix; The Dig Site; The Fremennik Isles; Troll Romance; Underground Pass; Wanted!; Watchtower; Waterfall Quest
Tearsofguthix	all:item.sapphire_lantern.4700	ALL	item.sapphire_lantern.4700	Quest Helper 5ea99d5ea9ba3fb096ebe7b5ed02d80883e9819d: Tears Of Guthix; Quest Helper 5ea99d5ea9ba3fb096ebe7b5ed02d80883e9819d; OSRS Wiki: While Guthix Sleeps
Tearsofguthix	all:item.tinderbox	ALL	item.tinderbox	Quest Helper 5ea99d5ea9ba3fb096ebe7b5ed02d80883e9819d: A Tail of Two Cats, Another Slice of Ham, Beneath Cursed Sands, Cabin Fever, Contact, Death to the Dorgeshuun, Desert Treasure I, Desert Treasure II, Dream Mentor, Eadgar's Ruse, Enakhra's Lament, Enlightened Journey, Horror from the Deep, Icthlarin's Little Helper, In Aid of the Myreque, Land of the Goblins, Lunar Diplomacy, Merlin's Crystal, Misthalin Mystery, Olaf's Quest, Rag and Bone Man, Rat Catchers, Recipe for Disaster, Regicide, Secrets of the North, Shades of Mort'ton, Song of the Elves, Swan Song, Tai Bwo Wannai Trio, Tears of Guthix, The Corsair Curse, The Dig Site, The Forsaken Tower, The Fremennik Trials, The Giant Dwarf, The Great Brain Robbery and Underground Pass; Quest completeness review batch 6; Quest Helper 5ea99d5ea9ba3fb096ebe7b5ed02d80883e9819d; OSRS Wiki: Rag and Bone Man II; Quest Helper 5ea99d5ea9ba3fb096ebe7b5ed02d80883e9819d; OSRS Wiki: Dragon Slayer II
Templeofikov	all:item.armadyl_pendant.87	ALL	item.armadyl_pendant.87	Quest Helper 5ea99d5ea9ba3fb096ebe7b5ed02d80883e9819d: Temple of Ikov
Templeofikov	all:item.boots_of_lightness.88	ALL	item.boots_of_lightness.88	Quest Helper 5ea99d5ea9ba3fb096ebe7b5ed02d80883e9819d: Temple of Ikov
Templeofikov	all:item.ice_arrows.78	ALL	item.ice_arrows.78	Quest Helper 5ea99d5ea9ba3fb096ebe7b5ed02d80883e9819d: Temple of Ikov
Templeofikov	all:item.limpwurt_root.225	ALL	item.limpwurt_root.225	Quest Helper 5ea99d5ea9ba3fb096ebe7b5ed02d80883e9819d: Temple of Ikov; While Guthix Sleeps
Templeofikov	all:item.pendant_of_lucien.86	ALL	item.pendant_of_lucien.86	Quest Helper 5ea99d5ea9ba3fb096ebe7b5ed02d80883e9819d: Temple of Ikov
Templeoftheeye	all:item.bucket_of_water.1929	ALL	item.bucket_of_water.1929	Quest Helper 5ea99d5ea9ba3fb096ebe7b5ed02d80883e9819d: Demon Slayer I; Forgettable Tale of a Drunken Dwarf; Getting Ahead; Making Friends with My Arm; Mourning’s End Part I; Plague City; Prince Ali Rescue; Recipe for Disaster; Rum Deal; Skippy and the Mogres; Sleeping Giants; Temple of the Eye
Templeoftheeye	all:item.chisel	ALL	item.chisel	Quest Helper 5ea99d5ea9ba3fb096ebe7b5ed02d80883e9819d: A Taste of Hope, Big Chompy Bird Hunting, Desert Treasure II, Dragon Slayer II, Enakhra's Lament, Haunted Mine, Monkey Madness II, Mourning's End Part II, One Small Favour, Shilo Village, Sins of the Father, Sleeping Giants, Tears of Guthix, Temple of the Eye, The Slug Menace and While Guthix Sleeps
Templeoftheeye	all:item.strong_cup_of_tea.26904	ALL	item.strong_cup_of_tea.26904	Quest Helper 5ea99d5ea9ba3fb096ebe7b5ed02d80883e9819d: Temple of the Eye
Thecorsaircurse	all:item.spade	ALL	item.spade	Quest Helper 5ea99d5ea9ba3fb096ebe7b5ed02d80883e9819d: Bear Your Soul, Beneath Cursed Sands, Cold War, Creature of Fenkenstrain, Dragon Slayer II, Ernest the Chicken, Fairytale I - Growing Pains, Fishing Contest, Garden of Tranquillity, Ghosts Ahoy, In Aid of the Myreque, Lunar Diplomacy, Making History, My Arm's Big Adventure, Olaf's Quest, Pirate's Treasure, Plague City, Regicide, Roving Elves, Shilo Village, Song of the Elves, The Corsair Curse, Underground Pass, While Guthix Sleeps and X Marks the Spot; Quest completeness review batch 6
Thecorsaircurse	all:item.tinderbox	ALL	item.tinderbox	Quest Helper 5ea99d5ea9ba3fb096ebe7b5ed02d80883e9819d: A Tail of Two Cats, Another Slice of Ham, Beneath Cursed Sands, Cabin Fever, Contact, Death to the Dorgeshuun, Desert Treasure I, Desert Treasure II, Dream Mentor, Eadgar's Ruse, Enakhra's Lament, Enlightened Journey, Horror from the Deep, Icthlarin's Little Helper, In Aid of the Myreque, Land of the Goblins, Lunar Diplomacy, Merlin's Crystal, Misthalin Mystery, Olaf's Quest, Rag and Bone Man, Rat Catchers, Recipe for Disaster, Regicide, Secrets of the North, Shades of Mort'ton, Song of the Elves, Swan Song, Tai Bwo Wannai Trio, Tears of Guthix, The Corsair Curse, The Dig Site, The Forsaken Tower, The Fremennik Trials, The Giant Dwarf, The Great Brain Robbery and Underground Pass; Quest completeness review batch 6; Quest Helper 5ea99d5ea9ba3fb096ebe7b5ed02d80883e9819d; OSRS Wiki: Rag and Bone Man II; Quest Helper 5ea99d5ea9ba3fb096ebe7b5ed02d80883e9819d; OSRS Wiki: Dragon Slayer II
Thecurseofarrav	all:item.dwellberries.2126	ALL	item.dwellberries.2126	Quest Helper 5ea99d5ea9ba3fb096ebe7b5ed02d80883e9819d: Plague City; The Curse of Arrav
Thecurseofarrav	all:item.insulated_boots.7159	ALL	item.insulated_boots.7159	Quest Helper 5ea99d5ea9ba3fb096ebe7b5ed02d80883e9819d: The Curse of Arrav
Thecurseofarrav	all:item.mith_grapple.9418	ALL	item.mith_grapple.9418	Quest Helper 5ea99d5ea9ba3fb096ebe7b5ed02d80883e9819d: The Curse of Arrav; The Path of Glouphrie
Thecurseofarrav	all:item.ring_of_life.2570	ALL	item.ring_of_life.2570	Quest Helper 5ea99d5ea9ba3fb096ebe7b5ed02d80883e9819d: The Curse of Arrav
Thedigsite	all:item.charcoal.973	ALL	item.charcoal.973	Quest Helper 5ea99d5ea9ba3fb096ebe7b5ed02d80883e9819d: Current Affairs; Darkness of Hallowvale; Desert Treasure I; Legends’ Quest; Recipe for Disaster; Shilo Village; The Dig Site; While Guthix Sleeps; Zogre Flesh Eaters
Thedigsite	all:item.cup_of_tea.712	ALL	item.cup_of_tea.712	Quest Helper 5ea99d5ea9ba3fb096ebe7b5ed02d80883e9819d: Ghosts Ahoy; The Dig Site; Zogre Flesh Eaters
Thedigsite	all:item.opal.1609	ALL	item.opal.1609	Quest Helper 5ea99d5ea9ba3fb096ebe7b5ed02d80883e9819d: Legends' Quest; One Small Favour; The Dig Site
Thedigsite	all:item.pestle_and_mortar.233	ALL	item.pestle_and_mortar.233	Quest Helper 5ea99d5ea9ba3fb096ebe7b5ed02d80883e9819d: A Taste of Hope; Dream Mentor; Eadgar’s Ruse; Fairytale II – Cure a Queen; Garden of Tranquillity; Land of the Goblins; Lunar Diplomacy; Monkey Madness II; Perilous Moons; Recipe for Disaster; Regicide; Shadow of the Storm; Song of the Elves; Tai Bwo Wannai Trio; The Dig Site; The Eyes of Glouphrie; The Golem; Watchtower; Quest Helper 5ea99d5ea9ba3fb096ebe7b5ed02d80883e9819d; OSRS Wiki: Dragon Slayer II
Thedigsite	all:item.rope.954	ALL	item.rope.954	Quest Helper 5ea99d5ea9ba3fb096ebe7b5ed02d80883e9819d: A Porcine of Interest; A Soul’s Bane; Another Slice of H.A.M.; Cabin Fever; In Aid of the Myreque; Legends’ Quest; Making Friends with My Arm; Mountain Daughter; Mourning’s End Part II; Olaf’s Quest; Perilous Moons; Plague City; Prince Ali Rescue; Rag and Bone Man II; Recipe for Disaster; Regicide; Roving Elves; Royal Trouble; Shilo Village; Song of the Elves; Spirits of the Elid; Tale of the Righteous; Tears of Guthix; The Dig Site; The Fremennik Isles; Troll Romance; Underground Pass; Wanted!; Watchtower; Waterfall Quest
Thedigsite	all:item.tinderbox	ALL	item.tinderbox	Quest Helper 5ea99d5ea9ba3fb096ebe7b5ed02d80883e9819d: A Tail of Two Cats, Another Slice of Ham, Beneath Cursed Sands, Cabin Fever, Contact, Death to the Dorgeshuun, Desert Treasure I, Desert Treasure II, Dream Mentor, Eadgar's Ruse, Enakhra's Lament, Enlightened Journey, Horror from the Deep, Icthlarin's Little Helper, In Aid of the Myreque, Land of the Goblins, Lunar Diplomacy, Merlin's Crystal, Misthalin Mystery, Olaf's Quest, Rag and Bone Man, Rat Catchers, Recipe for Disaster, Regicide, Secrets of the North, Shades of Mort'ton, Song of the Elves, Swan Song, Tai Bwo Wannai Trio, Tears of Guthix, The Corsair Curse, The Dig Site, The Forsaken Tower, The Fremennik Trials, The Giant Dwarf, The Great Brain Robbery and Underground Pass; Quest completeness review batch 6; Quest Helper 5ea99d5ea9ba3fb096ebe7b5ed02d80883e9819d; OSRS Wiki: Rag and Bone Man II; Quest Helper 5ea99d5ea9ba3fb096ebe7b5ed02d80883e9819d; OSRS Wiki: Dragon Slayer II
Thedigsite	all:item.unidentified_liquid.702	ALL	item.unidentified_liquid.702	Quest Helper 5ea99d5ea9ba3fb096ebe7b5ed02d80883e9819d: The Dig Site
Thedigsite	all:item.vial.229	ALL	item.vial.229	Quest Helper 5ea99d5ea9ba3fb096ebe7b5ed02d80883e9819d: A Taste of Hope; Land of the Goblins; Shadow of the Storm; The Dig Site; The Golem; The Hand in the Sand; Watchtower
Theeyesofglouphrie	all:item.magic_glue.9592	ALL	item.magic_glue.9592	Quest Helper 5ea99d5ea9ba3fb096ebe7b5ed02d80883e9819d: The Eyes of Glouphrie
Theeyesofglouphrie	all:item.maple_logs.1517	ALL	item.maple_logs.1517	Quest Helper 5ea99d5ea9ba3fb096ebe7b5ed02d80883e9819d: Enakhra's Lament; Shadows of Custodia; The Eyes of Glouphrie; Troll Romance
Theeyesofglouphrie	all:item.mud_rune.4698	ALL	item.mud_rune.4698	Quest Helper 5ea99d5ea9ba3fb096ebe7b5ed02d80883e9819d: The Eyes of Glouphrie
Theeyesofglouphrie	all:item.oak_logs.1521	ALL	item.oak_logs.1521	Quest Helper 5ea99d5ea9ba3fb096ebe7b5ed02d80883e9819d: Enakhra's Lament; Enlightened Journey; Sleeping Giants; The Eyes of Glouphrie
Theeyesofglouphrie	all:item.pestle_and_mortar.233	ALL	item.pestle_and_mortar.233	Quest Helper 5ea99d5ea9ba3fb096ebe7b5ed02d80883e9819d: A Taste of Hope; Dream Mentor; Eadgar’s Ruse; Fairytale II – Cure a Queen; Garden of Tranquillity; Land of the Goblins; Lunar Diplomacy; Monkey Madness II; Perilous Moons; Recipe for Disaster; Regicide; Shadow of the Storm; Song of the Elves; Tai Bwo Wannai Trio; The Dig Site; The Eyes of Glouphrie; The Golem; Watchtower; Quest Helper 5ea99d5ea9ba3fb096ebe7b5ed02d80883e9819d; OSRS Wiki: Dragon Slayer II
Thefeud	all:item.beer.1917	ALL	item.beer.1917	Quest Helper 5ea99d5ea9ba3fb096ebe7b5ed02d80883e9819d: Forgettable Tale of a Drunken Dwarf; Prince Ali Rescue; The Feud; The Final Dawn; The Hand in the Sand; Tower of Life; Vampyre Slayer
Thefeud	all:item.bucket	ALL	item.bucket	Quest Helper 5ea99d5ea9ba3fb096ebe7b5ed02d80883e9819d: Clock Tower, Cook's Assistant, Demon Slayer, Getting Ahead, Icthlarin's Little Helper, In Aid of the Myreque, Making Friends with My Arm, Merlin's Crystal, Misthalin Mystery, My Arm's Big Adventure, Priest in Peril, Regicide, Rum Deal, Sleeping Giants, The Feud and Underground Pass
Thefeud	all:item.desert_disguise.4611	ALL	item.desert_disguise.4611	Quest Helper 5ea99d5ea9ba3fb096ebe7b5ed02d80883e9819d: The Feud
Thefeud	all:item.fake_beard.4593	ALL	item.fake_beard.4593	Quest Helper 5ea99d5ea9ba3fb096ebe7b5ed02d80883e9819d: The Feud
Thefeud	all:item.kharidian_headpiece.4591	ALL	item.kharidian_headpiece.4591	Quest Helper 5ea99d5ea9ba3fb096ebe7b5ed02d80883e9819d: The Feud
Thefeud	all:item.oak_blackjack.4599	ALL	item.oak_blackjack.4599	Quest Helper 5ea99d5ea9ba3fb096ebe7b5ed02d80883e9819d: The Feud
Thefeud	all:item.shantay_pass.1854	ALL	item.shantay_pass.1854	Quest Helper 5ea99d5ea9ba3fb096ebe7b5ed02d80883e9819d: Spirits of the Elid; The Feud
Thefeud	all:item.snake_charm.4605	ALL	item.snake_charm.4605	Quest Helper 5ea99d5ea9ba3fb096ebe7b5ed02d80883e9819d: Rat Catchers; The Feud
Thefinaldawn	all:item.beer.1917	ALL	item.beer.1917	Quest Helper 5ea99d5ea9ba3fb096ebe7b5ed02d80883e9819d: Forgettable Tale of a Drunken Dwarf; Prince Ali Rescue; The Feud; The Final Dawn; The Hand in the Sand; Tower of Life; Vampyre Slayer
Thefinaldawn	all:item.beer_glass.1919	ALL	item.beer_glass.1919	Quest Helper 5ea99d5ea9ba3fb096ebe7b5ed02d80883e9819d: Forgettable Tale of a Drunken Dwarf; The Final Dawn
Thefinaldawn	all:item.civitas_illa_fortis_teleport.28824	ALL	item.civitas_illa_fortis_teleport.28824	Quest Helper 5ea99d5ea9ba3fb096ebe7b5ed02d80883e9819d: The Final Dawn; The Heart of Darkness
Thefinaldawn	all:item.dwarven_stout.1913	ALL	item.dwarven_stout.1913	Quest Helper 5ea99d5ea9ba3fb096ebe7b5ed02d80883e9819d: Forgettable Tale of a Drunken Dwarf; The Final Dawn; Quest completeness review batch 6
Thefinaldawn	all:item.emissary_hood.29868	ALL	item.emissary_hood.29868	Quest Helper 5ea99d5ea9ba3fb096ebe7b5ed02d80883e9819d: The Final Dawn; The Heart of Darkness
Thefinaldawn	all:item.emissary_robe_bottom.29872	ALL	item.emissary_robe_bottom.29872	Quest Helper pinned source 5ea99d5ea9ba3fb096ebe7b5ed02d80883e9819d: The Final Dawn; The Heart of Darkness
Thefinaldawn	all:item.emissary_robe_top.29870	ALL	item.emissary_robe_top.29870	Quest Helper pinned source 5ea99d5ea9ba3fb096ebe7b5ed02d80883e9819d: The Final Dawn; The Heart of Darkness
Thefinaldawn	all:item.emissary_sandals.29874	ALL	item.emissary_sandals.29874	Quest Helper 5ea99d5ea9ba3fb096ebe7b5ed02d80883e9819d: The Final Dawn; The Heart of Darkness
Thefinaldawn	all:item.empty_sack.5418	ALL	item.empty_sack.5418	Quest Helper 5ea99d5ea9ba3fb096ebe7b5ed02d80883e9819d: Enlightened Journey; The Final Dawn
Thefinaldawn	all:item.knife	ALL	item.knife	Quest Helper 5ea99d5ea9ba3fb096ebe7b5ed02d80883e9819d: A Taste of Hope, Below Ice Mountain, Big Chompy Bird Hunting, Curse of the Empty Lord, Darkness of Hallowvale, Desert Treasure II, Elemental Workshop I, Getting Ahead, Ghosts Ahoy, Lost City, Misthalin Mystery, Perilous Moon, Recipe for Disaster, Sins of the Father, Spirits of the Elid, Tai Bwo Wannai Trio, The Final Dawn, The Fremennik Isles, The Fremennik Trials, The Tourist Trap, While Guthix Sleeps and Zogre Flesh Eaters; Quest completeness review batch 6
Thefinaldawn	all:item.knife_blade.30965	ALL	item.knife_blade.30965	Quest Helper 5ea99d5ea9ba3fb096ebe7b5ed02d80883e9819d: The Final Dawn
Thefinaldawn	all:item.kuhu_essence.30962	ALL	item.kuhu_essence.30962	Quest Helper 5ea99d5ea9ba3fb096ebe7b5ed02d80883e9819d: The Final Dawn
Thefinaldawn	all:item.pendant_of_ates.29893	ALL	item.pendant_of_ates.29893	Quest Helper pinned source 5ea99d5ea9ba3fb096ebe7b5ed02d80883e9819d
Thefinaldawn	all:item.potatoes_10.5438	ALL	item.potatoes_10.5438	Quest Helper 5ea99d5ea9ba3fb096ebe7b5ed02d80883e9819d: The Final Dawn
Thefinaldawn	all:item.sandy_coin_purse.30943	ALL	item.sandy_coin_purse.30943	Quest Helper 5ea99d5ea9ba3fb096ebe7b5ed02d80883e9819d: The Final Dawn
Thefinaldawn	all:item.steamforge_brew.29412	ALL	item.steamforge_brew.29412	Quest Helper 5ea99d5ea9ba3fb096ebe7b5ed02d80883e9819d: The Final Dawn
Thefinaldawn	all:item.wizard_s_mind_bomb.1907	ALL	item.wizard_s_mind_bomb.1907	Quest Helper 5ea99d5ea9ba3fb096ebe7b5ed02d80883e9819d: Dragon Slayer; The Final Dawn
Theforsakentower	all:item.dinh_s_hammer.22761	ALL	item.dinh_s_hammer.22761	Quest Helper 5ea99d5ea9ba3fb096ebe7b5ed02d80883e9819d: The Forsaken Tower
Theforsakentower	all:item.tinderbox	ALL	item.tinderbox	Quest Helper 5ea99d5ea9ba3fb096ebe7b5ed02d80883e9819d: A Tail of Two Cats, Another Slice of Ham, Beneath Cursed Sands, Cabin Fever, Contact, Death to the Dorgeshuun, Desert Treasure I, Desert Treasure II, Dream Mentor, Eadgar's Ruse, Enakhra's Lament, Enlightened Journey, Horror from the Deep, Icthlarin's Little Helper, In Aid of the Myreque, Land of the Goblins, Lunar Diplomacy, Merlin's Crystal, Misthalin Mystery, Olaf's Quest, Rag and Bone Man, Rat Catchers, Recipe for Disaster, Regicide, Secrets of the North, Shades of Mort'ton, Song of the Elves, Swan Song, Tai Bwo Wannai Trio, Tears of Guthix, The Corsair Curse, The Dig Site, The Forsaken Tower, The Fremennik Trials, The Giant Dwarf, The Great Brain Robbery and Underground Pass; Quest completeness review batch 6; Quest Helper 5ea99d5ea9ba3fb096ebe7b5ed02d80883e9819d; OSRS Wiki: Rag and Bone Man II; Quest Helper 5ea99d5ea9ba3fb096ebe7b5ed02d80883e9819d; OSRS Wiki: Dragon Slayer II
Thefremennikexiles	all:item.astral_rune.9075	ALL	item.astral_rune.9075	Quest Helper 5ea99d5ea9ba3fb096ebe7b5ed02d80883e9819d: Dragon Slayer II; Dream Mentor; The Fremennik Exiles; While Guthix Sleeps
Thefremennikexiles	all:item.fishing_rod.307	ALL	item.fishing_rod.307	Quest Helper 5ea99d5ea9ba3fb096ebe7b5ed02d80883e9819d: Fishing Contest; Garden of Tranquillity; Heroes’ Quest; Land of the Goblins; Shadows of Custodia; The Fremennik Exiles
Thefremennikexiles	all:item.fremennik_shield.3758	ALL	item.fremennik_shield.3758	Quest Helper 5ea99d5ea9ba3fb096ebe7b5ed02d80883e9819d: The Fremennik Exiles
Thefremennikexiles	all:item.glassblowing_pipe.1785	ALL	item.glassblowing_pipe.1785	Quest Helper 5ea99d5ea9ba3fb096ebe7b5ed02d80883e9819d: Dragon Slayer II; The Fremennik Exiles
Thefremennikexiles	all:item.ice_gloves.1580	ALL	item.ice_gloves.1580	Quest Helper 5ea99d5ea9ba3fb096ebe7b5ed02d80883e9819d: Heroes’ Quest; Recipe for Disaster; The Fremennik Exiles
Thefremennikexiles	all:item.keg_of_beer.3711	ALL	item.keg_of_beer.3711	Quest Helper 5ea99d5ea9ba3fb096ebe7b5ed02d80883e9819d: The Fremennik Exiles; The Fremennik Trials
Thefremennikexiles	all:item.lunar_bar.9077	ALL	item.lunar_bar.9077	Quest Helper 5ea99d5ea9ba3fb096ebe7b5ed02d80883e9819d: The Fremennik Exiles
Thefremennikexiles	all:item.lunar_ore.9076	ALL	item.lunar_ore.9076	Quest Helper 5ea99d5ea9ba3fb096ebe7b5ed02d80883e9819d: The Fremennik Exiles
Thefremennikexiles	all:item.mirror_shield.4156	ALL	item.mirror_shield.4156	Quest Helper 5ea99d5ea9ba3fb096ebe7b5ed02d80883e9819d: The Fremennik Exiles; OSRS Wiki: The Fremennik Exiles
Thefremennikexiles	all:item.molten_glass.1775	ALL	item.molten_glass.1775	Quest Helper 5ea99d5ea9ba3fb096ebe7b5ed02d80883e9819d: A Kingdom Divided; Desert Treasure I; Dragon Slayer II; Horror from the Deep; Observatory Quest; The Fremennik Exiles; Wanted
Thefremennikexiles	all:item.pet_rock.3695	ALL	item.pet_rock.3695	Quest Helper 5ea99d5ea9ba3fb096ebe7b5ed02d80883e9819d: The Fremennik Exiles; The Fremennik Trials
Thefremennikexiles	all:item.ring_of_charos_a.6465	ALL	item.ring_of_charos_a.6465	Quest Helper pinned source 5ea99d5ea9ba3fb096ebe7b5ed02d80883e9819d
Thefremennikexiles	all:item.seal_of_passage.9083	ALL	item.seal_of_passage.9083	Quest Helper 5ea99d5ea9ba3fb096ebe7b5ed02d80883e9819d: Dragon Slayer II; Lunar Diplomacy; The Fremennik Exiles
Thefremennikexiles	all:item.v_s_shield.24265	ALL	item.v_s_shield.24265	Quest Helper 5ea99d5ea9ba3fb096ebe7b5ed02d80883e9819d: The Fremennik Exiles
Thefremennikisles	all:item.arctic_pine_logs.10810	ALL	item.arctic_pine_logs.10810	Quest Helper 5ea99d5ea9ba3fb096ebe7b5ed02d80883e9819d: The Fremennik Isles
Thefremennikisles	all:item.bronze_nails.4819	ALL	item.bronze_nails.4819	Quest Helper pinned source 5ea99d5ea9ba3fb096ebe7b5ed02d80883e9819d
Thefremennikisles	all:item.coal	ALL	item.coal	Quest Helper 5ea99d5ea9ba3fb096ebe7b5ed02d80883e9819d: Beneath Cursed Sands, Elemental Workshop I, Elemental Workshop II, Enakhra's Lament, In Aid of the Myreque, Regicide, Royal Trouble, The Fremennik Isles and The Giant Dwarf
Thefremennikisles	all:item.knife	ALL	item.knife	Quest Helper 5ea99d5ea9ba3fb096ebe7b5ed02d80883e9819d: A Taste of Hope, Below Ice Mountain, Big Chompy Bird Hunting, Curse of the Empty Lord, Darkness of Hallowvale, Desert Treasure II, Elemental Workshop I, Getting Ahead, Ghosts Ahoy, Lost City, Misthalin Mystery, Perilous Moon, Recipe for Disaster, Sins of the Father, Spirits of the Elid, Tai Bwo Wannai Trio, The Final Dawn, The Fremennik Isles, The Fremennik Trials, The Tourist Trap, While Guthix Sleeps and Zogre Flesh Eaters; Quest completeness review batch 6
Thefremennikisles	all:item.mithril-ore	ALL	item.mithril-ore	Quest Helper 5ea99d5ea9ba3fb096ebe7b5ed02d80883e9819d: The Fremennik Isles; The Giant Dwarf
Thefremennikisles	all:item.needle.1733	ALL	item.needle.1733	Quest Helper 5ea99d5ea9ba3fb096ebe7b5ed02d80883e9819d: At First Light; Creature of Fenkenstrain; Elemental Workshop I; Getting Ahead; Ghosts Ahoy; Lunar Diplomacy; Recipe for Disaster; Spirits of the Elid; The Fremennik Isles
Thefremennikisles	all:item.neitiznot_shield.10826	ALL	item.neitiznot_shield.10826	Quest Helper 5ea99d5ea9ba3fb096ebe7b5ed02d80883e9819d: The Fremennik Isles
Thefremennikisles	all:item.raw-tuna	ALL	item.raw-tuna	Quest Helper 5ea99d5ea9ba3fb096ebe7b5ed02d80883e9819d: The Fremennik Isles
Thefremennikisles	all:item.rope.954	ALL	item.rope.954	Quest Helper 5ea99d5ea9ba3fb096ebe7b5ed02d80883e9819d: A Porcine of Interest; A Soul’s Bane; Another Slice of H.A.M.; Cabin Fever; In Aid of the Myreque; Legends’ Quest; Making Friends with My Arm; Mountain Daughter; Mourning’s End Part II; Olaf’s Quest; Perilous Moons; Plague City; Prince Ali Rescue; Rag and Bone Man II; Recipe for Disaster; Regicide; Roving Elves; Royal Trouble; Shilo Village; Song of the Elves; Spirits of the Elid; Tale of the Righteous; Tears of Guthix; The Dig Site; The Fremennik Isles; Troll Romance; Underground Pass; Wanted!; Watchtower; Waterfall Quest
Thefremennikisles	all:item.silly_jester_boots.10839	ALL	item.silly_jester_boots.10839	Quest Helper 5ea99d5ea9ba3fb096ebe7b5ed02d80883e9819d: The Fremennik Isles
Thefremennikisles	all:item.silly_jester_hat.10836	ALL	item.silly_jester_hat.10836	Quest Helper 5ea99d5ea9ba3fb096ebe7b5ed02d80883e9819d: The Fremennik Isles
Thefremennikisles	all:item.silly_jester_tights.10838	ALL	item.silly_jester_tights.10838	Quest Helper 5ea99d5ea9ba3fb096ebe7b5ed02d80883e9819d: The Fremennik Isles
Thefremennikisles	all:item.silly_jester_top.10837	ALL	item.silly_jester_top.10837	Quest Helper pinned source 5ea99d5ea9ba3fb096ebe7b5ed02d80883e9819d: The Fremennik Isles
Thefremennikisles	all:item.split_log.10812	ALL	item.split_log.10812	Quest Helper 5ea99d5ea9ba3fb096ebe7b5ed02d80883e9819d: The Fremennik Isles
Thefremennikisles	all:item.thread.1734	ALL	item.thread.1734	Quest Helper 5ea99d5ea9ba3fb096ebe7b5ed02d80883e9819d: Creature of Fenkenstrain; Elemental Workshop I; Getting Ahead; Ghosts Ahoy; Lunar Diplomacy; Spirits of the Elid; The Fremennik Isles
Thefremennikisles	all:item.tin_ore.438	ALL	item.tin_ore.438	Quest Helper 5ea99d5ea9ba3fb096ebe7b5ed02d80883e9819d: The Fremennik Isles; The Giant Dwarf
Thefremennikisles	all:item.yak_hide_armour.10822	ALL	item.yak_hide_armour.10822	Quest Helper 5ea99d5ea9ba3fb096ebe7b5ed02d80883e9819d: The Fremennik Isles
Thefremenniktrials	all:item.cabbage.1965	ALL	item.cabbage.1965	Quest Helper 5ea99d5ea9ba3fb096ebe7b5ed02d80883e9819d: Big Chompy Bird Hunting; Black Knights' Fortress; Song of the Elves; The Fremennik Trials
Thefremenniktrials	all:item.enchanted_lyre.3690	ALL	item.enchanted_lyre.3690	Quest Helper 5ea99d5ea9ba3fb096ebe7b5ed02d80883e9819d: The Fremennik Trials
Thefremenniktrials	all:item.golden_wool.3694	ALL	item.golden_wool.3694	Quest Helper 5ea99d5ea9ba3fb096ebe7b5ed02d80883e9819d: The Fremennik Trials
Thefremenniktrials	all:item.hunters_talisman.3696	ALL	item.hunters_talisman.3696	Quest Helper 5ea99d5ea9ba3fb096ebe7b5ed02d80883e9819d: The Fremennik Trials
Thefremenniktrials	all:item.keg_of_beer.3711	ALL	item.keg_of_beer.3711	Quest Helper 5ea99d5ea9ba3fb096ebe7b5ed02d80883e9819d: The Fremennik Exiles; The Fremennik Trials
Thefremenniktrials	all:item.knife	ALL	item.knife	Quest Helper 5ea99d5ea9ba3fb096ebe7b5ed02d80883e9819d: A Taste of Hope, Below Ice Mountain, Big Chompy Bird Hunting, Curse of the Empty Lord, Darkness of Hallowvale, Desert Treasure II, Elemental Workshop I, Getting Ahead, Ghosts Ahoy, Lost City, Misthalin Mystery, Perilous Moon, Recipe for Disaster, Sins of the Father, Spirits of the Elid, Tai Bwo Wannai Trio, The Final Dawn, The Fremennik Isles, The Fremennik Trials, The Tourist Trap, While Guthix Sleeps and Zogre Flesh Eaters; Quest completeness review batch 6
Thefremenniktrials	all:item.lyre.3689	ALL	item.lyre.3689	Quest Helper 5ea99d5ea9ba3fb096ebe7b5ed02d80883e9819d: The Fremennik Trials
Thefremenniktrials	all:item.onion.1957	ALL	item.onion.1957	Quest Helper 5ea99d5ea9ba3fb096ebe7b5ed02d80883e9819d: Big Chompy Bird Hunting; The Fremennik Trials; Witch's Potion
Thefremenniktrials	all:item.pet_rock.3695	ALL	item.pet_rock.3695	Quest Helper 5ea99d5ea9ba3fb096ebe7b5ed02d80883e9819d: The Fremennik Exiles; The Fremennik Trials
Thefremenniktrials	all:item.potato.1942	ALL	item.potato.1942	Quest Helper 5ea99d5ea9ba3fb096ebe7b5ed02d80883e9819d: Big Chompy Bird Hunting; The Fremennik Trials
Thefremenniktrials	all:item.ring_of_recoil.2550	ALL	item.ring_of_recoil.2550	Quest Helper 5ea99d5ea9ba3fb096ebe7b5ed02d80883e9819d: Dragon Slayer; The Fremennik Trials; The Mage Arena II
Thefremenniktrials	all:item.tinderbox	ALL	item.tinderbox	Quest Helper 5ea99d5ea9ba3fb096ebe7b5ed02d80883e9819d: A Tail of Two Cats, Another Slice of Ham, Beneath Cursed Sands, Cabin Fever, Contact, Death to the Dorgeshuun, Desert Treasure I, Desert Treasure II, Dream Mentor, Eadgar's Ruse, Enakhra's Lament, Enlightened Journey, Horror from the Deep, Icthlarin's Little Helper, In Aid of the Myreque, Land of the Goblins, Lunar Diplomacy, Merlin's Crystal, Misthalin Mystery, Olaf's Quest, Rag and Bone Man, Rat Catchers, Recipe for Disaster, Regicide, Secrets of the North, Shades of Mort'ton, Song of the Elves, Swan Song, Tai Bwo Wannai Trio, Tears of Guthix, The Corsair Curse, The Dig Site, The Forsaken Tower, The Fremennik Trials, The Giant Dwarf, The Great Brain Robbery and Underground Pass; Quest completeness review batch 6; Quest Helper 5ea99d5ea9ba3fb096ebe7b5ed02d80883e9819d; OSRS Wiki: Rag and Bone Man II; Quest Helper 5ea99d5ea9ba3fb096ebe7b5ed02d80883e9819d; OSRS Wiki: Dragon Slayer II
Thegeneralsshadow	all:item.ghostly_boots.6106	ALL	item.ghostly_boots.6106	Quest Helper 5ea99d5ea9ba3fb096ebe7b5ed02d80883e9819d: The General's Shadow
Thegeneralsshadow	all:item.ghostly_cloak.6111	ALL	item.ghostly_cloak.6111	Quest Helper 5ea99d5ea9ba3fb096ebe7b5ed02d80883e9819d: The General's Shadow
Thegeneralsshadow	all:item.ghostly_gloves.6110	ALL	item.ghostly_gloves.6110	Quest Helper 5ea99d5ea9ba3fb096ebe7b5ed02d80883e9819d: The General's Shadow
Thegeneralsshadow	all:item.ghostly_hood.6109	ALL	item.ghostly_hood.6109	Quest Helper 5ea99d5ea9ba3fb096ebe7b5ed02d80883e9819d: The General's Shadow
Thegeneralsshadow	all:item.ghostly_robe.6107	ALL	item.ghostly_robe.6107	Quest Helper 5ea99d5ea9ba3fb096ebe7b5ed02d80883e9819d: The General's Shadow
Thegeneralsshadow	all:item.ghostspeak_amulet.552	ALL	item.ghostspeak_amulet.552	Quest Helper 5ea99d5ea9ba3fb096ebe7b5ed02d80883e9819d: Animal Magnetism; Ghosts Ahoy; Nature Spirit; The General's Shadow; The Restless Ghost; Quest Helper 5ea99d5ea9ba3fb096ebe7b5ed02d80883e9819d; OSRS Wiki: Dragon Slayer II
Thegeneralsshadow	all:item.severed_leg.10857	ALL	item.severed_leg.10857	Quest Helper 5ea99d5ea9ba3fb096ebe7b5ed02d80883e9819d: The General's Shadow
Thegiantdwarf	all:item.air-rune	ALL	item.air-rune	Quest Helper 5ea99d5ea9ba3fb096ebe7b5ed02d80883e9819d: Darkness of Hallowvale, Dragon Slayer II, Horror from the Deep, Spirits of the Elid, The Giant Dwarf, The Slug Menace, Underground Pass, Waterfall Quest and While Guthix Sleeps
Thegiantdwarf	all:item.bronze-bar	ALL	item.bronze-bar	Quest Helper 5ea99d5ea9ba3fb096ebe7b5ed02d80883e9819d: Observatory Quest, One Small Favour, Prince Ali Rescue, The Giant Dwarf and The Tourist Trap; Quest completeness review batch 6
Thegiantdwarf	all:item.clay.434	ALL	item.clay.434	Quest Helper 5ea99d5ea9ba3fb096ebe7b5ed02d80883e9819d: Doric's Quest; Getting Ahead; The Giant Dwarf
Thegiantdwarf	all:item.coal	ALL	item.coal	Quest Helper 5ea99d5ea9ba3fb096ebe7b5ed02d80883e9819d: Beneath Cursed Sands, Elemental Workshop I, Elemental Workshop II, Enakhra's Lament, In Aid of the Myreque, Regicide, Royal Trouble, The Fremennik Isles and The Giant Dwarf
Thegiantdwarf	all:item.copper_ore	ALL	item.copper_ore	Quest Helper 5ea99d5ea9ba3fb096ebe7b5ed02d80883e9819d: Doric’s Quest; The Giant Dwarf
Thegiantdwarf	all:item.dwarven_battleaxe.5056	ALL	item.dwarven_battleaxe.5056	Quest Helper 5ea99d5ea9ba3fb096ebe7b5ed02d80883e9819d: The Giant Dwarf
Thegiantdwarf	all:item.exquisite_boots.5064	ALL	item.exquisite_boots.5064	Quest Helper 5ea99d5ea9ba3fb096ebe7b5ed02d80883e9819d: The Giant Dwarf
Thegiantdwarf	all:item.exquisite_clothes.5067	ALL	item.exquisite_clothes.5067	Quest Helper 5ea99d5ea9ba3fb096ebe7b5ed02d80883e9819d: The Giant Dwarf
Thegiantdwarf	all:item.gold-bar	ALL	item.gold-bar	Quest Helper 5ea99d5ea9ba3fb096ebe7b5ed02d80883e9819d: Between A Rock, Legends Quest, Monkey Madness I, The Giant Dwarf and Watchtower
Thegiantdwarf	all:item.gold-ore	ALL	item.gold-ore	Quest Helper 5ea99d5ea9ba3fb096ebe7b5ed02d80883e9819d: The Giant Dwarf
Thegiantdwarf	all:item.iron-bar	ALL	item.iron-bar	Quest Helper 5ea99d5ea9ba3fb096ebe7b5ed02d80883e9819d: Animal Magnetism, Beneath Cursed Sands, Bone Voyage, Death Plateau, One Small Favour, Swan Song, The Giant Dwarf, The Knight's Sword, Throne of Miscellania and Troll Romance
Thegiantdwarf	all:item.iron-ore	ALL	item.iron-ore	Quest Helper 5ea99d5ea9ba3fb096ebe7b5ed02d80883e9819d: Doric’s Quest; The Giant Dwarf
Thegiantdwarf	all:item.law-rune	ALL	item.law-rune	Quest Helper 5ea99d5ea9ba3fb096ebe7b5ed02d80883e9819d: Creature of Fenkenstrain, Darkness of Hallowvale, King's Ransom, Legends Quest, Spirits of the Elid, The Giant Dwarf and While Guthix Sleeps; Quest completeness review batch 6
Thegiantdwarf	all:item.left_boot.5062	ALL	item.left_boot.5062	Quest Helper 5ea99d5ea9ba3fb096ebe7b5ed02d80883e9819d: The Giant Dwarf
Thegiantdwarf	all:item.logs	ALL	item.logs	Quest Helper 5ea99d5ea9ba3fb096ebe7b5ed02d80883e9819d: A Tail of Two Cats, Eadgar's Ruse, Enakhra's Lament, Enlightened Journey, Monk's Friend, Monkey Madness II, Rag and Bone Man, Sins of the Father, The Giant Dwarf, Throne of Miscellania, Tree Gnome Village and While Guthix Sleeps; Quest completeness review batch 6; Quest Helper 5ea99d5ea9ba3fb096ebe7b5ed02d80883e9819d; OSRS Wiki: Rag and Bone Man II
Thegiantdwarf	all:item.mithril-bar	ALL	item.mithril-bar	Quest Helper 5ea99d5ea9ba3fb096ebe7b5ed02d80883e9819d: In Aid of the Myreque; The Giant Dwarf
Thegiantdwarf	all:item.mithril-ore	ALL	item.mithril-ore	Quest Helper 5ea99d5ea9ba3fb096ebe7b5ed02d80883e9819d: The Fremennik Isles; The Giant Dwarf
Thegiantdwarf	all:item.redberry_pie.2325	ALL	item.redberry_pie.2325	Quest Helper 5ea99d5ea9ba3fb096ebe7b5ed02d80883e9819d: Prying Times; The Giant Dwarf; The Knight's Sword
Thegiantdwarf	all:item.silver-bar	ALL	item.silver-bar	Quest Helper 5ea99d5ea9ba3fb096ebe7b5ed02d80883e9819d: Creature of Fenkenstrain, Desert Treasure I, In Aid of the Myreque, Shadow of the Storm and The Giant Dwarf
Thegiantdwarf	all:item.silver-ore	ALL	item.silver-ore	Quest Helper 5ea99d5ea9ba3fb096ebe7b5ed02d80883e9819d: The Giant Dwarf
Thegiantdwarf	all:item.steel-bar	ALL	item.steel-bar	Quest Helper 5ea99d5ea9ba3fb096ebe7b5ed02d80883e9819d: Cold War, Desert Treasure I, In Aid of the Myreque, One Small Favour, Prying Times and The Giant Dwarf
Thegiantdwarf	all:item.tin_ore.438	ALL	item.tin_ore.438	Quest Helper 5ea99d5ea9ba3fb096ebe7b5ed02d80883e9819d: The Fremennik Isles; The Giant Dwarf
Thegiantdwarf	all:item.tinderbox	ALL	item.tinderbox	Quest Helper 5ea99d5ea9ba3fb096ebe7b5ed02d80883e9819d: A Tail of Two Cats, Another Slice of Ham, Beneath Cursed Sands, Cabin Fever, Contact, Death to the Dorgeshuun, Desert Treasure I, Desert Treasure II, Dream Mentor, Eadgar's Ruse, Enakhra's Lament, Enlightened Journey, Horror from the Deep, Icthlarin's Little Helper, In Aid of the Myreque, Land of the Goblins, Lunar Diplomacy, Merlin's Crystal, Misthalin Mystery, Olaf's Quest, Rag and Bone Man, Rat Catchers, Recipe for Disaster, Regicide, Secrets of the North, Shades of Mort'ton, Song of the Elves, Swan Song, Tai Bwo Wannai Trio, Tears of Guthix, The Corsair Curse, The Dig Site, The Forsaken Tower, The Fremennik Trials, The Giant Dwarf, The Great Brain Robbery and Underground Pass; Quest completeness review batch 6; Quest Helper 5ea99d5ea9ba3fb096ebe7b5ed02d80883e9819d; OSRS Wiki: Rag and Bone Man II; Quest Helper 5ea99d5ea9ba3fb096ebe7b5ed02d80883e9819d; OSRS Wiki: Dragon Slayer II
Thegolem	all:item.papyrus.970	ALL	item.papyrus.970	Quest Helper 5ea99d5ea9ba3fb096ebe7b5ed02d80883e9819d: Darkness of Hallowvale; Enlightened Journey; Legends' Quest; Shilo Village; The Golem; While Guthix Sleeps; Zogre Flesh Eaters
Thegolem	all:item.pestle_and_mortar.233	ALL	item.pestle_and_mortar.233	Quest Helper 5ea99d5ea9ba3fb096ebe7b5ed02d80883e9819d: A Taste of Hope; Dream Mentor; Eadgar’s Ruse; Fairytale II – Cure a Queen; Garden of Tranquillity; Land of the Goblins; Lunar Diplomacy; Monkey Madness II; Perilous Moons; Recipe for Disaster; Regicide; Shadow of the Storm; Song of the Elves; Tai Bwo Wannai Trio; The Dig Site; The Eyes of Glouphrie; The Golem; Watchtower; Quest Helper 5ea99d5ea9ba3fb096ebe7b5ed02d80883e9819d; OSRS Wiki: Dragon Slayer II
Thegolem	all:item.phoenix_feather.4621	ALL	item.phoenix_feather.4621	Quest Helper 5ea99d5ea9ba3fb096ebe7b5ed02d80883e9819d: The Golem
Thegolem	all:item.soft_clay.1761	ALL	item.soft_clay.1761	Quest Helper 5ea99d5ea9ba3fb096ebe7b5ed02d80883e9819d: Enakhra's Lament; Getting Ahead; In Aid of the Myreque; One Small Favour; Prince Ali Rescue; The Golem; The Heart of Darkness
Thegolem	all:item.vial.229	ALL	item.vial.229	Quest Helper 5ea99d5ea9ba3fb096ebe7b5ed02d80883e9819d: A Taste of Hope; Land of the Goblins; Shadow of the Storm; The Dig Site; The Golem; The Hand in the Sand; Watchtower
Thegreatbrainrobbery	all:item.barrelchest_anchor.10887	ALL	item.barrelchest_anchor.10887	Quest Helper 5ea99d5ea9ba3fb096ebe7b5ed02d80883e9819d: The Great Brain Robbery
Thegreatbrainrobbery	all:item.diving_apparatus.7535	ALL	item.diving_apparatus.7535	Quest Helper 5ea99d5ea9ba3fb096ebe7b5ed02d80883e9819d: Recipe for Disaster; The Great Brain Robbery
Thegreatbrainrobbery	all:item.fenkenstrain_s_castle_teleport.19621	ALL	item.fenkenstrain_s_castle_teleport.19621	Quest Helper 5ea99d5ea9ba3fb096ebe7b5ed02d80883e9819d: Creature of Fenkenstrain; The Great Brain Robbery
Thegreatbrainrobbery	all:item.fishbowl_helmet.7534	ALL	item.fishbowl_helmet.7534	Quest Helper 5ea99d5ea9ba3fb096ebe7b5ed02d80883e9819d: Recipe for Disaster; The Great Brain Robbery
Thegreatbrainrobbery	all:item.fur.6814	ALL	item.fur.6814	Quest Helper 5ea99d5ea9ba3fb096ebe7b5ed02d80883e9819d: The Great Brain Robbery
Thegreatbrainrobbery	all:item.hammer	ALL	item.hammer	Quest Helper 5ea99d5ea9ba3fb096ebe7b5ed02d80883e9819d: Prying Times; Sleeping Giants; The Great Brain Robbery; While Guthix Sleeps; Quest Helper 5ea99d5ea9ba3fb096ebe7b5ed02d80883e9819d; OSRS Wiki: Dragon Slayer II
Thegreatbrainrobbery	all:item.holy_symbol.1718	ALL	item.holy_symbol.1718	Quest Helper 5ea99d5ea9ba3fb096ebe7b5ed02d80883e9819d: Animal Magnetism; The Great Brain Robbery
Thegreatbrainrobbery	all:item.oak_plank.8778	ALL	item.oak_plank.8778	Quest Helper 5ea99d5ea9ba3fb096ebe7b5ed02d80883e9819d: Bone Voyage; Cold War; The Great Brain Robbery; Quest Helper 5ea99d5ea9ba3fb096ebe7b5ed02d80883e9819d; OSRS Wiki: Dragon Slayer II
Thegreatbrainrobbery	all:item.plank.960	ALL	item.plank.960	Quest Helper 5ea99d5ea9ba3fb096ebe7b5ed02d80883e9819d: Daddy’s Home; Darkness of Hallowvale; Dragon Slayer I; Horror from the Deep; In Aid of the Myreque; In Search of the Myreque; Observatory Quest; Regicide; Royal Trouble; Scrambled!; The Great Brain Robbery; Underground Pass
Thegreatbrainrobbery	all:item.ring_of_charos.4202	ALL	item.ring_of_charos.4202	Quest Helper pinned source 5ea99d5ea9ba3fb096ebe7b5ed02d80883e9819d
Thegreatbrainrobbery	all:item.tinderbox	ALL	item.tinderbox	Quest Helper 5ea99d5ea9ba3fb096ebe7b5ed02d80883e9819d: A Tail of Two Cats, Another Slice of Ham, Beneath Cursed Sands, Cabin Fever, Contact, Death to the Dorgeshuun, Desert Treasure I, Desert Treasure II, Dream Mentor, Eadgar's Ruse, Enakhra's Lament, Enlightened Journey, Horror from the Deep, Icthlarin's Little Helper, In Aid of the Myreque, Land of the Goblins, Lunar Diplomacy, Merlin's Crystal, Misthalin Mystery, Olaf's Quest, Rag and Bone Man, Rat Catchers, Recipe for Disaster, Regicide, Secrets of the North, Shades of Mort'ton, Song of the Elves, Swan Song, Tai Bwo Wannai Trio, Tears of Guthix, The Corsair Curse, The Dig Site, The Forsaken Tower, The Fremennik Trials, The Giant Dwarf, The Great Brain Robbery and Underground Pass; Quest completeness review batch 6; Quest Helper 5ea99d5ea9ba3fb096ebe7b5ed02d80883e9819d; OSRS Wiki: Rag and Bone Man II; Quest Helper 5ea99d5ea9ba3fb096ebe7b5ed02d80883e9819d; OSRS Wiki: Dragon Slayer II
Thegreatbrainrobbery	all:item.watermelon_seed.5321	ALL	item.watermelon_seed.5321	Quest Helper 5ea99d5ea9ba3fb096ebe7b5ed02d80883e9819d: The Great Brain Robbery
Thegreatbrainrobbery	all:item.wolf_whistle.10896	ALL	item.wolf_whistle.10896	Quest Helper 5ea99d5ea9ba3fb096ebe7b5ed02d80883e9819d: The Great Brain Robbery
Thegreatbrainrobbery	all:item.wooden_cat.10891	ALL	item.wooden_cat.10891	Quest Helper 5ea99d5ea9ba3fb096ebe7b5ed02d80883e9819d: The Great Brain Robbery
Thehandinthesand	all:item.beer.1917	ALL	item.beer.1917	Quest Helper 5ea99d5ea9ba3fb096ebe7b5ed02d80883e9819d: Forgettable Tale of a Drunken Dwarf; Prince Ali Rescue; The Feud; The Final Dawn; The Hand in the Sand; Tower of Life; Vampyre Slayer
Thehandinthesand	all:item.bucket_of_sand.1783	ALL	item.bucket_of_sand.1783	Quest Helper 5ea99d5ea9ba3fb096ebe7b5ed02d80883e9819d: The Hand in the Sand
Thehandinthesand	all:item.lantern_lens.4542	ALL	item.lantern_lens.4542	Quest Helper 5ea99d5ea9ba3fb096ebe7b5ed02d80883e9819d: The Hand in the Sand; While Guthix Sleeps
Thehandinthesand	all:item.magical_orb.6950	ALL	item.magical_orb.6950	Quest Helper 5ea99d5ea9ba3fb096ebe7b5ed02d80883e9819d: The Hand in the Sand
Thehandinthesand	all:item.red_dye.1763	ALL	item.red_dye.1763	Quest Helper 5ea99d5ea9ba3fb096ebe7b5ed02d80883e9819d: Enlightened Journey; Getting Ahead; Ghosts Ahoy; Mourning’s End Part I; Song of the Elves; The Hand in the Sand
Thehandinthesand	all:item.redberries.1951	ALL	item.redberries.1951	Quest Helper 5ea99d5ea9ba3fb096ebe7b5ed02d80883e9819d: Prince Ali Rescue; The Hand in the Sand
Thehandinthesand	all:item.sand.6958	ALL	item.sand.6958	Quest Helper 5ea99d5ea9ba3fb096ebe7b5ed02d80883e9819d: The Hand in the Sand
Thehandinthesand	all:item.sandy_hand.6945	ALL	item.sandy_hand.6945	Quest Helper 5ea99d5ea9ba3fb096ebe7b5ed02d80883e9819d: The Hand in the Sand
Thehandinthesand	all:item.sandy_s_rota.6948	ALL	item.sandy_s_rota.6948	Quest Helper 5ea99d5ea9ba3fb096ebe7b5ed02d80883e9819d: The Hand in the Sand
Thehandinthesand	all:item.vial.229	ALL	item.vial.229	Quest Helper 5ea99d5ea9ba3fb096ebe7b5ed02d80883e9819d: A Taste of Hope; Land of the Goblins; Shadow of the Storm; The Dig Site; The Golem; The Hand in the Sand; Watchtower
Thehandinthesand	all:item.white_berries.239	ALL	item.white_berries.239	Quest Helper 5ea99d5ea9ba3fb096ebe7b5ed02d80883e9819d: The Hand in the Sand; While Guthix Sleeps
Theheartofdarkness	all:item.civitas_illa_fortis_teleport.28824	ALL	item.civitas_illa_fortis_teleport.28824	Quest Helper 5ea99d5ea9ba3fb096ebe7b5ed02d80883e9819d: The Final Dawn; The Heart of Darkness
Theheartofdarkness	all:item.emissary_hood.29868	ALL	item.emissary_hood.29868	Quest Helper 5ea99d5ea9ba3fb096ebe7b5ed02d80883e9819d: The Final Dawn; The Heart of Darkness
Theheartofdarkness	all:item.emissary_robe_bottom.29872	ALL	item.emissary_robe_bottom.29872	Quest Helper pinned source 5ea99d5ea9ba3fb096ebe7b5ed02d80883e9819d: The Final Dawn; The Heart of Darkness
Theheartofdarkness	all:item.emissary_robe_top.29870	ALL	item.emissary_robe_top.29870	Quest Helper pinned source 5ea99d5ea9ba3fb096ebe7b5ed02d80883e9819d: The Final Dawn; The Heart of Darkness
Theheartofdarkness	all:item.emissary_sandals.29874	ALL	item.emissary_sandals.29874	Quest Helper 5ea99d5ea9ba3fb096ebe7b5ed02d80883e9819d: The Final Dawn; The Heart of Darkness
Theheartofdarkness	all:item.limestone_brick.3420	ALL	item.limestone_brick.3420	Quest Helper 5ea99d5ea9ba3fb096ebe7b5ed02d80883e9819d: Shades of Mort’ton; Song of the Elves; The Heart of Darkness
Theheartofdarkness	all:item.quetzal_feed.28975	ALL	item.quetzal_feed.28975	Quest Helper 5ea99d5ea9ba3fb096ebe7b5ed02d80883e9819d: The Heart of Darkness
Theheartofdarkness	all:item.soft_clay.1761	ALL	item.soft_clay.1761	Quest Helper 5ea99d5ea9ba3fb096ebe7b5ed02d80883e9819d: Enakhra's Lament; Getting Ahead; In Aid of the Myreque; One Small Favour; Prince Ali Rescue; The Golem; The Heart of Darkness
Theidesofmilk	all:item.milk_sample.33128	ALL	item.milk_sample.33128	Quest Helper 5ea99d5ea9ba3fb096ebe7b5ed02d80883e9819d: The Ides of Milk
Theknightssword	all:item.blurite_ore.668	ALL	item.blurite_ore.668	Quest Helper 5ea99d5ea9ba3fb096ebe7b5ed02d80883e9819d: The Knight's Sword
Theknightssword	all:item.blurite_sword.667	ALL	item.blurite_sword.667	Quest Helper 5ea99d5ea9ba3fb096ebe7b5ed02d80883e9819d: The Knight's Sword
Theknightssword	all:item.iron-bar	ALL	item.iron-bar	Quest Helper 5ea99d5ea9ba3fb096ebe7b5ed02d80883e9819d: Animal Magnetism, Beneath Cursed Sands, Bone Voyage, Death Plateau, One Small Favour, Swan Song, The Giant Dwarf, The Knight's Sword, Throne of Miscellania and Troll Romance
Theknightssword	all:item.redberry_pie.2325	ALL	item.redberry_pie.2325	Quest Helper 5ea99d5ea9ba3fb096ebe7b5ed02d80883e9819d: Prying Times; The Giant Dwarf; The Knight's Sword
Thepathofglouphrie	all:item.crystal_chime.28577	ALL	item.crystal_chime.28577	Quest Helper 5ea99d5ea9ba3fb096ebe7b5ed02d80883e9819d: The Path of Glouphrie
Thepathofglouphrie	all:item.crystal_chime_seed.28575	ALL	item.crystal_chime_seed.28575	Quest Helper 5ea99d5ea9ba3fb096ebe7b5ed02d80883e9819d: The Path of Glouphrie
Thepathofglouphrie	all:item.mith_grapple.9418	ALL	item.mith_grapple.9418	Quest Helper 5ea99d5ea9ba3fb096ebe7b5ed02d80883e9819d: The Curse of Arrav; The Path of Glouphrie
Thequeenofthieves	all:item.stew.2003	ALL	item.stew.2003	Quest Helper 5ea99d5ea9ba3fb096ebe7b5ed02d80883e9819d: Recipe for Disaster; The Queen of Thieves
Theredreef	all:item.deep_sea_apparatus.31296	ALL	item.deep_sea_apparatus.31296	Quest Helper 5ea99d5ea9ba3fb096ebe7b5ed02d80883e9819d: The Red Reef
Theredreef	all:item.deep_sea_helmet.31295	ALL	item.deep_sea_helmet.31295	Quest Helper 5ea99d5ea9ba3fb096ebe7b5ed02d80883e9819d: The Red Reef
Therestlessghost	all:item.ghostspeak_amulet.552	ALL	item.ghostspeak_amulet.552	Quest Helper 5ea99d5ea9ba3fb096ebe7b5ed02d80883e9819d: Animal Magnetism; Ghosts Ahoy; Nature Spirit; The General's Shadow; The Restless Ghost; Quest Helper 5ea99d5ea9ba3fb096ebe7b5ed02d80883e9819d; OSRS Wiki: Dragon Slayer II
Therestlessghost	all:item.necklace_of_passage_5.21146	ALL	item.necklace_of_passage_5.21146	Quest Helper 5ea99d5ea9ba3fb096ebe7b5ed02d80883e9819d: The Restless Ghost
Theslugmenace	all:item.air-rune	ALL	item.air-rune	Quest Helper 5ea99d5ea9ba3fb096ebe7b5ed02d80883e9819d: Darkness of Hallowvale, Dragon Slayer II, Horror from the Deep, Spirits of the Elid, The Giant Dwarf, The Slug Menace, Underground Pass, Waterfall Quest and While Guthix Sleeps
Theslugmenace	all:item.chisel	ALL	item.chisel	Quest Helper 5ea99d5ea9ba3fb096ebe7b5ed02d80883e9819d: A Taste of Hope, Big Chompy Bird Hunting, Desert Treasure II, Dragon Slayer II, Enakhra's Lament, Haunted Mine, Monkey Madness II, Mourning's End Part II, One Small Favour, Shilo Village, Sins of the Father, Sleeping Giants, Tears of Guthix, Temple of the Eye, The Slug Menace and While Guthix Sleeps
Theslugmenace	all:item.earth-rune	ALL	item.earth-rune	Quest Helper 5ea99d5ea9ba3fb096ebe7b5ed02d80883e9819d: Horror from the Deep, Legends Quest, The Slug Menace, Waterfall Quest and While Guthix Sleeps
Theslugmenace	all:item.fire-rune	ALL	item.fire-rune	Quest Helper 5ea99d5ea9ba3fb096ebe7b5ed02d80883e9819d: Dragon Slayer II, Horror from the Deep, The Slug Menace and While Guthix Sleeps
Theslugmenace	all:item.mind-rune	ALL	item.mind-rune	Quest Helper 5ea99d5ea9ba3fb096ebe7b5ed02d80883e9819d: Legends’ Quest; The Slug Menace; While Guthix Sleeps
Theslugmenace	all:item.swamp_paste.1941	ALL	item.swamp_paste.1941	Quest Helper 5ea99d5ea9ba3fb096ebe7b5ed02d80883e9819d: Cabin Fever; Dragon Slayer II; In Aid of the Myreque; Sea Slug; Shades of Mort’ton; The Slug Menace
Theslugmenace	all:item.water-rune	ALL	item.water-rune	Quest Helper 5ea99d5ea9ba3fb096ebe7b5ed02d80883e9819d: Horror from the Deep, In Aid of the Myreque, The Slug Menace, Waterfall Quest and While Guthix Sleeps
Thetouristtrap	all:item.ana_in_a_barrel.1842	ALL	item.ana_in_a_barrel.1842	Quest Helper 5ea99d5ea9ba3fb096ebe7b5ed02d80883e9819d: The Tourist Trap
Thetouristtrap	all:item.barrel.1841	ALL	item.barrel.1841	Quest Helper 5ea99d5ea9ba3fb096ebe7b5ed02d80883e9819d: Mourning’s End Part I; Regicide; The Tourist Trap
Thetouristtrap	all:item.bronze-bar	ALL	item.bronze-bar	Quest Helper 5ea99d5ea9ba3fb096ebe7b5ed02d80883e9819d: Observatory Quest, One Small Favour, Prince Ali Rescue, The Giant Dwarf and The Tourist Trap; Quest completeness review batch 6
Thetouristtrap	all:item.desert_boots.1837	ALL	item.desert_boots.1837	Quest Helper 5ea99d5ea9ba3fb096ebe7b5ed02d80883e9819d: The Tourist Trap
Thetouristtrap	all:item.desert_robe.1835	ALL	item.desert_robe.1835	Quest Helper 5ea99d5ea9ba3fb096ebe7b5ed02d80883e9819d: A Tail of Two Cats; The Tourist Trap
Thetouristtrap	all:item.desert_shirt.1833	ALL	item.desert_shirt.1833	Quest Helper 5ea99d5ea9ba3fb096ebe7b5ed02d80883e9819d: A Tail of Two Cats; The Tourist Trap
Thetouristtrap	all:item.feather.314	ALL	item.feather.314	Quest Helper 5ea99d5ea9ba3fb096ebe7b5ed02d80883e9819d: Big Chompy Bird Hunting; Client of Kourend; Cold War; Mourning’s End Part I; The Tourist Trap
Thetouristtrap	all:item.knife	ALL	item.knife	Quest Helper 5ea99d5ea9ba3fb096ebe7b5ed02d80883e9819d: A Taste of Hope, Below Ice Mountain, Big Chompy Bird Hunting, Curse of the Empty Lord, Darkness of Hallowvale, Desert Treasure II, Elemental Workshop I, Getting Ahead, Ghosts Ahoy, Lost City, Misthalin Mystery, Perilous Moon, Recipe for Disaster, Sins of the Father, Spirits of the Elid, Tai Bwo Wannai Trio, The Final Dawn, The Fremennik Isles, The Fremennik Trials, The Tourist Trap, While Guthix Sleeps and Zogre Flesh Eaters; Quest completeness review batch 6
Thetouristtrap	all:item.slave_boots.1846	ALL	item.slave_boots.1846	Quest Helper 5ea99d5ea9ba3fb096ebe7b5ed02d80883e9819d: The Tourist Trap
Thetouristtrap	all:item.slave_robe.1845	ALL	item.slave_robe.1845	Quest Helper 5ea99d5ea9ba3fb096ebe7b5ed02d80883e9819d: The Tourist Trap
Thetouristtrap	all:item.slave_shirt.1844	ALL	item.slave_shirt.1844	Quest Helper 5ea99d5ea9ba3fb096ebe7b5ed02d80883e9819d: The Tourist Trap
Thetouristtrap	all:item.tenti_pineapple.1851	ALL	item.tenti_pineapple.1851	Quest Helper 5ea99d5ea9ba3fb096ebe7b5ed02d80883e9819d: The Tourist Trap
Throneofmiscellania	all:item.iron-bar	ALL	item.iron-bar	Quest Helper 5ea99d5ea9ba3fb096ebe7b5ed02d80883e9819d: Animal Magnetism, Beneath Cursed Sands, Bone Voyage, Death Plateau, One Small Favour, Swan Song, The Giant Dwarf, The Knight's Sword, Throne of Miscellania and Troll Romance
Throneofmiscellania	all:item.lobster_pot.301	ALL	item.lobster_pot.301	Quest Helper 5ea99d5ea9ba3fb096ebe7b5ed02d80883e9819d: Dragon Slayer I; Throne of Miscellania
Throneofmiscellania	all:item.logs	ALL	item.logs	Quest Helper 5ea99d5ea9ba3fb096ebe7b5ed02d80883e9819d: A Tail of Two Cats, Eadgar's Ruse, Enakhra's Lament, Enlightened Journey, Monk's Friend, Monkey Madness II, Rag and Bone Man, Sins of the Father, The Giant Dwarf, Throne of Miscellania, Tree Gnome Village and While Guthix Sleeps; Quest completeness review batch 6; Quest Helper 5ea99d5ea9ba3fb096ebe7b5ed02d80883e9819d; OSRS Wiki: Rag and Bone Man II
Throneofmiscellania	all:item.rake.5341	ALL	item.rake.5341	Quest Helper 5ea99d5ea9ba3fb096ebe7b5ed02d80883e9819d: A Tail of Two Cats; Forgettable Tale of a Drunken Dwarf; Garden of Tranquillity; My Arm's Big Adventure; Rum Deal; Throne of Miscellania
Toweroflife	all:item.beer.1917	ALL	item.beer.1917	Quest Helper 5ea99d5ea9ba3fb096ebe7b5ed02d80883e9819d: Forgettable Tale of a Drunken Dwarf; Prince Ali Rescue; The Feud; The Final Dawn; The Hand in the Sand; Tower of Life; Vampyre Slayer
Toweroflife	all:item.builder_s_boots.10865	ALL	item.builder_s_boots.10865	Quest Helper 5ea99d5ea9ba3fb096ebe7b5ed02d80883e9819d: Tower Of Life
Toweroflife	all:item.builder_s_shirt.10863	ALL	item.builder_s_shirt.10863	Quest Helper 5ea99d5ea9ba3fb096ebe7b5ed02d80883e9819d: Tower Of Life
Toweroflife	all:item.builder_s_trousers.10864	ALL	item.builder_s_trousers.10864	Quest Helper 5ea99d5ea9ba3fb096ebe7b5ed02d80883e9819d: Tower Of Life
Toweroflife	all:item.hard_hat.10862	ALL	item.hard_hat.10862	Quest Helper 5ea99d5ea9ba3fb096ebe7b5ed02d80883e9819d: Tower Of Life
Toweroflife	all:item.metal_bar.10876	ALL	item.metal_bar.10876	Quest Helper pinned source 5ea99d5ea9ba3fb096ebe7b5ed02d80883e9819d
Treegnomevillage	all:item.logs	ALL	item.logs	Quest Helper 5ea99d5ea9ba3fb096ebe7b5ed02d80883e9819d: A Tail of Two Cats, Eadgar's Ruse, Enakhra's Lament, Enlightened Journey, Monk's Friend, Monkey Madness II, Rag and Bone Man, Sins of the Father, The Giant Dwarf, Throne of Miscellania, Tree Gnome Village and While Guthix Sleeps; Quest completeness review batch 6; Quest Helper 5ea99d5ea9ba3fb096ebe7b5ed02d80883e9819d; OSRS Wiki: Rag and Bone Man II
Trollromance	all:item.bucket_of_wax.30	ALL	item.bucket_of_wax.30	Quest Helper 5ea99d5ea9ba3fb096ebe7b5ed02d80883e9819d: Merlin's Crystal; Troll Romance
Trollromance	all:item.cake_tin.1887	ALL	item.cake_tin.1887	Quest Helper 5ea99d5ea9ba3fb096ebe7b5ed02d80883e9819d: Recipe for Disaster; Troll Romance
Trollromance	all:item.iron-bar	ALL	item.iron-bar	Quest Helper 5ea99d5ea9ba3fb096ebe7b5ed02d80883e9819d: Animal Magnetism, Beneath Cursed Sands, Bone Voyage, Death Plateau, One Small Favour, Swan Song, The Giant Dwarf, The Knight's Sword, Throne of Miscellania and Troll Romance
Trollromance	all:item.maple_logs.1517	ALL	item.maple_logs.1517	Quest Helper 5ea99d5ea9ba3fb096ebe7b5ed02d80883e9819d: Enakhra's Lament; Shadows of Custodia; The Eyes of Glouphrie; Troll Romance
Trollromance	all:item.rope.954	ALL	item.rope.954	Quest Helper 5ea99d5ea9ba3fb096ebe7b5ed02d80883e9819d: A Porcine of Interest; A Soul’s Bane; Another Slice of H.A.M.; Cabin Fever; In Aid of the Myreque; Legends’ Quest; Making Friends with My Arm; Mountain Daughter; Mourning’s End Part II; Olaf’s Quest; Perilous Moons; Plague City; Prince Ali Rescue; Rag and Bone Man II; Recipe for Disaster; Regicide; Roving Elves; Royal Trouble; Shilo Village; Song of the Elves; Spirits of the Elid; Tale of the Righteous; Tears of Guthix; The Dig Site; The Fremennik Isles; Troll Romance; Underground Pass; Wanted!; Watchtower; Waterfall Quest
Trollromance	all:item.swamp_tar.1939	ALL	item.swamp_tar.1939	Quest Helper 5ea99d5ea9ba3fb096ebe7b5ed02d80883e9819d: Cold War; Eagles' Peak; Horror from the Deep; Troll Romance
Trollromance	all:item.trollweiss.4086	ALL	item.trollweiss.4086	Quest Helper 5ea99d5ea9ba3fb096ebe7b5ed02d80883e9819d: Troll Romance
Troubledtortugans	all:item.seaweed.401	ALL	item.seaweed.401	Quest Helper 5ea99d5ea9ba3fb096ebe7b5ed02d80883e9819d: Tai Bwo Wannai Trio; Troubled Tortugans
Troubledtortugans	all:item.tortugan_shield.31398	ALL	item.tortugan_shield.31398	Quest Helper 5ea99d5ea9ba3fb096ebe7b5ed02d80883e9819d: Troubled Tortugans
Undergroundpass	all:item.air-rune	ALL	item.air-rune	Quest Helper 5ea99d5ea9ba3fb096ebe7b5ed02d80883e9819d: Darkness of Hallowvale, Dragon Slayer II, Horror from the Deep, Spirits of the Elid, The Giant Dwarf, The Slug Menace, Underground Pass, Waterfall Quest and While Guthix Sleeps
Undergroundpass	all:item.bucket	ALL	item.bucket	Quest Helper 5ea99d5ea9ba3fb096ebe7b5ed02d80883e9819d: Clock Tower, Cook's Assistant, Demon Slayer, Getting Ahead, Icthlarin's Little Helper, In Aid of the Myreque, Making Friends with My Arm, Merlin's Crystal, Misthalin Mystery, My Arm's Big Adventure, Priest in Peril, Regicide, Rum Deal, Sleeping Giants, The Feud and Underground Pass
Undergroundpass	all:item.klank_s_gauntlets.1495	ALL	item.klank_s_gauntlets.1495	Quest Helper 5ea99d5ea9ba3fb096ebe7b5ed02d80883e9819d: Underground Pass
Undergroundpass	all:item.plank.960	ALL	item.plank.960	Quest Helper 5ea99d5ea9ba3fb096ebe7b5ed02d80883e9819d: Daddy’s Home; Darkness of Hallowvale; Dragon Slayer I; Horror from the Deep; In Aid of the Myreque; In Search of the Myreque; Observatory Quest; Regicide; Royal Trouble; Scrambled!; The Great Brain Robbery; Underground Pass
Undergroundpass	all:item.rope.954	ALL	item.rope.954	Quest Helper 5ea99d5ea9ba3fb096ebe7b5ed02d80883e9819d: A Porcine of Interest; A Soul’s Bane; Another Slice of H.A.M.; Cabin Fever; In Aid of the Myreque; Legends’ Quest; Making Friends with My Arm; Mountain Daughter; Mourning’s End Part II; Olaf’s Quest; Perilous Moons; Plague City; Prince Ali Rescue; Rag and Bone Man II; Recipe for Disaster; Regicide; Roving Elves; Royal Trouble; Shilo Village; Song of the Elves; Spirits of the Elid; Tale of the Righteous; Tears of Guthix; The Dig Site; The Fremennik Isles; Troll Romance; Underground Pass; Wanted!; Watchtower; Waterfall Quest
Undergroundpass	all:item.spade	ALL	item.spade	Quest Helper 5ea99d5ea9ba3fb096ebe7b5ed02d80883e9819d: Bear Your Soul, Beneath Cursed Sands, Cold War, Creature of Fenkenstrain, Dragon Slayer II, Ernest the Chicken, Fairytale I - Growing Pains, Fishing Contest, Garden of Tranquillity, Ghosts Ahoy, In Aid of the Myreque, Lunar Diplomacy, Making History, My Arm's Big Adventure, Olaf's Quest, Pirate's Treasure, Plague City, Regicide, Roving Elves, Shilo Village, Song of the Elves, The Corsair Curse, Underground Pass, While Guthix Sleeps and X Marks the Spot; Quest completeness review batch 6
Undergroundpass	all:item.tinderbox	ALL	item.tinderbox	Quest Helper 5ea99d5ea9ba3fb096ebe7b5ed02d80883e9819d: A Tail of Two Cats, Another Slice of Ham, Beneath Cursed Sands, Cabin Fever, Contact, Death to the Dorgeshuun, Desert Treasure I, Desert Treasure II, Dream Mentor, Eadgar's Ruse, Enakhra's Lament, Enlightened Journey, Horror from the Deep, Icthlarin's Little Helper, In Aid of the Myreque, Land of the Goblins, Lunar Diplomacy, Merlin's Crystal, Misthalin Mystery, Olaf's Quest, Rag and Bone Man, Rat Catchers, Recipe for Disaster, Regicide, Secrets of the North, Shades of Mort'ton, Song of the Elves, Swan Song, Tai Bwo Wannai Trio, Tears of Guthix, The Corsair Curse, The Dig Site, The Forsaken Tower, The Fremennik Trials, The Giant Dwarf, The Great Brain Robbery and Underground Pass; Quest completeness review batch 6; Quest Helper 5ea99d5ea9ba3fb096ebe7b5ed02d80883e9819d; OSRS Wiki: Rag and Bone Man II; Quest Helper 5ea99d5ea9ba3fb096ebe7b5ed02d80883e9819d; OSRS Wiki: Dragon Slayer II
Undergroundpass	all:item.unicorn_horn.237	ALL	item.unicorn_horn.237	Quest Helper 5ea99d5ea9ba3fb096ebe7b5ed02d80883e9819d: Underground Pass
Undergroundpass	all:item.zamorak_monk_bottom.1033	ALL	item.zamorak_monk_bottom.1033	Quest Helper 5ea99d5ea9ba3fb096ebe7b5ed02d80883e9819d: Underground Pass
Undergroundpass	all:item.zamorak_monk_top.1035	ALL	item.zamorak_monk_top.1035	Quest Helper 5ea99d5ea9ba3fb096ebe7b5ed02d80883e9819d: Underground Pass
Vampyreslayer	all:item.beer.1917	ALL	item.beer.1917	Quest Helper 5ea99d5ea9ba3fb096ebe7b5ed02d80883e9819d: Forgettable Tale of a Drunken Dwarf; Prince Ali Rescue; The Feud; The Final Dawn; The Hand in the Sand; Tower of Life; Vampyre Slayer
Vampyreslayer	all:item.garlic.1550	ALL	item.garlic.1550	Quest Helper 5ea99d5ea9ba3fb096ebe7b5ed02d80883e9819d: Fishing Contest; Vampyre Slayer; While Guthix Sleeps
Wanted	all:item.enchanted_gem.4155	ALL	item.enchanted_gem.4155	Quest Helper 5ea99d5ea9ba3fb096ebe7b5ed02d80883e9819d: Wanted
Wanted	all:item.law-rune	ALL	item.law-rune	Quest Helper 5ea99d5ea9ba3fb096ebe7b5ed02d80883e9819d: Creature of Fenkenstrain, Darkness of Hallowvale, King's Ransom, Legends Quest, Spirits of the Elid, The Giant Dwarf and While Guthix Sleeps; Quest completeness review batch 6
Wanted	all:item.molten_glass.1775	ALL	item.molten_glass.1775	Quest Helper 5ea99d5ea9ba3fb096ebe7b5ed02d80883e9819d: A Kingdom Divided; Desert Treasure I; Dragon Slayer II; Horror from the Deep; Observatory Quest; The Fremennik Exiles; Wanted
Wanted	all:item.rope.954	ALL	item.rope.954	Quest Helper 5ea99d5ea9ba3fb096ebe7b5ed02d80883e9819d: A Porcine of Interest; A Soul’s Bane; Another Slice of H.A.M.; Cabin Fever; In Aid of the Myreque; Legends’ Quest; Making Friends with My Arm; Mountain Daughter; Mourning’s End Part II; Olaf’s Quest; Perilous Moons; Plague City; Prince Ali Rescue; Rag and Bone Man II; Recipe for Disaster; Regicide; Roving Elves; Royal Trouble; Shilo Village; Song of the Elves; Spirits of the Elid; Tale of the Righteous; Tears of Guthix; The Dig Site; The Fremennik Isles; Troll Romance; Underground Pass; Wanted!; Watchtower; Waterfall Quest
Watchtower	all:item.bat_bones.530	ALL	item.bat_bones.530	Quest Helper 5ea99d5ea9ba3fb096ebe7b5ed02d80883e9819d: Merlin's Crystal; Watchtower
Watchtower	all:item.cave_nightshade.2398	ALL	item.cave_nightshade.2398	Quest Helper 5ea99d5ea9ba3fb096ebe7b5ed02d80883e9819d: Watchtower
Watchtower	all:item.death-rune	ALL	item.death-rune	Quest Helper 5ea99d5ea9ba3fb096ebe7b5ed02d80883e9819d: Watchtower; While Guthix Sleeps; Quest completeness review batch 6
Watchtower	all:item.dragon_bones.536	ALL	item.dragon_bones.536	Quest Helper 5ea99d5ea9ba3fb096ebe7b5ed02d80883e9819d: Watchtower
Watchtower	all:item.fingernails.2384	ALL	item.fingernails.2384	Quest Helper 5ea99d5ea9ba3fb096ebe7b5ed02d80883e9819d: Watchtower
Watchtower	all:item.gold-bar	ALL	item.gold-bar	Quest Helper 5ea99d5ea9ba3fb096ebe7b5ed02d80883e9819d: Between A Rock, Legends Quest, Monkey Madness I, The Giant Dwarf and Watchtower
Watchtower	all:item.ground_bat_bones.2391	ALL	item.ground_bat_bones.2391	Quest Helper 5ea99d5ea9ba3fb096ebe7b5ed02d80883e9819d: Watchtower
Watchtower	all:item.guam_potion_unf.91	ALL	item.guam_potion_unf.91	Quest Helper 5ea99d5ea9ba3fb096ebe7b5ed02d80883e9819d: Watchtower
Watchtower	all:item.jangerberries.247	ALL	item.jangerberries.247	Quest Helper 5ea99d5ea9ba3fb096ebe7b5ed02d80883e9819d: Watchtower
Watchtower	all:item.pestle_and_mortar.233	ALL	item.pestle_and_mortar.233	Quest Helper 5ea99d5ea9ba3fb096ebe7b5ed02d80883e9819d: A Taste of Hope; Dream Mentor; Eadgar’s Ruse; Fairytale II – Cure a Queen; Garden of Tranquillity; Land of the Goblins; Lunar Diplomacy; Monkey Madness II; Perilous Moons; Recipe for Disaster; Regicide; Shadow of the Storm; Song of the Elves; Tai Bwo Wannai Trio; The Dig Site; The Eyes of Glouphrie; The Golem; Watchtower; Quest Helper 5ea99d5ea9ba3fb096ebe7b5ed02d80883e9819d; OSRS Wiki: Dragon Slayer II
Watchtower	all:item.rock_cake.2379	ALL	item.rock_cake.2379	Quest Helper 5ea99d5ea9ba3fb096ebe7b5ed02d80883e9819d: Watchtower
Watchtower	all:item.rope.954	ALL	item.rope.954	Quest Helper 5ea99d5ea9ba3fb096ebe7b5ed02d80883e9819d: A Porcine of Interest; A Soul’s Bane; Another Slice of H.A.M.; Cabin Fever; In Aid of the Myreque; Legends’ Quest; Making Friends with My Arm; Mountain Daughter; Mourning’s End Part II; Olaf’s Quest; Perilous Moons; Plague City; Prince Ali Rescue; Rag and Bone Man II; Recipe for Disaster; Regicide; Roving Elves; Royal Trouble; Shilo Village; Song of the Elves; Spirits of the Elid; Tale of the Righteous; Tears of Guthix; The Dig Site; The Fremennik Isles; Troll Romance; Underground Pass; Wanted!; Watchtower; Waterfall Quest
Watchtower	all:item.vial.229	ALL	item.vial.229	Quest Helper 5ea99d5ea9ba3fb096ebe7b5ed02d80883e9819d: A Taste of Hope; Land of the Goblins; Shadow of the Storm; The Dig Site; The Golem; The Hand in the Sand; Watchtower
Waterfallquest	all:item.air-rune	ALL	item.air-rune	Quest Helper 5ea99d5ea9ba3fb096ebe7b5ed02d80883e9819d: Darkness of Hallowvale, Dragon Slayer II, Horror from the Deep, Spirits of the Elid, The Giant Dwarf, The Slug Menace, Underground Pass, Waterfall Quest and While Guthix Sleeps
Waterfallquest	all:item.earth-rune	ALL	item.earth-rune	Quest Helper 5ea99d5ea9ba3fb096ebe7b5ed02d80883e9819d: Horror from the Deep, Legends Quest, The Slug Menace, Waterfall Quest and While Guthix Sleeps
Waterfallquest	all:item.glarial_s_amulet.295	ALL	item.glarial_s_amulet.295	Quest Helper 5ea99d5ea9ba3fb096ebe7b5ed02d80883e9819d: Waterfall Quest
Waterfallquest	all:item.rope.954	ALL	item.rope.954	Quest Helper 5ea99d5ea9ba3fb096ebe7b5ed02d80883e9819d: A Porcine of Interest; A Soul’s Bane; Another Slice of H.A.M.; Cabin Fever; In Aid of the Myreque; Legends’ Quest; Making Friends with My Arm; Mountain Daughter; Mourning’s End Part II; Olaf’s Quest; Perilous Moons; Plague City; Prince Ali Rescue; Rag and Bone Man II; Recipe for Disaster; Regicide; Roving Elves; Royal Trouble; Shilo Village; Song of the Elves; Spirits of the Elid; Tale of the Righteous; Tears of Guthix; The Dig Site; The Fremennik Isles; Troll Romance; Underground Pass; Wanted!; Watchtower; Waterfall Quest
Waterfallquest	all:item.water-rune	ALL	item.water-rune	Quest Helper 5ea99d5ea9ba3fb096ebe7b5ed02d80883e9819d: Horror from the Deep, In Aid of the Myreque, The Slug Menace, Waterfall Quest and While Guthix Sleeps
Whatliesbelow	all:item.beacon_ring.11014	ALL	item.beacon_ring.11014	Quest Helper 5ea99d5ea9ba3fb096ebe7b5ed02d80883e9819d: What Lies Below
Whatliesbelow	all:item.bowl	ALL	item.bowl	Quest Helper 5ea99d5ea9ba3fb096ebe7b5ed02d80883e9819d: Enlightened Journey; What Lies Below
Whatliesbelow	all:item.chronicle.13660	ALL	item.chronicle.13660	Quest Helper 5ea99d5ea9ba3fb096ebe7b5ed02d80883e9819d: Dragon Slayer; What Lies Below
Whileguthixsleeps	all:item.air-rune	ALL	item.air-rune	Quest Helper 5ea99d5ea9ba3fb096ebe7b5ed02d80883e9819d: Darkness of Hallowvale, Dragon Slayer II, Horror from the Deep, Spirits of the Elid, The Giant Dwarf, The Slug Menace, Underground Pass, Waterfall Quest and While Guthix Sleeps
Whileguthixsleeps	all:item.air_orb.573	ALL	item.air_orb.573	Quest Helper 5ea99d5ea9ba3fb096ebe7b5ed02d80883e9819d: While Guthix Sleeps
Whileguthixsleeps	all:item.astral_rune.9075	ALL	item.astral_rune.9075	Quest Helper 5ea99d5ea9ba3fb096ebe7b5ed02d80883e9819d: Dragon Slayer II; Dream Mentor; The Fremennik Exiles; While Guthix Sleeps
Whileguthixsleeps	all:item.avantoe.261	ALL	item.avantoe.261	Quest Helper 5ea99d5ea9ba3fb096ebe7b5ed02d80883e9819d: While Guthix Sleeps
Whileguthixsleeps	all:item.body-rune	ALL	item.body-rune	Quest Helper 5ea99d5ea9ba3fb096ebe7b5ed02d80883e9819d: While Guthix Sleeps
Whileguthixsleeps	all:item.broav.29519	ALL	item.broav.29519	Quest Helper 5ea99d5ea9ba3fb096ebe7b5ed02d80883e9819d: While Guthix Sleeps
Whileguthixsleeps	all:item.bronze_med_helm	ALL	item.bronze_med_helm	Quest Helper 5ea99d5ea9ba3fb096ebe7b5ed02d80883e9819d: Black Knights’ Fortress; King’s Ransom; While Guthix Sleeps
Whileguthixsleeps	all:item.charcoal.973	ALL	item.charcoal.973	Quest Helper 5ea99d5ea9ba3fb096ebe7b5ed02d80883e9819d: Current Affairs; Darkness of Hallowvale; Desert Treasure I; Legends’ Quest; Recipe for Disaster; Shilo Village; The Dig Site; While Guthix Sleeps; Zogre Flesh Eaters
Whileguthixsleeps	all:item.chisel	ALL	item.chisel	Quest Helper 5ea99d5ea9ba3fb096ebe7b5ed02d80883e9819d: A Taste of Hope, Big Chompy Bird Hunting, Desert Treasure II, Dragon Slayer II, Enakhra's Lament, Haunted Mine, Monkey Madness II, Mourning's End Part II, One Small Favour, Shilo Village, Sins of the Father, Sleeping Giants, Tears of Guthix, Temple of the Eye, The Slug Menace and While Guthix Sleeps
Whileguthixsleeps	all:item.chocolate_dust.1975	ALL	item.chocolate_dust.1975	Quest Helper 5ea99d5ea9ba3fb096ebe7b5ed02d80883e9819d: Plague City; While Guthix Sleeps
Whileguthixsleeps	all:item.cosmic-rune	ALL	item.cosmic-rune	Quest Helper 5ea99d5ea9ba3fb096ebe7b5ed02d80883e9819d: A Taste of Hope, In Aid of the Myreque, Legends Quest, Sins of the Father and While Guthix Sleeps
Whileguthixsleeps	all:item.dark_squall_hood.29566	ALL	item.dark_squall_hood.29566	Quest Helper 5ea99d5ea9ba3fb096ebe7b5ed02d80883e9819d: While Guthix Sleeps
Whileguthixsleeps	all:item.dark_squall_robe_bottom.29570	ALL	item.dark_squall_robe_bottom.29570	Quest Helper 5ea99d5ea9ba3fb096ebe7b5ed02d80883e9819d: While Guthix Sleeps
Whileguthixsleeps	all:item.dark_squall_robe_top.29568	ALL	item.dark_squall_robe_top.29568	Quest Helper 5ea99d5ea9ba3fb096ebe7b5ed02d80883e9819d: While Guthix Sleeps
Whileguthixsleeps	all:item.death-rune	ALL	item.death-rune	Quest Helper 5ea99d5ea9ba3fb096ebe7b5ed02d80883e9819d: Watchtower; While Guthix Sleeps; Quest completeness review batch 6
Whileguthixsleeps	all:item.druid_pouch.2957	ALL	item.druid_pouch.2957	Quest Helper 5ea99d5ea9ba3fb096ebe7b5ed02d80883e9819d: In Search of the Myreque; Nature Spirit; While Guthix Sleeps
Whileguthixsleeps	all:item.dwarf_weed.267	ALL	item.dwarf_weed.267	Quest Helper 5ea99d5ea9ba3fb096ebe7b5ed02d80883e9819d: While Guthix Sleeps
Whileguthixsleeps	all:item.earth-rune	ALL	item.earth-rune	Quest Helper 5ea99d5ea9ba3fb096ebe7b5ed02d80883e9819d: Horror from the Deep, Legends Quest, The Slug Menace, Waterfall Quest and While Guthix Sleeps
Whileguthixsleeps	all:item.earth_orb.575	ALL	item.earth_orb.575	Quest Helper 5ea99d5ea9ba3fb096ebe7b5ed02d80883e9819d: While Guthix Sleeps
Whileguthixsleeps	all:item.elite_black_full_helm.29560	ALL	item.elite_black_full_helm.29560	Quest Helper 5ea99d5ea9ba3fb096ebe7b5ed02d80883e9819d: While Guthix Sleeps
Whileguthixsleeps	all:item.elite_black_platebody.29562	ALL	item.elite_black_platebody.29562	Quest Helper 5ea99d5ea9ba3fb096ebe7b5ed02d80883e9819d: While Guthix Sleeps
Whileguthixsleeps	all:item.elite_black_platelegs.29564	ALL	item.elite_black_platelegs.29564	Quest Helper 5ea99d5ea9ba3fb096ebe7b5ed02d80883e9819d: While Guthix Sleeps
Whileguthixsleeps	all:item.enriched_snapdragon_seed.29538	ALL	item.enriched_snapdragon_seed.29538	Quest Helper 5ea99d5ea9ba3fb096ebe7b5ed02d80883e9819d: While Guthix Sleeps
Whileguthixsleeps	all:item.eye_of_newt.221	ALL	item.eye_of_newt.221	Quest Helper 5ea99d5ea9ba3fb096ebe7b5ed02d80883e9819d: Recipe for Disaster; While Guthix Sleeps; Witch's Potion
Whileguthixsleeps	all:item.fire-rune	ALL	item.fire-rune	Quest Helper 5ea99d5ea9ba3fb096ebe7b5ed02d80883e9819d: Dragon Slayer II, Horror from the Deep, The Slug Menace and While Guthix Sleeps
Whileguthixsleeps	all:item.fire_orb.569	ALL	item.fire_orb.569	Quest Helper 5ea99d5ea9ba3fb096ebe7b5ed02d80883e9819d: While Guthix Sleeps
Whileguthixsleeps	all:item.garlic.1550	ALL	item.garlic.1550	Quest Helper 5ea99d5ea9ba3fb096ebe7b5ed02d80883e9819d: Fishing Contest; Vampyre Slayer; While Guthix Sleeps
Whileguthixsleeps	all:item.goat_horn_dust.9736	ALL	item.goat_horn_dust.9736	Quest Helper 5ea99d5ea9ba3fb096ebe7b5ed02d80883e9819d: While Guthix Sleeps
Whileguthixsleeps	all:item.guam_leaf.249	ALL	item.guam_leaf.249	Quest Helper 5ea99d5ea9ba3fb096ebe7b5ed02d80883e9819d: Lunar Diplomacy; One Small Favour; While Guthix Sleeps
Whileguthixsleeps	all:item.hammer	ALL	item.hammer	Quest Helper 5ea99d5ea9ba3fb096ebe7b5ed02d80883e9819d: Prying Times; Sleeping Giants; The Great Brain Robbery; While Guthix Sleeps; Quest Helper 5ea99d5ea9ba3fb096ebe7b5ed02d80883e9819d; OSRS Wiki: Dragon Slayer II
Whileguthixsleeps	all:item.harralander.255	ALL	item.harralander.255	Quest Helper 5ea99d5ea9ba3fb096ebe7b5ed02d80883e9819d: One Small Favour; While Guthix Sleeps
Whileguthixsleeps	all:item.iron-chainbody	ALL	item.iron-chainbody	Quest Helper 5ea99d5ea9ba3fb096ebe7b5ed02d80883e9819d: Black Knights’ Fortress; King’s Ransom; While Guthix Sleeps
Whileguthixsleeps	all:item.kebbit_teeth_dust.10111	ALL	item.kebbit_teeth_dust.10111	Quest Helper 5ea99d5ea9ba3fb096ebe7b5ed02d80883e9819d: While Guthix Sleeps
Whileguthixsleeps	all:item.knife	ALL	item.knife	Quest Helper 5ea99d5ea9ba3fb096ebe7b5ed02d80883e9819d: A Taste of Hope, Below Ice Mountain, Big Chompy Bird Hunting, Curse of the Empty Lord, Darkness of Hallowvale, Desert Treasure II, Elemental Workshop I, Getting Ahead, Ghosts Ahoy, Lost City, Misthalin Mystery, Perilous Moon, Recipe for Disaster, Sins of the Father, Spirits of the Elid, Tai Bwo Wannai Trio, The Final Dawn, The Fremennik Isles, The Fremennik Trials, The Tourist Trap, While Guthix Sleeps and Zogre Flesh Eaters; Quest completeness review batch 6
Whileguthixsleeps	all:item.lantadyme.2481	ALL	item.lantadyme.2481	Quest Helper 5ea99d5ea9ba3fb096ebe7b5ed02d80883e9819d: While Guthix Sleeps
Whileguthixsleeps	all:item.lantern_lens.4542	ALL	item.lantern_lens.4542	Quest Helper 5ea99d5ea9ba3fb096ebe7b5ed02d80883e9819d: The Hand in the Sand; While Guthix Sleeps
Whileguthixsleeps	all:item.law-rune	ALL	item.law-rune	Quest Helper 5ea99d5ea9ba3fb096ebe7b5ed02d80883e9819d: Creature of Fenkenstrain, Darkness of Hallowvale, King's Ransom, Legends Quest, Spirits of the Elid, The Giant Dwarf and While Guthix Sleeps; Quest completeness review batch 6
Whileguthixsleeps	all:item.limpwurt_root.225	ALL	item.limpwurt_root.225	Quest Helper 5ea99d5ea9ba3fb096ebe7b5ed02d80883e9819d: Temple of Ikov; While Guthix Sleeps
Whileguthixsleeps	all:item.logs	ALL	item.logs	Quest Helper 5ea99d5ea9ba3fb096ebe7b5ed02d80883e9819d: A Tail of Two Cats, Eadgar's Ruse, Enakhra's Lament, Enlightened Journey, Monk's Friend, Monkey Madness II, Rag and Bone Man, Sins of the Father, The Giant Dwarf, Throne of Miscellania, Tree Gnome Village and While Guthix Sleeps; Quest completeness review batch 6; Quest Helper 5ea99d5ea9ba3fb096ebe7b5ed02d80883e9819d; OSRS Wiki: Rag and Bone Man II
Whileguthixsleeps	all:item.mind-rune	ALL	item.mind-rune	Quest Helper 5ea99d5ea9ba3fb096ebe7b5ed02d80883e9819d: Legends’ Quest; The Slug Menace; While Guthix Sleeps
Whileguthixsleeps	all:item.mort_myre_fungus.2970	ALL	item.mort_myre_fungus.2970	Quest Helper 5ea99d5ea9ba3fb096ebe7b5ed02d80883e9819d: Nature Spirit; While Guthix Sleeps
Whileguthixsleeps	all:item.nature-rune	ALL	item.nature-rune	Quest Helper 5ea99d5ea9ba3fb096ebe7b5ed02d80883e9819d: Song of the Elves; While Guthix Sleeps
Whileguthixsleeps	all:item.papyrus.970	ALL	item.papyrus.970	Quest Helper 5ea99d5ea9ba3fb096ebe7b5ed02d80883e9819d: Darkness of Hallowvale; Enlightened Journey; Legends' Quest; Shilo Village; The Golem; While Guthix Sleeps; Zogre Flesh Eaters
Whileguthixsleeps	all:item.potato_cactus.3138	ALL	item.potato_cactus.3138	Quest Helper 5ea99d5ea9ba3fb096ebe7b5ed02d80883e9819d: While Guthix Sleeps
Whileguthixsleeps	all:item.ranarr_weed.257	ALL	item.ranarr_weed.257	Quest Helper 5ea99d5ea9ba3fb096ebe7b5ed02d80883e9819d: While Guthix Sleeps
Whileguthixsleeps	all:item.red_spiders_eggs.223	ALL	item.red_spiders_eggs.223	Quest Helper 5ea99d5ea9ba3fb096ebe7b5ed02d80883e9819d: Ratcatchers; While Guthix Sleeps
Whileguthixsleeps	all:item.restore_potion.131	ALL	item.restore_potion.131	Quest Helper 5ea99d5ea9ba3fb096ebe7b5ed02d80883e9819d: While Guthix Sleeps
Whileguthixsleeps	all:item.ring_of_charos_a.6465	ALL	item.ring_of_charos_a.6465	Quest Helper pinned source 5ea99d5ea9ba3fb096ebe7b5ed02d80883e9819d
Whileguthixsleeps	all:item.sapphire_lantern.4700	ALL	item.sapphire_lantern.4700	Quest Helper 5ea99d5ea9ba3fb096ebe7b5ed02d80883e9819d: Tears Of Guthix; Quest Helper 5ea99d5ea9ba3fb096ebe7b5ed02d80883e9819d; OSRS Wiki: While Guthix Sleeps
Whileguthixsleeps	all:item.seed_dibber.5343	ALL	item.seed_dibber.5343	Quest Helper 5ea99d5ea9ba3fb096ebe7b5ed02d80883e9819d: A Tail of Two Cats; Forgettable Tale of a Drunken Dwarf; Garden of Tranquillity; Grim Tales; My Arm's Big Adventure; Rum Deal; Song of the Elves; Quest Helper 5ea99d5ea9ba3fb096ebe7b5ed02d80883e9819d; OSRS Wiki: While Guthix Sleeps
Whileguthixsleeps	all:item.silver_dust.7650	ALL	item.silver_dust.7650	Quest Helper 5ea99d5ea9ba3fb096ebe7b5ed02d80883e9819d: While Guthix Sleeps
Whileguthixsleeps	all:item.silver_sickle_b.2963	ALL	item.silver_sickle_b.2963	Quest Helper pinned source 5ea99d5ea9ba3fb096ebe7b5ed02d80883e9819d
Whileguthixsleeps	all:item.snapdragon_seed.5300	ALL	item.snapdragon_seed.5300	Quest Helper 5ea99d5ea9ba3fb096ebe7b5ed02d80883e9819d: While Guthix Sleeps
Whileguthixsleeps	all:item.snape_grass.231	ALL	item.snape_grass.231	Quest Helper 5ea99d5ea9ba3fb096ebe7b5ed02d80883e9819d: Plague City; While Guthix Sleeps
Whileguthixsleeps	all:item.spade	ALL	item.spade	Quest Helper 5ea99d5ea9ba3fb096ebe7b5ed02d80883e9819d: Bear Your Soul, Beneath Cursed Sands, Cold War, Creature of Fenkenstrain, Dragon Slayer II, Ernest the Chicken, Fairytale I - Growing Pains, Fishing Contest, Garden of Tranquillity, Ghosts Ahoy, In Aid of the Myreque, Lunar Diplomacy, Making History, My Arm's Big Adventure, Olaf's Quest, Pirate's Treasure, Plague City, Regicide, Roving Elves, Shilo Village, Song of the Elves, The Corsair Curse, Underground Pass, While Guthix Sleeps and X Marks the Spot; Quest completeness review batch 6
Whileguthixsleeps	all:item.strange_teleorb.29535	ALL	item.strange_teleorb.29535	Quest Helper 5ea99d5ea9ba3fb096ebe7b5ed02d80883e9819d: While Guthix Sleeps
Whileguthixsleeps	all:item.tarromin.253	ALL	item.tarromin.253	Quest Helper 5ea99d5ea9ba3fb096ebe7b5ed02d80883e9819d: While Guthix Sleeps
Whileguthixsleeps	all:item.toad_s_legs.2152	ALL	item.toad_s_legs.2152	Quest Helper 5ea99d5ea9ba3fb096ebe7b5ed02d80883e9819d: While Guthix Sleeps
Whileguthixsleeps	all:item.toadflax.2998	ALL	item.toadflax.2998	Quest Helper 5ea99d5ea9ba3fb096ebe7b5ed02d80883e9819d: While Guthix Sleeps
Whileguthixsleeps	all:item.unconscious_broav.29518	ALL	item.unconscious_broav.29518	Quest Helper 5ea99d5ea9ba3fb096ebe7b5ed02d80883e9819d: While Guthix Sleeps
Whileguthixsleeps	all:item.unpowered_orb.567	ALL	item.unpowered_orb.567	Quest Helper 5ea99d5ea9ba3fb096ebe7b5ed02d80883e9819d: Legends' Quest; While Guthix Sleeps
Whileguthixsleeps	all:item.water-rune	ALL	item.water-rune	Quest Helper 5ea99d5ea9ba3fb096ebe7b5ed02d80883e9819d: Horror from the Deep, In Aid of the Myreque, The Slug Menace, Waterfall Quest and While Guthix Sleeps
Whileguthixsleeps	all:item.water_orb.571	ALL	item.water_orb.571	Quest Helper 5ea99d5ea9ba3fb096ebe7b5ed02d80883e9819d: While Guthix Sleeps
Whileguthixsleeps	all:item.white_berries.239	ALL	item.white_berries.239	Quest Helper 5ea99d5ea9ba3fb096ebe7b5ed02d80883e9819d: The Hand in the Sand; While Guthix Sleeps
Whileguthixsleeps	all:item.wine_of_zamorak.245	ALL	item.wine_of_zamorak.245	Quest Helper 5ea99d5ea9ba3fb096ebe7b5ed02d80883e9819d: While Guthix Sleeps
Witchshouse	all:item.cheese.1985	ALL	item.cheese.1985	Quest Helper 5ea99d5ea9ba3fb096ebe7b5ed02d80883e9819d: Ratcatchers; Witch's House
Witchspotion	all:item.burnt_meat.2146	ALL	item.burnt_meat.2146	Quest Helper pinned source; quest catalogue-gap review
Witchspotion	all:item.eye_of_newt.221	ALL	item.eye_of_newt.221	Quest Helper 5ea99d5ea9ba3fb096ebe7b5ed02d80883e9819d: Recipe for Disaster; While Guthix Sleeps; Witch's Potion
Witchspotion	all:item.onion.1957	ALL	item.onion.1957	Quest Helper 5ea99d5ea9ba3fb096ebe7b5ed02d80883e9819d: Big Chompy Bird Hunting; The Fremennik Trials; Witch's Potion
Xmarksthespot	all:item.spade	ALL	item.spade	Quest Helper 5ea99d5ea9ba3fb096ebe7b5ed02d80883e9819d: Bear Your Soul, Beneath Cursed Sands, Cold War, Creature of Fenkenstrain, Dragon Slayer II, Ernest the Chicken, Fairytale I - Growing Pains, Fishing Contest, Garden of Tranquillity, Ghosts Ahoy, In Aid of the Myreque, Lunar Diplomacy, Making History, My Arm's Big Adventure, Olaf's Quest, Pirate's Treasure, Plague City, Regicide, Roving Elves, Shilo Village, Song of the Elves, The Corsair Curse, Underground Pass, While Guthix Sleeps and X Marks the Spot; Quest completeness review batch 6
Zogreflesheaters	all:item.charcoal.973	ALL	item.charcoal.973	Quest Helper 5ea99d5ea9ba3fb096ebe7b5ed02d80883e9819d: Current Affairs; Darkness of Hallowvale; Desert Treasure I; Legends’ Quest; Recipe for Disaster; Shilo Village; The Dig Site; While Guthix Sleeps; Zogre Flesh Eaters
Zogreflesheaters	all:item.cup_of_tea.712	ALL	item.cup_of_tea.712	Quest Helper 5ea99d5ea9ba3fb096ebe7b5ed02d80883e9819d: Ghosts Ahoy; The Dig Site; Zogre Flesh Eaters
Zogreflesheaters	all:item.knife	ALL	item.knife	Quest Helper 5ea99d5ea9ba3fb096ebe7b5ed02d80883e9819d: A Taste of Hope, Below Ice Mountain, Big Chompy Bird Hunting, Curse of the Empty Lord, Darkness of Hallowvale, Desert Treasure II, Elemental Workshop I, Getting Ahead, Ghosts Ahoy, Lost City, Misthalin Mystery, Perilous Moon, Recipe for Disaster, Sins of the Father, Spirits of the Elid, Tai Bwo Wannai Trio, The Final Dawn, The Fremennik Isles, The Fremennik Trials, The Tourist Trap, While Guthix Sleeps and Zogre Flesh Eaters; Quest completeness review batch 6
Zogreflesheaters	all:item.papyrus.970	ALL	item.papyrus.970	Quest Helper 5ea99d5ea9ba3fb096ebe7b5ed02d80883e9819d: Darkness of Hallowvale; Enlightened Journey; Legends' Quest; Shilo Village; The Golem; While Guthix Sleeps; Zogre Flesh Eaters
