family_id	entity_type	canonical_id	variant_ids	family_version	free_to_play
cache-item-family.10th_squad_sigil.4035	ITEM	4035	17938	9	false
cache-item-family.3rd_age_amulet.10344	ITEM	10344	10345,16086	9	false
cache-item-family.3rd_age_axe.20011	ITEM	20011	20012,20013	9	false
cache-item-family.3rd_age_bow.12424	ITEM	12424	12425,15960	9	false
cache-item-family.3rd_age_cloak.12437	ITEM	12437	12438,15967	9	false
cache-item-family.3rd_age_druidic_cloak.23345	ITEM	23345	23346,23347	9	false
cache-item-family.3rd_age_druidic_robe_bottoms.23339	ITEM	23339	23340,23341	9	false
cache-item-family.3rd_age_druidic_robe_top.23336	ITEM	23336	23337,23338	9	false
cache-item-family.3rd_age_druidic_staff.23342	ITEM	23342	23343,23344	9	false
cache-item-family.3rd_age_felling_axe.28226	ITEM	28226	28227,28228	9	false
cache-item-family.3rd_age_full_helmet.10350	ITEM	10350	10351,16089	9	false
cache-item-family.3rd_age_kiteshield.10352	ITEM	10352	10353,16090	9	false
cache-item-family.3rd_age_longsword.12426	ITEM	12426	12427,15961	9	false
cache-item-family.3rd_age_mage_hat.10342	ITEM	10342	10343,16085,27183	9	false
cache-item-family.3rd_age_pickaxe.20014	ITEM	20014	20015,20016	9	false
cache-item-family.3rd_age_platebody.10348	ITEM	10348	10349,16088	9	false
cache-item-family.3rd_age_platelegs.10346	ITEM	10346	10347,16087	9	false
cache-item-family.3rd_age_plateskirt.23242	ITEM	23242	23243,23244	9	false
cache-item-family.3rd_age_range_coif.10334	ITEM	10334	10335,16081,27201	9	false
cache-item-family.3rd_age_range_legs.10332	ITEM	10332	10333,16080,27200	9	false
cache-item-family.3rd_age_range_top.10330	ITEM	10330	10331,16079,27199	9	false
cache-item-family.3rd_age_robe.10340	ITEM	10340	10341,16084,20577	9	false
cache-item-family.3rd_age_robe_top.10338	ITEM	10338	10339,16083,20576	9	false
cache-item-family.3rd_age_vambraces.10336	ITEM	10336	10337,16082	9	false
cache-item-family.3rd_age_wand.12422	ITEM	12422	12423,15959	9	false
cache-item-family.a_jester_stick.10840	ITEM	10840	17673	9	false
cache-item-family.a_powdered_wig.10392	ITEM	10392	10393,16106	9	false
cache-item-family.abyssal_ashes.25775	ITEM	25775	25776,25777	9	false
cache-item-family.abyssal_bludgeon.13263	ITEM	13263	13264,18628	9	false
cache-item-family.abyssal_bracelet_5.11095	ITEM	11095	11096,11097,11098,11099,11100,11101,11102,11103,11104,16263,21448	10	false
cache-item-family.abyssal_dagger.13265	ITEM	13265	13266,13267,13268,13269,13270,13271,13272,18629,18630,18631,18632	9	false
cache-item-family.abyssal_dagger_bh.27861	ITEM	27861	27862,27863,27864,27865,27866,27867,27868	9	false
cache-item-family.abyssal_lantern.26822	ITEM	26822	26823,26824,26825,26826,26827,26828,26829,26830,26831,26832,26833,26834,26835,26836,26837,26838,26839,26840,26841,26842,26843,26844,26845,26846,26847,26848,26849	13	false
cache-item-family.abyssal_needle.26813	ITEM	26813	26814	9	false
cache-item-family.abyssal_tentacle.12006	ITEM	12006	14006,26484,26485	9	false
cache-item-family.abyssal_whip.4151	ITEM	4151	4152,4178,14032,20405,26482,26483	9	false
cache-item-family.acatzin_s_axe.30989	ITEM	30989	30990	9	false
cache-item-family.accordion.31365	ITEM	31365	31366,31367,31368,31369,31370	9	false
cache-item-family.accumulation_charm.30682	ITEM	30682	30683,30684	14	false
cache-item-family.accumulator_max_cape.13337	ITEM	13337	14291	9	false
cache-item-family.accumulator_max_hood.13338	ITEM	13338	14292	9	false
cache-item-family.accursed_sceptre.27665	ITEM	27665	27666	9	false
cache-item-family.accursed_sceptre_a.27679	ITEM	27679	27680	9	false
cache-item-family.accursed_sceptre_au.27676	ITEM	27676	27677,27678	9	false
cache-item-family.accursed_sceptre_u.27662	ITEM	27662	27663,27664	9	false
cache-item-family.achey_tree_logs.2862	ITEM	2862	2863,17949	9	false
cache-item-family.achievement_diary_cape.19476	ITEM	19476	13069,14279,19477	9	false
cache-item-family.achievement_diary_hood.13070	ITEM	13070	14280	9	false
cache-item-family.acorn.5312	ITEM	5312	13759	14	false
cache-item-family.adamant_arrowtips.43	ITEM	43	18226	9	false
cache-item-family.adamant_axe.1357	ITEM	1357	1358,14709	9	true
cache-item-family.adamant_battleaxe.1371	ITEM	1371	1372,14718	9	true
cache-item-family.adamant_bolts.9143	ITEM	9143	9290,9297,9304,14515,15124,15132,15140	9	false
cache-item-family.adamant_bolts_unf.9380	ITEM	9380	15148	14	false
cache-item-family.adamant_boots.4129	ITEM	4129	4130,14195	9	false
cache-item-family.adamant_brutal.4798	ITEM	4798	16877	9	false
cache-item-family.adamant_cane.12377	ITEM	12377	12378,15929	9	false
cache-item-family.adamant_cannonball.31912	ITEM	31912	31913	14	false
cache-item-family.adamant_chainshot_cannonball.31926	ITEM	31926	31927	14	false
cache-item-family.adamant_claws.3100	ITEM	3100	3120,14327	9	false
cache-item-family.adamant_crossbow.9183	ITEM	9183	9184,14506	9	false
cache-item-family.adamant_crossbow_u.9463	ITEM	9463	9464,15117	14	false
cache-item-family.adamant_dart.810	ITEM	810	816,5633,5640,14523,14531,14547,14555	9	false
cache-item-family.adamant_dart_tip.823	ITEM	823	14539	14	false
cache-item-family.adamant_defender.8849	ITEM	8849	14347,24141	9	false
cache-item-family.adamant_dragon_mask.23270	ITEM	23270	23271,23272	9	false
cache-item-family.adamant_felling_axe.28211	ITEM	28211	28212,28213	9	false
cache-item-family.adamant_fire_arrow.2538	ITEM	2538	2539,14587,14588	13	false
cache-item-family.adamant_gloves.7459	ITEM	7459	14366,20582	18	false
cache-item-family.adamant_gold_trimmed_set_lg.13020	ITEM	13020	13021,13940	14	true
cache-item-family.adamant_gold_trimmed_set_sk.13022	ITEM	13022	13023,13941	14	true
cache-item-family.adamant_halberd.3200	ITEM	3200	3201,14625	9	false
cache-item-family.adamant_hasta.11375	ITEM	11375	11376,11407,11408,11409,11410,11411,11412,11413,15558,15576,15577,15578,15579	13	false
cache-item-family.adamant_heraldic_helm.22159	ITEM	22159	22160,22161,22162,22163,22164,22165,22166,22167,22168,22169,22170,22171,22172,22173,22174,22175,22176,22177,22178,22179,22180,22181,22182,22183,22184,22185,22186,22187,22188,22189,22190	9	false
cache-item-family.adamant_incendiary_cannonball.31940	ITEM	31940	31941	14	false
cache-item-family.adamant_javelin.829	ITEM	829	835,5646,5652,14446,14452,14458,14464	9	false
cache-item-family.adamant_javelin_tips.19578	ITEM	19578	19579	14	false
cache-item-family.adamant_keel_parts.32011	ITEM	32011	32012,32013	14	false
cache-item-family.adamant_knife.867	ITEM	867	875,5659,5666,14477,14484,14491,14498	9	false
cache-item-family.adamant_med_helm.1145	ITEM	1145	1146,6895,14140	9	false
cache-item-family.adamant_pickaxe.1271	ITEM	1271	1272,14763	9	true
cache-item-family.adamant_plateskirt.1091	ITEM	1091	1092,3474,3475,3670,3671,14181,15771,15776	9	true
cache-item-family.adamant_seeds.29458	ITEM	29458	29459	9	false
cache-item-family.adamant_set_lg.13012	ITEM	13012	13013,13936	14	true
cache-item-family.adamant_set_sk.13014	ITEM	13014	13015,13937	14	true
cache-item-family.adamant_spear.1245	ITEM	1245	1246,1259,1260,3174,5712,5713,5726,5727,14772,14779,14786,14793,14801	13	false
cache-item-family.adamant_staff_of_collection.30607	ITEM	30607	30608	9	false
cache-item-family.adamant_thrownaxe.804	ITEM	804	14470	9	false
cache-item-family.adamant_trimmed_set_lg.13016	ITEM	13016	13017,13938	14	true
cache-item-family.adamant_trimmed_set_sk.13018	ITEM	13018	13019,13939	14	true
cache-item-family.adamant_warhammer.1345	ITEM	1345	1346,14726	9	true
cache-item-family.adamantite_limbs.9429	ITEM	9429	9430,15107	14	false
cache-item-family.adamantite_nails.4823	ITEM	4823	16858	9	false
cache-item-family.adamantite_ore_fragment.21537	ITEM	21537		9	false
cache-item-family.admiral_pie.7198	ITEM	7198	7199,19185	9	false
cache-item-family.adventurer_s_boots_t1.27394	ITEM	27394	27395	9	false
cache-item-family.adventurer_s_boots_t2.27402	ITEM	27402	27403	9	false
cache-item-family.adventurer_s_boots_t3.27410	ITEM	27410	27411	9	false
cache-item-family.adventurer_s_cape.27442	ITEM	27442	27443	9	false
cache-item-family.adventurer_s_hood_t1.27392	ITEM	27392	27393	9	false
cache-item-family.adventurer_s_hood_t2.27400	ITEM	27400	27401	9	false
cache-item-family.adventurer_s_hood_t3.27408	ITEM	27408	27409	9	false
cache-item-family.adventurer_s_top_t1.27388	ITEM	27388	27389	9	false
cache-item-family.adventurer_s_top_t2.27396	ITEM	27396	27397	9	false
cache-item-family.adventurer_s_top_t3.27404	ITEM	27404	27405	9	false
cache-item-family.adventurer_s_trousers_t1.27390	ITEM	27390	27391	9	false
cache-item-family.adventurer_s_trousers_t2.27398	ITEM	27398	27399	9	false
cache-item-family.adventurer_s_trousers_t3.27406	ITEM	27406	27407	9	false
cache-item-family.adventurer_s_vambraces.27412	ITEM	27412	27413	9	false
cache-item-family.aether_catalyst.30771	ITEM	30771	30772	14	false
cache-item-family.aether_rune.30843	ITEM	30843	30844	14	false
cache-item-family.afro.12430	ITEM	12430	12431,15963	9	false
cache-item-family.agility_cape.9771	ITEM	9771	9772,13340,13341,14234,14235	9	false
cache-item-family.agility_hood.9773	ITEM	9773	14236	9	false
cache-item-family.agility_mix.11463	ITEM	11463	11461,11462,11464,15503,19400	9	false
cache-item-family.agility_potion.3038	ITEM	3038	3032,3033,3034,3035,3036,3037,3039,15278,19377,19378,19379	9	false
cache-item-family.ahrim_s_armour_set.12881	ITEM	12881	12882,13904	14	false
cache-item-family.ahrim_s_hood.4708	ITEM	4708	4709,4856,4857,4858,4859,4860,4861,15707,15708,30445,30446,30519,30520,30525,30526,30531,30532,30537,30538,30543,30544	15	false
cache-item-family.ahrim_s_robeskirt.4714	ITEM	4714	4715,4874,4875,4876,4877,4878,4879,15713,15714,20599,30449,30450,30523,30524,30529,30530,30535,30536,30541,30542,30547,30548	15	false
cache-item-family.ahrim_s_robetop.4712	ITEM	4712	4713,4868,4869,4870,4871,4872,4873,15711,15712,20598,30447,30448,30521,30522,30527,30528,30533,30534,30539,30540,30545,30546	15	false
cache-item-family.ahrim_s_staff.4710	ITEM	4710	4711,4862,4863,4864,4865,4866,4867,15709,15710,23653,30568,30569,30570,30571,30572,30573,30574,30575,30672,30673,30674,30675	15	false
cache-item-family.air_battlestaff.1397	ITEM	1397	1398,14685	9	false
cache-item-family.air_orb.573	ITEM	573	574,13697	14	false
cache-item-family.air_talisman.1438	ITEM	1438	1439,19227	9	true
cache-item-family.air_tiara.5527	ITEM	5527	5528,19249	9	true
cache-item-family.airtight_pot.4436	ITEM	4436	4437,17697	14	false
cache-item-family.alan_s_blessed_bones.31075	ITEM	31075	31076	9	false
cache-item-family.alan_s_bonemeal.30975	ITEM	30975	30976	9	false
cache-item-family.alan_s_bones.30973	ITEM	30973	30974	9	false
cache-item-family.albatross_feather.32826	ITEM	32826		9	false
cache-item-family.alchemist_gloves.29986	ITEM	29986	29987	9	false
cache-item-family.alchemist_labcoat.29978	ITEM	29978	29979,29980,29981	9	false
cache-item-family.alchemist_pants.29982	ITEM	29982	29983,29984,29985	9	false
cache-item-family.alchemist_s_amulet.29988	ITEM	29988	29989,29990,29991,29992	9	false
cache-item-family.aldarin_teleport.30149	ITEM	30149	30150	9	false
cache-item-family.aldarium.29993	ITEM	29993	29994,29995	14	false
cache-item-family.ale_of_the_gods.20056	ITEM	20056	20057,20058	9	false
cache-item-family.ale_yeast.5767	ITEM	5767	5768,19171	14	false
cache-item-family.amethyst.21347	ITEM	21347	21348,21349	14	false
cache-item-family.amethyst_arrow.21326	ITEM	21326	21327,21332,21333,21334,21335,21336,21337	9	false
cache-item-family.amethyst_arrowtips.21350	ITEM	21350	21351	9	false
cache-item-family.amethyst_bolt_tips.21338	ITEM	21338	21339	9	false
cache-item-family.amethyst_broad_bolts.21316	ITEM	21316	21317	9	false
cache-item-family.amethyst_dart.25849	ITEM	25849	25850,25851,25852,25855,25856,25857,25858	9	false
cache-item-family.amethyst_dart_tip.25853	ITEM	25853	25854	14	false
cache-item-family.amethyst_fire_arrow.21328	ITEM	21328	21329,21330,21331	13	false
cache-item-family.amethyst_javelin.21318	ITEM	21318	21319,21320,21321,21322,21323,21324,21325	9	false
cache-item-family.amethyst_javelin_tips.21352	ITEM	21352	21353	14	false
cache-item-family.ammo_mould.4	ITEM	4	17855	9	false
cache-item-family.amulet_mould.1595	ITEM	1595	1596,16365	9	true
cache-item-family.amulet_of_avarice.22557	ITEM	22557	22558,22559	9	false
cache-item-family.amulet_of_blood_fury.24780	ITEM	24780	24781	9	false
cache-item-family.amulet_of_bounty.21160	ITEM	21160	21161,21162	9	false
cache-item-family.amulet_of_chemistry.21163	ITEM	21163	21164,21165	9	false
cache-item-family.amulet_of_eternal_glory.19707	ITEM	19707	19708,19709	9	false
cache-item-family.amulet_of_fury.6585	ITEM	6585	6586,12436,15966,18252,23640,23641	9	false
cache-item-family.amulet_of_glory.1704	ITEM	1704	1705,1706,1707,1708,1709,1710,1711,1712,1713,8283,10354,10355,10356,10357,10358,10359,10360,10361,10362,10363,11964,11965,11966,11967,11976,11977,11978,11979,16091,16346,20586,21443,21444,21453,21454	13	false
cache-item-family.amulet_of_nature.6040	ITEM	6040	13746	9	false
cache-item-family.amulet_of_power.1731	ITEM	1731	1732,16356,20585,23354,23355,23356	18	true
cache-item-family.amulet_of_rancour.29801	ITEM	29801	29802,29803	9	false
cache-item-family.amulet_of_rancour_s.29804	ITEM	29804	29805	9	false
cache-item-family.amulet_of_the_damned.12853	ITEM	12853	12851,12852,15733,15734	9	false
cache-item-family.amulet_of_the_eye.26914	ITEM	26914	26915,26990,26991,26992,26993,26994,26995	9	false
cache-item-family.amulet_of_torture.19553	ITEM	19553	19554,19555,20366,20367,27173	9	false
cache-item-family.amy_s_saw.24880	ITEM	24880	24881	9	false
cache-item-family.amy_s_saw_off_hand.29774	ITEM	29774		9	false
cache-item-family.amylase_crystal.12640	ITEM	12640	18214	14	false
cache-item-family.ana_in_a_barrel.1842	ITEM	1842		9	false
cache-item-family.ancestral_hat.21018	ITEM	21018	21019,21020,25518	9	false
cache-item-family.ancestral_robe_bottom.21024	ITEM	21024	21025,21026,27194	9	false
cache-item-family.ancestral_robe_top.21021	ITEM	21021	21022,21023,27193	9	false
cache-item-family.ancestral_robes_set.21049	ITEM	21049	21050,21051	14	false
cache-item-family.anchovy_oil.11264	ITEM	11264	11265,15661	9	false
cache-item-family.anchovy_pizza.2297	ITEM	2297	2298,2299,2300,19138,19139	13	true
cache-item-family.ancient_blessing.20235	ITEM	20235	20236,20237	9	false
cache-item-family.ancient_bracers.12490	ITEM	12490	12491,15980	9	false
cache-item-family.ancient_brew.26346	ITEM	26346	26340,26341,26342,26343,26344,26345,26347,26413,26414,26415,26416	9	false
cache-item-family.ancient_ceremonial_boots.26229	ITEM	26229	26230,26400	9	false
cache-item-family.ancient_ceremonial_gloves.26227	ITEM	26227	26228,26399	9	false
cache-item-family.ancient_ceremonial_legs.26223	ITEM	26223	26224,26397	9	false
cache-item-family.ancient_ceremonial_mask.26225	ITEM	26225	26226,26398	9	false
cache-item-family.ancient_ceremonial_top.26221	ITEM	26221	26222,26396	9	false
cache-item-family.ancient_chaps.12494	ITEM	12494	12495,15982	9	false
cache-item-family.ancient_cloak.12197	ITEM	12197	12198,15839	9	false
cache-item-family.ancient_coif.12496	ITEM	12496	12497,15983	9	false
cache-item-family.ancient_crozier.12199	ITEM	12199	12200,15840	9	false
cache-item-family.ancient_crystal.21804	ITEM	21804	21805,21806	14	false
cache-item-family.ancient_d_hide_body.12492	ITEM	12492	12493,15981	9	false
cache-item-family.ancient_d_hide_boots.19921	ITEM	19921	19922,19923	9	false
cache-item-family.ancient_d_hide_shield.23197	ITEM	23197	23198,23199	9	false
cache-item-family.ancient_dragonhide_set.13171	ITEM	13171	13172,13975	9	false
cache-item-family.ancient_effigy.22302	ITEM	22302	22303,22304	14	false
cache-item-family.ancient_emblem.21807	ITEM	21807	21808,21809	14	false
cache-item-family.ancient_essence.27616	ITEM	27616	27617	9	false
cache-item-family.ancient_full_helm.12466	ITEM	12466	12467,15828	9	true
cache-item-family.ancient_godsword.26233	ITEM	26233	26234,26402,27184	9	false
cache-item-family.ancient_halo.24201	ITEM	24201	24202,24203	9	false
cache-item-family.ancient_hilt.26370	ITEM	26370	26371,26401	14	false
cache-item-family.ancient_kiteshield.12468	ITEM	12468	12469,15829	9	true
cache-item-family.ancient_lamp.28409	ITEM	28409		9	false
cache-item-family.ancient_mace.11061	ITEM	11061	11064,17849	9	false
cache-item-family.ancient_magicks_tablet.20430	ITEM	20430		9	true
cache-item-family.ancient_medallion.22299	ITEM	22299	22300,22301	14	false
cache-item-family.ancient_mitre.12203	ITEM	12203	12204,15842	9	false
cache-item-family.ancient_mix.26353	ITEM	26353	26350,26351,26352,26354,26355	9	false
cache-item-family.ancient_page_1.12621	ITEM	12621	14436	14	false
cache-item-family.ancient_page_2.12622	ITEM	12622	14437	14	false
cache-item-family.ancient_page_3.12623	ITEM	12623	14438	14	false
cache-item-family.ancient_page_4.12624	ITEM	12624	14439	14	false
cache-item-family.ancient_platebody.12460	ITEM	12460	12461,15825	9	true
cache-item-family.ancient_platelegs.12462	ITEM	12462	12463,15826	9	true
cache-item-family.ancient_plateskirt.12464	ITEM	12464	12465,15827	9	true
cache-item-family.ancient_relic.22305	ITEM	22305	22306,22307	14	false
cache-item-family.ancient_robe_legs.12195	ITEM	12195	12196,15838	9	false
cache-item-family.ancient_robe_top.12193	ITEM	12193	12194,15837	9	false
cache-item-family.ancient_rune_armour_set_lg.13060	ITEM	13060	13061,13960	14	true
cache-item-family.ancient_rune_armour_set_sk.13062	ITEM	13062	13063,13961	14	true
cache-item-family.ancient_sceptre.27624	ITEM	27624	27625,27626	9	false
cache-item-family.ancient_staff.4675	ITEM	4675	4676,16476,20431	9	false
cache-item-family.ancient_statuette.21813	ITEM	21813	21814,21815	14	false
cache-item-family.ancient_stole.12201	ITEM	12201	12202,15841	9	false
cache-item-family.ancient_totem.21810	ITEM	21810	21811,21812	14	false
cache-item-family.ancient_wyvern_shield.21633	ITEM	21633	21634,21635,21636	9	false
cache-item-family.anger_battleaxe.7807	ITEM	7807		9	false
cache-item-family.anger_mace.7808	ITEM	7808		9	false
cache-item-family.anger_spear.7809	ITEM	7809		9	false
cache-item-family.anger_sword.7806	ITEM	7806		9	false
cache-item-family.angler_boots.13261	ITEM	13261	15596	9	false
cache-item-family.angler_hat.13258	ITEM	13258	15593	9	false
cache-item-family.angler_s_paint.32096	ITEM	32096	32097,32098	14	false
cache-item-family.angler_top.13259	ITEM	13259	15594	9	false
cache-item-family.angler_waders.13260	ITEM	13260	15595	9	false
cache-item-family.anglerfish.13441	ITEM	13441	13442,18482	9	false
cache-item-family.anguish_ornament_kit.22246	ITEM	22246	22247,22248	14	false
cache-item-family.anima_infused_bark.28134	ITEM	28134	28135	9	true
cache-item-family.animals_bones.6904	ITEM	6904	6905,6906,6907	9	false
cache-item-family.ankou_gloves.20101	ITEM	20101	20102,20103	9	false
cache-item-family.ankou_mask.20095	ITEM	20095	20096,20097	9	false
cache-item-family.ankou_s_leggings.20104	ITEM	20104	20105,20106	9	false
cache-item-family.ankou_socks.20107	ITEM	20107	20108,20109	9	false
cache-item-family.ankou_top.20098	ITEM	20098	20099,20100	9	false
cache-item-family.annakarl_teleport.12775	ITEM	12775	15080	9	false
cache-item-family.anti_dragon_shield.1540	ITEM	1540	1541,8282,16824	9	true
cache-item-family.anti_odour_salt.31712	ITEM	31712	31713	14	false
cache-item-family.anti_poison_supermix.11475	ITEM	11475	11473,11474,11476,15506,19403	9	false
cache-item-family.anti_venom_4.12905	ITEM	12905	12906,12907,12908,12909,12910,12911,12912,15239,19311,19312,19313	10	false
cache-item-family.anti_venom_4.12913	ITEM	12913	12914,12915,12916,12917,12918,12919,12920,15240,19314,19315,19316	10	false
cache-item-family.antidote_4.5943	ITEM	5943	5944,5945,5946,5947,5948,5949,5950,15237,19304,19305,19306	10	false
cache-item-family.antidote_4.5952	ITEM	5952	5953,5954,5955,5956,5957,5958,5959,15238,19308,19309,19310	10	false
cache-item-family.antidote_mix.11503	ITEM	11503	11501,11502,11504,15514,19411	9	false
cache-item-family.antidote_unf.5942	ITEM	5942	19303	9	false
cache-item-family.antidote_unf.5951	ITEM	5951	19307	9	false
cache-item-family.antifire_mix.11507	ITEM	11507	11505,11506,11508,15515,19412	9	false
cache-item-family.antifire_potion.2458	ITEM	2458	2452,2453,2454,2455,2456,2457,2459,15272,19359,19360,19361	9	false
cache-item-family.antipoison.179	ITEM	179	175,176,177,178,180,2446,2447,15265,19347,19348,19349	9	true
cache-item-family.antipoison.25754	ITEM	25754	25755,25756,25757	9	false
cache-item-family.antipoison.25762	ITEM	25762	25763,25764,25765	9	false
cache-item-family.antipoison_mix.11435	ITEM	11435	11433,11434,11436,15496,19393	9	false
cache-item-family.antipoison_potion.25758	ITEM	25758	25759,25760,25761	9	false
cache-item-family.antique_lamp.4447	ITEM	4447	6543,7498,11137,11139,11141,11185,11186,11187,11188,11189,11679,13145,13146,13147,13148,17039,17402,21262,21640,21641,21642,23072,23082,25753,25820,25920,25921,25922,25923,25924,25925,27299,27543,28800,28820,30960,32871,32872,32873	9	false
cache-item-family.antler_guard.31081	ITEM	31081	31082,31083	9	false
cache-item-family.ape_atoll_teleport.19631	ITEM	19631	19632	9	false
cache-item-family.apple_barrel.6094	ITEM	6094		9	false
cache-item-family.apple_mush.5992	ITEM	5992	5993,13861	9	false
cache-item-family.apple_pie.2323	ITEM	2323	2324,18925	9	true
cache-item-family.apple_sapling.5496	ITEM	5496	12946,13842	14	false
cache-item-family.apple_seedling.5480	ITEM	5480	13826	9	false
cache-item-family.apple_seedling_w.5488	ITEM	5488	13834	9	false
cache-item-family.apple_tree_seed.5283	ITEM	5283	13788	9	false
cache-item-family.apples_1.5378	ITEM	5378	5379,5380,5381,5382,5383,5384,5385,5386,5387,13716	10	false
cache-item-family.apprentice_wand.6910	ITEM	6910	6911,18596,20556	9	false
cache-item-family.aquanite_hopper.32879	ITEM	32879	32880,32881	9	false
cache-item-family.aquanite_tendon.32876	ITEM	32876	32877,32878	14	false
cache-item-family.aranea_boots.29806	ITEM	29806	29807,29808,33202,33203	9	false
cache-item-family.araxyte_slayer_helmet.29816	ITEM	29816	29817	9	false
cache-item-family.araxyte_slayer_helmet_i.29818	ITEM	29818	29819,29820,29821,29822,29823	9	false
cache-item-family.araxyte_venom_sac.29784	ITEM	29784	29785	9	false
cache-item-family.arcane_prayer_scroll.21079	ITEM	21079	21080	14	false
cache-item-family.arcane_sigil.12827	ITEM	12827	12828,15336	14	false
cache-item-family.arcane_spirit_shield.12825	ITEM	12825	12826,15335	9	false
cache-item-family.arceuus_banner.20251	ITEM	20251	20252,20253	9	false
cache-item-family.arceuus_hood.20113	ITEM	20113	20114,20115	9	false
cache-item-family.arceuus_library_teleport.19613	ITEM	19613	19614	9	false
cache-item-family.arceuus_scarf.19943	ITEM	19943	19944,19945	9	false
cache-item-family.archer_helm.3749	ITEM	3749	3750,16754,20572	9	false
cache-item-family.archer_icon.28298	ITEM	28298	28299,28300	14	false
cache-item-family.archers_ring.6733	ITEM	6733	6734,18394	9	false
cache-item-family.archers_ring_i.11771	ITEM	11771	18395,25260,25261,26768,27136	9	false
cache-item-family.archery_ticket.1464	ITEM	1464	18624	14	false
cache-item-family.arclight.19675	ITEM	19675	19676,30305,30306	9	false
cache-item-family.arctic_pine_logs.10810	ITEM	10810	10811,17659	9	false
cache-item-family.arctic_pyre_logs.10808	ITEM	10808	10809,17612	9	false
cache-item-family.ardougne_cloak_1.13121	ITEM	13121	18659	9	false
cache-item-family.ardougne_cloak_2.13122	ITEM	13122	18660	9	false
cache-item-family.ardougne_cloak_3.13123	ITEM	13123	18661	9	false
cache-item-family.ardougne_cloak_4.13124	ITEM	13124	18662	9	false
cache-item-family.ardougne_knight_helm.23785	ITEM	23785	23786	9	false
cache-item-family.ardougne_knight_platebody.23787	ITEM	23787	23788	9	false
cache-item-family.ardougne_knight_platelegs.23789	ITEM	23789	23790	9	false
cache-item-family.ardougne_max_cape.20760	ITEM	20760	20761	9	false
cache-item-family.ardougne_max_hood.20764	ITEM	20764	20765	9	false
cache-item-family.ardougne_teleport.8011	ITEM	8011	14888	9	false
cache-item-family.arena_book.6891	ITEM	6891	6892,18594	14	false
cache-item-family.arkan_blade.30955	ITEM	30955	30956	9	false
cache-item-family.armadyl_bracers.12506	ITEM	12506	12507,15988	9	false
cache-item-family.armadyl_brew.31659	ITEM	31659	31650,31651,31652,31653,31654,31655,31656,31657,31658,31660,31661	9	false
cache-item-family.armadyl_chainskirt.11830	ITEM	11830	11831,18354,26716,27105	9	false
cache-item-family.armadyl_chaps.12510	ITEM	12510	12511,15990	9	false
cache-item-family.armadyl_chestplate.11828	ITEM	11828	11829,18353,26715,27104	9	false
cache-item-family.armadyl_cloak.12261	ITEM	12261	12262,15871	9	false
cache-item-family.armadyl_coif.12512	ITEM	12512	12513,15991	9	false
cache-item-family.armadyl_crossbow.11785	ITEM	11785	11786,14508,23611,23612	9	false
cache-item-family.armadyl_crozier.12263	ITEM	12263	12264,15872	9	false
cache-item-family.armadyl_d_hide_body.12508	ITEM	12508	12509,15989	9	false
cache-item-family.armadyl_d_hide_boots.19930	ITEM	19930	19931,19932	9	false
cache-item-family.armadyl_d_hide_shield.23200	ITEM	23200	23201,23202	9	false
cache-item-family.armadyl_dragonhide_set.13169	ITEM	13169	13170,13974	9	false
cache-item-family.armadyl_full_helm.12476	ITEM	12476	12477,15823	9	true
cache-item-family.armadyl_godsword.11802	ITEM	11802	11803,18342,20368,20369,20593,22665	18	false
cache-item-family.armadyl_godsword_ornament_kit.20068	ITEM	20068	20069,20070	14	false
cache-item-family.armadyl_halo.24192	ITEM	24192	24193,24194	9	false
cache-item-family.armadyl_helmet.11826	ITEM	11826	11827,18352,26714,27103	9	false
cache-item-family.armadyl_hilt.11810	ITEM	11810	11811,18346	14	false
cache-item-family.armadyl_kiteshield.12478	ITEM	12478	12479,15824	9	true
cache-item-family.armadyl_mitre.12259	ITEM	12259	12260,15870	9	false
cache-item-family.armadyl_page_1.12617	ITEM	12617	14432	14	false
cache-item-family.armadyl_page_2.12618	ITEM	12618	14433	14	false
cache-item-family.armadyl_page_3.12619	ITEM	12619	14434	14	false
cache-item-family.armadyl_page_4.12620	ITEM	12620	14435	14	false
cache-item-family.armadyl_pendant.87	ITEM	87	16454	9	false
cache-item-family.armadyl_platebody.12470	ITEM	12470	12471,15820	9	true
cache-item-family.armadyl_platelegs.12472	ITEM	12472	12473,15821	9	true
cache-item-family.armadyl_plateskirt.12474	ITEM	12474	12475,15822	9	true
cache-item-family.armadyl_robe_legs.12255	ITEM	12255	12256,15868	9	false
cache-item-family.armadyl_robe_top.12253	ITEM	12253	12254,15867	9	false
cache-item-family.armadyl_rune_armour_set_lg.13052	ITEM	13052	13053,13956	14	true
cache-item-family.armadyl_rune_armour_set_sk.13054	ITEM	13054	13055,13957	14	true
cache-item-family.armadyl_stole.12257	ITEM	12257	12258,15869	9	false
cache-item-family.armadylean_plate.27269	ITEM	27269	27270,27271	14	false
cache-item-family.armoured_kraken_ink_sac.32836	ITEM	32836		9	false
cache-item-family.armoured_kraken_tentacle.32817	ITEM	32817		9	false
cache-item-family.arrav_s_axe.30320	ITEM	30320		9	false
cache-item-family.arrow_shaft.52	ITEM	52	18231	14	false
cache-item-family.asgarnian_ale.1905	ITEM	1905	1906,5779,5780,5781,5782,5783,5784,5785,5786,7744,7745,8241,8520,8521,14960,18888,19147	11	false
cache-item-family.asgarnian_ale_m.5739	ITEM	5739	5740,5859,5860,5861,5862,5863,5864,5865,5866,18898,19148	13	false
cache-item-family.asgarnian_hops.5996	ITEM	5996	5997,13863	14	false
cache-item-family.asgarnian_seed.5308	ITEM	5308	13806	9	false
cache-item-family.asgoldian_ale.7508	ITEM	7508	17370	9	false
cache-item-family.ash_sanctifier.25781	ITEM	25781	25782	9	false
cache-item-family.ashes.592	ITEM	592	593,18883	14	true
cache-item-family.assembler_max_cape.21898	ITEM	21898	21899,24135	9	false
cache-item-family.assembler_max_hood.21900	ITEM	21900	21901	9	false
cache-item-family.assorted_flowers.2460	ITEM	2460	2461,16980	9	false
cache-item-family.astral_rune.9075	ITEM	9075	11699,16687	14	false
cache-item-family.asyn_remains.3402	ITEM	3402	3403,17600	14	false
cache-item-family.atlatl_dart.28991	ITEM	28991	28992,29852	9	false
cache-item-family.atlatl_dart_shaft.31004	ITEM	31004	31005	14	false
cache-item-family.atlatl_dart_tips.30998	ITEM	30998	30999	14	false
cache-item-family.attack_cape.9747	ITEM	9747	9748,14207,14208	9	false
cache-item-family.attack_hood.9749	ITEM	9749	14209	9	false
cache-item-family.attack_mix.11431	ITEM	11431	11429,11430,11432,15495,19392	9	false
cache-item-family.attack_potion.125	ITEM	125	121,122,123,124,126,2428,2429,15256,19320,19321,19322	9	false
cache-item-family.attacker_icon.10556	ITEM	10556	22346,22347,22348,22349,22721,22722,22723,22729,22730,23460,23461,23462,23463,23464,23465	9	true
cache-item-family.attas_seed.22881	ITEM	22881	22882	9	false
cache-item-family.autumn_sq_irkjuice.10850	ITEM	10850	16197	9	false
cache-item-family.ava_s_accumulator.10499	ITEM	10499	17109,23609,23610	9	false
cache-item-family.ava_s_assembler.22109	ITEM	22109	22110,24222	9	false
cache-item-family.ava_s_attractor.10498	ITEM	10498	17108	9	false
cache-item-family.avantoe.261	ITEM	261	262,15221	14	false
cache-item-family.avantoe_potion_unf.103	ITEM	103	104,19294	9	false
cache-item-family.avantoe_seed.5298	ITEM	5298	13772	9	false
cache-item-family.avernic_defender.22322	ITEM	22322	22476,24186	9	false
cache-item-family.avernic_defender_hilt.22477	ITEM	22477	22478,22479	14	false
cache-item-family.avernic_treads.31088	ITEM	31088	31089,31090	9	false
cache-item-family.avernic_treads_et.31093	ITEM	31093		9	false
cache-item-family.avernic_treads_max.31097	ITEM	31097	31098,33172,33173	9	false
cache-item-family.avernic_treads_pe.31092	ITEM	31092		9	false
cache-item-family.avernic_treads_pe_et.31096	ITEM	31096		9	false
cache-item-family.avernic_treads_pr.31091	ITEM	31091		9	false
cache-item-family.avernic_treads_pr_et.31095	ITEM	31095		9	false
cache-item-family.avernic_treads_pr_pe.31094	ITEM	31094		9	false
cache-item-family.awakener_s_orb.28334	ITEM	28334	28335	14	false
cache-item-family.axeman_s_folly.5751	ITEM	5751	5752,5819,5820,5821,5822,5823,5824,5825,5826,18893,19163	11	false
cache-item-family.axeman_s_folly_m.5753	ITEM	5753	5754,5899,5900,5901,5902,5903,5904,5905,5906,18903,19164	13	false
cache-item-family.baby_dragon_bone.7839	ITEM	7839	7841,17480,17482	9	false
cache-item-family.baby_dragon_bonemeal.4260	ITEM	4260	17795,28984,28985	9	false
cache-item-family.baby_impling_jar.11238	ITEM	11238	11239,15664	14	false
cache-item-family.babydragon_bones.534	ITEM	534	535,19271	9	false
cache-item-family.bag_of_salt.4161	ITEM	4161	14039	14	false
cache-item-family.bagged_bluebells.8455	ITEM	8455	8456,15052	14	false
cache-item-family.bagged_daffodils.8453	ITEM	8453	8454,15051	14	false
cache-item-family.bagged_dead_tree.8417	ITEM	8417	8418,15033	14	false
cache-item-family.bagged_flower.8451	ITEM	8451	8452,15050	14	false
cache-item-family.bagged_magic_tree.8429	ITEM	8429	8430,15039	14	false
cache-item-family.bagged_maple_tree.8425	ITEM	8425	8426,15037	14	false
cache-item-family.bagged_marigolds.8459	ITEM	8459	8460,15054	14	false
cache-item-family.bagged_nice_tree.8419	ITEM	8419	8420,15034	14	false
cache-item-family.bagged_oak_tree.8421	ITEM	8421	8422,15035	14	false
cache-item-family.bagged_plant_1.8431	ITEM	8431	8432,15040	14	false
cache-item-family.bagged_plant_2.8433	ITEM	8433	8434,15041	14	false
cache-item-family.bagged_plant_3.8435	ITEM	8435	8436,15042	14	false
cache-item-family.bagged_roses.8461	ITEM	8461	8462,15055	14	false
cache-item-family.bagged_sunflower.8457	ITEM	8457	8458,15053	14	false
cache-item-family.bagged_willow_tree.8423	ITEM	8423	8424,15036	14	false
cache-item-family.bagged_yew_tree.8427	ITEM	8427	8428,15038	14	false
cache-item-family.baguette.6961	ITEM	6961	18087	9	true
cache-item-family.bailing_bucket.583	ITEM	583	584,585,586,15591,15592	9	false
cache-item-family.baked_potato.6701	ITEM	6701	6702,19198	9	false
cache-item-family.bale_of_flax.31045	ITEM	31045	31046	9	false
cache-item-family.ball_of_cotton.31454	ITEM	31454	31455,31456	14	true
cache-item-family.ball_of_wool.1759	ITEM	1759	1760,16287	9	true
cache-item-family.ballista_limbs.19592	ITEM	19592	19593,19594	14	false
cache-item-family.ballista_spring.19601	ITEM	19601	19602,19603	14	false
cache-item-family.balloon_toad.7564	ITEM	7564	7565	9	false
cache-item-family.banana.1963	ITEM	1963	1964,18936	9	true
cache-item-family.banana_sapling.5497	ITEM	5497	12947,13843	14	false
cache-item-family.banana_seedling.5481	ITEM	5481	13827	9	false
cache-item-family.banana_seedling_w.5489	ITEM	5489	13835	9	false
cache-item-family.banana_stew.4016	ITEM	4016	4017,17923	9	false
cache-item-family.banana_tree_seed.5284	ITEM	5284	13789	9	false
cache-item-family.bananas_1.5408	ITEM	5408	5409,5410,5411,5412,5413,5414,5415,5416,5417,13719	10	false
cache-item-family.bandana_eyepatch_blue.8926	ITEM	8926	9000,18763	9	false
cache-item-family.bandana_eyepatch_brown.8927	ITEM	8927	9001,18764	9	false
cache-item-family.bandana_eyepatch_red.8925	ITEM	8925	8999,18762	9	false
cache-item-family.bandana_eyepatch_white.8924	ITEM	8924	8998,18761	9	false
cache-item-family.bandit_s_brew.4627	ITEM	4627	4628,19162	9	false
cache-item-family.bandos_boots.11836	ITEM	11836	11837,18357,26720,27109	9	false
cache-item-family.bandos_bracers.12498	ITEM	12498	12499,15984	9	false
cache-item-family.bandos_chaps.12502	ITEM	12502	12503,15986	9	false
cache-item-family.bandos_chestplate.11832	ITEM	11832	11833,18355,26718,27107	9	false
cache-item-family.bandos_cloak.12273	ITEM	12273	12274,15877	9	false
cache-item-family.bandos_coif.12504	ITEM	12504	12505,15987	9	false
cache-item-family.bandos_crozier.12275	ITEM	12275	12276,15878	9	false
cache-item-family.bandos_d_hide_body.12500	ITEM	12500	12501,15985	9	false
cache-item-family.bandos_d_hide_boots.19924	ITEM	19924	19925,19926	9	false
cache-item-family.bandos_d_hide_shield.23203	ITEM	23203	23204,23205	9	false
cache-item-family.bandos_dragonhide_set.13167	ITEM	13167	13168,13973	9	false
cache-item-family.bandos_full_helm.12486	ITEM	12486	12487,15818	9	true
cache-item-family.bandos_godsword.11804	ITEM	11804	11805,18343,20370,20371,20782,21060	18	false
cache-item-family.bandos_godsword_ornament_kit.20071	ITEM	20071	20072,20073	14	false
cache-item-family.bandos_halo.24195	ITEM	24195	24196,24197	9	false
cache-item-family.bandos_hilt.11812	ITEM	11812	11813,18347	14	false
cache-item-family.bandos_kiteshield.12488	ITEM	12488	12489,15819	9	true
cache-item-family.bandos_mitre.12271	ITEM	12271	12272,15876	9	false
cache-item-family.bandos_page_1.12613	ITEM	12613	14428	14	false
cache-item-family.bandos_page_2.12614	ITEM	12614	14429	14	false
cache-item-family.bandos_page_3.12615	ITEM	12615	14430	14	false
cache-item-family.bandos_page_4.12616	ITEM	12616	14431	14	false
cache-item-family.bandos_platebody.12480	ITEM	12480	12481,15815	9	true
cache-item-family.bandos_platelegs.12482	ITEM	12482	12483,15816	9	true
cache-item-family.bandos_plateskirt.12484	ITEM	12484	12485,15817	9	true
cache-item-family.bandos_robe_legs.12267	ITEM	12267	12268,15874	9	false
cache-item-family.bandos_robe_top.12265	ITEM	12265	12266,15873	9	false
cache-item-family.bandos_rune_armour_set_lg.13056	ITEM	13056	13057,13958	14	true
cache-item-family.bandos_rune_armour_set_sk.13058	ITEM	13058	13059,13959	14	true
cache-item-family.bandos_stole.12269	ITEM	12269	12270,15875	9	false
cache-item-family.bandos_tassets.11834	ITEM	11834	11835,18356,23646,23647,26719,27108	9	false
cache-item-family.bandosian_components.26394	ITEM	26394	26395,26412	14	false
cache-item-family.banner.8650	ITEM	8650	8652,8654,8656,8658,8660,8662,8664,8666,8668,8670,8672,8674,8676,8678,8680,14820,14821,14822,14823,14824,14825,14826,14827,14828,14829,14830,14831,14832,14833,14834,14835	9	false
cache-item-family.barb_bolttips.47	ITEM	47	15184	14	false
cache-item-family.barb_tail_harpoon.10129	ITEM	10129	10130,15411	9	false
cache-item-family.barbarian_teleport.24955	ITEM	24955	24956	9	false
cache-item-family.barbed_arrow.22230	ITEM	22230		9	false
cache-item-family.barbed_bolts.881	ITEM	881	14510	9	false
cache-item-family.bark.3239	ITEM	3239	3240,13987	14	false
cache-item-family.barley.6006	ITEM	6006	6007,13868	14	false
cache-item-family.barley_malt.6008	ITEM	6008	6009,13869	14	false
cache-item-family.barley_seed.5305	ITEM	5305	13803	9	false
cache-item-family.barnacle_blaster.31255	ITEM	31255	31256,31257	9	false
cache-item-family.barracuda_paint.32087	ITEM	32087	32088,32089	14	false
cache-item-family.barrel.1841	ITEM	3216	1841,3217,16405,17210	14	false
cache-item-family.barrel_of_demonic_tallow.30798	ITEM	30798	30795,30796,30797,30799	9	false
cache-item-family.barrelchest_anchor.10887	ITEM	10887	10888,16372,16373	9	false
cache-item-family.barrelchest_anchor_bh.27855	ITEM	27855	27856	9	false
cache-item-family.barricade.4053	ITEM	4053	4054,25209,25210,28390,28391	9	false
cache-item-family.barronite_mace.25641	ITEM	25641	25642,25643	9	true
cache-item-family.barrows_gloves.7462	ITEM	7462	14369,23593,23594,27112	13	false
cache-item-family.barrows_teleport.19629	ITEM	19629	19630	9	false
cache-item-family.basalt.22603	ITEM	22603	22604,22605	14	false
cache-item-family.basilisk_bone.7899	ITEM	7899	7901,17540,17542	9	false
cache-item-family.basilisk_jaw.24268	ITEM	24268	24269,24270	14	false
cache-item-family.basket.5376	ITEM	5376	5377,13715	9	false
cache-item-family.bass.365	ITEM	365	366,15463	9	false
cache-item-family.bastion_potion.22470	ITEM	22470	22461,22462,22463,22464,22465,22466,22467,22468,22469,22471,22472	9	false
cache-item-family.bat_bonemeal.4256	ITEM	4256	17791	9	false
cache-item-family.bat_bones.530	ITEM	530	531,19269	9	false
cache-item-family.bat_shish.10964	ITEM	10964	18408	9	false
cache-item-family.batta_tin.2164	ITEM	2164	9522,9523,9524,9525,9585,18979,18980,19033	14	false
cache-item-family.battlefront_teleport.22949	ITEM	22949	22950	9	false
cache-item-family.battlehat.31172	ITEM	31172	31173	9	false
cache-item-family.battlemage_potion.22458	ITEM	22458	22449,22450,22451,22452,22453,22454,22455,22456,22457,22459,22460	9	false
cache-item-family.battlestaff.1391	ITEM	1391	1392,14682	9	false
cache-item-family.beach_boxing_gloves.11705	ITEM	11705	11706,18144,18145	9	true
cache-item-family.beacon_ring.11014	ITEM	11014	16971	9	false
cache-item-family.beads_of_the_dead.616	ITEM	616	18027	9	false
cache-item-family.beanie.12245	ITEM	12245	12246,15863	9	false
cache-item-family.bear_feet.23291	ITEM	23291	23292,23293	9	true
cache-item-family.bear_fur.948	ITEM	948	949,14294	14	true
cache-item-family.bearded_gorilla_bonemeal.4266	ITEM	4266	17802	9	false
cache-item-family.bearded_gorilla_bones.3182	ITEM	3182	17943	9	false
cache-item-family.bearhead.4502	ITEM	4502	17739	9	false
cache-item-family.beautiful_yellow_pansy_seed.27039	ITEM	27039		9	true
cache-item-family.bedsheet.4284	ITEM	4284	4285,17783,17784	9	false
cache-item-family.beekeeper_s_boots.25137	ITEM	25137	25138	9	true
cache-item-family.beekeeper_s_gloves.25135	ITEM	25135	25136	9	true
cache-item-family.beekeeper_s_hat.25129	ITEM	25129	25130	9	true
cache-item-family.beekeeper_s_legs.25133	ITEM	25133	25134	9	true
cache-item-family.beekeeper_s_top.25131	ITEM	25131	25132	9	true
cache-item-family.beer.1917	ITEM	1917	1918,7740,7741,19158	9	false
cache-item-family.beer_barrel.8239	ITEM	8239	8516,8517,14958	9	false
cache-item-family.beer_glass.1919	ITEM	1919	1920,6123,7742,7743,17188,19159	14	false
cache-item-family.beer_tankard.3803	ITEM	3803	3804,16782	9	false
cache-item-family.beginner_wand.6908	ITEM	6908	6909,18595,20553	9	false
cache-item-family.belladonna_seed.5281	ITEM	5281	13780	9	false
cache-item-family.bellator_ring.25488	ITEM	25488	28316,28317,28318	9	false
cache-item-family.belle_s_folly.31248	ITEM	31248	31249,31250	9	false
cache-item-family.belle_s_folly_tarnished.31245	ITEM	31245	31246,31247	14	false
cache-item-family.beret_mask.11282	ITEM	11282	18768	9	false
cache-item-family.berserker_helm.3751	ITEM	3751	3752,16755,27169	9	false
cache-item-family.berserker_icon.28295	ITEM	28295	28296,28297	14	false
cache-item-family.berserker_necklace.11128	ITEM	11128	11129,16267,23240,23241	9	false
cache-item-family.berserker_necklace_ornament_kit.23237	ITEM	23237	23238,23239	14	false
cache-item-family.berserker_ring.6737	ITEM	6737	6738,18398	9	false
cache-item-family.berserker_ring_i.11773	ITEM	11773	18399,23595,23596,25264,25265,26770,27138	9	false
cache-item-family.big_bonemeal.4257	ITEM	4257	17792	9	false
cache-item-family.big_bones.532	ITEM	532	533,19270	9	true
cache-item-family.big_bucket_of_camel_milk.26920	ITEM	26920		9	true
cache-item-family.big_bucket_of_frozen_camel_milk.26921	ITEM	26921		9	true
cache-item-family.big_fishing_net.305	ITEM	305	306,15434	9	false
cache-item-family.big_harpoonfish.25559	ITEM	25559	25560	9	false
cache-item-family.big_pirate_hat.12355	ITEM	12355	12356,15918	9	false
cache-item-family.binding_necklace.5521	ITEM	5521	5522,19246	9	false
cache-item-family.bird_house.21512	ITEM	21512	21513,21514	14	false
cache-item-family.bird_mask.29931	ITEM	29931	29938,29939	9	false
cache-item-family.bird_nest.5070	ITEM	5075	5070,5071,5072,5073,5074,7413,13653,13989,13990,13991,13992,13993,13994,13995,20783,22798,22799,22800,22801	14	false
cache-item-family.bird_snare.10006	ITEM	10006	15419	14	false
cache-item-family.black_2h_sword.1313	ITEM	1313	1314,14748	9	true
cache-item-family.black_axe.1361	ITEM	1361	1362,14712	9	true
cache-item-family.black_battleaxe.1367	ITEM	1367	1368,14716	9	true
cache-item-family.black_bead.1474	ITEM	1474	1475,17677	14	true
cache-item-family.black_beret.2635	ITEM	2635	2636,15781	9	false
cache-item-family.black_boater.7327	ITEM	7327	7328,16012	9	false
cache-item-family.black_boots.4125	ITEM	4125	4126,14193	9	false
cache-item-family.black_brutal.4788	ITEM	4788	16875	9	false
cache-item-family.black_candy.24986	ITEM	24986	25124	9	false
cache-item-family.black_cane.12375	ITEM	12375	12376,15928	9	false
cache-item-family.black_cape.1019	ITEM	1019	1020,14377	9	true
cache-item-family.black_cavalier.2643	ITEM	2643	2644,15785	9	false
cache-item-family.black_chainbody.1107	ITEM	1107	1108,14095	9	true
cache-item-family.black_chinchompa.11959	ITEM	11959	15365	9	false
cache-item-family.black_claws.3098	ITEM	3098	3118,14325	9	false
cache-item-family.black_coffin.25463	ITEM	25463	25464	9	false
cache-item-family.black_d_hide_body.2503	ITEM	2503	2504,12381,12382,12385,12386,14113,15931,15933,20423	9	false
cache-item-family.black_d_hide_chaps.2497	ITEM	2497	2498,12383,12384,12387,12388,14189,15932,15934,20424	9	false
cache-item-family.black_d_hide_shield.22284	ITEM	22284	22285,22286	9	false
cache-item-family.black_d_hide_vambraces.2491	ITEM	2491	2492,14203	9	false
cache-item-family.black_dagger.1217	ITEM	1217	1218,1233,1234,5682,5683,5700,5701,14636,14644,14653,14662	9	false
cache-item-family.black_dart.3093	ITEM	3093	3094,5631,5638,14521,14529,14545,14553	9	false
cache-item-family.black_defender.8847	ITEM	8847	14345,24139	9	false
cache-item-family.black_demon_mask.20026	ITEM	20026	20027,20028	9	false
cache-item-family.black_desert_robe.6752	ITEM	6752	6753,16906	9	false
cache-item-family.black_desert_shirt.6750	ITEM	6750	6751,16905	9	false
cache-item-family.black_dragon_leather.2509	ITEM	2509	2510,16280	9	false
cache-item-family.black_dragon_mask.12524	ITEM	12524	12525,15997	9	false
cache-item-family.black_dragonhide.1747	ITEM	1747	1748,16281	9	false
cache-item-family.black_dragonhide_set.12871	ITEM	12871	12872,13903	9	false
cache-item-family.black_dye.4622	ITEM	4622	17833	9	false
cache-item-family.black_elegant_legs.10402	ITEM	10402	10403,16111	9	false
cache-item-family.black_elegant_shirt.10400	ITEM	10400	10401,16110	9	false
cache-item-family.black_felling_axe.28205	ITEM	28205	28206,28207	9	false
cache-item-family.black_flowers.2476	ITEM	2476	2477,16988	9	false
cache-item-family.black_full_helm.1165	ITEM	1165	1166,2587,2588,2595,2596,10306,10307,10308,10309,10310,10311,10312,10313,10314,10315,14150,15762,15767,16065,16066,16067,16068,16069	13	true
cache-item-family.black_gloves.7457	ITEM	7457	14364	9	false
cache-item-family.black_goblin_mail.9055	ITEM	9055	16423	9	true
cache-item-family.black_gold_trimmed_set_lg.12996	ITEM	12996	12997,13928	14	true
cache-item-family.black_gold_trimmed_set_sk.12998	ITEM	12998	12999,13929	14	true
cache-item-family.black_halberd.3196	ITEM	3196	3197,14623	9	false
cache-item-family.black_headband.2647	ITEM	2647	2648,15787	9	false
cache-item-family.black_kiteshield.1195	ITEM	1195	1196,2589,2590,2597,2598,7332,7333,7338,7339,7344,7345,7350,7351,7356,7357,14126,15763,15768,16016,16019,16022,16025,16028	13	true
cache-item-family.black_knife.869	ITEM	869	874,5658,5665,14475,14482,14489,14496	9	false
cache-item-family.black_leprechaun_hat.20246	ITEM	20246	20247,20248	9	false
cache-item-family.black_locks.25448	ITEM	25448	25449,25450	14	false
cache-item-family.black_longsword.1297	ITEM	1297	1298,14740	9	true
cache-item-family.black_mace.1426	ITEM	1426	1427,14671	9	true
cache-item-family.black_mask.8921	ITEM	8921	8901,8902,8903,8904,8905,8906,8907,8908,8909,8910,8911,8912,8913,8914,8915,8916,8917,8918,8919,8920,8922,18758	11	false
cache-item-family.black_mask_10_i.11774	ITEM	11774	11775,11776,11777,11778,11779,11780,11781,11782,11783,11784,18759,25266,25267,25268,25269,25270,25271,25272,25273,25274,25275,25276,25277,26771,26772,26773,26774,26775,26776,26777,26778,26779,26780,26781,27139	13	false
cache-item-family.black_med_helm.1151	ITEM	1151	1152,14143	9	true
cache-item-family.black_nails.4821	ITEM	4821	16856	9	false
cache-item-family.black_naval_shirt.8956	ITEM	8956	16206	9	false
cache-item-family.black_navy_slacks.8995	ITEM	8995	16229	9	false
cache-item-family.black_pickaxe.12297	ITEM	12297	12298,15889	9	true
cache-item-family.black_platebody.1125	ITEM	1125	1126,2583,2584,2591,2592,14105,15759,15764,23366,23367,23368,23369,23370,23371,23372,23373,23374,23375,23376,23377,23378,23379,23380	13	true
cache-item-family.black_platelegs.1077	ITEM	1077	1078,2585,2586,2593,2594,14173,15760,15765	9	true
cache-item-family.black_plateskirt.1089	ITEM	1089	1090,3472,3473,3668,3669,14180,15761,15766	9	true
cache-item-family.black_robe.581	ITEM	581	582,13714	9	true
cache-item-family.black_salamander.10148	ITEM	10148	10162,15368	9	false
cache-item-family.black_satchel.10880	ITEM	10880	16596,25621	9	false
cache-item-family.black_scimitar.1327	ITEM	1327	1328,14755	9	true
cache-item-family.black_set_lg.12988	ITEM	12988	12989,13924	14	true
cache-item-family.black_set_sk.12990	ITEM	12990	12991,13925	14	true
cache-item-family.black_skirt.1015	ITEM	1015	1016,12445,12446,12447,12448,14375,15971,15972	9	true
cache-item-family.black_slayer_helmet.19639	ITEM	19639	19640	9	false
cache-item-family.black_slayer_helmet_i.19641	ITEM	19641	19642,25179,25180,26675,27057	9	false
cache-item-family.black_spear.4580	ITEM	4580	4581,4582,4583,4584,5734,5735,5736,5737,14799,17638,17639,17640,17641	13	false
cache-item-family.black_spiky_vambraces.10085	ITEM	10085	10086,15398	9	false
cache-item-family.black_sq_shield.1179	ITEM	1179	1180,14118	9	true
cache-item-family.black_staff_of_collection.30603	ITEM	30603	30604	9	false
cache-item-family.black_sword.1283	ITEM	1283	1284,14733	9	true
cache-item-family.black_tourmaline_core.21730	ITEM	21730	21731,21732	14	false
cache-item-family.black_toy_horsey.2524	ITEM	2524	2525,14306	14	true
cache-item-family.black_tricorn_hat.8963	ITEM	8963	16213	9	false
cache-item-family.black_trimmed_set_lg.12992	ITEM	12992	12993,13926	14	true
cache-item-family.black_trimmed_set_sk.12994	ITEM	12994	12995,13927	14	true
cache-item-family.black_unicorn_mask.20266	ITEM	20266	20267,20268	9	false
cache-item-family.black_warhammer.1341	ITEM	1341	1342,14724	9	true
cache-item-family.black_warlock.10014	ITEM	10014	10015,15422	9	false
cache-item-family.black_warlock_mix.29207	ITEM	29207	29189,29190,29191,29208,29209	9	false
cache-item-family.black_wizard_hat.12453	ITEM	12453	12454,12455,12456,15975,15976	9	true
cache-item-family.black_wizard_robe.12449	ITEM	12449	12450,12451,12452,15973,15974	9	true
cache-item-family.blackbird_red.29944	ITEM	29944	29945,29946	9	false
cache-item-family.blacksmith_s_helm.19988	ITEM	19988	19989,19990	9	false
cache-item-family.blackstone_fragment.28356	ITEM	28356	28357,28358	9	false
cache-item-family.blade_of_saeldor.23995	ITEM	23995	23996,23997,23998,23999	9	false
cache-item-family.blade_of_saeldor_c.24551	ITEM	24551	24552,24553,25870,25871,25872,25873,25874,25875,25876,25877,25878,25879,25880,25881,25882,25883	9	false
cache-item-family.blamish_bark_shell.3353	ITEM	3353	3354,18868	9	false
cache-item-family.blamish_blue_shell.3351	ITEM	3351	3352,3361,3362,18867,18872	14	false
cache-item-family.blamish_myre_shell.3345	ITEM	3345	3346,3355,3356,18864,18869	14	false
cache-item-family.blamish_ochre_shell.3349	ITEM	3349	3350,3359,3360,18866,18871	14	false
cache-item-family.blamish_oil.1582	ITEM	1582	17588	9	false
cache-item-family.blamish_red_shell.3347	ITEM	3347	3348,3357,3358,18865,18870	14	false
cache-item-family.blasted_ore.13575	ITEM	13575		9	false
cache-item-family.blazing_blowpipe.28688	ITEM	28688	28687,28689	9	false
cache-item-family.bleached_bones.25422	ITEM	25422	25423	9	false
cache-item-family.blessed_axe.10491	ITEM	10491	17102	9	false
cache-item-family.blessed_babydragon_bones.29352	ITEM	29352	29353	9	false
cache-item-family.blessed_babywyrm_bones.29354	ITEM	29354	29355	9	false
cache-item-family.blessed_bat_bones.29346	ITEM	29346	29347	9	false
cache-item-family.blessed_big_bones.29348	ITEM	29348	29349	9	false
cache-item-family.blessed_bone_shards.29381	ITEM	29381	29429	9	false
cache-item-family.blessed_bone_statuette.29338	ITEM	29338	29339,29340,29341,29342,29343	9	false
cache-item-family.blessed_bones.29344	ITEM	29344	29345	9	false
cache-item-family.blessed_dizana_s_quiver.28955	ITEM	28955	28828,28829,28956,28957,33528,33529,33530,33531	15	false
cache-item-family.blessed_dragon_bones.29356	ITEM	29356	29357	9	false
cache-item-family.blessed_drake_bones.29366	ITEM	29366	29367	9	false
cache-item-family.blessed_fayrg_bones.29370	ITEM	29370	29371	9	false
cache-item-family.blessed_frost_dragon_bones.31266	ITEM	31266	31267	9	false
cache-item-family.blessed_hydra_bones.29368	ITEM	29368	29369	9	false
cache-item-family.blessed_lava_dragon_bones.29358	ITEM	29358	29359	9	false
cache-item-family.blessed_ourg_bones.29374	ITEM	29374	29375	9	false
cache-item-family.blessed_raurg_bones.29372	ITEM	29372	29373	9	false
cache-item-family.blessed_spirit_shield.12831	ITEM	12831	12832,15338,23642,23643	9	false
cache-item-family.blessed_strykewyrm_bones.31264	ITEM	31264	31265	9	false
cache-item-family.blessed_superior_dragon_bones.29362	ITEM	29362	29363	9	false
cache-item-family.blessed_wyrm_bones.29364	ITEM	29364	29365	9	false
cache-item-family.blessed_wyvern_bones.29360	ITEM	29360	29361	9	false
cache-item-family.blessed_zogre_bones.29350	ITEM	29350	29351	9	false
cache-item-family.blighted_ancient_ice_sack.24607	ITEM	24607	24608	14	false
cache-item-family.blighted_anglerfish.24592	ITEM	24592	24593,24594	9	false
cache-item-family.blighted_entangle_sack.24613	ITEM	24613	24614	14	false
cache-item-family.blighted_karambwan.24595	ITEM	24595	24596,24597	9	false
cache-item-family.blighted_manta_ray.24589	ITEM	24589	24590,24591	9	false
cache-item-family.blighted_super_restore.24605	ITEM	24605	24598,24599,24600,24601,24602,24603,24604,24606,24647,24648,24649	9	false
cache-item-family.blighted_teleport_spell_sack.24615	ITEM	24615	24616	14	false
cache-item-family.blighted_vengeance_sack.24621	ITEM	24621	24622	14	false
cache-item-family.blindweed_seed.6710	ITEM	6710	16385	9	false
cache-item-family.blisterwood_flail.24699	ITEM	24699	24700	9	false
cache-item-family.blisterwood_logs.24691	ITEM	24691	24692	9	false
cache-item-family.blisterwood_sickle.24697	ITEM	24697	24698	9	false
cache-item-family.blisterwood_sickle_e.33713	ITEM	33713	33714	9	false
cache-item-family.blisterwood_stake.33716	ITEM	33716	33717	9	false
cache-item-family.bloated_toad.2875	ITEM	2875		9	false
cache-item-family.blood_ancient_sceptre.25489	ITEM	25489	28260,28261,28473	9	false
cache-item-family.blood_essence.26390	ITEM	26390	26391,26392,26393	13	false
cache-item-family.blood_moon_armour_set.31136	ITEM	31136	31137,31138	14	false
cache-item-family.blood_moon_chestplate.29022	ITEM	29022	29023,29024,29043,29044,29067,29068,29069,29846	9	false
cache-item-family.blood_moon_helm.29028	ITEM	29028	29029,29030,29047,29048,29073,29074,29075,29848	9	false
cache-item-family.blood_moon_tassets.29025	ITEM	29025	29026,29027,29045,29046,29070,29071,29072,29847	9	false
cache-item-family.blood_n_tar_snelm.3329	ITEM	3329	3330,18856	9	false
cache-item-family.blood_pint.24774	ITEM	24774	24775,24776	9	false
cache-item-family.blood_rune.565	ITEM	565	11697,13710	14	false
cache-item-family.blood_shard.24777	ITEM	24777	24778,24779	14	false
cache-item-family.blood_talisman.1450	ITEM	1450	1451,26783	9	false
cache-item-family.blood_tiara.5549	ITEM	5549	5550,26791	9	false
cache-item-family.bloodbark_armour_set.31163	ITEM	31163	31164,31165	14	false
cache-item-family.bloodbark_body.25404	ITEM	25404	25405,25406	9	false
cache-item-family.bloodbark_boots.25410	ITEM	25410	25411,25412	9	false
cache-item-family.bloodbark_gauntlets.25407	ITEM	25407	25408,25409	9	false
cache-item-family.bloodbark_helm.25413	ITEM	25413	25414,25415	9	false
cache-item-family.bloodbark_legs.25416	ITEM	25416	25417,25418	9	false
cache-item-family.bloody_bracer.22430	ITEM	22430	22431,22432	9	false
cache-item-family.bloody_knife.25799	ITEM	25799		9	false
cache-item-family.blue_beret.2633	ITEM	2633	2634,15780	9	false
cache-item-family.blue_boater.7325	ITEM	7325	7326,16011	9	false
cache-item-family.blue_boots.630	ITEM	630	631,14050	9	false
cache-item-family.blue_candy.24981	ITEM	24981	25119	9	false
cache-item-family.blue_cape.1021	ITEM	1021	1022,14378,25195,25208	9	false
cache-item-family.blue_crab.31674	ITEM	31674	31675,31676	14	false
cache-item-family.blue_crab_meat.31695	ITEM	31695	31696,31697	9	false
cache-item-family.blue_d_hide_body.2499	ITEM	2499	2500,7374,7375,7376,7377,14111,16037,16038,20417	9	false
cache-item-family.blue_d_hide_chaps.2493	ITEM	2493	2494,7382,7383,7384,7385,14187,16041,16042,20418	9	false
cache-item-family.blue_d_hide_shield.22278	ITEM	22278	22279,22280	9	false
cache-item-family.blue_d_hide_vambraces.2487	ITEM	2487	2488,14201	9	false
cache-item-family.blue_dark_bow_paint.12757	ITEM	12757	12758,15068	14	false
cache-item-family.blue_dragon_leather.2505	ITEM	2505	2506,16278	9	false
cache-item-family.blue_dragon_mask.12520	ITEM	12520	12521,15995	9	false
cache-item-family.blue_dragon_scale.243	ITEM	243	244,15252	14	false
cache-item-family.blue_dragonhide.1751	ITEM	1751	1752,16283	9	false
cache-item-family.blue_dragonhide_set.12867	ITEM	12867	12868,13901	9	false
cache-item-family.blue_dye.1767	ITEM	1767	1768,16291	14	true
cache-item-family.blue_elegant_blouse.10428	ITEM	10428	10429,16124	9	false
cache-item-family.blue_elegant_legs.10410	ITEM	10410	10411,16115	9	false
cache-item-family.blue_elegant_shirt.10408	ITEM	10408	10409,16114	9	false
cache-item-family.blue_elegant_skirt.10430	ITEM	10430	10431,16125	9	false
cache-item-family.blue_feather.10089	ITEM	10089	15386	9	false
cache-item-family.blue_firelighter.7331	ITEM	7331	16015	14	false
cache-item-family.blue_flowers.2464	ITEM	2464	2465,8936,8937,16982	9	false
cache-item-family.blue_goblin_mail.287	ITEM	287	16421	9	true
cache-item-family.blue_hat.660	ITEM	660	661,740,14065,16806	18	false
cache-item-family.blue_headband.12301	ITEM	12301	12302,15891	9	false
cache-item-family.blue_icon.25212	ITEM	25212	25213,25214,25215,25216,25217,25218,25219,25220,25221,25222,25223,25224,25225,25226,25227,26184,26185,26186,26187,26188,26189,26190,26191,26192,26193,26194,26195,26196,26197,26198,26199	9	false
cache-item-family.blue_logs.7406	ITEM	7406	13981	9	false
cache-item-family.blue_moon_armour_set.31139	ITEM	31139	31140,31141	14	false
cache-item-family.blue_moon_chestplate.29013	ITEM	29013	29014,29015,29037,29038,29058,29059,29060,29843	9	false
cache-item-family.blue_moon_helm.29019	ITEM	29019	29020,29021,29041,29042,29064,29065,29066,29845	9	false
cache-item-family.blue_moon_spear.28988	ITEM	28988	28989,28990,29849	9	false
cache-item-family.blue_moon_tassets.29016	ITEM	29016	29017,29018,29039,29040,29061,29062,29063,29844	9	false
cache-item-family.blue_naval_shirt.8952	ITEM	8952	16202	9	false
cache-item-family.blue_navy_slacks.8991	ITEM	8991	16225	9	false
cache-item-family.blue_robe_bottoms.650	ITEM	650	651,14060	9	false
cache-item-family.blue_robe_top.640	ITEM	640	641,14055	9	false
cache-item-family.blue_skirt.1011	ITEM	1011	1012,7386,7387,7388,7389,14373,16043,16044	9	true
cache-item-family.blue_spiky_vambraces.10081	ITEM	10081	10082,15396	9	false
cache-item-family.blue_thread.3719	ITEM	3719		9	false
cache-item-family.blue_tricorn_hat.8959	ITEM	8959	16209	9	false
cache-item-family.blue_wizard_hat.579	ITEM	579	580,7394,7395,7396,7397,13713,16047,16048	9	true
cache-item-family.blue_wizard_robe.577	ITEM	577	578,7390,7391,7392,7393,13712,16045,16046	9	true
cache-item-family.blueberry_muffin.31128	ITEM	31128	31129	9	false
cache-item-family.bluefin.32344	ITEM	32344	32345,32346	9	false
cache-item-family.bluegill.22826	ITEM	22826	22827,22828	14	false
cache-item-family.blunt_arrow.22229	ITEM	22229		9	false
cache-item-family.blunt_axe.4415	ITEM	4415	17683	9	false
cache-item-family.blurberry_special.2064	ITEM	2064	2065,9520,9521,18978,19073	9	false
cache-item-family.blurite_bar.9467	ITEM	9467	13886	9	false
cache-item-family.blurite_bolts.9139	ITEM	9139	9286,9293,9300,14511,15120,15128,15136	9	false
cache-item-family.blurite_crossbow.9176	ITEM	9176	14502	9	false
cache-item-family.blurite_ore.668	ITEM	668	17302	9	true
cache-item-family.blurite_sword.667	ITEM	667	17301	9	true
cache-item-family.boat_bottle_empty.31989	ITEM	31989	31990,31991	14	false
cache-item-family.bob_s_black_shirt.10322	ITEM	10322	10323,16073	9	false
cache-item-family.bob_s_blue_shirt.10318	ITEM	10318	10319,16071	9	false
cache-item-family.bob_s_green_shirt.10320	ITEM	10320	10321,16072	9	false
cache-item-family.bob_s_purple_shirt.10324	ITEM	10324	10325,16074	9	false
cache-item-family.bob_s_red_shirt.10316	ITEM	10316	10317,16070	9	false
cache-item-family.body_talisman.1446	ITEM	1446	1447,19231	9	true
cache-item-family.body_tiara.5533	ITEM	5533	5534,19252	9	true
cache-item-family.bologano_fruit.13427	ITEM	13427		9	false
cache-item-family.bologano_seed.13424	ITEM	13424		9	false
cache-item-family.bolt_mould.9434	ITEM	9434	9435,15109	9	false
cache-item-family.bolt_of_canvas.31475	ITEM	31475	31476,31477	14	false
cache-item-family.bolt_of_cloth.8790	ITEM	8790	8791,14945	14	false
cache-item-family.bolt_of_cotton.31478	ITEM	31478	31479,31480	14	false
cache-item-family.bolt_of_linen.31472	ITEM	31472	31473,31474	14	false
cache-item-family.bolt_rack.4740	ITEM	4740	15732	9	false
cache-item-family.bomber_cap.9945	ITEM	9945	17298	9	false
cache-item-family.bomber_jacket.9944	ITEM	9944	17297	9	false
cache-item-family.bone_bolts.8882	ITEM	8882	17151	9	false
cache-item-family.bone_club.5018	ITEM	5018	5019,18014	9	false
cache-item-family.bone_dagger.8872	ITEM	8872	8873,8874,8875,8876,8877,8878,8879,17146,17147,17148,17149	9	false
cache-item-family.bone_fragments.25139	ITEM	25139	25140	14	true
cache-item-family.bone_in_vinegar.7813	ITEM	7813	7816,7819,7822,7825,7828,7831,7834,7837,7840,7843,7846,7849,7852,7855,7858,7861,7864,7867,7870,7873,7876,7879,7882,7885,7888,7891,7894,7897,7900,7903,7906,7909,7912,7915,17454,17457,17460,17463,17466,17469,17472,17475,17478,17481,17484,17487,17490,17493,17496,17499,17502,17505,17508,17511,17514,17517,17520,17523,17526,17529,17532,17535,17538,17541,17544,17547,17550,17553,17556	9	false
cache-item-family.bone_mace.28792	ITEM	28792	28793	9	false
cache-item-family.bone_seeds.7950	ITEM	7950	17066	9	false
cache-item-family.bone_shortbow.28794	ITEM	28794	28795	9	false
cache-item-family.bone_spear.5016	ITEM	5016	5017,18013	9	false
cache-item-family.bone_staff.28796	ITEM	28796	28797	9	false
cache-item-family.bonecrusher.13116	ITEM	13116	18654	9	false
cache-item-family.bonecrusher_necklace.22986	ITEM	22986	22987	9	false
cache-item-family.bonemeal.4255	ITEM	4255	17790	9	false
cache-item-family.bones.526	ITEM	526	527,2530,2531,3187,15589,17946,19267,24655,25199,25200	9	false
cache-item-family.bones_to_bananas.8014	ITEM	8014	14891	9	false
cache-item-family.bones_to_peaches.6926	ITEM	6926	8015,14892,18604	9	false
cache-item-family.bonesack.7918	ITEM	7918	17559	9	false
cache-item-family.book_of_balance.3844	ITEM	3844	14409,26488,26489	9	false
cache-item-family.book_of_balance_page_set.13153	ITEM	13153	13154,13966	14	false
cache-item-family.book_of_darkness.12612	ITEM	12612	14415,26490,26491	9	false
cache-item-family.book_of_darkness_page_set.13159	ITEM	13159	13160,13969	14	false
cache-item-family.book_of_law.12610	ITEM	12610	14413,26492,26493	9	false
cache-item-family.book_of_law_page_set.13157	ITEM	13157	13158,13968	14	false
cache-item-family.book_of_the_dead.25818	ITEM	25818	25819	9	false
cache-item-family.book_of_war.12608	ITEM	12608	14411,26494,26495	9	false
cache-item-family.book_of_war_page_set.13155	ITEM	13155	13156,13967	14	false
cache-item-family.bookcase.8510	ITEM	8510	8511,14955	14	false
cache-item-family.boots_of_brimstone.22951	ITEM	22951	22952,22953	9	false
cache-item-family.boots_of_darkness.20140	ITEM	20140	20141,20142	9	false
cache-item-family.boots_of_lightness.88	ITEM	88	89,16455	9	false
cache-item-family.boots_of_stone.23037	ITEM	23037	23038,23039	9	false
cache-item-family.boots_of_the_eye.26856	ITEM	26856	26857	9	false
cache-item-family.botanical_pie.19662	ITEM	19662	19663,19664	9	false
cache-item-family.bottle_of_alco_sol.31889	ITEM	31889		9	false
cache-item-family.bottle_of_almost_smuggled_rum.31831	ITEM	31831		9	false
cache-item-family.bottle_of_alone_at_sea.31888	ITEM	31888		9	false
cache-item-family.bottle_of_banana_daiquiri.31838	ITEM	31838		9	false
cache-item-family.bottle_of_banker_s_draught.31860	ITEM	31860		9	false
cache-item-family.bottle_of_barracuda_brew.31837	ITEM	31837		9	false
cache-item-family.bottle_of_black_lobster_ale.31878	ITEM	31878		9	false
cache-item-family.bottle_of_captain_cat_s_black_rum.31905	ITEM	31905		9	false
cache-item-family.bottle_of_captain_clop_s_mango_gin.31854	ITEM	31854		9	false
cache-item-family.bottle_of_creator_s_cocktail.31851	ITEM	31851		9	false
cache-item-family.bottle_of_crocodile_tears.31863	ITEM	31863		9	false
cache-item-family.bottle_of_crystal_clear_vodka.31893	ITEM	31893		9	false
cache-item-family.bottle_of_crystal_clear_water.31856	ITEM	31856		9	false
cache-item-family.bottle_of_delicate_elven_wine.31858	ITEM	31858		9	false
cache-item-family.bottle_of_destructor_s_cocktail.31849	ITEM	31849		9	false
cache-item-family.bottle_of_dognose_draught.31840	ITEM	31840		9	false
cache-item-family.bottle_of_dwarvern_wizard_s_stout_bomb.31881	ITEM	31881		9	false
cache-item-family.bottle_of_elidinis_s_life_water.31886	ITEM	31886		9	false
cache-item-family.bottle_of_exile_s_welcome.31875	ITEM	31875		9	false
cache-item-family.bottle_of_fish_bladder_stout.31833	ITEM	31833		9	false
cache-item-family.bottle_of_fish_bladder_stoutier.31892	ITEM	31892		9	false
cache-item-family.bottle_of_fishier_bladderier_stout.31864	ITEM	31864		9	false
cache-item-family.bottle_of_fishtongue_tonic.31873	ITEM	31873		9	false
cache-item-family.bottle_of_get_to_the_point_punch.31845	ITEM	31845		9	false
cache-item-family.bottle_of_goldless_asgoldian_ale.31848	ITEM	31848		9	false
cache-item-family.bottle_of_graveyard_corpse_reviver.31883	ITEM	31883		9	false
cache-item-family.bottle_of_headless_unicornman_s_heady_beer.31861	ITEM	31861		9	false
cache-item-family.bottle_of_impling_surprise.31901	ITEM	31901		9	false
cache-item-family.bottle_of_kgp_standard_issue_martini.31882	ITEM	31882		9	false
cache-item-family.bottle_of_kharazi_cooler.31839	ITEM	31839		9	false
cache-item-family.bottle_of_light_in_the_dark.31843	ITEM	31843		9	false
cache-item-family.bottle_of_lunarshine.31900	ITEM	31900		9	false
cache-item-family.bottle_of_monkfish_bladder_stout.31899	ITEM	31899		9	false
cache-item-family.bottle_of_mystery_fruit_cider.31902	ITEM	31902		9	false
cache-item-family.bottle_of_myths_mighty_mixer.31847	ITEM	31847		9	false
cache-item-family.bottle_of_ogre_prayer_potion.31844	ITEM	31844		9	false
cache-item-family.bottle_of_ol_random_s_reddest_rum.31885	ITEM	31885		9	false
cache-item-family.bottle_of_oo_glug.31846	ITEM	31846		9	false
cache-item-family.bottle_of_platinum_rum.31842	ITEM	31842		9	false
cache-item-family.bottle_of_portal_nexus_perry.31890	ITEM	31890		9	false
cache-item-family.bottle_of_possible_albumen.31887	ITEM	31887		9	false
cache-item-family.bottle_of_potterington_s_marrow_wine.31834	ITEM	31834		9	false
cache-item-family.bottle_of_puzzlers_poteen.31895	ITEM	31895		9	false
cache-item-family.bottle_of_robert_s_port.31897	ITEM	31897		9	false
cache-item-family.bottle_of_sea_shandy_2.31898	ITEM	31898		9	false
cache-item-family.bottle_of_sea_spray.31859	ITEM	31859		9	false
cache-item-family.bottle_of_self_congratulation_wine.31891	ITEM	31891		9	false
cache-item-family.bottle_of_slippery_snake_skins_in_possibly_gravy.31855	ITEM	31855		9	false
cache-item-family.bottle_of_slug_s_mind_balm.31835	ITEM	31835		9	false
cache-item-family.bottle_of_sorodamin_s_bru.31832	ITEM	31832		9	false
cache-item-family.bottle_of_soul.31852	ITEM	31852		9	false
cache-item-family.bottle_of_soul_juice.31862	ITEM	31862		9	false
cache-item-family.bottle_of_spinner_s_last_gasp.31836	ITEM	31836		9	false
cache-item-family.bottle_of_spinning_comp_kvass.31894	ITEM	31894		9	false
cache-item-family.bottle_of_suqah_free_cola.31876	ITEM	31876		9	false
cache-item-family.bottle_of_tangled_toad_s_legs_cider.31871	ITEM	31871		9	false
cache-item-family.bottle_of_the_endless_night.31874	ITEM	31874		9	false
cache-item-family.bottle_of_the_way_home.31841	ITEM	31841		9	false
cache-item-family.bottle_of_underground_passteurised_milk.31857	ITEM	31857		9	false
cache-item-family.bottle_of_waterbirth_blue_lagoon.31872	ITEM	31872		9	false
cache-item-family.bottle_of_weiss_meltwater.31884	ITEM	31884		9	false
cache-item-family.bottle_of_wild_wood_whisky.31896	ITEM	31896		9	false
cache-item-family.bottle_of_wine.7919	ITEM	7919	7920,17560	9	false
cache-item-family.bottle_of_winter_sun.31877	ITEM	31877		9	false
cache-item-family.bottle_of_zogre_s_sloppy_kisses.31850	ITEM	31850		9	false
cache-item-family.bottle_of_zul_rye_beer.31853	ITEM	31853		9	false
cache-item-family.bottled_dragonbreath.23002	ITEM	23002	23003,23004	14	false
cache-item-family.bottled_dragonbreath_unpowered.22999	ITEM	22999	23000,23001	14	false
cache-item-family.bottled_storm.31949	ITEM	31949	31950,31951	14	false
cache-item-family.bottomless_compost_bucket.22994	ITEM	22994	22995,22996,22997,22998	9	false
cache-item-family.bottomless_milk_bucket.33089	ITEM	33089	33090,33091,33092	9	false
cache-item-family.bounty_hunter_hat_tier_1.24338	ITEM	24338	24339	9	false
cache-item-family.bounty_hunter_hat_tier_2.24340	ITEM	24340	24341	9	false
cache-item-family.bounty_hunter_hat_tier_3.24342	ITEM	24342	24343	9	false
cache-item-family.bounty_hunter_hat_tier_4.24344	ITEM	24344	24345	9	false
cache-item-family.bounty_hunter_hat_tier_5.24346	ITEM	24346	24347	9	false
cache-item-family.bounty_hunter_hat_tier_6.24348	ITEM	24348	24349	9	false
cache-item-family.bounty_supply_crate_anglerfish.30619	ITEM	30619	30620,30621	14	false
cache-item-family.bounty_supply_crate_manta_ray.30616	ITEM	30616	30617,30618	14	false
cache-item-family.bow_of_faerdhinen.25865	ITEM	25865	25862,25863,25864,25866	9	false
cache-item-family.bow_of_faerdhinen_c.25867	ITEM	25867	25868,25869,25884,25885,25886,25887,25888,25889,25890,25891,25892,25893,25894,25895,25896,25897,27187,33021,33022,33165	9	false
cache-item-family.bow_string.1777	ITEM	1777	1778,16296	14	false
cache-item-family.bow_string_spool.31052	ITEM	31052	31053	9	false
cache-item-family.bow_sword.6818	ITEM	6818	17177	9	false
cache-item-family.bowl_of_hot_water.4456	ITEM	4456	4457,17680	9	false
cache-item-family.bowl_of_water.1921	ITEM	1921	1922,19105	9	true
cache-item-family.bowl_wig.20110	ITEM	20110	20111,20112	9	false
cache-item-family.box_trap.10008	ITEM	10008	15427	14	false
cache-item-family.boxing_gloves.7671	ITEM	7671	7673	9	false
cache-item-family.bracelet_mould.11065	ITEM	11065	11066,16367	9	false
cache-item-family.bracelet_of_clay.11074	ITEM	11074	11075,16256	9	false
cache-item-family.bracelet_of_ethereum.21816	ITEM	21816	21817,21818,21819	9	false
cache-item-family.bracelet_of_slaughter.21183	ITEM	21183	21184,21185	9	false
cache-item-family.braindeath_rum.7157	ITEM	7157	16937	9	false
cache-item-family.brandy.2021	ITEM	2021	2022,19081	9	false
cache-item-family.brass_key.983	ITEM	983	984,14614	14	true
cache-item-family.brass_necklace.1009	ITEM	1009	1010,14372	9	true
cache-item-family.brassica_halo.24204	ITEM	24204	24205,24206	9	false
cache-item-family.bravery_potion.739	ITEM	739	16805	9	false
cache-item-family.brawk_fish_3.20862	ITEM	20862		9	false
cache-item-family.bread_dough.2307	ITEM	2307	2308,18918	14	true
cache-item-family.briefcase.12335	ITEM	12335	12336,15908	9	false
cache-item-family.brimhaven_teleport.11745	ITEM	11745	16162	9	false
cache-item-family.brimstone_ring.22975	ITEM	22975	22976,22977	9	false
cache-item-family.brine_sabre.11037	ITEM	11037	11038,17135	9	false
cache-item-family.broad_arrowheads.11874	ITEM	11874	14009	14	false
cache-item-family.broad_arrows.4150	ITEM	4150	4160,14038	9	false
cache-item-family.broad_bolts.11875	ITEM	11875	14010	9	false
cache-item-family.broav.29519	ITEM	29519	29520	9	false
cache-item-family.broken_antler.31086	ITEM	31086	31087	14	false
cache-item-family.broken_bark_snelm.3335	ITEM	3335	3336,18859	9	false
cache-item-family.broken_dragon_hasta.22963	ITEM	22963	22964,22965	14	false
cache-item-family.broken_dragon_hook.31961	ITEM	31961	31962,31963	14	false
cache-item-family.broken_fishing_rod.6662	ITEM	6662		9	false
cache-item-family.broken_zombie_axe.28813	ITEM	28813	28814,28815	9	false
cache-item-family.broken_zombie_helmet.30324	ITEM	30324	30325,30326	14	false
cache-item-family.bronze_arrowtips.39	ITEM	39	18222	9	false
cache-item-family.bronze_battleaxe.1375	ITEM	1375	1376,14713	9	true
cache-item-family.bronze_bolts.877	ITEM	877	878,6061,6062,14509,15119,15127,15135	9	false
cache-item-family.bronze_bolts_unf.9375	ITEM	9375	15143	14	false
cache-item-family.bronze_boots.4119	ITEM	4119	4120,14190	9	false
cache-item-family.bronze_brutal.4773	ITEM	4773	16872	9	false
cache-item-family.bronze_cannonball.31906	ITEM	31906	31907	14	false
cache-item-family.bronze_chainshot_cannonball.31918	ITEM	31918	31919	14	false
cache-item-family.bronze_claws.3095	ITEM	3095	3115,14322	9	false
cache-item-family.bronze_coffin.25459	ITEM	25459	25460	9	false
cache-item-family.bronze_crossbow_u.9454	ITEM	9454	9455,15112	14	false
cache-item-family.bronze_dart.806	ITEM	806	812,5628,5635,14518,14526,14542,14550	9	false
cache-item-family.bronze_dart_tip.819	ITEM	819	14535	14	false
cache-item-family.bronze_defender.8844	ITEM	8844	14342,24136	9	false
cache-item-family.bronze_dragon_mask.12363	ITEM	12363	12364,15922	9	false
cache-item-family.bronze_feather.10177	ITEM	10177	18003	9	false
cache-item-family.bronze_felling_axe.28196	ITEM	28196	28197,28198	9	false
cache-item-family.bronze_fire_arrow.598	ITEM	598	942,14579,14580	13	false
cache-item-family.bronze_fist_flag.8968	ITEM	8968	16218	9	false
cache-item-family.bronze_gloves.7454	ITEM	7454	14361	9	false
cache-item-family.bronze_gold_trimmed_set_lg.12968	ITEM	12968	12969,13914	14	true
cache-item-family.bronze_gold_trimmed_set_sk.12970	ITEM	12970	12971,13915	14	true
cache-item-family.bronze_halberd.3190	ITEM	3190	3191,14620	9	false
cache-item-family.bronze_hasta.11367	ITEM	11367	11368,11379,11380,11381,11382,11383,11384,11385,15554,15560,15561,15562,15563	13	false
cache-item-family.bronze_incendiary_cannonball.31932	ITEM	31932	31933	14	false
cache-item-family.bronze_javelin.825	ITEM	825	831,5642,5648,14442,14448,14454,14460	9	false
cache-item-family.bronze_javelin_tips.19570	ITEM	19570	19571	14	false
cache-item-family.bronze_keel_parts.31999	ITEM	31999	32000,32001	14	false
cache-item-family.bronze_knife.864	ITEM	864	870,5654,5661,14472,14479,14486,14493	9	false
cache-item-family.bronze_limbs.9420	ITEM	9420	9421,15102	14	false
cache-item-family.bronze_locks.25442	ITEM	25442	25443,25444	14	false
cache-item-family.bronze_nails.4819	ITEM	4819	16854	9	false
cache-item-family.bronze_plateskirt.1087	ITEM	1087	1088,12209,12210,12219,12220,14179,15845,15850	9	true
cache-item-family.bronze_set_lg.12960	ITEM	12960	12961,13910	14	true
cache-item-family.bronze_set_sk.12962	ITEM	12962	12963,13911	14	true
cache-item-family.bronze_spear.1237	ITEM	1237	1238,1251,1252,3170,5704,5705,5718,5719,14768,14775,14782,14789,14796	13	false
cache-item-family.bronze_sq_shield.1173	ITEM	1173	1174,14115	9	true
cache-item-family.bronze_staff_of_collection.30597	ITEM	30597	30598	9	false
cache-item-family.bronze_thrownaxe.800	ITEM	800	14466	9	false
cache-item-family.bronze_trimmed_set_lg.12964	ITEM	12964	12965,13912	14	true
cache-item-family.bronze_trimmed_set_sk.12966	ITEM	12966	12967,13913	14	true
cache-item-family.bronze_warhammer.1337	ITEM	1337	1338,14722	9	true
cache-item-family.bronze_wire.1794	ITEM	1794	1795,5602,16305	14	false
cache-item-family.broodoo_shield.6235	ITEM	6235	6215,6216,6217,6218,6219,6220,6221,6222,6223,6224,6225,6226,6227,6228,6229,6230,6231,6232,6233,6234,6236,6237,6238,6239,6240,6241,6242,6243,6244,6245,6246,6247,6248,6249,6250,6251,6252,6253,6254,6255,6256,6257,6258,6259,6260,6261,6262,6263,6264,6265,6266,6267,6268,6269,6270,6271,6272,6273,6274,6275,6276,6277,6278,6279,6280,18755,18756,18757	11	false
cache-item-family.brown_apron.1757	ITEM	1757	1758,16286	9	true
cache-item-family.brown_candy.24980	ITEM	24980	25118	9	false
cache-item-family.brown_headband.2649	ITEM	2649	2650,15788	9	false
cache-item-family.brown_naval_shirt.8955	ITEM	8955	16205	9	false
cache-item-family.brown_navy_slacks.8994	ITEM	8994	16228	9	false
cache-item-family.brown_toy_horsey.2520	ITEM	2520	2521,14304	14	true
cache-item-family.brown_tricorn_hat.8962	ITEM	8962	16212	9	false
cache-item-family.bruise_blue_snelm.3333	ITEM	3333	3334,18858	9	false
cache-item-family.bruised_banana.27485	ITEM	27485	27486,27487	9	true
cache-item-family.brulee.7473	ITEM	7473	7474,7475,17417,17418,17419	9	false
cache-item-family.brulee_supreme.7476	ITEM	7476	17420	9	false
cache-item-family.bruma_herb.20698	ITEM	20698		9	false
cache-item-family.bruma_torch.20720	ITEM	20720	20721	9	false
cache-item-family.bruma_torch_off_hand.29777	ITEM	29777		9	false
cache-item-family.brutus_slippers.33099	ITEM	33099	33100	9	false
cache-item-family.bryophyta_s_essence.22372	ITEM	22372	22373	9	true
cache-item-family.bryophyta_s_staff.22370	ITEM	22370	22368,22369,22371	9	true
cache-item-family.buchu_seed.20909	ITEM	20909		9	false
cache-item-family.bucket_helm.19991	ITEM	19991	19992,19993,20059,20060,20061	9	false
cache-item-family.bucket_of_bloodwood_sap.33539	ITEM	33539	33540	9	false
cache-item-family.bucket_of_milk.1927	ITEM	1927	1928,19108	9	true
cache-item-family.bucket_of_rubble.7622	ITEM	7622	7623,7624,7625,7626,7627	9	false
cache-item-family.bucket_of_saltwater.4693	ITEM	4693	17009	9	false
cache-item-family.bucket_of_sand.1783	ITEM	1783	1784,16299	9	false
cache-item-family.bucket_of_sandworms.13430	ITEM	13430	18478	9	false
cache-item-family.bucket_of_sap.4687	ITEM	4687	4688,17005	9	false
cache-item-family.bucket_of_slime.4286	ITEM	4286	17785	9	false
cache-item-family.bucket_of_water.1929	ITEM	1929	1930,6712,9659,16387,19109	18	false
cache-item-family.bucket_of_wax.30	ITEM	30	31,16522	14	false
cache-item-family.bucket_of_wester_sand.21243	ITEM	21243		9	true
cache-item-family.builder_s_boots.10865	ITEM	10865	16584	9	false
cache-item-family.builder_s_shirt.10863	ITEM	10863	16582	9	false
cache-item-family.builder_s_trousers.10864	ITEM	10864	16583	9	false
cache-item-family.bull_bones.33115	ITEM	33115	33116	9	true
cache-item-family.bullet_arrow.22227	ITEM	22227		9	false
cache-item-family.bullseye_lantern.4548	ITEM	4548	4546,4547,4549,4550,18789,18790,18791	9	false
cache-item-family.bullseye_lantern_unf.4544	ITEM	4544	4545,18788	14	false
cache-item-family.burning_amulet.21175	ITEM	21175	21166,21167,21168,21169,21170,21171,21172,21173,21174,21176,21463	9	false
cache-item-family.burning_claw.29574	ITEM	29574	29575,29576	14	false
cache-item-family.burning_claws.29577	ITEM	29577	29578,29579,33200,33201	9	false
cache-item-family.burnt_bonemeal.4258	ITEM	4258	17793	9	false
cache-item-family.burnt_bones.528	ITEM	528	529,19268	9	true
cache-item-family.burnt_egg.7090	ITEM	7090	7091	9	false
cache-item-family.burnt_jogre_bonemeal.4259	ITEM	4259	17794	9	false
cache-item-family.burnt_jogre_bones.3127	ITEM	3127	17243	9	false
cache-item-family.burnt_mushroom.7094	ITEM	7094	7095	9	false
cache-item-family.burnt_onion.7092	ITEM	7092	7093	9	false
cache-item-family.burnt_page.20718	ITEM	20718	20719	14	false
cache-item-family.butler_s_tray.29912	ITEM	29912	29913,30156,30157,30158,30159	9	false
cache-item-family.butler_s_uniform.29914	ITEM	29914	29915,29916,29917,29918,29919	9	false
cache-item-family.butterfly_jar.10012	ITEM	10012	10013,15421	14	false
cache-item-family.butterfly_net.10010	ITEM	10010	10011,15420	9	false
cache-item-family.cabbage.1965	ITEM	1965	1966,1967,1968,18944,18945,22519,22520,22539,22540,24367,24368,24426,24427,24971,24972,24973,24974,24994,24995,24996,24997,26417,26418,26419,26420,26971,26972,26973,26974,26975,26976,26977,26978,26979,26980,27781,27782,28678,28679,28680,28681,29646,29647,30353,30354,30355,30356,31218,31219,31220,31221,33214,33215,33216,33217	9	true
cache-item-family.cabbage_round_shield.20272	ITEM	20272	20273,20274	9	false
cache-item-family.cabbage_seed.5324	ITEM	5324	13802	9	false
cache-item-family.cabbages_1.5460	ITEM	5460	5461,5462,5463,5464,5465,5466,5467,5468,5469,5470,5471,5472,5473,5474,5475,5476,5477,5478,5479,13752	10	false
cache-item-family.cactus_seed.5280	ITEM	5280	13779	9	false
cache-item-family.cactus_spine.6016	ITEM	6016	6017,13873	14	false
cache-item-family.cadantine.265	ITEM	265	266,15224	14	false
cache-item-family.cadantine_blood_potion_unf.22443	ITEM	22443	22444,22445	9	false
cache-item-family.cadantine_potion_unf.107	ITEM	107	108,19297	9	false
cache-item-family.cadantine_seed.5301	ITEM	5301	13775	9	false
cache-item-family.cadava_berries.753	ITEM	753	754,17740	14	true
cache-item-family.cadava_potion.756	ITEM	756	17742	9	true
cache-item-family.cadavaberry_seed.5102	ITEM	5102	13811	9	false
cache-item-family.caerula_berries.30937	ITEM	30937	30938	9	false
cache-item-family.cake.1891	ITEM	1891	1892,1893,1894,19099,19100,24549,24550	13	true
cache-item-family.cake_tin.1887	ITEM	1887	1888,19097	14	true
cache-item-family.calamity_breeches.26755	ITEM	26755	26756	9	false
cache-item-family.calamity_chest.26749	ITEM	26749	26750	9	false
cache-item-family.calcified_moth.29090	ITEM	29090	29091	14	false
cache-item-family.calcite.21543	ITEM	21543	21544	14	false
cache-item-family.calquat_fruit.5980	ITEM	5980	5981,13855	14	false
cache-item-family.calquat_keg.5769	ITEM	5769	5770,18886	14	false
cache-item-family.calquat_sapling.5503	ITEM	5503	12953,13849	14	false
cache-item-family.calquat_seedling.5487	ITEM	5487	13833	9	false
cache-item-family.calquat_seedling_w.5495	ITEM	5495	13841	9	false
cache-item-family.calquat_tree_seed.5290	ITEM	5290	13795	9	false
cache-item-family.camel_mask.7003	ITEM	7003	16579	9	false
cache-item-family.camel_mould.7001	ITEM	7001	16577	9	false
cache-item-family.camelot_teleport.8010	ITEM	8010	14887	9	false
cache-item-family.camo_bottoms.6655	ITEM	6655	6658,18065	18	true
cache-item-family.camo_helmet.6656	ITEM	6656	6659,18066	9	true
cache-item-family.camo_top.6654	ITEM	6654	6657,18064	18	true
cache-item-family.camphor_blowpipe.31575	ITEM	31575	31576,31577,31578	9	false
cache-item-family.camphor_crate.32364	ITEM	32364	32365	14	false
cache-item-family.camphor_hull_parts.32053	ITEM	32053	32054,32055	14	false
cache-item-family.camphor_logs.32904	ITEM	32904	32905,32906	9	false
cache-item-family.camphor_plank.31432	ITEM	31432	31433,31434	9	false
cache-item-family.camphor_pyre_logs.31383	ITEM	31383	31384,31385	9	false
cache-item-family.camphor_repair_kit.31976	ITEM	31976	31977,31978,32304	14	false
cache-item-family.camphor_sapling.31502	ITEM	31502	31503,31504	14	false
cache-item-family.camphor_seed.31547	ITEM	31547	31548	9	false
cache-item-family.camphor_seedling.31490	ITEM	31490	31491	9	false
cache-item-family.camphor_seedling_w.31496	ITEM	31496	31497	9	false
cache-item-family.camulet.6707	ITEM	6707	18812	9	false
cache-item-family.candle.36	ITEM	36	37,16526	14	false
cache-item-family.candle_lantern.4529	ITEM	4529	4530,4531,4532,4533,4534,18779,18780,18781,18782	9	false
cache-item-family.cannon_barrel.7145	ITEM	7145		9	false
cache-item-family.cannon_barrels.10	ITEM	10	11,17859,26524,26525	9	false
cache-item-family.cannon_base.6	ITEM	6	7,17857,26520,26521	9	false
cache-item-family.cannon_furnace.12	ITEM	12	13,17860	14	false
cache-item-family.cannon_furnace.26526	ITEM	26526	26527	9	false
cache-item-family.cannon_stand.26522	ITEM	26522	26523	9	false
cache-item-family.cannon_stand.8	ITEM	8	9,17858	14	false
cache-item-family.cap_and_goggles.9946	ITEM	9946	17299	9	false
cache-item-family.cape_of_legends.1052	ITEM	1052	8284,14396	9	false
cache-item-family.cape_of_skulls.23351	ITEM	23351	23352,23353	9	false
cache-item-family.captain_s_log.31985	ITEM	31985	31986,31987	9	false
cache-item-family.carnillean_armour.2405	ITEM	2405	17425	9	false
cache-item-family.carpenter_s_boots.24878	ITEM	24878	24879	9	false
cache-item-family.carpenter_s_helmet.24872	ITEM	24872	24873	9	false
cache-item-family.carpenter_s_shirt.24874	ITEM	24874	24875	9	false
cache-item-family.carpenter_s_trousers.24876	ITEM	24876	24877	9	false
cache-item-family.carrallanger_teleport.12776	ITEM	12776	15081	9	false
cache-item-family.carved_oak_bench.8110	ITEM	8566	8110,8567,14976	14	false
cache-item-family.carved_oak_magic_wardrobe.9853	ITEM	9853	9878,15018	14	false
cache-item-family.carved_oak_table.8117	ITEM	8552	8117,8553,14969	14	false
cache-item-family.carved_teak_bench.8112	ITEM	8570	8112,8571,14978	14	false
cache-item-family.carved_teak_magic_wardrobe.9855	ITEM	9855	9880,15020	14	false
cache-item-family.carved_teak_table.8119	ITEM	8556	8119,8557,14971	14	false
cache-item-family.casket.405	ITEM	405	406,7956,15476,16657,25590,25591	14	false
cache-item-family.castle_wars_bracelet_3.11079	ITEM	11079	11080,11081,11082,11083,11084,16258,21447	10	true
cache-item-family.castlewars_brew.25162	ITEM	25162	25159,25160,25161	9	true
cache-item-family.castlewars_cloak.4514	ITEM	4514	4516,15640,15642	9	true
cache-item-family.castlewars_hood.4513	ITEM	4513	4515,15639,15641	9	true
cache-item-family.cat_antipoison.6766	ITEM	6766	17189	9	false
cache-item-family.cat_mask.12361	ITEM	12361	12362,15921	9	false
cache-item-family.cat_training_medal.1575	ITEM	1575	1576,16517	9	false
cache-item-family.catalytic_talisman.26798	ITEM	26798	26799,26800	9	false
cache-item-family.catalytic_tiara.26801	ITEM	26801	26802,26803	9	false
cache-item-family.catherby_teleport.24961	ITEM	24961	24962	9	false
cache-item-family.catspeak_amulet.4677	ITEM	4677	17002	9	false
cache-item-family.catspeak_amulet_e.6544	ITEM	6544	17040	9	false
cache-item-family.cattleprod.278	ITEM	278	16879	9	false
cache-item-family.cavalier_mask.11280	ITEM	11280	11281,18767	9	false
cache-item-family.cave_eel.5003	ITEM	5003	5007,15482	9	false
cache-item-family.cave_goblin_wire.10981	ITEM	10981	10982,18423	14	false
cache-item-family.cave_kraken.3272	ITEM	3272		9	true
cache-item-family.cave_nightshade.2398	ITEM	2398	17095	9	false
cache-item-family.caviar.11326	ITEM	11326	11327,15490	9	false
cache-item-family.celastrus_bark.22935	ITEM	22935	22936,22937	9	false
cache-item-family.celastrus_sapling.22856	ITEM	22856	22857,22858	14	false
cache-item-family.celastrus_seed.22869	ITEM	22869	22870	9	false
cache-item-family.celastrus_seedling.22848	ITEM	22848	22849	9	false
cache-item-family.celastrus_seedling_w.22852	ITEM	22852	22853	9	false
cache-item-family.celestial_ring.25541	ITEM	25541	25539,25540,25542	9	false
cache-item-family.celestial_signet.25545	ITEM	25545	25543,25544,25546	9	false
cache-item-family.cemetery_teleport.19627	ITEM	19627	19628	9	false
cache-item-family.centurion_cuirass.26721	ITEM	26721	26722	9	false
cache-item-family.chain.22414	ITEM	32886	22414,32887,32888	14	false
cache-item-family.champion_s_cape.21439	ITEM	21439	21440	9	false
cache-item-family.champion_s_lamp.22320	ITEM	22320		9	false
cache-item-family.chaos_gauntlets.777	ITEM	777	17653	9	false
cache-item-family.chaos_talisman.1452	ITEM	1452	1453,19233	9	false
cache-item-family.chaos_tiara.5543	ITEM	5543	5544,19257	9	false
cache-item-family.charcoal.973	ITEM	973	974,18037	14	true
cache-item-family.charge_dragonstone_jewellery_scroll.20238	ITEM	20238	20239	14	false
cache-item-family.chasm_teleport_scroll.30775	ITEM	30775	30776	9	false
cache-item-family.cheese.1985	ITEM	1985	1986,18955	9	true
cache-item-family.cheese_tom_batta.2259	ITEM	2259	2260,9535,9536,18985,19059	9	false
cache-item-family.chef_s_delight.5755	ITEM	5755	5756,5827,5828,5829,5830,5831,5832,5833,5834,7754,7755,8244,8526,8527,14963,18894,19165	11	false
cache-item-family.chef_s_delight_m.5757	ITEM	5757	5758,5907,5908,5909,5910,5911,5912,5913,5914,18904,19166	13	false
cache-item-family.chef_s_hat.1949	ITEM	1949	1950,18940	9	true
cache-item-family.chewed_bones.11338	ITEM	11338	15522	9	false
cache-item-family.chichilihui_ros.29963	ITEM	29963	29964,29965	9	false
cache-item-family.chicken.5609	ITEM	5609		9	false
cache-item-family.chilhuac_red.29947	ITEM	29947	29948,29949	9	false
cache-item-family.chilli_con_carne.7062	ITEM	7062	7063,19205	9	false
cache-item-family.chilli_potato.7054	ITEM	7054	7055,19201	9	false
cache-item-family.chinchompa.9976	ITEM	9976	10033,15363	9	false
cache-item-family.choc_ice.6794	ITEM	6794	6795,17312	9	false
cache-item-family.choc_saturday.2074	ITEM	2074	2075,9518,9519,18977,19074	9	false
cache-item-family.chocchip_crunchies.2209	ITEM	2209	2210,9544,9545,18989,19054	9	false
cache-item-family.chocolate_bar.1973	ITEM	1973	1974,18948	9	true
cache-item-family.chocolate_bomb.2185	ITEM	2185	2186,9553,9554,18993,19026	9	false
cache-item-family.chocolate_cake.1897	ITEM	1897	1898,1899,1900,19102,19103	13	true
cache-item-family.chocolate_dust.1975	ITEM	1975	1976,18949	14	true
cache-item-family.chocolate_slice.1901	ITEM	1901	1902,19104	9	true
cache-item-family.chocolate_strawberry.11910	ITEM	11910	11911	9	true
cache-item-family.chocolatey_milk.1977	ITEM	1977	18950	9	false
cache-item-family.chompy_bird_hat.2978	ITEM	2978	2979,2980,2981,2982,2983,2984,2985,2986,2987,2988,2989,2990,2991,2992,2993,2994,2995,17957,17958,17959,17960,17961,17962,17963,17964,17965,17966,17967,17968,17969,17970,17971,17972,17973,17974	9	false
cache-item-family.chopped_garlic.7074	ITEM	7074	7075,19211	14	false
cache-item-family.chopped_onion.1871	ITEM	1871	1872,19121	9	false
cache-item-family.chopped_tomato.1869	ITEM	1869	1870,19120	9	false
cache-item-family.chopped_tuna.7086	ITEM	7086	7087,19217	9	false
cache-item-family.chopped_ugthanki.1873	ITEM	1873	1874,19122	14	false
cache-item-family.chromium_ingot.28276	ITEM	28276	28277,28278	14	false
cache-item-family.chronicle.13660	ITEM	13660	14403	9	true
cache-item-family.chuck_up_s_stew.31869	ITEM	31869	31870	9	false
cache-item-family.chugging_barrel.30000	ITEM	30000	30001	9	false
cache-item-family.chugging_barrel_disassembled.30002	ITEM	30002	30003,30004	9	false
cache-item-family.cider.5763	ITEM	5763	5764,5843,5844,5845,5846,5847,5848,5849,5850,7752,7753,18896,19169	11	false
cache-item-family.cider_barrel.8240	ITEM	8240	8518,8519,14959	9	false
cache-item-family.cider_m4.5929	ITEM	5929	5923,5924,5925,5926,5927,5928,5930,18906	13	false
cache-item-family.circlet_of_water.26969	ITEM	26969	26967,26968,26970	9	false
cache-item-family.circular_hide.6169	ITEM	6169	6170,18374	9	false
cache-item-family.citizen_shoes.9644	ITEM	9644	9645,16673	9	false
cache-item-family.citizen_top.9640	ITEM	9640	9641,16671	9	false
cache-item-family.citizen_trousers.9642	ITEM	9642	9643,16672	9	false
cache-item-family.civitas_illa_fortis_teleport.28824	ITEM	28824	28825	9	false
cache-item-family.clan_cloak.25712	ITEM	25712	25713,25714,25715,25716,25717,25718,25719,25720	9	true
cache-item-family.clan_vexillum.25721	ITEM	25721	25722,25723,25724,25725,25726,25727,25728,25729	9	true
cache-item-family.claws_of_callisto.27667	ITEM	27667	27668,27669	14	false
cache-item-family.clay.434	ITEM	434	435,16232	9	true
cache-item-family.clay_attack_stone.8153	ITEM	8153		9	true
cache-item-family.clay_fireplace.8325	ITEM	8325		9	true
cache-item-family.clay_head.25145	ITEM	25145		9	true
cache-item-family.clean_full_helm.26290	ITEM	26290	26291	9	true
cache-item-family.clean_necklace.11195	ITEM	11195	18819	9	false
cache-item-family.clean_platebody.26286	ITEM	26286	26287	9	true
cache-item-family.clean_platelegs.26288	ITEM	26288	26289	9	true
cache-item-family.cleaning_cloth.3188	ITEM	3188	3189,17270	14	false
cache-item-family.cleaver.7451	ITEM	7451	7452,14359	9	false
cache-item-family.climbing_boots.3105	ITEM	3105	3106,16949,20578,23413,23414,23415	9	false
cache-item-family.climbing_rope.4047	ITEM	4047	4048	9	true
cache-item-family.cloak_of_ruin.27438	ITEM	27438	27439	9	true
cache-item-family.clockwork.8792	ITEM	8792	8793,14946	14	false
cache-item-family.clockwork_suit.10595	ITEM	10595	10596,16838,16839	9	false
cache-item-family.clothes_pouch.28163	ITEM	28163	28164,28165	14	false
cache-item-family.clothes_pouch_blueprint.28166	ITEM	28166	28167,28168	14	false
cache-item-family.clue_box.12789	ITEM	12789	12790,15093	14	false
cache-item-family.clue_hunter_boots.19695	ITEM	19695	19696	9	false
cache-item-family.clue_hunter_cloak.19697	ITEM	19697	19698	9	false
cache-item-family.clue_hunter_garb.19689	ITEM	19689	19690	9	false
cache-item-family.clue_hunter_gloves.19691	ITEM	19691	19692	9	false
cache-item-family.clue_hunter_trousers.19693	ITEM	19693	19694	9	false
cache-item-family.clue_scroll.713	ITEM	713	23814,23815,23816,23817	9	true
cache-item-family.clueless_scroll.20249	ITEM	20249	20250	9	false
cache-item-family.coal_bag.764	ITEM	764	12019,16249,25627	9	false
cache-item-family.coated_frogs_legs.10963	ITEM	10963	18407	9	false
cache-item-family.cocktail_glass.2026	ITEM	2026	2027,9487,9488,9489,9490,18970,18971,19063,33831,33832	14	false
cache-item-family.cocktail_guide.2023	ITEM	2023	2024,19062	14	false
cache-item-family.cocktail_shaker.2025	ITEM	2025	9565,19013	14	false
cache-item-family.coconut.5974	ITEM	5974	5975,13852	14	false
cache-item-family.coconut_milk.5935	ITEM	5935	6124,15234	9	false
cache-item-family.cod.339	ITEM	339	340,15452	9	false
cache-item-family.coif.1169	ITEM	1169	1170,14152	9	true
cache-item-family.coins.995	ITEM	995	6964,8890,13204,14440,18028	18	true
cache-item-family.collection_bag.10521	ITEM	10521	10522,10523,10524,10525	9	false
cache-item-family.collection_log.22711	ITEM	22711	22712,30579,30580,30581,30582,30583,30584,30585,30586,30587,30588,30589,30590,30591,30592,30593,30594,30595,30596	9	true
cache-item-family.collector_icon.10557	ITEM	10557	22312,22313,22314,22315,22337,22338,22339,22724,23471,23472,23473,23474,23475,23476,23477	9	true
cache-item-family.colossal_blade.27021	ITEM	27021	27022	9	false
cache-item-family.colossal_pouch.26784	ITEM	26784	26785,26786,26787,26906,26907	9	false
cache-item-family.colossal_wyrm_teleport_scroll.30040	ITEM	30040	30041	9	false
cache-item-family.colourful_cape.29491	ITEM	29491	29492,29493,29494,29495,29496,29497,29498,29499,29500,29501,29502,29503,29504,29505,29506	9	true
cache-item-family.colourful_crown_shirt.29509	ITEM	29509	29510,29511,29512,29513,29514,29515,29516	9	true
cache-item-family.colourful_jumper.28118	ITEM	28118	28119,28120,28121,28122,28123,28124,28125	9	true
cache-item-family.colourful_scarf.28108	ITEM	28108	28109,28110,28111,28112,28113,28114,28115	9	true
cache-item-family.combat_bracelet.11126	ITEM	11126	11118,11119,11120,11121,11122,11123,11124,11125,11127,11972,11973,11974,11975,16266,21451,21452	9	false
cache-item-family.combat_lamp.10586	ITEM	10586	16728	9	false
cache-item-family.combat_mix.11447	ITEM	11447	11445,11446,11448,15499,19396	9	false
cache-item-family.combat_potion.9745	ITEM	9745	9739,9740,9741,9742,9743,9744,9746,15281,19386,19387,19388,26150,26151,26152,26153	9	false
cache-item-family.combat_potion_set.13064	ITEM	13064	13065,13962	14	false
cache-item-family.common_kebbit_fur.10121	ITEM	10121	10122,15407	14	false
cache-item-family.common_tench.22829	ITEM	22829	22830,22831	14	false
cache-item-family.comp_ogre_bow.4827	ITEM	4827	4828,16861	9	false
cache-item-family.compost.6032	ITEM	6032	6033,13742	9	false
cache-item-family.compost_potion.6476	ITEM	6476	6470,6471,6472,6473,6474,6475,6477,17758,19470,19471,19472	9	false
cache-item-family.condensed_gold.26266	ITEM	26266	26267,26268	14	false
cache-item-family.conductor_mould.4200	ITEM	4200	17579	9	false
cache-item-family.confliction_gauntlets.31106	ITEM	31106	31107,31108	9	false
cache-item-family.consecration_seed.4205	ITEM	4205	4206,16894,16895	9	false
cache-item-family.construct_cape.9789	ITEM	9789	9790,14252,14253	9	false
cache-item-family.construct_hood.9791	ITEM	9791	14254	9	false
cache-item-family.contract_of_bloodied_blows.30816	ITEM	30816	30817,30818	14	false
cache-item-family.contract_of_catalyst_acquisition.30831	ITEM	30831	30832,30833	14	false
cache-item-family.contract_of_divine_severance.30819	ITEM	30819	30820,30821	14	false
cache-item-family.contract_of_familiar_acquisition.30840	ITEM	30840	30841,30842	14	false
cache-item-family.contract_of_forfeit_breath.30822	ITEM	30822	30823,30824	14	false
cache-item-family.contract_of_glyphic_attenuation.30810	ITEM	30810	30811,30812	14	false
cache-item-family.contract_of_harmony_acquisition.30837	ITEM	30837	30838,30839	14	false
cache-item-family.contract_of_oathplate_acquisition.30825	ITEM	30825	30826,30827	14	false
cache-item-family.contract_of_sensory_clouding.30813	ITEM	30813	30814,30815	14	false
cache-item-family.contract_of_shard_acquisition.30828	ITEM	30828	30829,30830	14	false
cache-item-family.contract_of_worm_acquisition.30834	ITEM	30834	30835,30836	14	false
cache-item-family.cooked_barb_tailed_kebbit.29131	ITEM	29131	29132,29133	9	false
cache-item-family.cooked_bream.29217	ITEM	29217		9	false
cache-item-family.cooked_chompy.2878	ITEM	2878	2879,7228,7229,17955,18914	18	false
cache-item-family.cooked_dashing_kebbit.29134	ITEM	29134	29135,29136	9	false
cache-item-family.cooked_fishcake.7530	ITEM	7530	17390	9	false
cache-item-family.cooked_giant_crab_meat.7521	ITEM	7521	7522,7523,7524,7525,7526,17382,17383,17384,17385,17386	9	false
cache-item-family.cooked_graahk.29149	ITEM	29149	29150,29151	9	false
cache-item-family.cooked_jubbly.7568	ITEM	7568	7569,17408	9	false
cache-item-family.cooked_karambwan.3144	ITEM	3144	3145,3147,17251,23533,23534	18	false
cache-item-family.cooked_kyatt.29152	ITEM	29152	29153,29154	9	false
cache-item-family.cooked_larupia.29146	ITEM	29146	29147,29148	9	false
cache-item-family.cooked_moonlight_antelope.29143	ITEM	29143	29144,29145	9	false
cache-item-family.cooked_moss_lizard.29077	ITEM	29077		9	false
cache-item-family.cooked_mystery_meat.24785	ITEM	24785	24786,24787	9	false
cache-item-family.cooked_oomlie_wrap.2343	ITEM	2343	2344,18960	9	false
cache-item-family.cooked_pyre_fox.29137	ITEM	29137	29138,29139	9	false
cache-item-family.cooked_rabbit.3228	ITEM	3228	3229,16414	9	false
cache-item-family.cooked_slimy_eel.3381	ITEM	3381	3382,18881	9	false
cache-item-family.cooked_sunlight_antelope.29140	ITEM	29140	29141,29142	9	false
cache-item-family.cooked_sweetcorn.5988	ITEM	5988	5989,13859	9	false
cache-item-family.cooked_t_bone_steak.33109	ITEM	33109	33110,33111	9	true
cache-item-family.cooked_wild_kebbit.29128	ITEM	29128	29129,29130	9	false
cache-item-family.cooking_apple.1955	ITEM	1955	1956,18935	14	true
cache-item-family.cooking_cape.9801	ITEM	9801	9802,14264,14265	9	false
cache-item-family.cooking_gauntlets.775	ITEM	775	17651	9	false
cache-item-family.cooking_hood.9803	ITEM	9803	14266	9	false
cache-item-family.cormorant_s_glove.22816	ITEM	22816	22817	9	false
cache-item-family.cornflour.7463	ITEM	7466	7463,7467,17409,17412	14	true
cache-item-family.cornflour_mixture.7470	ITEM	7470	17414	9	false
cache-item-family.corpse_of_woman.4488	ITEM	4488	17737	9	false
cache-item-family.corrupted_helm.20838	ITEM	20838	20839	9	false
cache-item-family.corrupted_kiteshield.20846	ITEM	20846	20847	9	false
cache-item-family.corrupted_morrigan_s_coif_bh.27847	ITEM	27847	27979,27980,27981	9	false
cache-item-family.corrupted_morrigan_s_leather_body_bh.27848	ITEM	27848	27982,27983,27984	9	false
cache-item-family.corrupted_morrigan_s_leather_chaps_bh.27849	ITEM	27849	27985,27986,27987	9	false
cache-item-family.corrupted_platebody.20840	ITEM	20840	20841	9	false
cache-item-family.corrupted_platelegs.20842	ITEM	20842	20843	9	false
cache-item-family.corrupted_plateskirt.20844	ITEM	20844	20845	9	false
cache-item-family.corrupted_statius_s_full_helm_bh.27844	ITEM	27844	27970,27971,27972	9	false
cache-item-family.corrupted_statius_s_platebody_bh.27845	ITEM	27845	27973,27974,27975	9	false
cache-item-family.corrupted_statius_s_platelegs_bh.27846	ITEM	27846	27976,27977,27978	9	false
cache-item-family.corrupted_vesta_s_chainbody_bh.27842	ITEM	27842	27964,27965,27966	9	false
cache-item-family.corrupted_vesta_s_plateskirt_bh.27843	ITEM	27843	27967,27968,27969	9	false
cache-item-family.corrupted_zuriel_s_hood_bh.27850	ITEM	27850	27988,27989,27990	9	false
cache-item-family.corrupted_zuriel_s_robe_bottom_bh.27852	ITEM	27852	27994,27995,27996	9	false
cache-item-family.corrupted_zuriel_s_robe_top_bh.27851	ITEM	27851	27991,27992,27993	9	false
cache-item-family.cosmic_talisman.1454	ITEM	1454	1455,19234	9	false
cache-item-family.cosmic_tiara.5539	ITEM	5539	5540,19255	9	false
cache-item-family.costume_needle.29920	ITEM	29920	29921	9	false
cache-item-family.cotton_boll.31460	ITEM	31460	31461,31462	14	false
cache-item-family.cotton_seed.31545	ITEM	31545	31546	9	false
cache-item-family.cotton_trawling_net.32223	ITEM	32223		9	true
cache-item-family.cotton_yarn.31469	ITEM	31469	31470,31471	14	false
cache-item-family.cow_slippers.33093	ITEM	33093	33094,33095,33096,33097,33098	9	false
cache-item-family.cowbell_amulet.33103	ITEM	33103	33104,33105	9	true
cache-item-family.cowbells.10593	ITEM	10593	16836	9	false
cache-item-family.cowhide.1739	ITEM	1739	1740,16274	9	true
cache-item-family.crab_claw.7537	ITEM	7537	17396	9	false
cache-item-family.crab_helmet.7539	ITEM	7539	17398	9	false
cache-item-family.crab_paste.31708	ITEM	31708	31709	14	false
cache-item-family.crabclaw_hook.8929	ITEM	8929	18766	9	false
cache-item-family.crafting_cape.9780	ITEM	9780	9781,14243,14244	9	false
cache-item-family.crafting_hood.9782	ITEM	9782	14245	9	false
cache-item-family.crate_of_adamantite_ore.32435	ITEM	32435	32550,32734	9	false
cache-item-family.crate_of_alpaca_wool.32532	ITEM	32532	32952	9	false
cache-item-family.crate_of_arrowtips.32448	ITEM	32448	32482,32519,32613,32693,32764,32924,32947	9	false
cache-item-family.crate_of_barley.32548	ITEM	32548		9	false
cache-item-family.crate_of_camphor_logs.32467	ITEM	32467	32533,32677	9	false
cache-item-family.crate_of_crystal_seeds.32437	ITEM	32437	32450,32581	9	false
cache-item-family.crate_of_dragonhide.32795	ITEM	32795		9	false
cache-item-family.crate_of_feathers.32484	ITEM	32484		9	false
cache-item-family.crate_of_flax.32565	ITEM	32565	32608,32656,32680	9	false
cache-item-family.crate_of_gold_bars.32480	ITEM	32480	32769	9	false
cache-item-family.crate_of_gold_ore.32453	ITEM	32453	32489	9	false
cache-item-family.crate_of_granite.32537	ITEM	32537	32726,32770,32796	9	false
cache-item-family.crate_of_herbs.32621	ITEM	32621	32700,32714,32727,32797	9	false
cache-item-family.crate_of_iron_bars.32471	ITEM	32471		9	false
cache-item-family.crate_of_iron_ore.32553	ITEM	32553		9	false
cache-item-family.crate_of_lead_ore.32442	ITEM	32442	32561,32740	9	false
cache-item-family.crate_of_leather.32785	ITEM	32785		9	false
cache-item-family.crate_of_logs.32539	ITEM	32539	32566,32585,32596,32661,32684,32715,32798,32949,32951,32956,32977,32986	9	false
cache-item-family.crate_of_mahogany_logs.32541	ITEM	32541	32597,32604,32644	9	false
cache-item-family.crate_of_mithril_ore.32701	ITEM	32701		9	false
cache-item-family.crate_of_nickel_ore.32444	ITEM	32444	32507,32663,32787	9	false
cache-item-family.crate_of_ores.32509	ITEM	32509	32573,32664,32702,32716,32729,32800,32985,33000	9	false
cache-item-family.crate_of_pickaxes.32543	ITEM	32543		9	false
cache-item-family.crate_of_planks.32544	ITEM	32544	32556,32624,32645,32743,32755,32950,32953,32955,32957,32966,32971,32992	9	false
cache-item-family.crate_of_redwood_logs.32744	ITEM	32744		9	false
cache-item-family.crate_of_rope.32562	ITEM	32562	32745,32791	9	false
cache-item-family.crate_of_sand.32461	ITEM	32461	32549,32605,32940	9	false
cache-item-family.crate_of_sandstone.32475	ITEM	32475	32792	9	false
cache-item-family.crate_of_seeds.32496	ITEM	32496	32513,32648,32667,32689,32704,32804,32981	9	false
cache-item-family.crate_of_silver_ore.32476	ITEM	32476	32498,32669	9	false
cache-item-family.crate_of_steel_bars.32777	ITEM	32777		9	false
cache-item-family.crate_of_suqah_hides.32545	ITEM	32545		9	false
cache-item-family.crate_of_teak_logs.32671	ITEM	32671	32747,32993	9	false
cache-item-family.crate_of_warhammers.32546	ITEM	32546	32558,32762	9	false
cache-item-family.crate_with_zanik.8871	ITEM	8871		9	false
cache-item-family.craw_s_bow.22550	ITEM	22550	22551	9	false
cache-item-family.craw_s_bow_u.22547	ITEM	22547	22548,22549	9	false
cache-item-family.cream_boots.632	ITEM	632	633,14051	9	false
cache-item-family.cream_hat.662	ITEM	662	663,14066	9	false
cache-item-family.cream_robe_bottoms.652	ITEM	652	653,14061	9	false
cache-item-family.cream_robe_top.642	ITEM	642	643,14056	9	false
cache-item-family.crier_bell.20243	ITEM	20243	20244,20245	9	false
cache-item-family.crier_coat.20240	ITEM	20240	20241,20242	9	false
cache-item-family.crier_hat.12319	ITEM	12319	12320,15900	9	false
cache-item-family.criminal_s_thread.1808	ITEM	1808	1809,1810,17022,17023,17024	9	false
cache-item-family.crimson_kisten.33631	ITEM	33631	33632,33633	9	false
cache-item-family.crone_made_amulet.10500	ITEM	10500	17110	9	false
cache-item-family.crossbow.837	ITEM	837	838,14500	9	true
cache-item-family.crossbow_string.9438	ITEM	9438	9439,15111	14	false
cache-item-family.crude_chair.8496	ITEM	8496	8497,14948	14	false
cache-item-family.crunchy_tray.2165	ITEM	2165	9586,19034	14	false
cache-item-family.crushed_infernal_shale.30848	ITEM	30848	30849	14	false
cache-item-family.crushed_nest.6693	ITEM	6693	6694,13748	14	false
cache-item-family.crushed_superior_dragon_bones.21975	ITEM	21975	21976,21977	9	false
cache-item-family.crystal_armour_seed.23956	ITEM	23956	23957,23958	9	false
cache-item-family.crystal_axe.23673	ITEM	23673	23674,23675,23676,23862	9	false
cache-item-family.crystal_ball.8351	ITEM	8624	8351,8625,15005	14	false
cache-item-family.crystal_body.23975	ITEM	23975	23976,23977,23978,27697,27698,27699,27700,27709,27710,27711,27712,27721,27722,27723,27724,27733,27734,27735,27736,27745,27746,27747,27748,27757,27758,27759,27760,27769,27770,27771,27772,33023,33024,33025,33026,33166,33167	9	false
cache-item-family.crystal_bow.23983	ITEM	23983	23984,23985,23986,24123,24124	9	false
cache-item-family.crystal_chime.28577	ITEM	28577	28578	9	false
cache-item-family.crystal_chime_seed.28575	ITEM	28575	28576	9	false
cache-item-family.crystal_crown.23911	ITEM	23911	23912,23913,23914,23915,23916,23917,23918,23919,23920,23921,23922,23923,23924,23925,23926	9	false
cache-item-family.crystal_felling_axe.28220	ITEM	28220	28222,28223,28225	9	false
cache-item-family.crystal_glider_s_hat.31760	ITEM	31760	31761	9	false
cache-item-family.crystal_glider_s_jacket.31762	ITEM	31762	31763	9	false
cache-item-family.crystal_glider_s_shoes.31766	ITEM	31766	31767	9	false
cache-item-family.crystal_glider_s_trousers.31764	ITEM	31764	31765	9	false
cache-item-family.crystal_grail.24000	ITEM	24000	24001,24002	9	false
cache-item-family.crystal_halberd.23987	ITEM	23987	23988,23989,23990,24125,24126	9	false
cache-item-family.crystal_harpoon.23762	ITEM	23762	23763,23764,23765,23864	9	false
cache-item-family.crystal_helm.23971	ITEM	23971	23972,23973,23974,27705,27706,27707,27708,27717,27718,27719,27720,27729,27730,27731,27732,27741,27742,27743,27744,27753,27754,27755,27756,27765,27766,27767,27768,27777,27778,27779,27780,33031,33032,33033,33034,33170,33171	9	false
cache-item-family.crystal_key.989	ITEM	989	990,14617	14	false
cache-item-family.crystal_legs.23979	ITEM	23979	23980,23981,23982,27701,27702,27703,27704,27713,27714,27715,27716,27725,27726,27727,27728,27737,27738,27739,27740,27749,27750,27751,27752,27761,27762,27763,27764,27773,27774,27775,27776,33027,33028,33029,33030,33168,33169	9	false
cache-item-family.crystal_of_power.8353	ITEM	8628	8353,8629,15007	14	false
cache-item-family.crystal_paddlefish.25960	ITEM	25960		9	false
cache-item-family.crystal_pendant.3208	ITEM	3208	16399	9	false
cache-item-family.crystal_pickaxe.23680	ITEM	23680	23681,23682,23683,23863	9	false
cache-item-family.crystal_saw.9625	ITEM	9625	17448	9	false
cache-item-family.crystal_saw_seed.9626	ITEM	9626	17449	9	false
cache-item-family.crystal_seed.23808	ITEM	23808	23809,23810,23811	9	false
cache-item-family.crystal_seedling.23655	ITEM	23655	23656	9	false
cache-item-family.crystal_seedling_w.23657	ITEM	23657	23658	9	false
cache-item-family.crystal_shield.23991	ITEM	23991	23992,23993,23994,24127,24128	9	false
cache-item-family.crystal_teleport_seed.6103	ITEM	6103	21467	9	false
cache-item-family.crystal_tool_seed.23953	ITEM	23953	23954,23955	9	false
cache-item-family.crystal_weapon_seed.4207	ITEM	4207	4208,16896	9	false
cache-item-family.crystallised_harpoonfish.25566	ITEM	25566		9	false
cache-item-family.cup_of_hot_water.4460	ITEM	4460	4461,17682	9	false
cache-item-family.cup_of_tea.712	ITEM	1978	712,1979,4242,4243,4245,4246,4838,7730,7731,7733,7734,7736,7737,16653,16868,17763,17764,17766,17767,18951,30985,30986,30987,30988	18	false
cache-item-family.cup_of_water.4458	ITEM	4458	4459,17681	9	false
cache-item-family.cupric_ore_powder.5584	ITEM	5584		9	false
cache-item-family.cupronickel_bar.32892	ITEM	32892	32893,32894	9	false
cache-item-family.cured_yak_hide.10820	ITEM	10820	10821,17664	9	false
cache-item-family.curry.2011	ITEM	2011	2012,19197	9	false
cache-item-family.curry_leaf.5970	ITEM	5970	5971,13850	14	false
cache-item-family.curry_sapling.5499	ITEM	5499	12949,13845	14	false
cache-item-family.curry_seedling.5483	ITEM	5483	13829	9	false
cache-item-family.curry_seedling_w.5491	ITEM	5491	13837	9	false
cache-item-family.curry_tree_seed.5286	ITEM	5286	13791	9	false
cache-item-family.cursed_amulet_of_magic.29486	ITEM	29486	29487,29488	9	true
cache-item-family.cursed_goblin_bow.11708	ITEM	11708	18125	9	true
cache-item-family.cursed_goblin_hammer.11707	ITEM	11707	18124	9	true
cache-item-family.cursed_goblin_staff.11709	ITEM	11709	18126	9	true
cache-item-family.curved_bone.10977	ITEM	10977	18420	9	false
cache-item-family.cutthroat_flag.8966	ITEM	8966	16216	9	false
cache-item-family.cyclops_head.19915	ITEM	19915	19916,19917	9	false
cache-item-family.daddy_s_special_water_s_special_water.31865	ITEM	31865	31866	9	false
cache-item-family.daeyalt_essence.24704	ITEM	24704	24705	9	false
cache-item-family.daeyalt_ore.9632	ITEM	9632	16666,33777	9	false
cache-item-family.dagannoth_bones.6729	ITEM	6729	6730,18400,29376,29377	9	false
cache-item-family.dagannoth_hide.6155	ITEM	6155	6156,18367	9	false
cache-item-family.dagannoth_king_bonemeal.6728	ITEM	6728	17813	9	false
cache-item-family.dagon_hai_hat.24288	ITEM	24288	24289,24290,27123,27124	9	false
cache-item-family.dagon_hai_robe_bottom.24294	ITEM	24294	24295,24296,27127,27128	9	false
cache-item-family.dagon_hai_robe_top.24291	ITEM	24291	24292,24293,27125,27126	9	false
cache-item-family.dagon_hai_robes_set.24333	ITEM	24333	24334,24335	14	false
cache-item-family.damaged_book.3839	ITEM	3839	3841,3843,12607,12609,12611,14404,14406,14408,14410,14412,14414	9	false
cache-item-family.damaged_monkey_tail.19665	ITEM	19665	19666,19667	14	false
cache-item-family.damiana_tea.30981	ITEM	30981	30982,30983,30984	9	false
cache-item-family.damiana_water.30979	ITEM	30979	30980	9	false
cache-item-family.damp_planks.11031	ITEM	11031	17129	9	false
cache-item-family.damp_tinderbox.4073	ITEM	4073	4074,16604	9	false
cache-item-family.dareeyak_teleport.12777	ITEM	12777	15082	9	false
cache-item-family.dark_bow.11235	ITEM	11235	11236,12765,12766,12767,12768,15072,15073,15074,15075,15194,20408	9	false
cache-item-family.dark_bow_bh.27853	ITEM	27853	27854	9	false
cache-item-family.dark_bow_tie.19970	ITEM	19970	19971,19972	9	false
cache-item-family.dark_cavalier.2641	ITEM	2641	2642,15784	9	false
cache-item-family.dark_crab.11936	ITEM	11936	11937,18272	9	false
cache-item-family.dark_dagger.746	ITEM	746	16812	9	false
cache-item-family.dark_essence_block.13446	ITEM	13446	19633	9	false
cache-item-family.dark_essence_fragments.7938	ITEM	7938		9	false
cache-item-family.dark_fishing_bait.11940	ITEM	11940	18273	14	false
cache-item-family.dark_flippers.25557	ITEM	25557	25558	9	false
cache-item-family.dark_infinity_bottoms.12459	ITEM	12459	15979	9	false
cache-item-family.dark_infinity_colour_kit.12528	ITEM	12528	12529,15999	14	false
cache-item-family.dark_infinity_hat.12457	ITEM	12457	15977	9	false
cache-item-family.dark_infinity_top.12458	ITEM	12458	15978	9	false
cache-item-family.dark_kebbit_fur.10115	ITEM	10115	10116,15404	14	false
cache-item-family.dark_relic.21027	ITEM	21027		9	false
cache-item-family.dark_squall_hood.29566	ITEM	29566	29567	9	false
cache-item-family.dark_squall_robe_bottom.29570	ITEM	29570	29571	9	false
cache-item-family.dark_squall_robe_top.29568	ITEM	29568	29569	9	false
cache-item-family.dark_trousers.19964	ITEM	19964	19965,19966	9	false
cache-item-family.dark_tuxedo_cuffs.19961	ITEM	19961	19962,19963	9	false
cache-item-family.dark_tuxedo_jacket.19958	ITEM	19958	19959,19960	9	false
cache-item-family.dark_tuxedo_shoes.19967	ITEM	19967	19968,19969	9	false
cache-item-family.darklight.6746	ITEM	6746	8281,16901	9	false
cache-item-family.dashing_kebbit_fur.10127	ITEM	10127	10128,15410	14	false
cache-item-family.dawnbringer.22516	ITEM	22516		9	false
cache-item-family.death_talisman.1456	ITEM	1456	1457,19235	9	false
cache-item-family.death_tiara.5547	ITEM	5547	5548,19259	9	false
cache-item-family.decorative_armour.4069	ITEM	4069	4070,4504,4505,4509,4510,11893,11894,11895,11896,11897,11898,11899,11900,11901,15625,15626,15630,15631,15635,15636,15645,15646,15647,15648,15649,15650,15651,15652,15653,24158,24159,24162,24163,24164,24165,24166,24167,24168	9	false
cache-item-family.decorative_boots.25163	ITEM	25163	25164,25167,25168,25171,25172,25173	9	true
cache-item-family.decorative_full_helm.25165	ITEM	25165	25166,25169,25170,25174,25175,25176	9	true
cache-item-family.decorative_helm.4071	ITEM	4071	4506,4511,15627,15632,15637,24160	9	true
cache-item-family.decorative_shield.4072	ITEM	4072	4507,4512,15628,15633,15638,24161	9	true
cache-item-family.decorative_sword.4068	ITEM	4068	4503,4508,15624,15629,15634,24157	9	true
cache-item-family.deep_sea_apparatus.31296	ITEM	31296	31300,31301,31403,31404	9	false
cache-item-family.deep_sea_helmet.31295	ITEM	31295	31298,31299,31401,31402	9	false
cache-item-family.deerstalker.12540	ITEM	12540	12541,16005	9	false
cache-item-family.defence_cape.9753	ITEM	9753	9754,14213,14214	9	false
cache-item-family.defence_hood.9755	ITEM	9755	14215	9	false
cache-item-family.defence_mix.11459	ITEM	11459	11457,11458,11460,15502,19399	9	false
cache-item-family.defence_potion.137	ITEM	137	133,134,135,136,138,2432,2433,15258,19326,19327,19328	9	false
cache-item-family.defender_icon.10558	ITEM	10558	22340,22341,22342,22343,22344,22345,22725,22726,22727,22728,23466,23467,23468,23469,23470	9	true
cache-item-family.defensive_shield.8856	ITEM	8856	18626	9	false
cache-item-family.delphinium_seed.6457	ITEM	6457		9	false
cache-item-family.demon_feet.23294	ITEM	23294	23295,23296	9	true
cache-item-family.demon_tear.31111	ITEM	31111	31112	14	false
cache-item-family.demonic_sigil_mould.6747	ITEM	6747	16902	9	false
cache-item-family.demonic_tallow.30800	ITEM	30800	30801,30802	14	false
cache-item-family.dense_essence_block.13445	ITEM	13445		9	false
cache-item-family.desert_amulet_1.13133	ITEM	13133	18671	9	false
cache-item-family.desert_amulet_2.13134	ITEM	13134	18672	9	false
cache-item-family.desert_amulet_3.13135	ITEM	13135	18673	9	false
cache-item-family.desert_amulet_4.13136	ITEM	13136	18674	9	false
cache-item-family.desert_boots.1837	ITEM	1837	1838,17207	9	false
cache-item-family.desert_camo_legs.10063	ITEM	10063	10064,15379,28854,28856	9	false
cache-item-family.desert_camo_top.10061	ITEM	10061	10062,15378,28851,28853	9	false
cache-item-family.desert_devil_fur.10123	ITEM	10123	10124,15408	14	false
cache-item-family.desert_disguise.4611	ITEM	4611	16546	9	false
cache-item-family.desert_goat_horn.9735	ITEM	9735	9738,15283	14	false
cache-item-family.desert_legs.6390	ITEM	6390	6391,16433	9	false
cache-item-family.desert_lizard_bone.7902	ITEM	7902	7904,17543,17545	9	false
cache-item-family.desert_robe.1835	ITEM	1835	1836,17206	9	false
cache-item-family.desert_robes.6386	ITEM	6386	6387,16431	9	false
cache-item-family.desert_shirt.1833	ITEM	1833	1834,17205	9	false
cache-item-family.desert_top.6384	ITEM	6384	6385,6388,6389,16430,16432	9	false
cache-item-family.devout_boots.22954	ITEM	22954	22955,22956	9	false
cache-item-family.dexterous_prayer_scroll.21034	ITEM	21034	21035	14	false
cache-item-family.dharok_s_armour_set.12877	ITEM	12877	12878,13905	14	false
cache-item-family.dharok_s_greataxe.4718	ITEM	4718	4719,4886,4887,4888,4889,4890,4891,15693,15694,25516	9	false
cache-item-family.dharok_s_helm.4716	ITEM	4716	4717,4880,4881,4882,4883,4884,4885,15691,15692,23639	9	false
cache-item-family.dharok_s_platebody.4720	ITEM	4720	4721,4892,4893,4894,4895,4896,4897,15695,15696,25515	9	false
cache-item-family.dharok_s_platelegs.4722	ITEM	4722	4723,4898,4899,4900,4901,4902,4903,15697,15698,23633	9	false
cache-item-family.diabolic_worms.30773	ITEM	30773	30774	14	false
cache-item-family.diamond_amulet.1700	ITEM	1700	1701,16344	9	true
cache-item-family.diamond_amulet_u.1681	ITEM	1681	1682,16338	14	true
cache-item-family.diamond_bolt_tips.9192	ITEM	9192	15190	9	false
cache-item-family.diamond_bolts.9340	ITEM	9340	15175	9	false
cache-item-family.diamond_bolts_e.9243	ITEM	9243	15158,23649	9	false
cache-item-family.diamond_bracelet.11092	ITEM	11092	11093,11094,16262	9	false
cache-item-family.diamond_dragon_bolts.21969	ITEM	21969	21970	9	false
cache-item-family.diamond_dragon_bolts_e.21946	ITEM	21946	21947	9	false
cache-item-family.diamond_sickle_b.33709	ITEM	33709	33710	9	false
cache-item-family.digsite_pendant.11190	ITEM	11190	11191,11192,11193,11194,18818,21468	9	false
cache-item-family.digsite_teleport.12403	ITEM	12403	15940	9	false
cache-item-family.dinh_s_blazing_bulwark.28682	ITEM	28682	28683,31132	9	false
cache-item-family.dinh_s_bulwark.21015	ITEM	21015	21016,21017	9	false
cache-item-family.dinh_s_hammer.22761	ITEM	22761		9	false
cache-item-family.dirty_arrowtips.31047	ITEM	31047	31048	9	false
cache-item-family.dirty_blast.7497	ITEM	7497	17401	9	false
cache-item-family.disk_of_returning.981	ITEM	981	982,14303	9	true
cache-item-family.divine_bastion_potion.24644	ITEM	24644	24635,24636,24637,24638,24639,24640,24641,24642,24643,24645,24646	9	false
cache-item-family.divine_battlemage_potion.24632	ITEM	24632	24623,24624,24625,24626,24627,24628,24629,24630,24631,24633,24634	9	false
cache-item-family.divine_magic_potion.23754	ITEM	23754	23745,23746,23747,23748,23749,23750,23751,23752,23753,23755,23756	9	false
cache-item-family.divine_ranging_potion.23742	ITEM	23742	23733,23734,23735,23736,23737,23738,23739,23740,23741,23743,23744	9	false
cache-item-family.divine_rune_pouch.27281	ITEM	27281	27282,27509,27510	9	false
cache-item-family.divine_super_attack_potion.23706	ITEM	23706	23697,23698,23699,23700,23701,23702,23703,23704,23705,23707,23708	9	false
cache-item-family.divine_super_combat_potion.23694	ITEM	23694	23685,23686,23687,23688,23689,23690,23691,23692,23693,23695,23696	9	false
cache-item-family.divine_super_defence_potion.23730	ITEM	23730	23721,23722,23723,23724,23725,23726,23727,23728,23729,23731,23732	9	false
cache-item-family.divine_super_strength_potion.23718	ITEM	23718	23709,23710,23711,23712,23713,23714,23715,23716,23717,23719,23720	9	false
cache-item-family.diving_apparatus.7535	ITEM	7535	17394,21723	9	false
cache-item-family.dizana_s_max_cape.28902	ITEM	28902	28830,28903,28906,33532,33533	15	false
cache-item-family.dizana_s_max_hood.28904	ITEM	28904	28905	9	false
cache-item-family.dizana_s_quiver.28951	ITEM	28951	28826,28827,28947,28948,28949,28950,28952,28953,28954,33524,33525,33526,33527	15	false
cache-item-family.doctor_s_hat.6547	ITEM	6547	17043	9	false
cache-item-family.dodgy_necklace.21143	ITEM	21143	21144,21145	9	false
cache-item-family.doogle_leaves.1573	ITEM	1573	1574,16516	14	false
cache-item-family.dorgesh_kaan_sphere.10972	ITEM	10972	18416	9	false
cache-item-family.dorgeshuun_crossbow.8880	ITEM	8880	8881,17150	9	false
cache-item-family.double_ammo_mould.27012	ITEM	27012	27013	9	false
cache-item-family.double_eye_patch.19727	ITEM	19727	19728,19729	9	false
cache-item-family.draconic_visage.11286	ITEM	11286	11287,16834	14	false
cache-item-family.dragon_2h_sword.7158	ITEM	7158	7407,15285,20559	9	false
cache-item-family.dragon_2h_sword_cr.28051	ITEM	28051	28052	9	false
cache-item-family.dragon_armour_set_lg.21882	ITEM	21882	21883,21884	14	false
cache-item-family.dragon_armour_set_sk.21885	ITEM	21885	21886,21887	14	false
cache-item-family.dragon_arrow.11212	ITEM	11212	11227,11228,11229,14578,14599,14606,14613,20389	9	false
cache-item-family.dragon_arrowtips.11237	ITEM	11237	18228	9	false
cache-item-family.dragon_axe.6739	ITEM	6739	6740,14711,25378,25379,30352	9	false
cache-item-family.dragon_battleaxe.1377	ITEM	1377	1378,14720	9	false
cache-item-family.dragon_battleaxe_cr.28037	ITEM	28037	28038	9	false
cache-item-family.dragon_bitter.1911	ITEM	1911	1912,5803,5804,5805,5806,5807,5808,5809,5810,7748,7749,8243,8524,8525,14962,18891,19153	13	false
cache-item-family.dragon_bitter_m.5745	ITEM	5745	5746,5883,5884,5885,5886,5887,5888,5889,5890,18901,19154	13	false
cache-item-family.dragon_bolts.21905	ITEM	21905	21906,21924,21925,21926,21927,21928,21929	9	false
cache-item-family.dragon_bolts_unf.21930	ITEM	21930	21931	14	false
cache-item-family.dragon_bonemeal.4261	ITEM	4261	17796	9	false
cache-item-family.dragon_bones.536	ITEM	536	537,19272	9	false
cache-item-family.dragon_boots.11840	ITEM	11840	11841,18361,22234,22235	9	false
cache-item-family.dragon_boots_cr.28055	ITEM	28055	28056	9	false
cache-item-family.dragon_boots_ornament_kit.22231	ITEM	22231	22232,22233	14	false
cache-item-family.dragon_cane.12373	ITEM	12373	12374,15927	9	false
cache-item-family.dragon_cannon_barrel.32115	ITEM	32115	32116,32117	9	false
cache-item-family.dragon_cannonball.31916	ITEM	31916	31917	14	false
cache-item-family.dragon_chainbody.2513	ITEM	3140	2513,3141,14099,20428	18	false
cache-item-family.dragon_chainbody_cr.28065	ITEM	28065	28066	9	false
cache-item-family.dragon_chainbody_ornament_kit.12534	ITEM	12534	12535,16002	14	false
cache-item-family.dragon_chainshot_cannonball.31930	ITEM	31930	31931	14	false
cache-item-family.dragon_claws.13652	ITEM	13652	15597,20784,20848,26708,27093	9	false
cache-item-family.dragon_claws_cr.28039	ITEM	28039	28040	9	false
cache-item-family.dragon_crossbow.21902	ITEM	21902	21903,21904,33460,33461	9	false
cache-item-family.dragon_crossbow_cr.28053	ITEM	28053	28054	9	false
cache-item-family.dragon_crossbow_u.21921	ITEM	21921	21922,21923	14	false
cache-item-family.dragon_dagger.1215	ITEM	1215	1216,1231,1232,5680,5681,5698,5699,14640,14648,14657,14666,20407	9	false
cache-item-family.dragon_dagger_cr.28019	ITEM	28019	28020	9	false
cache-item-family.dragon_dagger_p_cr.28021	ITEM	28021	28022	9	false
cache-item-family.dragon_dagger_p_cr.28023	ITEM	28023	28024	9	false
cache-item-family.dragon_dagger_p_cr.28025	ITEM	28025	28026	9	false
cache-item-family.dragon_dart.11230	ITEM	11230	11231,11233,11234,14525,14533,14549,14557	9	false
cache-item-family.dragon_dart_tip.11232	ITEM	11232	14541	14	false
cache-item-family.dragon_defender.12954	ITEM	12954	14349,19722,19723,23597,23598,24143,27008	9	false
cache-item-family.dragon_defender_ornament_kit.20143	ITEM	20143	20144,20145	14	false
cache-item-family.dragon_felling_axe.28217	ITEM	28217	28218,28219	9	false
cache-item-family.dragon_fire_arrow.11217	ITEM	11217	11222,14591,14592	13	false
cache-item-family.dragon_full_helm.11335	ITEM	11335	11336,12417,15584,15954	9	false
cache-item-family.dragon_full_helm_ornament_kit.12538	ITEM	12538	12539,16004	14	false
cache-item-family.dragon_gloves.7461	ITEM	7461	14368	9	false
cache-item-family.dragon_halberd.3204	ITEM	3204	3205,14627	9	false
cache-item-family.dragon_halberd_cr.28049	ITEM	28049	28050	9	false
cache-item-family.dragon_harpoon.21028	ITEM	21028	21029,21030,25373,25374,30349	9	false
cache-item-family.dragon_hasta.22731	ITEM	22731	22732,22733,22734,22735,22736,22737,22738,22739,22740,22741,22742,22743,22745	13	false
cache-item-family.dragon_hunter_crossbow.21012	ITEM	21012	21013,21014,25916,25917	9	false
cache-item-family.dragon_hunter_crossbow_b.25918	ITEM	25918	25919	9	false
cache-item-family.dragon_hunter_lance.22978	ITEM	22978	22979,22980	9	false
cache-item-family.dragon_hunter_wand.30070	ITEM	30070	30071,30072	9	false
cache-item-family.dragon_impling_jar.11256	ITEM	11256	11257,15673	14	false
cache-item-family.dragon_incendiary_cannonball.31944	ITEM	31944	31945	14	false
cache-item-family.dragon_javelin.19484	ITEM	19484	19485,19486,19487,19488,19489,19490,19491,23648	9	false
cache-item-family.dragon_javelin_tips.19582	ITEM	19582	19583	14	false
cache-item-family.dragon_keel_parts.32017	ITEM	32017	32018,32019	14	false
cache-item-family.dragon_kiteshield.21895	ITEM	21895	21896,21897,22244,22245	9	false
cache-item-family.dragon_kiteshield_ornament_kit.22239	ITEM	22239	22240,22241	14	false
cache-item-family.dragon_knife.22804	ITEM	22804	22805,22806,22807,22808,22809,22810,22811,22812,22813,22814,22815,27157	9	false
cache-item-family.dragon_legs_skirt_ornament_kit.12536	ITEM	12536	12537,16003	14	false
cache-item-family.dragon_limbs.21918	ITEM	21918	21919,21920	14	false
cache-item-family.dragon_longsword.1305	ITEM	1305	1306,14744	9	false
cache-item-family.dragon_longsword_bh.27859	ITEM	27859	27860	9	false
cache-item-family.dragon_longsword_cr.28033	ITEM	28033	28034	9	false
cache-item-family.dragon_mace.1434	ITEM	1434	1435,14675	9	false
cache-item-family.dragon_mace_bh.27857	ITEM	27857	27858	9	false
cache-item-family.dragon_mace_cr.28027	ITEM	28027	28028	9	false
cache-item-family.dragon_med_helm.1149	ITEM	1149	1150,6967,14142	9	false
cache-item-family.dragon_med_helm_cr.28057	ITEM	28057	28058	9	false
cache-item-family.dragon_metal_lump.22103	ITEM	22103	22104,22105	14	false
cache-item-family.dragon_metal_shard.22097	ITEM	22097	22098,22099	14	false
cache-item-family.dragon_metal_sheet.31996	ITEM	31996	31997,31998	14	false
cache-item-family.dragon_metal_slice.22100	ITEM	22100	22101,22102	14	false
cache-item-family.dragon_nails.31406	ITEM	31406	31407	9	false
cache-item-family.dragon_necklace.1664	ITEM	1664	1665,16333	9	false
cache-item-family.dragon_pickaxe.11920	ITEM	11920	11921,12797,14766,14767,23677,23678,25376,25377,27695,27696,30351	9	false
cache-item-family.dragon_pickaxe_upgrade_kit.12800	ITEM	12800	12801,15095	9	false
cache-item-family.dragon_platebody.21892	ITEM	21892	21893,21894,22242,22243	9	false
cache-item-family.dragon_platebody_ornament_kit.22236	ITEM	22236	22237,22238	14	false
cache-item-family.dragon_platelegs.4087	ITEM	4087	4088,4180,12415,14175,15952,20429	9	false
cache-item-family.dragon_platelegs_cr.28061	ITEM	28061	28062	9	false
cache-item-family.dragon_plateskirt.4585	ITEM	4585	4586,12416,14183,15953	9	false
cache-item-family.dragon_plateskirt_cr.28063	ITEM	28063	28064	9	false
cache-item-family.dragon_scale_dust.241	ITEM	241	242,15251	14	false
cache-item-family.dragon_scimitar.4587	ITEM	4587	4588,14759,20000,20001,20406	9	false
cache-item-family.dragon_scimitar_cr.28031	ITEM	28031	28032	9	false
cache-item-family.dragon_scimitar_ornament_kit.20002	ITEM	20002	20003,20004	14	false
cache-item-family.dragon_spear.1249	ITEM	1249	1250,1263,1264,3176,5716,5717,5730,5731,14774,14781,14788,14795,14803	13	false
cache-item-family.dragon_spear_cr.28041	ITEM	28041	28042	9	false
cache-item-family.dragon_spear_p_cr.28043	ITEM	28043	28044	9	false
cache-item-family.dragon_spear_p_cr.28045	ITEM	28045	28046	9	false
cache-item-family.dragon_spear_p_cr.28047	ITEM	28047	28048	9	false
cache-item-family.dragon_sq_shield.1187	ITEM	1187	1188,12418,14122,15955	9	false
cache-item-family.dragon_sq_shield_cr.28059	ITEM	28059	28060	9	false
cache-item-family.dragon_sq_shield_ornament_kit.12532	ITEM	12532	12533,16001	14	false
cache-item-family.dragon_staff_of_collection.30611	ITEM	30611	30612	9	false
cache-item-family.dragon_sword.21009	ITEM	21009	21010,21011,21206	9	false
cache-item-family.dragon_sword_cr.28029	ITEM	28029	28030	9	false
cache-item-family.dragon_thrownaxe.20849	ITEM	20849	20850,21207	9	false
cache-item-family.dragon_token.7478	ITEM	7478	17422	9	false
cache-item-family.dragon_warhammer.13576	ITEM	13576	13577,14728,20785,26710,27095	9	false
cache-item-family.dragon_warhammer_cr.28035	ITEM	28035	28036	9	false
cache-item-family.dragon_warhammer_ornament_kit.26709	ITEM	26709	27094	9	false
cache-item-family.dragonbone_necklace.22111	ITEM	22111	22112,22113	9	false
cache-item-family.dragonfire_shield.11283	ITEM	11283	11284,11285,16833,33186,33187	9	false
cache-item-family.dragonfire_ward.22002	ITEM	22002	22003,22004,22005	9	false
cache-item-family.dragonfruit.22929	ITEM	22929	22930,22931	9	false
cache-item-family.dragonfruit_pie.22795	ITEM	22795	22796,22797	9	false
cache-item-family.dragonfruit_sapling.22866	ITEM	22866	22867,22868	14	false
cache-item-family.dragonfruit_seedling.22862	ITEM	22862	22863	9	false
cache-item-family.dragonfruit_seedling_w.22864	ITEM	22864	22865	9	false
cache-item-family.dragonfruit_tree_seed.22877	ITEM	22877	22878	9	false
cache-item-family.dragonstone.1615	ITEM	1615	1616,6903,16313	14	false
cache-item-family.dragonstone_amulet.1702	ITEM	1702	1703,16345	9	false
cache-item-family.dragonstone_amulet_u.1683	ITEM	1683	1684,16339	14	false
cache-item-family.dragonstone_armour_set.23667	ITEM	23667	23668,23669	14	false
cache-item-family.dragonstone_bolt_tips.9193	ITEM	9193	15191	9	false
cache-item-family.dragonstone_bolts.9341	ITEM	9341	15176	9	false
cache-item-family.dragonstone_bolts_e.9244	ITEM	9244	15159	9	false
cache-item-family.dragonstone_boots.24043	ITEM	24043	24044,24045	9	false
cache-item-family.dragonstone_bracelet.11115	ITEM	11115	11116,16265	9	false
cache-item-family.dragonstone_dragon_bolts.21971	ITEM	21971	21972	9	false
cache-item-family.dragonstone_dragon_bolts_e.21948	ITEM	21948	21949	9	false
cache-item-family.dragonstone_full_helm.24034	ITEM	24034	24035,24036	9	true
cache-item-family.dragonstone_gauntlets.24046	ITEM	24046	24047,24048	9	false
cache-item-family.dragonstone_platebody.24037	ITEM	24037	24038,24039	9	true
cache-item-family.dragonstone_platelegs.24040	ITEM	24040	24041,24042	9	true
cache-item-family.dragonstone_ring.1645	ITEM	1645	1646,16327	9	false
cache-item-family.drakan_s_medallion.22400	ITEM	22400	22401	9	false
cache-item-family.drake.23041	ITEM	23041		9	true
cache-item-family.drake_bonemeal.22756	ITEM	22756	22757	9	false
cache-item-family.drake_bones.22783	ITEM	22783	22784,22785	9	false
cache-item-family.drake_s_claw.22957	ITEM	22957	22958,22959	9	false
cache-item-family.drake_s_tooth.22960	ITEM	22960	22961,22962	9	false
cache-item-family.dramen_staff.772	ITEM	772	17325	9	false
cache-item-family.draynor_manor_teleport.19615	ITEM	19615	19616	9	false
cache-item-family.dream_log.9067	ITEM	9067	16685	9	false
cache-item-family.dreamy_lamp.11157	ITEM	11157	16491	9	false
cache-item-family.drift_net.21652	ITEM	21652	21653,21654	9	false
cache-item-family.druid_pouch.2957	ITEM	2957	2958,7547,16989	9	false
cache-item-family.druid_s_robe.538	ITEM	538	539,19275	9	false
cache-item-family.druid_s_robe_top.540	ITEM	540	541,19276	9	false
cache-item-family.drunk_dragon.2092	ITEM	2092	2093,9516,9517,18976,19077	9	false
cache-item-family.dual_macuahuitl.28997	ITEM	28997	28998,28999,29850	9	false
cache-item-family.dual_sai.23206	ITEM	23206	23207,23208	9	false
cache-item-family.dull_knife.32865	ITEM	32865		9	false
cache-item-family.dust.30328	ITEM	30328	30329,30330	14	true
cache-item-family.dust_battlestaff.20736	ITEM	20736	20737,20738	9	false
cache-item-family.dust_rune.4696	ITEM	4696	19263	14	false
cache-item-family.dusty_lamp.28132	ITEM	28132		9	false
cache-item-family.dwarf_cannon_set.12863	ITEM	12863	12864,13899	14	false
cache-item-family.dwarf_weed.267	ITEM	267	268,15226	14	false
cache-item-family.dwarf_weed_potion_unf.109	ITEM	109	110,19299	9	false
cache-item-family.dwarf_weed_seed.5303	ITEM	5303	13777	9	false
cache-item-family.dwarven_battleaxe.5056	ITEM	5056	5057,5058,5059,5060,5061,17715,17716,17717,17718,17719,17720	9	false
cache-item-family.dwarven_helmet.11200	ITEM	11200	11201,17819	9	false
cache-item-family.dwarven_rock_cake.7509	ITEM	7509	7510,17371,17372	9	false
cache-item-family.dwarven_stout.1913	ITEM	1913	1914,5771,5772,5773,5774,5775,5776,5777,5778,18887,19155	13	true
cache-item-family.dwarven_stout_m.5747	ITEM	5747	5748,5851,5852,5853,5854,5855,5856,5857,5858,18897,19156	13	false
cache-item-family.dwellberries.2126	ITEM	2126	2127,19094	9	false
cache-item-family.dwellberry_seed.5103	ITEM	5103	13812	9	false
cache-item-family.dynamite.13573	ITEM	13573	13574,18589,27426	9	false
cache-item-family.dynamite_pot.13572	ITEM	13572	18588	9	false
cache-item-family.eagle_cape.10171	ITEM	10171	17997	9	false
cache-item-family.eagle_feather.10167	ITEM	10167	17996	9	false
cache-item-family.earmuffs.4166	ITEM	4166	4167,14042	9	false
cache-item-family.earth_battlestaff.1399	ITEM	1399	1400,14686	9	false
cache-item-family.earth_impling_jar.11244	ITEM	11244	11245,15667	14	false
cache-item-family.earth_orb.575	ITEM	575	576,13698	14	false
cache-item-family.earth_talisman.1440	ITEM	1440	1441,19228	9	true
cache-item-family.earth_tiara.5535	ITEM	5535	5536,19253	9	true
cache-item-family.earthbound_tecpatl.30957	ITEM	30957	30958,30959	9	false
cache-item-family.echo_boots.28945	ITEM	28945	28946	9	false
cache-item-family.echo_crystal.28942	ITEM	28942	28943,28944	14	false
cache-item-family.echo_pearl.31946	ITEM	31946	31947,31948	14	false
cache-item-family.eclectic_impling_jar.11248	ITEM	11248	11249,15669	14	false
cache-item-family.eclipse_atlatl.29000	ITEM	29000	29001,29002,29851	9	false
cache-item-family.eclipse_moon_armour_set.31142	ITEM	31142	31143,31144	14	false
cache-item-family.eclipse_moon_chestplate.29004	ITEM	29004	29005,29006,29031,29032,29049,29050,29051,29840	9	false
cache-item-family.eclipse_moon_helm.29010	ITEM	29010	29011,29012,29035,29036,29055,29056,29057,29842	9	false
cache-item-family.eclipse_moon_tassets.29007	ITEM	29007	29008,29009,29033,29034,29052,29053,29054,29841	9	false
cache-item-family.eclipse_red.29415	ITEM	29415	29416,29417	9	false
cache-item-family.ectophial.4251	ITEM	4251	4252,17772	9	false
cache-item-family.edible_seaweed.403	ITEM	403	404,15475	9	false
cache-item-family.eel_sushi.10971	ITEM	10971	18415	9	false
cache-item-family.efaritay_s_aid.21140	ITEM	21140	21141,21142	9	false
cache-item-family.efh_salt.22595	ITEM	22595	22596	14	false
cache-item-family.egg.1944	ITEM	1944	1945,18937,30970,30971	9	false
cache-item-family.egg_and_tomato.7064	ITEM	7064	7065,19206	9	false
cache-item-family.egg_mould.21252	ITEM	21252		9	true
cache-item-family.egg_potato.7056	ITEM	7056	7057,19202	9	false
cache-item-family.egg_whisk.7435	ITEM	7435	7436,14351	9	false
cache-item-family.elder_4.20916	ITEM	20916	20913,20914,20915	13	false
cache-item-family.elder_4.20924	ITEM	20924	20921,20922,20923	13	false
cache-item-family.elder_chaos_hood.20595	ITEM	20595	20596,20597,27119,27120,27176	9	false
cache-item-family.elder_chaos_robe.20520	ITEM	20520	20521,20522,27117,27118,27175	9	false
cache-item-family.elder_chaos_top.20517	ITEM	20517	20518,20519,27115,27116,27174	9	false
cache-item-family.elder_maul.21003	ITEM	21003	21004,21005,21205,27100,27101	9	false
cache-item-family.elder_potion.20917	ITEM	20917	20918,20919,20920	9	false
cache-item-family.eldritch_nightmare_staff.24425	ITEM	24425	24510	9	false
cache-item-family.eldritch_orb.24517	ITEM	24517	24518,24519	14	false
cache-item-family.elemental_helmet.9729	ITEM	9729	9730,17902	9	false
cache-item-family.elemental_ore.2892	ITEM	2892	17711	9	false
cache-item-family.elemental_shield.2890	ITEM	2890	2891,17710	9	false
cache-item-family.elemental_sphere.8352	ITEM	8626	8352,8627,15006	14	false
cache-item-family.elemental_talisman.5516	ITEM	5516	5517,19242	9	false
cache-item-family.elemental_tiara.26804	ITEM	26804	26805,26806	9	false
cache-item-family.elf_quest_lamp.28552	ITEM	28552		9	false
cache-item-family.elidinis_ward.25985	ITEM	25985	25986,27250,27253,27254	9	false
cache-item-family.elidinis_ward_f.27251	ITEM	27251	27252,33176,33177	9	false
cache-item-family.elite_black_full_helm.29560	ITEM	29560	29561	9	false
cache-item-family.elite_black_platebody.29562	ITEM	29562	29563	9	false
cache-item-family.elite_black_platelegs.29564	ITEM	29564	29565	9	false
cache-item-family.elite_calamity_breeches.26759	ITEM	26759	26760	9	false
cache-item-family.elite_calamity_chest.26753	ITEM	26753	26754	9	false
cache-item-family.elite_void_robe.13073	ITEM	13073	15739,24180,26471,26472,27004	9	false
cache-item-family.elite_void_top.13072	ITEM	13072	15737,24178,26469,26470,27003	9	false
cache-item-family.elkhorn_coral.31481	ITEM	31481	31482,31483	14	false
cache-item-family.elkhorn_frag.31511	ITEM	31511	31512	14	false
cache-item-family.elkhorn_potion_unf.31662	ITEM	31662	31663,31664	9	false
cache-item-family.elven_boots.24003	ITEM	24003	24004,24005	9	false
cache-item-family.elven_dawn.23948	ITEM	23948	23949,23950	9	false
cache-item-family.elven_gloves.24006	ITEM	24006	24007,24008	9	false
cache-item-family.elven_legwear.24024	ITEM	24024	24025,24026	9	true
cache-item-family.elven_signet.23943	ITEM	23943	23944,23945	9	false
cache-item-family.elven_skirt.24012	ITEM	24012	24013,24014,24018,24019,24020	9	true
cache-item-family.elven_top.24009	ITEM	24009	24010,24011,24015,24016,24017,24021,24022,24023,24027,24028,24029	9	true
cache-item-family.elysian_sigil.12819	ITEM	12819	12820,15332	14	false
cache-item-family.elysian_spirit_shield.12817	ITEM	12817	12818,15331,19559	9	false
cache-item-family.emberlight.29589	ITEM	29589	29590	9	false
cache-item-family.emerald_amulet.1696	ITEM	1696	1697,16342	9	true
cache-item-family.emerald_amulet_u.1677	ITEM	1677	1678,16336	14	true
cache-item-family.emerald_bolt_tips.9190	ITEM	9190	15188	9	false
cache-item-family.emerald_bolts.9338	ITEM	9338	15173	9	false
cache-item-family.emerald_bolts_e.9241	ITEM	9241	15156	9	false
cache-item-family.emerald_bracelet.11076	ITEM	11076	11077,11078,16257	9	false
cache-item-family.emerald_dragon_bolts.21965	ITEM	21965	21966	9	false
cache-item-family.emerald_dragon_bolts_e.21942	ITEM	21942	21943	9	false
cache-item-family.emerald_lantern.9064	ITEM	9064	9065,18792,18793,20722,20723	9	false
cache-item-family.emerald_sickle_b.22433	ITEM	22433	22434	9	false
cache-item-family.emissary_hood.29868	ITEM	29868	29869	9	false
cache-item-family.emissary_robe_bottom.29872	ITEM	29872	29873	9	false
cache-item-family.emissary_robe_top.29870	ITEM	29870	29871	9	false
cache-item-family.emissary_sandals.29874	ITEM	29874	29875	9	false
cache-item-family.empty_candle_lantern.4527	ITEM	4527	4528,18778	14	false
cache-item-family.empty_cup.1980	ITEM	1980	1981,7728,7729,18952	14	false
cache-item-family.empty_fishbowl.6667	ITEM	6667	6723,18796	14	false
cache-item-family.empty_oil_lamp.4525	ITEM	4525	4526,18777	14	false
cache-item-family.empty_oil_lantern.4535	ITEM	4535	4536,18783	14	false
cache-item-family.empty_plant_pot.5350	ITEM	5350	5351,13721	14	false
cache-item-family.empty_sack.5418	ITEM	5418	5419,10486,13749,17097,21873	9	false
cache-item-family.enchant_diamond.8019	ITEM	8019	14896	14	false
cache-item-family.enchant_dragonstone.8020	ITEM	8020	14897	14	false
cache-item-family.enchant_emerald_or_jade.8017	ITEM	8017	14894	14	false
cache-item-family.enchant_onyx.8021	ITEM	8021	14898	14	false
cache-item-family.enchant_ruby_or_topaz.8018	ITEM	8018	14895	14	false
cache-item-family.enchant_sapphire_or_opal.8016	ITEM	8016	14893	14	false
cache-item-family.enchanted_bar.4007	ITEM	4007	17918	9	false
cache-item-family.enchanted_diamond_sickle_b.33711	ITEM	33711	33712	9	false
cache-item-family.enchanted_emerald_sickle_b.22435	ITEM	22435	22436	9	false
cache-item-family.enchanted_gem.4155	ITEM	4155	14035	9	false
cache-item-family.enchanted_hat.7400	ITEM	7400	7403,16051	9	false
cache-item-family.enchanted_lyre.3690	ITEM	3690	3691,6125,6126,6127,13079,16742,21465	13	false
cache-item-family.enchanted_lyre_i.23458	ITEM	23458	23459	9	false
cache-item-family.enchanted_robe.7398	ITEM	7398	7401,16049	9	false
cache-item-family.enchanted_ruby_sickle_b.24695	ITEM	24695	24696	9	false
cache-item-family.enchanted_symbol.21800	ITEM	21800	21801	9	false
cache-item-family.enchanted_top.7399	ITEM	7399	7402,16050	9	false
cache-item-family.energy_mix.11455	ITEM	11455	11453,11454,11456,15501,19398	9	false
cache-item-family.energy_potion.3014	ITEM	3014	3008,3009,3010,3011,3012,3013,3015,15274,19365,19366,19367	9	true
cache-item-family.enhanced_crystal_teleport_seed.23959	ITEM	23959	23960,23961	9	false
cache-item-family.enhanced_crystal_weapon_seed.25859	ITEM	25859	25860,25861	9	false
cache-item-family.enhanced_quetzal_whistle_blueprint.29253	ITEM	29253	29254,29255	14	false
cache-item-family.enriched_snapdragon_seed.29538	ITEM	29538		9	false
cache-item-family.ensouled_abyssal_head.13507	ITEM	13508	13507,13509,18539	14	false
cache-item-family.ensouled_aviansie_head.13504	ITEM	13505	13504,13506,18538	14	false
cache-item-family.ensouled_bear_head.13462	ITEM	13463	13462,13464,18524	14	false
cache-item-family.ensouled_bloodveld_head.13495	ITEM	13496	13495,13497,18535	14	false
cache-item-family.ensouled_chaos_druid_head.13471	ITEM	13472	13471,13473,18527	14	false
cache-item-family.ensouled_dagannoth_head.13492	ITEM	13493	13492,13494,18534	14	false
cache-item-family.ensouled_demon_head.13501	ITEM	13502	13501,13503,18537	14	false
cache-item-family.ensouled_dog_head.13468	ITEM	13469	13468,13470,18526	14	false
cache-item-family.ensouled_dragon_head.13510	ITEM	13511	13510,13512,18540	14	false
cache-item-family.ensouled_elf_head.13480	ITEM	13481	13480,13482,18530	14	false
cache-item-family.ensouled_giant_head.13474	ITEM	13475	13474,13476,18528	14	false
cache-item-family.ensouled_goblin_head.13447	ITEM	13448	13447,13449,18519	14	false
cache-item-family.ensouled_hellhound_head.26996	ITEM	26997	26996,26998,26999	14	false
cache-item-family.ensouled_horror_head.13486	ITEM	13487	13486,13488,18532	14	false
cache-item-family.ensouled_imp_head.13453	ITEM	13454	13453,13455,18521	14	false
cache-item-family.ensouled_kalphite_head.13489	ITEM	13490	13489,13491,18533	14	false
cache-item-family.ensouled_minotaur_head.13456	ITEM	13457	13456,13458,18522	14	false
cache-item-family.ensouled_monkey_head.13450	ITEM	13451	13450,13452,18520	14	false
cache-item-family.ensouled_ogre_head.13477	ITEM	13478	13477,13479,18529	14	false
cache-item-family.ensouled_scorpion_head.13459	ITEM	13460	13459,13461,18523	14	false
cache-item-family.ensouled_troll_head.13483	ITEM	13484	13483,13485,18531	14	false
cache-item-family.ensouled_tzhaar_head.13498	ITEM	13499	13498,13500,18536	14	false
cache-item-family.ensouled_unicorn_head.13465	ITEM	13466	13465,13467,18525	14	false
cache-item-family.ent_branch.31032	ITEM	31032	31033	14	false
cache-item-family.ent_seed.31018	ITEM	31018	31019	9	false
cache-item-family.equa_leaves.2128	ITEM	2128	2129,19095	9	false
cache-item-family.equa_toad_s_legs.2154	ITEM	2154	2155	9	false
cache-item-family.escape_crystal.22517	ITEM	22517	22518,25961	9	false
cache-item-family.essence_impling_jar.11246	ITEM	11246	11247,15668	9	false
cache-item-family.etched_araxyte_fang.33534	ITEM	33534	33535,33536	14	false
cache-item-family.etched_elder_venator_fang.33636	ITEM	33636	33637,33638	14	false
cache-item-family.eternal_boots.13235	ITEM	13235	13236,14025,23644,23645	9	false
cache-item-family.eternal_crystal.13227	ITEM	13227	13228,14021	14	false
cache-item-family.eternal_gem.21270	ITEM	21270	21271,21272	9	false
cache-item-family.evil_chicken_feet.20433	ITEM	20433	20434,20435	9	false
cache-item-family.evil_chicken_head.20439	ITEM	20439	20440,20441	9	false
cache-item-family.evil_chicken_legs.20442	ITEM	20442	20443,20444	9	false
cache-item-family.evil_chicken_wings.20436	ITEM	20436	20437,20438	9	false
cache-item-family.excalibur.35	ITEM	35	8280,16525	9	false
cache-item-family.executioner_s_axe_head.28319	ITEM	28319	28320	9	false
cache-item-family.expeditious_bracelet.21177	ITEM	21177	21178,21179	9	false
cache-item-family.experiment_bone.7893	ITEM	7893	7895,17534,17536	9	false
cache-item-family.expert_mining_gloves.21392	ITEM	21392	21393	9	false
cache-item-family.explorer_backpack.12514	ITEM	12514	12515,15992	9	false
cache-item-family.explorer_s_ring_1.13125	ITEM	13125	18663	9	false
cache-item-family.explorer_s_ring_2.13126	ITEM	13126	18664	9	false
cache-item-family.explorer_s_ring_3.13127	ITEM	13127	18665	9	false
cache-item-family.explorer_s_ring_4.13128	ITEM	13128	18666	9	false
cache-item-family.explosive_barrel.33743	ITEM	33743		9	false
cache-item-family.exquisite_boots.5064	ITEM	5064	17723	9	false
cache-item-family.exquisite_clothes.5067	ITEM	5067	17726	9	false
cache-item-family.extended_anti_venom_4.29824	ITEM	29824	29825,29826,29827,29828,29829,29830,29831,29832,29833,29834,29835	10	false
cache-item-family.extended_antifire.11957	ITEM	11957	11951,11952,11953,11954,11955,11956,11958,15273,19362,19363,19364	9	false
cache-item-family.extended_antifire_mix.11962	ITEM	11962	11960,11961,11963,15516,19413	9	false
cache-item-family.extended_stamina_potion.31647	ITEM	31647	31638,31639,31640,31641,31642,31643,31644,31645,31646,31648,31649	9	false
cache-item-family.extended_super_antifire.22218	ITEM	22218	22209,22210,22211,22212,22213,22214,22215,22216,22217,22219,22220	9	false
cache-item-family.extended_super_antifire_mix.22224	ITEM	22224	22221,22222,22223,22225,22226	9	false
cache-item-family.extreme_energy_potion.31623	ITEM	31623	31614,31615,31616,31617,31618,31619,31620,31621,31622,31624,31625	9	false
cache-item-family.eye_of_ayak.31113	ITEM	31113	31114,31115,31116	9	false
cache-item-family.eye_of_newt.221	ITEM	221	222,15241	14	true
cache-item-family.facemask.4164	ITEM	4164	4165,14041	9	false
cache-item-family.facility_bottle.33077	ITEM	33077	33074,33075,33076	9	false
cache-item-family.fake_beak.10172	ITEM	10172	17998	9	false
cache-item-family.fake_beard.4593	ITEM	4593	4594,16531	14	false
cache-item-family.falador_shield_1.13117	ITEM	13117	18655	9	false
cache-item-family.falador_shield_2.13118	ITEM	13118	18656	9	false
cache-item-family.falador_shield_3.13119	ITEM	13119	18657	9	false
cache-item-family.falador_shield_4.13120	ITEM	13120	18658	9	false
cache-item-family.falador_teleport.8009	ITEM	8009	14886	9	false
cache-item-family.falconer_s_glove.10023	ITEM	10023	10024	9	false
cache-item-family.fancier_boots.28672	ITEM	28672	28673	9	true
cache-item-family.fancy_boots.9005	ITEM	9005	18685	9	true
cache-item-family.fancy_hedge.8207	ITEM	8445	8207,8446,15047	14	false
cache-item-family.fancy_teak_dresser.8049	ITEM	8604	8049,8605,14995	14	false
cache-item-family.fancy_tiara.20008	ITEM	20008	20009,20010	9	false
cache-item-family.fangs_of_venenatis.27670	ITEM	27670	27671,27672	14	false
cache-item-family.farmer_s_boots.13644	ITEM	13644	13645,18474,18475	9	false
cache-item-family.farmer_s_boro_trousers.13640	ITEM	13640	13641,18470,18471	9	false
cache-item-family.farmer_s_jacket.13642	ITEM	13642	18472	9	false
cache-item-family.farmer_s_shirt.13643	ITEM	13643	18473	9	false
cache-item-family.farmer_s_strawhat.13646	ITEM	13646	13647,18476,18477,21253,21254	9	false
cache-item-family.farming_cape.9810	ITEM	9810	9811,14273,14274	9	false
cache-item-family.farming_hood.9812	ITEM	9812	14275	9	false
cache-item-family.farseer_helm.3755	ITEM	3755	3756,16757,20573	9	false
cache-item-family.fat_snail.3367	ITEM	3367	3368,18875	14	false
cache-item-family.fat_snail_meat.3373	ITEM	3373	3374,18878	9	false
cache-item-family.fayrg_bonemeal.4853	ITEM	4853	17809	9	false
cache-item-family.fayrg_bones.4830	ITEM	4830	4831,16863	9	false
cache-item-family.feather.314	ITEM	314	11525,15389,15439	9	false
cache-item-family.feather_pack.11881	ITEM	11881	11882,14070	9	true
cache-item-family.feathered_journal.10179	ITEM	10179	18005	9	false
cache-item-family.fedora.11990	ITEM	11990	11991,18275	9	false
cache-item-family.feldip_hills_teleport.12404	ITEM	12404	15941	9	false
cache-item-family.feldip_weasel_fur.10119	ITEM	10119	10120,15406	14	false
cache-item-family.felling_axe_handle.28177	ITEM	28177	28178,28615	9	true
cache-item-family.fenkenstrain_s_castle_teleport.19621	ITEM	19621	19622	9	false
cache-item-family.ferocious_gloves.22981	ITEM	22981	22982	9	false
cache-item-family.ferret.10092	ITEM	10092	15390	9	false
cache-item-family.fez.6382	ITEM	6382	6383,16429	9	false
cache-item-family.fibula_piece.6167	ITEM	6167	6168,18373	14	false
cache-item-family.field_arrow.22228	ITEM	22228		9	false
cache-item-family.field_ration.7934	ITEM	7934	7935,15735	9	false
cache-item-family.fiendish_ashes.25766	ITEM	25766	25767,25768	9	true
cache-item-family.fighter_hat.10548	ITEM	10548	15676,24173	9	false
cache-item-family.fighter_torso.10551	ITEM	10551	15679,24175,28067,28068,28069	9	false
cache-item-family.fighting_boots.9006	ITEM	9006	18686	9	true
cache-item-family.filled_plant_pot.5354	ITEM	5354	5355,13723	14	false
cache-item-family.fillets.10969	ITEM	10969	18413	9	false
cache-item-family.fine_cloth.3470	ITEM	3470	3471,17636	14	false
cache-item-family.fine_fish_offcuts.32307	ITEM	32307	32308	14	false
cache-item-family.fine_mesh_net.21865	ITEM	21865		9	true
cache-item-family.fingernails.2384	ITEM	2384	17084	9	false
cache-item-family.fingers.10965	ITEM	10965	18409	9	false
cache-item-family.fire_battlestaff.1393	ITEM	1393	1394,14683	9	false
cache-item-family.fire_cape.6570	ITEM	6570	10566,18244,24223	9	false
cache-item-family.fire_element_staff_crown.30631	ITEM	30631	30632,30633	14	false
cache-item-family.fire_feather.1583	ITEM	1583	17589	9	false
cache-item-family.fire_giant_bone.7872	ITEM	7872	7874,17513,17515	9	false
cache-item-family.fire_max_cape.13329	ITEM	13329	14283,21186,24134	9	false
cache-item-family.fire_max_hood.13330	ITEM	13330	14284	9	false
cache-item-family.fire_orb.569	ITEM	569	570,13695	14	false
cache-item-family.fire_talisman.1442	ITEM	1442	1443,19229	9	true
cache-item-family.fire_tiara.5537	ITEM	5537	5538,19254	9	true
cache-item-family.firemaking_cape.9804	ITEM	9804	9805,14267,14268	9	false
cache-item-family.firemaking_hood.9806	ITEM	9806	14269	9	false
cache-item-family.fish_barrel.25582	ITEM	25582	25583	9	false
cache-item-family.fish_crate_bluefin.32380	ITEM	32380	32381,32382	9	false
cache-item-family.fish_crate_empty.32366	ITEM	32366	32367	14	false
cache-item-family.fish_crate_giant_krill.32368	ITEM	32368	32369,32370	9	false
cache-item-family.fish_crate_haddock.32371	ITEM	32371	32372,32373	9	false
cache-item-family.fish_crate_halibut.32377	ITEM	32377	32378,32379	9	false
cache-item-family.fish_crate_marlin.32383	ITEM	32383	32384,32385	9	false
cache-item-family.fish_crate_yellowfin.32374	ITEM	32374	32375,32376	9	false
cache-item-family.fish_food.272	ITEM	272	2478,16548	14	true
cache-item-family.fish_offcuts.11334	ITEM	11334	15494	14	false
cache-item-family.fish_pie.7188	ITEM	7188	7189,19182	9	false
cache-item-family.fish_sack.22838	ITEM	22838	22839	9	false
cache-item-family.fish_sack_barrel.25585	ITEM	25585	25586	9	false
cache-item-family.fishbowl.6668	ITEM	6668	6669,6670,6671,6672,18797,18798,18799,18800,18801	9	false
cache-item-family.fishbowl_and_net.6673	ITEM	6673	18802	9	false
cache-item-family.fishbowl_helmet.7534	ITEM	7534	17393	9	false
cache-item-family.fishing_bait.313	ITEM	313	15438	14	true
cache-item-family.fishing_cape.9798	ITEM	9798	9799,14261,14262	9	false
cache-item-family.fishing_guild_teleport.24959	ITEM	24959	24960	9	false
cache-item-family.fishing_hood.9800	ITEM	9800	14263	9	false
cache-item-family.fishing_mix.11479	ITEM	11479	11477,11478,11480,15507,19404	9	false
cache-item-family.fishing_potion.155	ITEM	155	151,152,153,154,156,2438,2439,15261,19335,19336,19337	9	false
cache-item-family.fishing_rod.307	ITEM	307	308,15435	9	true
cache-item-family.fishlike_thing.6202	ITEM	6202	6206,18082,18084	9	true
cache-item-family.five_barrels.8864	ITEM	8864		9	false
cache-item-family.fixed_device.6082	ITEM	6082	17985	9	false
cache-item-family.fiyr_remains.3404	ITEM	3404	3405,17601	14	false
cache-item-family.flamtaer_bag.12854	ITEM	12854	17643,25630	9	false
cache-item-family.flamtaer_bracelet.21180	ITEM	21180	21181,21182	9	false
cache-item-family.flamtaer_hammer.3678	ITEM	3678	3679,17637	9	false
cache-item-family.flared_trousers.10394	ITEM	10394	10395,16107	9	false
cache-item-family.flattened_hide.6171	ITEM	6171	6172,18375	9	false
cache-item-family.flax.1779	ITEM	1779	1780,16297	9	false
cache-item-family.flax_seed.31541	ITEM	31541	31542	9	false
cache-item-family.fletching_cape.9783	ITEM	9783	9784,14246,14247	9	false
cache-item-family.fletching_hood.9785	ITEM	9785	14248	9	false
cache-item-family.fletching_knife.31043	ITEM	31043	31044	9	false
cache-item-family.flighted_ogre_arrow.2865	ITEM	2865	17951	14	false
cache-item-family.flippers.6666	ITEM	6666	18811	9	false
cache-item-family.fluffy_feathers.21248	ITEM	21248		9	true
cache-item-family.fly_fishing_rod.309	ITEM	309	310,15436	9	true
cache-item-family.forester_s_ration.28157	ITEM	28157	28158	14	false
cache-item-family.forestry_basket.28143	ITEM	28143	28144	9	false
cache-item-family.forestry_boots.28175	ITEM	28175	28176	9	false
cache-item-family.forestry_hat.28173	ITEM	28173	28174	9	false
cache-item-family.forestry_kit.28136	ITEM	28136	28137	9	true
cache-item-family.forestry_legs.28171	ITEM	28171	28172	9	false
cache-item-family.forestry_top.28169	ITEM	28169	28170	9	false
cache-item-family.forgotten_brew.27638	ITEM	27638	27629,27630,27631,27632,27633,27634,27635,27636,27637,27639,27640	9	false
cache-item-family.fortis_ash_white.29961	ITEM	29961	29962	9	false
cache-item-family.foul_chunky_potion.33810	ITEM	33810	33807,33808,33809	9	false
cache-item-family.four_barrels.8863	ITEM	8863		9	false
cache-item-family.four_poster_bed.8586	ITEM	8586	8587,14986	14	false
cache-item-family.fox.5608	ITEM	5608	28670	9	false
cache-item-family.fox_fur.29163	ITEM	29163	29164,29165	14	false
cache-item-family.fremennik_beige_shirt.3771	ITEM	3771	3772,16766	9	false
cache-item-family.fremennik_black_cloak.3789	ITEM	3789	3790,16775	9	false
cache-item-family.fremennik_blade.3757	ITEM	3757	16758	9	false
cache-item-family.fremennik_blue_cloak.3763	ITEM	3763	3764,16762	9	false
cache-item-family.fremennik_blue_shirt.3775	ITEM	3775	3776,16768	9	false
cache-item-family.fremennik_boots.3791	ITEM	3791	3792,16776	9	false
cache-item-family.fremennik_brown_cloak.3761	ITEM	3761	3762,16761	9	false
cache-item-family.fremennik_brown_shirt.3767	ITEM	3767	3768,16764	9	false
cache-item-family.fremennik_cyan_cloak.3759	ITEM	3759	3760,16760	9	false
cache-item-family.fremennik_gloves.3799	ITEM	3799	3800,16780	9	false
cache-item-family.fremennik_green_cloak.3765	ITEM	3765	3766,16763	9	false
cache-item-family.fremennik_grey_cloak.3779	ITEM	3779	3780,16770	9	false
cache-item-family.fremennik_grey_shirt.3769	ITEM	3769	3770,16765	9	false
cache-item-family.fremennik_hat.3797	ITEM	3797	3798,16779	9	false
cache-item-family.fremennik_helm.3748	ITEM	3748	16753	9	false
cache-item-family.fremennik_kilt.23246	ITEM	23246	23247,23248,27177	9	false
cache-item-family.fremennik_pink_cloak.3787	ITEM	3787	3788,16774	9	false
cache-item-family.fremennik_purple_cloak.3785	ITEM	3785	3786,16773	9	false
cache-item-family.fremennik_quest_lamp.28551	ITEM	28551		9	false
cache-item-family.fremennik_red_cloak.3777	ITEM	3777	3778,16769	9	false
cache-item-family.fremennik_red_shirt.3773	ITEM	3773	3774,16767	9	false
cache-item-family.fremennik_robe.3793	ITEM	3793	3794,16777	9	false
cache-item-family.fremennik_sea_boots_1.13129	ITEM	13129	18667	9	false
cache-item-family.fremennik_sea_boots_2.13130	ITEM	13130	18668	9	false
cache-item-family.fremennik_sea_boots_3.13131	ITEM	13131	18669	9	false
cache-item-family.fremennik_sea_boots_4.13132	ITEM	13132	18670	9	false
cache-item-family.fremennik_shield.3758	ITEM	3758	16759	9	false
cache-item-family.fremennik_skirt.3795	ITEM	3795	3796,16778	9	false
cache-item-family.fremennik_teal_cloak.3783	ITEM	3783	3784,16772	9	false
cache-item-family.fremennik_yellow_cloak.3781	ITEM	3781	3782,16771	9	false
cache-item-family.fresh_monkfish.7942	ITEM	7942	7943,17062,17063	9	false
cache-item-family.fried_mushrooms.7082	ITEM	7082	7083,19215	9	false
cache-item-family.fried_onions.7084	ITEM	7084	7085,19216	9	false
cache-item-family.frigatebird_feather.32825	ITEM	32825		9	false
cache-item-family.frog_leather_body.10954	ITEM	10954	10955,18401	9	false
cache-item-family.frog_leather_boots.10958	ITEM	10958	10959,18403	9	false
cache-item-family.frog_leather_chaps.10956	ITEM	10956	10957,18402	9	false
cache-item-family.frog_mask.6188	ITEM	6188	18077	9	true
cache-item-family.frog_slippers.23288	ITEM	23288	23289,23290	9	true
cache-item-family.frog_spawn.5004	ITEM	5004	15483	9	false
cache-item-family.frogburger.10962	ITEM	10962	18406	9	false
cache-item-family.frogspawn_gumbo.10961	ITEM	10961	18405	9	false
cache-item-family.frost_dragon_bonemeal.31335	ITEM	31335	31336	9	false
cache-item-family.frost_dragon_bones.31729	ITEM	31729	31730,31731	9	false
cache-item-family.frozen_abyssal_whip.12774	ITEM	12774	15079	9	false
cache-item-family.frozen_tear.29895	ITEM	29895	29896	14	false
cache-item-family.frozen_whip_mix.12769	ITEM	12769	12770,15076	14	false
cache-item-family.fruit_batta.2277	ITEM	2277	2278,9527,9528,18981,19060	9	false
cache-item-family.fruit_blast.2084	ITEM	2084	2085,9514,9515,18975,19076	9	false
cache-item-family.frying_pan.7441	ITEM	7441	7442,14354	9	false
cache-item-family.funky_shaped_log.28138	ITEM	28138	28139	9	false
cache-item-family.fur.6814	ITEM	6814	6815,14295	14	true
cache-item-family.fury_ornament_kit.12526	ITEM	12526	12527,15998	14	false
cache-item-family.gadderhammer.7668	ITEM	7668	7669,17128	9	false
cache-item-family.games_necklace.3867	ITEM	3867	3853,3854,3855,3856,3857,3858,3859,3860,3861,3862,3863,3864,3865,3866,3868,16362,21460	9	false
cache-item-family.garden_pie.7178	ITEM	7178	7179,19179	9	false
cache-item-family.gardening_boots.5345	ITEM	5345	5346,13882	9	false
cache-item-family.gardening_trowel.5325	ITEM	5325	5326,13875	14	false
cache-item-family.garlic.1550	ITEM	1550	1551,16493	14	true
cache-item-family.garlic_powder.4668	ITEM	4668	4669,16470	14	false
cache-item-family.gas_mask.1506	ITEM	1506	17051	9	false
cache-item-family.gauntlet_cape.23859	ITEM	23859	23860	9	false
cache-item-family.gem_bag.766	ITEM	766	12020,16250,25628	9	false
cache-item-family.gem_pouch.33384	ITEM	33384	33385	9	false
cache-item-family.gem_sack.33393	ITEM	33393	33394	9	false
cache-item-family.gem_satchel.33387	ITEM	33387	33388	9	false
cache-item-family.gem_tote.33390	ITEM	33390	33391	9	false
cache-item-family.ghommal_s_avernic_defender_5.27550	ITEM	27550	27551	9	false
cache-item-family.ghommal_s_avernic_defender_6.27552	ITEM	27552	27553	9	false
cache-item-family.ghommal_s_hilt_1.25926	ITEM	25926	25927	9	false
cache-item-family.ghommal_s_hilt_2.25928	ITEM	25928	25929	9	false
cache-item-family.ghommal_s_hilt_3.25930	ITEM	25930	25931	9	false
cache-item-family.ghommal_s_hilt_4.25932	ITEM	25932	25933	9	false
cache-item-family.ghommal_s_hilt_5.25934	ITEM	25934	25935	9	false
cache-item-family.ghommal_s_hilt_6.25936	ITEM	25936	25937	9	false
cache-item-family.ghommal_s_lucky_penny.27544	ITEM	27544	27545	9	false
cache-item-family.ghorrock_teleport.12778	ITEM	12778	15083	9	false
cache-item-family.ghost_buster_500.9906	ITEM	9906	9907,9908,9909,9910,9911,9912	9	true
cache-item-family.ghostly_boots.6106	ITEM	6106	16477	9	false
cache-item-family.ghostly_cloak.6111	ITEM	6111	16482	9	false
cache-item-family.ghostly_gloves.6110	ITEM	6110	16481	9	false
cache-item-family.ghostly_hood.6109	ITEM	6109	16480,27166	9	false
cache-item-family.ghostly_robe.6107	ITEM	6107	6108,16478,16479,27167,27168	9	false
cache-item-family.ghostspeak_amulet.552	ITEM	552	4250,16918,17771	9	false
cache-item-family.ghoul_bone.7881	ITEM	7881	7883,17522,17524	9	false
cache-item-family.ghrazi_rapier.22324	ITEM	22324	22483,22484,23628,23629	9	false
cache-item-family.gianne_dough.2171	ITEM	2171	2172,19038	14	false
cache-item-family.gianne_s_cook_book.2167	ITEM	2167	2168,19036	14	false
cache-item-family.giant_bones.30898	ITEM	30898	30899	9	false
cache-item-family.giant_boot.23252	ITEM	23252	23253,23254	9	false
cache-item-family.giant_carp.337	ITEM	337	15450	9	false
cache-item-family.giant_egg_sac_full.23517	ITEM	23517	23518,23519	14	false
cache-item-family.giant_frog_legs.4517	ITEM	4517	4518,18795	9	false
cache-item-family.giant_krill.32312	ITEM	32312	32313,32314	9	false
cache-item-family.giant_pouch.5514	ITEM	5514	5515,19241	9	false
cache-item-family.giant_rat_bone.7824	ITEM	7824	7826,17465,17467	9	false
cache-item-family.giant_seaweed.21504	ITEM	21504	21505,21506	14	false
cache-item-family.giant_stopwatch.27414	ITEM	27414	27415	9	false
cache-item-family.giantsoul_amulet.30638	ITEM	30638	30637,30639	9	false
cache-item-family.gielinor_s_flora_herbs.23017	ITEM	23017	23018	9	false
cache-item-family.gilded_2h_sword.20155	ITEM	20155	20156,20157	9	true
cache-item-family.gilded_adventure_log.20624	ITEM	20624		9	true
cache-item-family.gilded_armour_set_lg.13036	ITEM	13036	13037,13948	14	true
cache-item-family.gilded_armour_set_sk.13038	ITEM	13038	13039,13949	14	true
cache-item-family.gilded_axe.23279	ITEM	23279	23280,23281	9	true
cache-item-family.gilded_bench.8114	ITEM	8574	8114,8575,14980	14	false
cache-item-family.gilded_boots.12391	ITEM	12391	12392,15836	9	false
cache-item-family.gilded_cape_rack.9820	ITEM	9846	9820,9871,15011	14	false
cache-item-family.gilded_chainbody.20149	ITEM	20149	20150,20151	9	true
cache-item-family.gilded_clock.8054	ITEM	8594	8054,8595,14990	14	false
cache-item-family.gilded_coif.23258	ITEM	23258	23259,23260	9	false
cache-item-family.gilded_d_hide_body.23264	ITEM	23264	23265,23266	9	true
cache-item-family.gilded_d_hide_chaps.23267	ITEM	23267	23268,23269	9	true
cache-item-family.gilded_d_hide_vambraces.23261	ITEM	23261	23262,23263	9	true
cache-item-family.gilded_dragonhide_set.23124	ITEM	23124	23125,23126	9	true
cache-item-family.gilded_dresser.8051	ITEM	8608	8051,8609,14997	14	false
cache-item-family.gilded_four_poster.8588	ITEM	8588	8589,14987	14	false
cache-item-family.gilded_full_helm.3486	ITEM	3486	3487,15833	9	true
cache-item-family.gilded_hasta.20161	ITEM	20161	20162,20163	9	false
cache-item-family.gilded_kiteshield.3488	ITEM	3488	3489,15834	9	true
cache-item-family.gilded_magic_wardrobe.9857	ITEM	9857	9882,15022	14	false
cache-item-family.gilded_med_helm.20146	ITEM	20146	20147,20148	9	true
cache-item-family.gilded_pickaxe.23276	ITEM	23276	23277,23278	9	true
cache-item-family.gilded_platebody.3481	ITEM	3481	3482,15830	9	true
cache-item-family.gilded_platelegs.3483	ITEM	3483	3484,15831	9	true
cache-item-family.gilded_plateskirt.3485	ITEM	3485	3677,15832	9	true
cache-item-family.gilded_scimitar.12389	ITEM	12389	12390,15835	9	true
cache-item-family.gilded_smile_flag.8967	ITEM	8967	16217	9	false
cache-item-family.gilded_spade.23282	ITEM	23282	23283,23284	9	true
cache-item-family.gilded_spear.20158	ITEM	20158	20159,20160	9	false
cache-item-family.gilded_sq_shield.20152	ITEM	20152	20153,20154	9	true
cache-item-family.gilded_staff_of_collection.30613	ITEM	30613	30614	9	false
cache-item-family.gilded_wardrobe.8044	ITEM	8622	8044,8623,9834,15004	14	false
cache-item-family.gin.2019	ITEM	2019	2020,19080	9	false
cache-item-family.giral_bat_2.20875	ITEM	20875		9	false
cache-item-family.glacial_temotli.29889	ITEM	29889	29890,29891	9	false
cache-item-family.glarial_s_amulet.295	ITEM	295	16975	9	false
cache-item-family.glassblowing_book.11656	ITEM	11656	11657,18042	9	false
cache-item-family.glassblowing_pipe.1785	ITEM	1785	1786,16300	9	false
cache-item-family.globetrotter_pendant.28765	ITEM	28765	28766	9	false
cache-item-family.gloves_of_darkness.20134	ITEM	20134	20135,20136	9	false
cache-item-family.gloves_of_ruin.27434	ITEM	27434	27435	9	true
cache-item-family.gloves_of_silence.10075	ITEM	10075	10076,15391	9	false
cache-item-family.glowing_dagger.747	ITEM	747	16813	9	false
cache-item-family.gnome_amulet.589	ITEM	589	17648	9	false
cache-item-family.gnome_goggles.9472	ITEM	9472	9473,18704	9	false
cache-item-family.gnome_quest_lamp.28553	ITEM	28553		9	false
cache-item-family.gnome_scarf.9470	ITEM	9470	9471,18703	9	false
cache-item-family.gnome_spice.2169	ITEM	2169	2170,19037	14	false
cache-item-family.gnomeball.751	ITEM	751	752,15621	14	false
cache-item-family.gnomebowl_mould.2166	ITEM	2166	9587,19035	9	false
cache-item-family.gnomish_firelighter.20275	ITEM	20275	20276,20277,20278,20279	9	false
cache-item-family.goading_potion.30146	ITEM	30146	30137,30138,30139,30140,30141,30142,30143,30144,30145,30147,30148	9	false
cache-item-family.goat_dung.22590	ITEM	22590		9	false
cache-item-family.goat_horn_dust.9736	ITEM	9736	9737,15284	14	false
cache-item-family.goblin_book.10999	ITEM	10999	11000,17850	14	false
cache-item-family.goblin_mail.288	ITEM	288	289,16428	9	true
cache-item-family.goblin_mask.12251	ITEM	12251	12252,15866	9	false
cache-item-family.goblin_potion.26587	ITEM	26587	26581,26582,26583,26584,26585,26586,26588	9	false
cache-item-family.goblin_village_sphere.11060	ITEM	11060	17848	9	false
cache-item-family.godsword_blade.11798	ITEM	11798	11799,18341	14	false
cache-item-family.godsword_shard_1.11818	ITEM	11818	11819,18335	14	false
cache-item-family.godsword_shard_2.11820	ITEM	11820	11821,18336	14	false
cache-item-family.godsword_shard_3.11822	ITEM	11822	11823,18337	14	false
cache-item-family.gold_amulet.1692	ITEM	1692	1693,16340	9	true
cache-item-family.gold_amulet_u.1673	ITEM	1673	1674,16334	14	true
cache-item-family.gold_bracelet.11068	ITEM	11068	11069,11070,16254	9	false
cache-item-family.gold_coffin.25467	ITEM	25467	25468	9	false
cache-item-family.gold_elegant_blouse.12343	ITEM	12343	12344,15912	9	false
cache-item-family.gold_elegant_legs.12349	ITEM	12349	12350,15915	9	false
cache-item-family.gold_elegant_shirt.12347	ITEM	12347	12348,15914	9	false
cache-item-family.gold_elegant_skirt.12345	ITEM	12345	12346,15913	9	false
cache-item-family.gold_headband.12303	ITEM	12303	12304,15892	9	false
cache-item-family.gold_helmet.4567	ITEM	4567	17431	9	false
cache-item-family.gold_leaf.4692	ITEM	8784	4692,8785,14942,17008	14	false
cache-item-family.gold_locks.25454	ITEM	25454	25455,25456	14	false
cache-item-family.gold_ore_fragment.21535	ITEM	21535		9	false
cache-item-family.gold_satchel.10881	ITEM	10881	16597,25622	9	false
cache-item-family.gold_seal.9040	ITEM	9040	9041,16174	14	false
cache-item-family.gold_tiara.26788	ITEM	26788	26789,26790	9	false
cache-item-family.golden_apron.20208	ITEM	20208	20209,20210	9	true
cache-item-family.golden_bowl.723	ITEM	723	724,725,726,16793,16794,16795,16796	9	false
cache-item-family.golden_chef_s_hat.20205	ITEM	20205	20206,20207	9	true
cache-item-family.golden_feather.2950	ITEM	2950	10175,16500,18001	9	false
cache-item-family.golden_hammer.2949	ITEM	2949	16499	9	false
cache-item-family.golden_needle.2951	ITEM	2951	16501	9	false
cache-item-family.golden_prospector_boots.25555	ITEM	25555	25556	9	false
cache-item-family.golden_prospector_helmet.25549	ITEM	25549	25550	9	false
cache-item-family.golden_prospector_jacket.25551	ITEM	25551	25552	9	false
cache-item-family.golden_prospector_legs.25553	ITEM	25553	25554	9	false
cache-item-family.golden_scarab.9028	ITEM	9028	9029,16168	14	false
cache-item-family.golden_statuette.9034	ITEM	9034	9035,16171	14	false
cache-item-family.golden_tench.22840	ITEM	22840	22841	9	false
cache-item-family.golden_tinderbox.2946	ITEM	2946	16496	9	false
cache-item-family.golden_wool.3694	ITEM	3694	16745	9	false
cache-item-family.goldsmith_gauntlets.776	ITEM	776	17652	9	false
cache-item-family.golovanova_fruit.13426	ITEM	13426		9	false
cache-item-family.golovanova_fruit_top.19653	ITEM	19653	19654,19655	14	false
cache-item-family.golovanova_seed.13423	ITEM	13423		9	false
cache-item-family.golpar_seed.20906	ITEM	20906		9	false
cache-item-family.gorgeous_orange_lily_seed.27038	ITEM	27038		9	true
cache-item-family.gorilla_bonemeal.4265	ITEM	4265	17801	9	false
cache-item-family.gorilla_bones.3181	ITEM	3181	17942	9	false
cache-item-family.gourmet_impling_jar.11242	ITEM	11242	11243,15666	14	false
cache-item-family.gout_tuber.6311	ITEM	6311	6312,18720	9	false
cache-item-family.graahk_fur.10099	ITEM	10099	10100,15351	14	false
cache-item-family.graahk_headdress.10051	ITEM	10051	10052,15362	9	false
cache-item-family.graahk_legs.10047	ITEM	10047	10048,15360	9	false
cache-item-family.graahk_top.10049	ITEM	10049	10050,15361	9	false
cache-item-family.graceful_boots.11860	ITEM	11860	11861,13589,13590,13601,13602,13613,13614,13625,13626,13637,13638,13677,13678,18213,18488,18494,18500,18506,18512,18518,21076,21077,21078,24758,24759,24760,25084,25085,25086,27459,27460,27461,30060,30061,30062	9	false
cache-item-family.graceful_cape.11852	ITEM	11852	11853,13581,13582,13593,13594,13605,13606,13617,13618,13629,13630,13669,13670,18209,18484,18490,18496,18502,18508,18514,21064,21065,21066,24746,24747,24748,25072,25073,25074,27447,27448,27449,30048,30049,30050	9	false
cache-item-family.graceful_gloves.11858	ITEM	11858	11859,13587,13588,13599,13600,13611,13612,13623,13624,13635,13636,13675,13676,18212,18487,18493,18499,18505,18511,18517,21073,21074,21075,24755,24756,24757,25081,25082,25083,27456,27457,27458,30057,30058,30059	9	false
cache-item-family.graceful_hood.11850	ITEM	11850	11851,13579,13580,13591,13592,13603,13604,13615,13616,13627,13628,13667,13668,18208,18483,18489,18495,18501,18507,18513,21061,21062,21063,24743,24744,24745,25069,25070,25071,27444,27445,27446,30045,30046,30047	9	false
cache-item-family.graceful_legs.11856	ITEM	11856	11857,13585,13586,13597,13598,13609,13610,13621,13622,13633,13634,13673,13674,18211,18486,18492,18498,18504,18510,18516,21070,21071,21072,24752,24753,24754,25078,25079,25080,27453,27454,27455,30054,30055,30056	9	false
cache-item-family.graceful_top.11854	ITEM	11854	11855,13583,13584,13595,13596,13607,13608,13619,13620,13631,13632,13671,13672,18210,18485,18491,18497,18503,18509,18515,21067,21068,21069,24749,24750,24751,25075,25076,25077,27450,27451,27452,30051,30052,30053	9	false
cache-item-family.grail_bell.17	ITEM	17	16940	9	false
cache-item-family.grain.1947	ITEM	1947	1948,5607,18939,27225	9	false
cache-item-family.grand_seed_pod.9469	ITEM	9469	18702	9	false
cache-item-family.granite_2kg.6981	ITEM	6981	6982,16559	9	false
cache-item-family.granite_500g.6979	ITEM	6979	6980,16558	9	false
cache-item-family.granite_5kg.6983	ITEM	6983	6984,16560	9	false
cache-item-family.granite_body.10564	ITEM	10564	10565,14090	9	false
cache-item-family.granite_boots.21643	ITEM	21643	21644,21645	9	false
cache-item-family.granite_cannonball.21728	ITEM	21728	21729,33404,33405	9	false
cache-item-family.granite_clamp.12849	ITEM	12849	12850,15098	9	false
cache-item-family.granite_dust.21726	ITEM	21726	21727	9	false
cache-item-family.granite_gloves.21736	ITEM	21736	21737,21738	9	false
cache-item-family.granite_hammer.21742	ITEM	21742	21743,21744	9	false
cache-item-family.granite_helm.10589	ITEM	10589	10590,14089	9	false
cache-item-family.granite_legs.6809	ITEM	6809	6813,14091	9	false
cache-item-family.granite_longsword.21646	ITEM	21646	21647,21648	9	false
cache-item-family.granite_maul.4153	ITEM	4153	4154,12848,14033,14034,20557,24225,24226,24227,24228	9	false
cache-item-family.granite_ring.21739	ITEM	21739	21740,21741	9	false
cache-item-family.granite_ring_i.21752	ITEM	21752	21753,25193,25194,26685,27067	9	false
cache-item-family.granite_shield.3122	ITEM	3122	3134,14130	9	false
cache-item-family.granite_tablet.28817	ITEM	28817		9	false
cache-item-family.grape_barrel.30037	ITEM	30037		9	false
cache-item-family.grape_seed.13657	ITEM	13657	13782	9	false
cache-item-family.grapes.1987	ITEM	1987	1988,19142	14	true
cache-item-family.greater_demon_mask.20023	ITEM	20023	20024,20025	9	false
cache-item-family.greater_siren.22835	ITEM	22835	22836,22837	14	false
cache-item-family.green_banner.13328	ITEM	13328		9	true
cache-item-family.green_boater.7323	ITEM	7323	7324,16010	9	false
cache-item-family.green_boots.628	ITEM	628	629,14049	9	false
cache-item-family.green_candy.24985	ITEM	24985	25123	9	false
cache-item-family.green_cape.1027	ITEM	1027	1028,14381	9	true
cache-item-family.green_d_hide_body.1135	ITEM	1135	1136,7370,7371,7372,7373,14110,16035,16036	9	true
cache-item-family.green_d_hide_chaps.1099	ITEM	1099	1100,7378,7379,7380,7381,14186,16039,16040	9	true
cache-item-family.green_d_hide_shield.22275	ITEM	22275	22276,22277	9	false
cache-item-family.green_d_hide_vambraces.1065	ITEM	1065	1066,14200	9	true
cache-item-family.green_dark_bow_paint.12759	ITEM	12759	12760,15069	14	false
cache-item-family.green_dragon_leather.1745	ITEM	1745	1746,16277	9	false
cache-item-family.green_dragon_mask.12518	ITEM	12518	12519,15994	9	false
cache-item-family.green_dragonhide.1753	ITEM	1753	1754,16284	9	false
cache-item-family.green_dragonhide_set.12865	ITEM	12865	12866,13900	9	true
cache-item-family.green_dye.1771	ITEM	1771	1772,16293	14	true
cache-item-family.green_elegant_blouse.10432	ITEM	10432	10433,16126	9	false
cache-item-family.green_elegant_legs.10414	ITEM	10414	10415,16117	9	false
cache-item-family.green_elegant_shirt.10412	ITEM	10412	10413,16116	9	false
cache-item-family.green_elegant_skirt.10434	ITEM	10434	10435,16127	9	false
cache-item-family.green_firelighter.7330	ITEM	7330	16014	14	false
cache-item-family.green_gloop_soup.10960	ITEM	10960	18404	9	false
cache-item-family.green_goblin_mail.9057	ITEM	9057	16425	9	true
cache-item-family.green_hat.658	ITEM	658	659,14064	9	false
cache-item-family.green_headband.12307	ITEM	12307	12308,15894	9	false
cache-item-family.green_logs.7405	ITEM	7405	13980	9	false
cache-item-family.green_naval_shirt.8953	ITEM	8953	16203	9	false
cache-item-family.green_navy_slacks.8992	ITEM	8992	16226	9	false
cache-item-family.green_robe_bottoms.648	ITEM	648	649,14059	9	false
cache-item-family.green_robe_top.638	ITEM	638	639,14054	9	false
cache-item-family.green_satchel.10878	ITEM	10878	16594,25619	9	false
cache-item-family.green_slayer_helmet.19643	ITEM	19643	19644	9	false
cache-item-family.green_slayer_helmet_i.19645	ITEM	19645	19646,25181,25182,26676,27058	9	false
cache-item-family.green_spiky_vambraces.10079	ITEM	10079	10080,15395	9	false
cache-item-family.green_tricorn_hat.8960	ITEM	8960	16210	9	false
cache-item-family.greenman_carving.31024	ITEM	31024	31025,31026,31030	14	false
cache-item-family.greenman_mask.31034	ITEM	31034	31035,31036,31037,31038,31039,31040,31041,31042	13	false
cache-item-family.greenman_s_ale.1909	ITEM	1909	1910,7746,7747,8242,8522,8523,14961,19151	9	false
cache-item-family.greenman_s_ale_m.5743	ITEM	5743	5744,19152	9	false
cache-item-family.greenman_statue.31027	ITEM	31027	31028,31029,31031	14	false
cache-item-family.greenmans_ale_1.5787	ITEM	5787	5788,5789,5790,5791,5792,5793,5794,18889	10	false
cache-item-family.greenmans_ale_m4.5873	ITEM	5873	5867,5868,5869,5870,5871,5872,5874,18899	13	false
cache-item-family.grey_boots.2894	ITEM	2894	2895,18830	9	true
cache-item-family.grey_gloves.2902	ITEM	2902	2903,18834	9	true
cache-item-family.grey_hat.2900	ITEM	2900	2901,18833	9	false
cache-item-family.grey_naval_shirt.8958	ITEM	8958	16208	9	false
cache-item-family.grey_navy_slacks.8997	ITEM	8997	16231	9	false
cache-item-family.grey_robe_bottoms.2898	ITEM	2898	2899,18832	9	false
cache-item-family.grey_robe_top.2896	ITEM	2896	2897,18831	9	false
cache-item-family.grey_toy_horsey.2526	ITEM	2526	2527,14307	14	true
cache-item-family.grey_tricorn_hat.8965	ITEM	8965	16215	9	false
cache-item-family.grey_wolf_fur.958	ITEM	958	959,14299	14	false
cache-item-family.griffin_feather.11196	ITEM	11196	17815	9	false
cache-item-family.grimy_ardrigal.1527	ITEM	1527	15211	9	false
cache-item-family.grimy_avantoe.211	ITEM	211	212,15202	9	false
cache-item-family.grimy_buchu_leaf.20907	ITEM	20907		9	false
cache-item-family.grimy_cadantine.215	ITEM	215	216,15205	9	false
cache-item-family.grimy_dwarf_weed.217	ITEM	217	218,15207	9	false
cache-item-family.grimy_golpar.20904	ITEM	20904		9	false
cache-item-family.grimy_guam_leaf.199	ITEM	199	200,15196	9	false
cache-item-family.grimy_harralander.205	ITEM	205	206,15199	9	false
cache-item-family.grimy_huasca.30094	ITEM	30094	30095,30096	9	false
cache-item-family.grimy_irit_leaf.209	ITEM	209	210,15201	9	false
cache-item-family.grimy_kwuarm.213	ITEM	213	214,15204	9	false
cache-item-family.grimy_lantadyme.2485	ITEM	2485	2486,15206	9	false
cache-item-family.grimy_marrentill.201	ITEM	201	202,15197	9	false
cache-item-family.grimy_note.29558	ITEM	29558		9	false
cache-item-family.grimy_noxifer.20901	ITEM	20901		9	false
cache-item-family.grimy_ranarr_weed.207	ITEM	207	208,15200	9	false
cache-item-family.grimy_rogue_s_purse.1533	ITEM	1533	15214	9	false
cache-item-family.grimy_sito_foil.1529	ITEM	1529	15212	9	false
cache-item-family.grimy_snake_weed.1525	ITEM	1525	15210	9	false
cache-item-family.grimy_snapdragon.3051	ITEM	3051	3052,15209	9	false
cache-item-family.grimy_tarromin.203	ITEM	203	204,15198	9	false
cache-item-family.grimy_toadflax.3049	ITEM	3049	3050,15203	9	false
cache-item-family.grimy_torstol.219	ITEM	219	220,15208	9	false
cache-item-family.grimy_volencia_moss.1531	ITEM	1531	15213	9	false
cache-item-family.grog.1915	ITEM	1915	1916,19157	9	false
cache-item-family.ground_bat_bones.2391	ITEM	2391	2392,17089	9	false
cache-item-family.ground_guam.6681	ITEM	6681	6682,18807	14	false
cache-item-family.group_ironman_bracers.26168	ITEM	26168	26169	9	true
cache-item-family.group_ironman_bracers_unranked.27046	ITEM	27046	27047	9	true
cache-item-family.group_ironman_helm.26156	ITEM	26156	26157	9	true
cache-item-family.group_ironman_helm_unranked.27042	ITEM	27042	27043	9	true
cache-item-family.group_ironman_platebody.26158	ITEM	26158	26159,26160,26161,26162,26163,26164,26165	9	true
cache-item-family.group_ironman_platebody_unranked.27048	ITEM	27048	27049,27050,27051,27052,27053,27054,27055	9	true
cache-item-family.group_ironman_platelegs.26166	ITEM	26166	26167	9	true
cache-item-family.group_ironman_platelegs_unranked.27044	ITEM	27044	27045	9	true
cache-item-family.grubby_key.23499	ITEM	23499	23500,23501,28803	14	false
cache-item-family.grubs_la_mode.10966	ITEM	10966	18410	9	false
cache-item-family.gryphon_feather.31235	ITEM	31235	31236	9	false
cache-item-family.guam_leaf.249	ITEM	249	250,15215	14	false
cache-item-family.guam_potion_unf.91	ITEM	91	92,19287	9	false
cache-item-family.guam_seed.5291	ITEM	5291	13765	9	false
cache-item-family.guam_tar.10142	ITEM	10142	15370	9	false
cache-item-family.guanic_bat_0.20871	ITEM	20871		9	false
cache-item-family.guardian_boots.21733	ITEM	21733	21734,21735	9	false
cache-item-family.guardian_essence.26879	ITEM	26879		9	false
cache-item-family.guild_hunter_boots.29269	ITEM	29269	29270	9	false
cache-item-family.guild_hunter_headwear.29263	ITEM	29263	29264	9	false
cache-item-family.guild_hunter_legs.29267	ITEM	29267	29268	9	false
cache-item-family.guild_hunter_top.29265	ITEM	29265	29266	9	false
cache-item-family.guthan_s_armour_set.12873	ITEM	12873	12874,13906	14	false
cache-item-family.guthan_s_chainskirt.4730	ITEM	4730	4731,4922,4923,4924,4925,4926,4927,15729,15730	9	false
cache-item-family.guthan_s_helm.4724	ITEM	4724	4725,4904,4905,4906,4907,4908,4909,15723,15724,23638	9	false
cache-item-family.guthan_s_platebody.4728	ITEM	4728	4729,4916,4917,4918,4919,4920,4921,15727,15728	9	false
cache-item-family.guthan_s_warspear.4726	ITEM	4726	4727,4910,4911,4912,4913,4914,4915,15725,15726	9	false
cache-item-family.guthix_armour_set_lg.13048	ITEM	13048	13049,13954	14	true
cache-item-family.guthix_armour_set_sk.13050	ITEM	13050	13051,13955	14	true
cache-item-family.guthix_balance_4.7660	ITEM	7660	7661,7662,7663,7664,7665,7666,7667,17127,19448,19449,19450	13	false
cache-item-family.guthix_balance_unf.7652	ITEM	7652	7653,7654,7655,7656,7657,7658,7659,19444,19445,19446,19447	9	false
cache-item-family.guthix_bracers.10376	ITEM	10376	10377,16098	9	false
cache-item-family.guthix_cape.2413	ITEM	2413	15616	9	false
cache-item-family.guthix_chaps.10380	ITEM	10380	10381,16100,27180	9	false
cache-item-family.guthix_cloak.10448	ITEM	10448	10449,16134	9	false
cache-item-family.guthix_coif.10382	ITEM	10382	10383,16101	9	false
cache-item-family.guthix_crozier.10442	ITEM	10442	10443,16131	9	false
cache-item-family.guthix_d_hide_body.10378	ITEM	10378	10379,16099	9	false
cache-item-family.guthix_d_hide_boots.19927	ITEM	19927	19928,19929	9	false
cache-item-family.guthix_d_hide_shield.23188	ITEM	23188	23189,23190	9	false
cache-item-family.guthix_dragonhide_set.13165	ITEM	13165	13166,13972	9	false
cache-item-family.guthix_full_helm.2673	ITEM	2673	2674,15813	9	true
cache-item-family.guthix_halo.12639	ITEM	12639	15656,24171,27163	9	false
cache-item-family.guthix_kiteshield.2675	ITEM	2675	2676,15814	9	true
cache-item-family.guthix_max_cape.13335	ITEM	13335	14289	9	false
cache-item-family.guthix_max_hood.13336	ITEM	13336	14290	9	false
cache-item-family.guthix_mitre.10454	ITEM	10454	10455,16137	9	false
cache-item-family.guthix_mjolnir.6760	ITEM	6760	6761,16511	9	false
cache-item-family.guthix_page_1.3835	ITEM	3835	14424	14	false
cache-item-family.guthix_page_2.3836	ITEM	3836	14425	14	false
cache-item-family.guthix_page_3.3837	ITEM	3837	14426	14	false
cache-item-family.guthix_page_4.3838	ITEM	3838	14427	14	false
cache-item-family.guthix_platebody.2669	ITEM	2669	2670,15810	9	true
cache-item-family.guthix_platelegs.2671	ITEM	2671	2672,15811	9	true
cache-item-family.guthix_plateskirt.3480	ITEM	3480	3676,15812	9	true
cache-item-family.guthix_rest_4.4417	ITEM	4417	4418,4419,4420,4421,4422,4423,4424,17685,19467,19468,19469	13	false
cache-item-family.guthix_robe_legs.10466	ITEM	10466	10467,16143	9	false
cache-item-family.guthix_robe_top.10462	ITEM	10462	10463,16141	9	false
cache-item-family.guthix_staff.2416	ITEM	2416	15619	9	false
cache-item-family.guthix_stole.10472	ITEM	10472	10473,16146	9	false
cache-item-family.guthixian_temple_teleport.29684	ITEM	29684	29685	9	false
cache-item-family.haddock.32320	ITEM	32320	32321,32322	9	false
cache-item-family.haddock_eye.32357	ITEM	32357	32358,32359	14	false
cache-item-family.haemostatic_dressing.31590	ITEM	31590	31591,31592,31593,31594,31595,31596,31597,31598,31599,31600,31601	14	false
cache-item-family.haemostatic_poultice.31587	ITEM	31587	31588,31589	9	false
cache-item-family.hair.10814	ITEM	10814	10815,17661	14	false
cache-item-family.half_a_botanical_pie.19659	ITEM	19659	19660,19661	9	false
cache-item-family.half_a_dragonfruit_pie.22792	ITEM	22792	22793,22794	9	false
cache-item-family.half_a_fish_pie.7190	ITEM	7190	7191,19183	9	false
cache-item-family.half_a_garden_pie.7180	ITEM	7180	7181,19180	9	false
cache-item-family.half_a_meat_pie.2331	ITEM	2331	2332,18928	9	true
cache-item-family.half_a_mushroom_pie.21687	ITEM	21687	21688,21689	9	false
cache-item-family.half_a_redberry_pie.2333	ITEM	2333	2334,18929	9	true
cache-item-family.half_a_summer_pie.7220	ITEM	7220	7221,19192	9	false
cache-item-family.half_a_wild_pie.7210	ITEM	7210	7211,19189	9	false
cache-item-family.half_an_admiral_pie.7200	ITEM	7200	7201,19186	9	false
cache-item-family.half_an_apple_pie.2335	ITEM	2335	2336,18930	9	true
cache-item-family.half_full_wine_jug.1989	ITEM	1989	1990,19143	9	true
cache-item-family.half_moon_spectacles.20053	ITEM	20053	20054,20055	9	false
cache-item-family.halibut.32336	ITEM	32336	32337,32338	9	false
cache-item-family.hallowed_crystal_shard.24709	ITEM	24709	24710	9	false
cache-item-family.hallowed_flail.33718	ITEM	33718	33719	9	false
cache-item-family.hallowed_focus.24723	ITEM	24723	24724	9	false
cache-item-family.hallowed_grapple.24721	ITEM	24721	24722	9	false
cache-item-family.hallowed_hammer.24727	ITEM	24727	24728	9	false
cache-item-family.hallowed_ring.24731	ITEM	24731	24732	9	false
cache-item-family.hallowed_symbol.24725	ITEM	24725	24726	9	false
cache-item-family.hallowed_token.24719	ITEM	24719	24720	9	false
cache-item-family.ham_boots.4310	ITEM	4310	4311,18700	9	false
cache-item-family.ham_cloak.4304	ITEM	4304	4305,18697	9	false
cache-item-family.ham_gloves.4308	ITEM	4308	4309,18699	9	false
cache-item-family.ham_hood.4302	ITEM	4302	4303,18696	9	false
cache-item-family.ham_joint.23360	ITEM	23360	23361,23362	9	true
cache-item-family.ham_logo.4306	ITEM	4306	4307,18698	9	false
cache-item-family.ham_robe.4300	ITEM	4300	4301,18695	9	false
cache-item-family.ham_shirt.4298	ITEM	4298	4299,18694	9	false
cache-item-family.hammerhead_shark_jaw.32810	ITEM	32810		9	false
cache-item-family.hammerhead_shark_liver.32829	ITEM	32829		9	false
cache-item-family.hammerstone_hops.5994	ITEM	5994	5995,13862	9	false
cache-item-family.hammerstone_seed.5307	ITEM	5307	13805	9	false
cache-item-family.hard_hat.10862	ITEM	10862	16581	9	false
cache-item-family.hard_leather.1743	ITEM	1743	1744,16276	9	true
cache-item-family.hard_leather_shield.22269	ITEM	22269	22270,22271	9	false
cache-item-family.hardcore_group_ironman_bracers.26182	ITEM	26182	26183	9	true
cache-item-family.hardcore_group_ironman_helm.26170	ITEM	26170	26171	9	true
cache-item-family.hardcore_group_ironman_platebody.26172	ITEM	26172	26173,26174,26175,26176,26177,26178,26179	9	true
cache-item-family.hardcore_group_ironman_platelegs.26180	ITEM	26180	26181	9	true
cache-item-family.hardcore_ironman_helm.20792	ITEM	20792	20793	9	true
cache-item-family.hardcore_ironman_platebody.20794	ITEM	20794	20795	9	true
cache-item-family.hardcore_ironman_platelegs.20796	ITEM	20796	20797	9	true
cache-item-family.hardleather_gloves.7453	ITEM	7453	14360	9	false
cache-item-family.harmonised_nightmare_staff.24423	ITEM	24423	24508	9	false
cache-item-family.harmonised_orb.24511	ITEM	24511	24512,24513	14	false
cache-item-family.harmony_island_teleport.19625	ITEM	19625	19626	9	false
cache-item-family.harpoon.311	ITEM	311	312,15437	9	true
cache-item-family.harpoonfish.25565	ITEM	25565		9	false
cache-item-family.harralander.255	ITEM	255	256,15218	14	false
cache-item-family.harralander_potion_unf.97	ITEM	97	98,19290	9	false
cache-item-family.harralander_seed.5294	ITEM	5294	13768	9	false
cache-item-family.harralander_tar.10145	ITEM	10145	15373	9	false
cache-item-family.harry_s_cutlass.7141	ITEM	7141	16934	9	false
cache-item-family.hat_eyepatch.8928	ITEM	8928	9002,18765	9	false
cache-item-family.hat_of_the_eye.26850	ITEM	26850	26851	9	false
cache-item-family.hat_of_the_eye_blue.26870	ITEM	26870	26871	9	false
cache-item-family.hat_of_the_eye_green.26864	ITEM	26864	26865	9	false
cache-item-family.hat_of_the_eye_red.26858	ITEM	26858	26859	9	false
cache-item-family.hazeel_s_mark.2406	ITEM	2406	17426	9	false
cache-item-family.headless_arrow.53	ITEM	53	18232	14	false
cache-item-family.headless_atlatl_dart.31010	ITEM	31010	31011	14	false
cache-item-family.healer_hat.10547	ITEM	10547	15675,24172	9	false
cache-item-family.healer_icon.10559	ITEM	10559	10567,20802,22308,22309,22310,22311,23478,23479,23480,23481,23482,23483,23484,23485,23486	9	true
cache-item-family.heat_proof_vessel.21539	ITEM	21539		9	false
cache-item-family.heavy_ballista.19481	ITEM	19481	19482,19483,23630,23631,26712,27097	9	false
cache-item-family.heavy_casket.19941	ITEM	19941	19942	9	false
cache-item-family.heavy_frame.19589	ITEM	19589	19590,19591	14	false
cache-item-family.helm_of_neitiznot.10828	ITEM	10828	10843,17668,23591,23592,28070,28071	9	false
cache-item-family.helm_of_raedwald.19687	ITEM	19687	19688	9	false
cache-item-family.helmet_of_the_moon.30111	ITEM	30111	30112	9	false
cache-item-family.hemp.31457	ITEM	31457	31458,31459	14	false
cache-item-family.hemp_seed.31543	ITEM	31543	31544	9	false
cache-item-family.hemp_trawling_net.32222	ITEM	32222		9	true
cache-item-family.hemp_yarn.31466	ITEM	31466	31467,31468	14	false
cache-item-family.herb_sack.13226	ITEM	13226	14017	9	false
cache-item-family.herb_tea_mix.4464	ITEM	4464	4465,4466,4467,4468,4469,4470,4471,4472,4473,4474,4475,4476,4477,4478,4479,4480,4481,4482,4483	9	false
cache-item-family.herblore_cape.9774	ITEM	9774	9775,14237,14238	9	false
cache-item-family.herblore_hood.9776	ITEM	9776	14239	9	false
cache-item-family.hespori_bark.25968	ITEM	25968		9	false
cache-item-family.hespori_seed.22875	ITEM	22875	22876	9	false
cache-item-family.highwayman_mask.2631	ITEM	2631	2632,15779	9	false
cache-item-family.hill_giant_club.20756	ITEM	20756	20757,20758	9	true
cache-item-family.hitpoints_cape.9768	ITEM	9768	9769,14231,14232	9	false
cache-item-family.hitpoints_hood.9770	ITEM	9770	14233	9	false
cache-item-family.holy_blessing.20220	ITEM	20220	20221,20222	9	false
cache-item-family.holy_book.3840	ITEM	3840	14405,26496,26497	9	false
cache-item-family.holy_book_page_set.13149	ITEM	13149	13150,13964	14	false
cache-item-family.holy_elixir.12833	ITEM	12833	12834,15339	14	false
cache-item-family.holy_ghrazi_rapier.25734	ITEM	25734	25735	9	false
cache-item-family.holy_moleys.33002	ITEM	33002	33003	9	false
cache-item-family.holy_mould.1599	ITEM	1599	1600,16368	9	true
cache-item-family.holy_sandals.12598	ITEM	12598	12599,16007	9	false
cache-item-family.holy_sanguinesti_staff.25731	ITEM	25731	25732,25733	9	false
cache-item-family.holy_scythe_of_vitur.25736	ITEM	25736	25737,25738	9	false
cache-item-family.holy_symbol.1718	ITEM	1718	1719,4682,16349	9	false
cache-item-family.holy_water.732	ITEM	732	16801	9	false
cache-item-family.holy_wraps.19997	ITEM	19997	19998,19999	9	false
cache-item-family.holy_wrench.6714	ITEM	6714	16389	9	false
cache-item-family.honourable_blessing.20229	ITEM	20229	20230,20231	9	false
cache-item-family.hood_of_darkness.20128	ITEM	20128	20129,20130	9	false
cache-item-family.hood_of_ruin.27428	ITEM	27428	27429	9	true
cache-item-family.hooded_slayer_helmet.33066	ITEM	33066	33067	9	false
cache-item-family.hooded_slayer_helmet_i.33068	ITEM	33068	33069,33070,33071,33072,33073	9	false
cache-item-family.hoop_snake.21624	ITEM	21624	21625	9	true
cache-item-family.horizon_s_lure.31823	ITEM	31823	31824,31825	9	false
cache-item-family.horn_of_plenty.31241	ITEM	31241	31242,31243,31244	9	false
cache-item-family.hosidius_banner.20254	ITEM	20254	20255,20256	9	false
cache-item-family.hosidius_hood.20116	ITEM	20116	20117,20118	9	false
cache-item-family.hosidius_scarf.19946	ITEM	19946	19947,19948	9	false
cache-item-family.hosidius_teleport.19651	ITEM	19651	19652	9	false
cache-item-family.huasca.30097	ITEM	30097	30098,30099	14	false
cache-item-family.huasca_potion_unf.30100	ITEM	30100	30101,30102	9	false
cache-item-family.huasca_seed.30088	ITEM	30088	30089	9	false
cache-item-family.hueycoatl_hide.30085	ITEM	30085	30086,30087	9	false
cache-item-family.hueycoatl_hide_armour_set.31169	ITEM	31169	31170,31171	9	false
cache-item-family.hueycoatl_hide_body.30076	ITEM	30076	30077,30078	9	false
cache-item-family.hueycoatl_hide_chaps.30079	ITEM	30079	30080,30081	9	false
cache-item-family.hueycoatl_hide_coif.30073	ITEM	30073	30074,30075	9	false
cache-item-family.hueycoatl_hide_vambraces.30082	ITEM	30082	30083,30084	9	false
cache-item-family.human_bones.12839	ITEM	12839		9	true
cache-item-family.hunter_cape.9948	ITEM	9948	9949,14228,14229	9	false
cache-item-family.hunter_hood.9950	ITEM	9950	14230	9	false
cache-item-family.hunter_potion.10004	ITEM	10004	9998,9999,10000,10001,10002,10003,10005,15280,19383,19384,19385	9	false
cache-item-family.hunter_s_honour.12855	ITEM	12855	15100	9	false
cache-item-family.hunter_s_spear.29305	ITEM	29305	29306	9	false
cache-item-family.hunter_spear_tips.29311	ITEM	29311	29312	14	false
cache-item-family.hunters_crossbow.10156	ITEM	10156	10157,15416	9	false
cache-item-family.hunters_sunlight_crossbow.28869	ITEM	28869	28870,28871	9	false
cache-item-family.hunters_talisman.3696	ITEM	3696	3697,16751,16752	9	false
cache-item-family.hunting_knife.20779	ITEM	20779	20780	9	true
cache-item-family.hunting_mix.11519	ITEM	11519	11517,11518,11520,15519,19416	9	false
cache-item-family.huntsman_s_kit.29309	ITEM	29309	29310	9	false
cache-item-family.hydra_bonemeal.22758	ITEM	22758	22759	9	false
cache-item-family.hydra_bones.22786	ITEM	22786	22787,22788	9	false
cache-item-family.hydra_leather.22983	ITEM	22983	22984,22985	9	false
cache-item-family.hydra_s_claw.22966	ITEM	22966	22967,22968	14	false
cache-item-family.hydra_slayer_helmet.23073	ITEM	23073	23074	9	false
cache-item-family.hydra_slayer_helmet_i.23075	ITEM	23075	23076,25189,25190,26680,27062	9	false
cache-item-family.hydra_tail.22988	ITEM	22988	22989,22990	14	false
cache-item-family.iasor_seed.22883	ITEM	22883	22884	9	false
cache-item-family.iban_s_staff.1409	ITEM	1409	1410,14691,14692	9	false
cache-item-family.iban_s_staff_o.33330	ITEM	33330	33331,33333,33334	9	false
cache-item-family.iban_s_staff_u.12658	ITEM	12658		9	false
cache-item-family.iban_s_staff_u_o.33332	ITEM	33332		9	false
cache-item-family.ice_ancient_sceptre.25490	ITEM	25490	28262,28263,28474	9	false
cache-item-family.ice_arrows.78	ITEM	78	16449	9	false
cache-item-family.ice_element_staff_crown.30628	ITEM	30628	30629,30630	14	false
cache-item-family.ice_gloves.1580	ITEM	1580	17586	9	false
cache-item-family.ice_plateau_teleport.24963	ITEM	24963	24964	9	false
cache-item-family.icthlarin_s_hood_tier_5.27267	ITEM	27267	27268	9	false
cache-item-family.icthlarin_s_shroud_tier_1.27257	ITEM	27257	27258	9	false
cache-item-family.icthlarin_s_shroud_tier_2.27259	ITEM	27259	27260	9	false
cache-item-family.icthlarin_s_shroud_tier_3.27261	ITEM	27261	27262	9	false
cache-item-family.icthlarin_s_shroud_tier_4.27263	ITEM	27263	27264	9	false
cache-item-family.icthlarin_s_shroud_tier_5.27265	ITEM	27265	27266	9	false
cache-item-family.icy_basalt.22599	ITEM	22599	22600	14	false
cache-item-family.imbued_barronite.28806	ITEM	28806		9	false
cache-item-family.imbued_guthix_cape.21793	ITEM	21793	21794,23603,23604,24249	9	false
cache-item-family.imbued_guthix_max_cape.21784	ITEM	21784	21785,24234	9	false
cache-item-family.imbued_guthix_max_hood.21786	ITEM	21786	21787	9	false
cache-item-family.imbued_heart.20724	ITEM	20724	20725,20726	14	false
cache-item-family.imbued_saradomin_cape.21791	ITEM	21791	21792,23607,23608,24248	18	false
cache-item-family.imbued_saradomin_max_cape.21776	ITEM	21776	21777,24232	9	false
cache-item-family.imbued_saradomin_max_hood.21778	ITEM	21778	21779	9	false
cache-item-family.imbued_tephra.23907	ITEM	23907		9	false
cache-item-family.imbued_zamorak_cape.21795	ITEM	21795	21796,23605,23606,24250	18	false
cache-item-family.imbued_zamorak_max_cape.21780	ITEM	21780	21781,24233	9	false
cache-item-family.imbued_zamorak_max_hood.21782	ITEM	21782	21783	9	false
cache-item-family.imcando_hammer.25644	ITEM	25644	25633,25634,25645	9	false
cache-item-family.imcando_hammer_off_hand.29775	ITEM	29775	29776	9	false
cache-item-family.immature_tecu_salamander.28831	ITEM	28831	28832,28833	9	false
cache-item-family.imp_mask.12249	ITEM	12249	12250,15865	9	false
cache-item-family.imp_repellent.11262	ITEM	11262	11263,15660	9	false
cache-item-family.imperial_ros.29966	ITEM	29966	29967,29968	9	false
cache-item-family.impling_jar.11260	ITEM	11260	11261,15659	14	false
cache-item-family.incomplete_heavy_ballista.19598	ITEM	19598	19599,19600	14	false
cache-item-family.incomplete_light_ballista.19595	ITEM	19595	19596,19597	14	false
cache-item-family.infernal_ashes.25778	ITEM	25778	25779,25780	9	false
cache-item-family.infernal_axe.13241	ITEM	13241	13242,14028,25066,25068,25371,25372,30347,30348	9	false
cache-item-family.infernal_cape.21295	ITEM	21295	21296,21297,23622,23623,24224	9	false
cache-item-family.infernal_eel.21293	ITEM	21293	21294	9	false
cache-item-family.infernal_harpoon.21031	ITEM	21031	21032,21033,25059,25061,25367,25368,30342,30343	9	false
cache-item-family.infernal_max_cape.21284	ITEM	21284	21285,21286,24133	9	false
cache-item-family.infernal_max_hood.21282	ITEM	21282	21283	9	false
cache-item-family.infernal_pickaxe.13243	ITEM	13243	13244,14029,25063,25065,25369,25370,30345,30346	9	false
cache-item-family.infernal_plate.30864	ITEM	30864	30865	14	false
cache-item-family.infinite_money_bag.27440	ITEM	27440	27441	9	true
cache-item-family.infinity_boots.6920	ITEM	6920	6921,18601,27170	9	false
cache-item-family.infinity_bottoms.6924	ITEM	6924	6925,18603,20575	9	false
cache-item-family.infinity_gloves.6922	ITEM	6922	6923,18602	9	false
cache-item-family.infinity_hat.6918	ITEM	6918	6919,18600	9	false
cache-item-family.infinity_top.6916	ITEM	6916	6917,18599,20574	9	false
cache-item-family.infused_earth_talisman.28967	ITEM	28967		9	false
cache-item-family.infused_water_talisman.28966	ITEM	28966		9	false
cache-item-family.initiate_cuisse.5576	ITEM	5576	5613,14341	9	false
cache-item-family.initiate_harness_m.9668	ITEM	9668	9669,17330	14	false
cache-item-family.initiate_hauberk.5575	ITEM	5575	5612,14340	9	false
cache-item-family.initiate_sallet.5574	ITEM	5574	5611,14339	9	false
cache-item-family.inky_paint.32093	ITEM	32093	32094,32095	14	false
cache-item-family.inoculation_bracelet.11088	ITEM	11088	11089,16260	9	false
cache-item-family.inquisitor_s_armour_set.24488	ITEM	24488	24489,24490	14	false
cache-item-family.inquisitor_s_great_helm.24419	ITEM	24419	24500,24501,27195	9	false
cache-item-family.inquisitor_s_hauberk.24420	ITEM	24420	24502,24503,27196	9	false
cache-item-family.inquisitor_s_mace.24417	ITEM	24417	24498,24499,27198	9	false
cache-item-family.inquisitor_s_plateskirt.24421	ITEM	24421	24504,24505,27197	9	false
cache-item-family.insect_repellent.28	ITEM	28	29,16521	14	false
cache-item-family.insulated_boots.7159	ITEM	7159	7161,14047	9	false
cache-item-family.inversion_potion.23806	ITEM	23806	23807	9	false
cache-item-family.iorwerth_camp_teleport.12410	ITEM	12410	15947	9	false
cache-item-family.irit_leaf.259	ITEM	259	260,15220	14	false
cache-item-family.irit_potion_unf.101	ITEM	101	102,19293	9	false
cache-item-family.irit_seed.5297	ITEM	5297	13771	9	false
cache-item-family.irit_tar.28837	ITEM	28837	28838	9	false
cache-item-family.iron_arrowtips.40	ITEM	40	18223	9	false
cache-item-family.iron_axe.1349	ITEM	1349	1350,14706	9	true
cache-item-family.iron_battleaxe.1363	ITEM	1363	1364,14714	9	true
cache-item-family.iron_bolts.9140	ITEM	9140	9287,9294,9301,14512,15121,15129,15137	9	false
cache-item-family.iron_bolts_unf.9377	ITEM	9377	15145	14	false
cache-item-family.iron_boots.4121	ITEM	4121	4122,14191	9	false
cache-item-family.iron_brutal.4778	ITEM	4778	16873	9	false
cache-item-family.iron_cannonball.31908	ITEM	31908	31909	14	false
cache-item-family.iron_chainshot_cannonball.31920	ITEM	31920	31921	14	false
cache-item-family.iron_claws.3096	ITEM	3096	3116,14323	9	false
cache-item-family.iron_crossbow_u.9457	ITEM	9457	9458,15114	14	false
cache-item-family.iron_dart.807	ITEM	807	813,5629,5636,14519,14527,14543,14551	9	false
cache-item-family.iron_dart_tip.820	ITEM	820	14536	14	false
cache-item-family.iron_defender.8845	ITEM	8845	14343,24137	9	false
cache-item-family.iron_dragon_mask.12365	ITEM	12365	12366,15923	9	false
cache-item-family.iron_felling_axe.28199	ITEM	28199	28200,28201	9	false
cache-item-family.iron_fire_arrow.2532	ITEM	2532	2533,14581,14582	13	false
cache-item-family.iron_gloves.7455	ITEM	7455	14362	9	false
cache-item-family.iron_gold_trimmed_set_lg.12980	ITEM	12980	12981,13920	14	true
cache-item-family.iron_gold_trimmed_set_sk.12982	ITEM	12982	12983,13921	14	true
cache-item-family.iron_halberd.3192	ITEM	3192	3193,14621	9	false
cache-item-family.iron_hasta.11369	ITEM	11369	11370,11386,11387,11388,11389,11390,11391,11392,15555,15564,15565,15566,15567	13	false
cache-item-family.iron_incendiary_cannonball.31934	ITEM	31934	31935	14	false
cache-item-family.iron_javelin.826	ITEM	826	832,5643,5649,14443,14449,14455,14461	9	false
cache-item-family.iron_javelin_tips.19572	ITEM	19572	19573	14	false
cache-item-family.iron_keel_parts.32002	ITEM	32002	32003,32004	14	false
cache-item-family.iron_knife.863	ITEM	863	871,5655,5662,14473,14480,14487,14494	9	false
cache-item-family.iron_limbs.9423	ITEM	9423	9424,15104	14	false
cache-item-family.iron_mace.1420	ITEM	1420	1421,14668	9	true
cache-item-family.iron_nails.4820	ITEM	4820	16855	9	false
cache-item-family.iron_ore_fragment.21532	ITEM	21532		9	false
cache-item-family.iron_pickaxe.1267	ITEM	1267	1268,14761	9	true
cache-item-family.iron_plateskirt.1081	ITEM	1081	1082,12229,12230,12239,12240,14176,15855,15860	9	true
cache-item-family.iron_set_lg.12972	ITEM	12972	12973,13916	14	true
cache-item-family.iron_set_sk.12974	ITEM	12974	12975,13917	14	true
cache-item-family.iron_sickle.3899	ITEM	3899	3900,16664	9	false
cache-item-family.iron_spear.1239	ITEM	1239	1240,1253,1254,3171,5706,5707,5720,5721,14769,14776,14783,14790,14797	13	false
cache-item-family.iron_spit.7225	ITEM	7225	7234,18907	14	false
cache-item-family.iron_sq_shield.1175	ITEM	1175	1176,14116	9	true
cache-item-family.iron_staff_of_collection.30599	ITEM	30599	30600	9	false
cache-item-family.iron_thrownaxe.801	ITEM	801	14467	9	false
cache-item-family.iron_trimmed_set_lg.12976	ITEM	12976	12977,13918	14	true
cache-item-family.iron_trimmed_set_sk.12978	ITEM	12978	12979,13919	14	true
cache-item-family.iron_warhammer.1335	ITEM	1335	1336,14721	9	true
cache-item-family.ironman_helm.12810	ITEM	12810	19281	9	true
cache-item-family.ironman_platebody.12811	ITEM	12811	19282	9	true
cache-item-family.ironman_platelegs.12812	ITEM	12812	19283	9	true
cache-item-family.ironwood_blowpipe.31579	ITEM	31579	31580,31581,31582	9	false
cache-item-family.ironwood_hull_parts.32056	ITEM	32056	32057,32058	14	false
cache-item-family.ironwood_logs.32907	ITEM	32907	32908,32909	9	false
cache-item-family.ironwood_plank.31435	ITEM	31435	31436,31437	9	false
cache-item-family.ironwood_pyre_logs.31386	ITEM	31386	31387,31388	9	false
cache-item-family.ironwood_repair_kit.31979	ITEM	31979	31980,31981,32305	14	false
cache-item-family.ironwood_sapling.31505	ITEM	31505	31506,31507	14	false
cache-item-family.ironwood_seed.31549	ITEM	31549	31550	9	false
cache-item-family.ironwood_seedling.31492	ITEM	31492	31493	9	false
cache-item-family.ironwood_seedling_w.31498	ITEM	31498	31499	9	false
cache-item-family.ivandis_flail.22398	ITEM	22398	22399	9	false
cache-item-family.ivory_comb.9026	ITEM	9026	9027,16167	14	false
cache-item-family.ixcoztic_white.29952	ITEM	29952	29953,29954	9	false
cache-item-family.jackal_bone.7914	ITEM	7914	7916,17555,17557	9	false
cache-item-family.jade.1611	ITEM	1611	1612,16311	14	false
cache-item-family.jade_amulet.21111	ITEM	21111	21112,21113	9	false
cache-item-family.jade_amulet_u.21102	ITEM	21102	21103,21104	14	false
cache-item-family.jade_bolt_tips.9187	ITEM	9187	15185	9	false
cache-item-family.jade_bolts.9335	ITEM	9335	15169	9	false
cache-item-family.jade_bolts_e.9237	ITEM	9237	15152	9	false
cache-item-family.jade_bracelet.21120	ITEM	21120	21121,21122	9	false
cache-item-family.jade_dragon_bolts.21957	ITEM	21957	21958	9	false
cache-item-family.jade_dragon_bolts_e.21934	ITEM	21934	21935	9	false
cache-item-family.jade_machete.6315	ITEM	6315	6316,18722	9	false
cache-item-family.jade_necklace.21093	ITEM	21093	21094,21095	9	false
cache-item-family.jade_ring.21084	ITEM	21084	21085,21086	9	false
cache-item-family.jaguar_fur.29218	ITEM	29218	29219,29220	14	false
cache-item-family.jaguar_mask.29932	ITEM	29932	29940,29941	9	false
cache-item-family.jangerberries.247	ITEM	247	248,15254	9	false
cache-item-family.jangerberry_seed.5104	ITEM	5104	13813	9	false
cache-item-family.jar_of_chemicals.23064	ITEM	23064	23065,23066	14	false
cache-item-family.jar_of_congealed_blood.33819	ITEM	33819		9	false
cache-item-family.jar_of_darkness.19701	ITEM	19701	19702,19703	14	false
cache-item-family.jar_of_decay.22106	ITEM	22106	22107,22108	14	false
cache-item-family.jar_of_dirt.12007	ITEM	12007	12008,14015	14	false
cache-item-family.jar_of_dreams.24495	ITEM	24495	24496,24497	14	false
cache-item-family.jar_of_eyes.23525	ITEM	23525	23526,23527	14	false
cache-item-family.jar_of_feathers.32921	ITEM	32921	32922	9	false
cache-item-family.jar_of_miasma.13277	ITEM	13277	13278,18636	14	false
cache-item-family.jar_of_sand.12885	ITEM	12885	12886,17047	9	false
cache-item-family.jar_of_smoke.25524	ITEM	25524	25525,25526	14	false
cache-item-family.jar_of_souls.13245	ITEM	13245	13246,14016	14	false
cache-item-family.jar_of_spirits.25521	ITEM	25521	25522,25523	14	false
cache-item-family.jar_of_stone.21745	ITEM	21745	21746,21747	14	false
cache-item-family.jar_of_swamp.12936	ITEM	12936	12937,15325	14	false
cache-item-family.jatoba_logs.32902	ITEM	32902	32903	9	false
cache-item-family.javelin_shaft.19584	ITEM	19584	19585	14	false
cache-item-family.jerboa_tail.29166	ITEM	29166	29167	14	false
cache-item-family.jester_cape.23297	ITEM	23297	23298,23299	9	true
cache-item-family.jester_hat.6858	ITEM	6858	18096	9	true
cache-item-family.jester_scarf.6859	ITEM	6859	18097	9	true
cache-item-family.jogre_bone.7845	ITEM	7845	7847,17486,17488	9	false
cache-item-family.jogre_bonemeal.4271	ITEM	4271	17807	9	false
cache-item-family.jogre_bones.3125	ITEM	3125	3126,17242	9	false
cache-item-family.jug_of_bad_wine.1991	ITEM	1991	1992,19144	18	true
cache-item-family.jug_of_vinegar.7810	ITEM	7810	17451	9	false
cache-item-family.jug_of_water.1937	ITEM	1937	1938,19113	9	true
cache-item-family.jug_of_wine.1993	ITEM	1993	1994,19145	9	true
cache-item-family.jumbo_squid.31564	ITEM	31564	31565,31566	9	false
cache-item-family.jungle_camo_legs.10059	ITEM	10059	10060,15377,28848,28850	9	false
cache-item-family.jungle_camo_top.10057	ITEM	10057	10058,15376,28845,28847	9	false
cache-item-family.jungle_demon_mask.20032	ITEM	20032	20033,20034	9	false
cache-item-family.juniper_logs.13355	ITEM	13355	13988	9	false
cache-item-family.justiciar_armour_set.22438	ITEM	22438	22439,22440	14	false
cache-item-family.justiciar_chestguard.22327	ITEM	22327	22490,22491	9	false
cache-item-family.justiciar_faceguard.22326	ITEM	22326	22488,22489	9	false
cache-item-family.justiciar_legguards.22328	ITEM	22328	22492,22493	9	false
cache-item-family.jute_fibre.5931	ITEM	5931	5932,16252	14	false
cache-item-family.jute_seed.5306	ITEM	5306	13804	9	false
cache-item-family.kandarin_headgear_1.13137	ITEM	13137	18675	9	false
cache-item-family.kandarin_headgear_2.13138	ITEM	13138	18676	9	false
cache-item-family.kandarin_headgear_3.13139	ITEM	13139	18677	9	false
cache-item-family.kandarin_headgear_4.13140	ITEM	13140	18678	9	false
cache-item-family.karambwan_vessel.3157	ITEM	3157	3158,3159,3160,17260,17261	14	false
cache-item-family.karamja_gloves_1.11136	ITEM	11136	18638	9	false
cache-item-family.karamja_gloves_2.11138	ITEM	11138	18639	9	false
cache-item-family.karamja_gloves_3.11140	ITEM	11140	18640	9	false
cache-item-family.karamja_gloves_4.13103	ITEM	13103	18641	9	false
cache-item-family.karamjan_monkey.24862	ITEM	24862		9	false
cache-item-family.karamjan_rum.431	ITEM	431	3164,3165,16654,17264,17265	9	true
cache-item-family.karidian_disguise.4595	ITEM	4595	4596,16532	14	false
cache-item-family.karil_s_armour_set.12883	ITEM	12883	12884,13907	14	false
cache-item-family.karil_s_coif.4732	ITEM	4732	4733,4928,4929,4930,4931,4932,4933,15683,15684	9	false
cache-item-family.karil_s_crossbow.4734	ITEM	4734	4735,4934,4935,4936,4937,4938,4939,15685,15686	9	false
cache-item-family.karil_s_leatherskirt.4738	ITEM	4738	4739,4946,4947,4948,4949,4950,4951,15689,15690	9	false
cache-item-family.karil_s_leathertop.4736	ITEM	4736	4737,4940,4941,4942,4943,4944,4945,15687,15688,23632	9	false
cache-item-family.katana.12357	ITEM	12357	12358,15919	9	false
cache-item-family.kebab.1971	ITEM	1971	1972,18947	9	true
cache-item-family.kebab_mix.1881	ITEM	1881	1882,19126	14	false
cache-item-family.kebbit_bolts.10158	ITEM	10158	15417	9	false
cache-item-family.kebbit_claws.10113	ITEM	10113	10114,15403	14	false
cache-item-family.kebbit_spike.10105	ITEM	10105	10106,15399	14	false
cache-item-family.kebbit_teeth.10109	ITEM	10109	10110,15401	14	false
cache-item-family.kebbit_teeth_dust.10111	ITEM	10111	10112,15402	14	false
cache-item-family.keg_of_beer.3711	ITEM	3711	3801,3802,16747,16781	9	false
cache-item-family.kelda_seed.6112	ITEM	6112	17181	9	false
cache-item-family.kelda_stout.6118	ITEM	6118	17183	9	false
cache-item-family.keris.10581	ITEM	10581	10582,10583,10584,16723,16724,16725,16726	9	false
cache-item-family.keris_partisan.25979	ITEM	25979	25980	9	false
cache-item-family.keris_partisan_of_amascut.30891	ITEM	30891	30892	9	false
cache-item-family.keris_partisan_of_breaching.25981	ITEM	25981	25982	9	false
cache-item-family.keris_partisan_of_corruption.27287	ITEM	27287	27288	9	false
cache-item-family.keris_partisan_of_the_sun.27291	ITEM	27291	27292	9	false
cache-item-family.key_master_teleport.13249	ITEM	13249	14030	9	false
cache-item-family.kharedst_s_memoirs.21760	ITEM	21760	21761	9	false
cache-item-family.kharidian_headpiece.4591	ITEM	4591	4592,16530	14	false
cache-item-family.kharyrll_teleport.12779	ITEM	12779	15084	9	false
cache-item-family.khazard_armour.75	ITEM	75	17428	9	false
cache-item-family.khazard_helmet.74	ITEM	74	17427	9	false
cache-item-family.khazard_teleport.24957	ITEM	24957	24958	9	false
cache-item-family.killer_s_knife.20781	ITEM	20781	21059	9	true
cache-item-family.king_worm.2162	ITEM	2162	2163,19032	9	false
cache-item-family.kitchen_knife.7447	ITEM	7447	7448,14357	9	false
cache-item-family.kitchen_table.8528	ITEM	8528	8529,14964	14	false
cache-item-family.klank_s_gauntlets.1495	ITEM	1495	17167	9	false
cache-item-family.knife_blade.30965	ITEM	30965		9	false
cache-item-family.kodai_4.20940	ITEM	20940	20937,20938,20939	13	false
cache-item-family.kodai_4.20948	ITEM	20948	20945,20946,20947	13	false
cache-item-family.kodai_insignia.21043	ITEM	21043	21044,21045	14	false
cache-item-family.kodai_potion.20941	ITEM	20941	20942,20943,20944	9	false
cache-item-family.kodai_wand.21006	ITEM	21006	21007,21008,23626,23627	9	false
cache-item-family.korbal_herb.28384	ITEM	28384		9	false
cache-item-family.koriff_s_coif.26741	ITEM	26741	26742	9	false
cache-item-family.koriff_s_cowl.26739	ITEM	26739	26740	9	false
cache-item-family.koriff_s_headband.26737	ITEM	26737	26738	9	false
cache-item-family.kourend_castle_teleport.28790	ITEM	28790	28791	9	false
cache-item-family.kovac_s_grog.27014	ITEM	27014	27015,27016	9	false
cache-item-family.kraken_colada.31258	ITEM	31258	31259,31260	9	false
cache-item-family.kraken_ink_stout.31814	ITEM	31814	31815,31816	9	false
cache-item-family.kraken_tentacle.12004	ITEM	12004	12005,14005	9	false
cache-item-family.krandorian_hops.6000	ITEM	6000	6001,13865	14	false
cache-item-family.krandorian_seed.5310	ITEM	5310	13808	9	false
cache-item-family.kronos_seed.22885	ITEM	22885	22886	9	false
cache-item-family.kruk_jr.24866	ITEM	24866		9	false
cache-item-family.kryket_bat_4.20879	ITEM	20879		9	false
cache-item-family.kuhu_essence.30962	ITEM	30962		9	false
cache-item-family.kwuarm.263	ITEM	263	264,15223	14	false
cache-item-family.kwuarm_potion_unf.105	ITEM	105	106,19295	9	false
cache-item-family.kwuarm_seed.5299	ITEM	5299	13773	9	false
cache-item-family.kyatt_fur.10103	ITEM	10103	10104,15353	14	false
cache-item-family.kyatt_hat.10039	ITEM	10039	10040,15356	9	false
cache-item-family.kyatt_legs.10035	ITEM	10035	10036,15354	9	false
cache-item-family.kyatt_top.10037	ITEM	10037	10038,15355	9	false
cache-item-family.kyren_fish_6.20868	ITEM	20868		9	false
cache-item-family.lamp.2528	ITEM	2528	6796,17313	18	false
cache-item-family.lamp_of_knowledge.23516	ITEM	23516		9	false
cache-item-family.lamp_of_the_gatherer.24528	ITEM	24528		9	true
cache-item-family.lantadyme.2481	ITEM	2481	2482,15225	14	false
cache-item-family.lantadyme_potion_unf.2483	ITEM	2483	2484,19298	9	false
cache-item-family.lantadyme_seed.5302	ITEM	5302	13776	9	false
cache-item-family.lantern_lens.4542	ITEM	4542	4543,18787	14	false
cache-item-family.large_adamant_keel_parts.32032	ITEM	32032	32033,32034	14	false
cache-item-family.large_bronze_keel_parts.32020	ITEM	32020	32021,32022	14	false
cache-item-family.large_camphor_hull_parts.32074	ITEM	32074	32075,32076	14	false
cache-item-family.large_dragon_keel_parts.32038	ITEM	32038	32039,32040	14	false
cache-item-family.large_enriched_bone.21551	ITEM	21551	21552	9	false
cache-item-family.large_fur_pouch.29303	ITEM	29303	29304,29470,29471	13	false
cache-item-family.large_iron_keel_parts.32023	ITEM	32023	32024,32025	14	false
cache-item-family.large_ironwood_hull_parts.32077	ITEM	32077	32078,32079	14	false
cache-item-family.large_mahogany_hull_parts.32071	ITEM	32071	32072,32073	14	false
cache-item-family.large_meat_pouch.29297	ITEM	29297	29298,29464,29465	13	false
cache-item-family.large_mithril_keel_parts.32029	ITEM	32029	32030,32031	14	false
cache-item-family.large_oak_bed.8033	ITEM	8580	8033,8581,14983	14	false
cache-item-family.large_oak_hull_parts.32065	ITEM	32065	32066,32067	14	false
cache-item-family.large_pouch.5512	ITEM	5512	5513,6819,17178,19240	9	false
cache-item-family.large_rosewood_hull_parts.32080	ITEM	32080	32081,32082	14	false
cache-item-family.large_rune_keel_parts.32035	ITEM	32035	32036,32037	14	false
cache-item-family.large_spade.20164	ITEM	20164	20165	9	false
cache-item-family.large_steel_keel_parts.32026	ITEM	32026	32027,32028	14	false
cache-item-family.large_teak_bed.8035	ITEM	8584	8035,8585,14985	14	false
cache-item-family.large_teak_hull_parts.32068	ITEM	32068	32069,32070	14	false
cache-item-family.large_wooden_hull_parts.32062	ITEM	32062	32063,32064	14	false
cache-item-family.large_zombie_monkey_bonemeal.4269	ITEM	4269	17805	9	false
cache-item-family.large_zombie_monkey_bones.3186	ITEM	3186	17945	9	false
cache-item-family.larran_s_key.23490	ITEM	23490	23491	14	false
cache-item-family.larupia_fur.10095	ITEM	10095	10096,15349	14	false
cache-item-family.larupia_hat.10045	ITEM	10045	10046,15359	9	false
cache-item-family.larupia_legs.10041	ITEM	10041	10042,15357	9	false
cache-item-family.larupia_top.10043	ITEM	10043	10044,15358	9	false
cache-item-family.lassar_teleport.12780	ITEM	12780	15085	9	false
cache-item-family.lava_battlestaff.3053	ITEM	3053	3055,14693,21198,21199	9	false
cache-item-family.lava_dragon_bonemeal.11922	ITEM	11922	17797	9	false
cache-item-family.lava_dragon_bones.11943	ITEM	11943	11944,19273	9	false
cache-item-family.lava_dragon_mask.12371	ITEM	12371	12372,15926	9	false
cache-item-family.lava_eel.2149	ITEM	2149	19115	9	false
cache-item-family.lava_rune.4699	ITEM	4699	19266	14	false
cache-item-family.lava_scale.11992	ITEM	11992	11993,18276	14	false
cache-item-family.lava_scale_shard.11994	ITEM	11994	18277	14	false
cache-item-family.lava_staff_upgrade_kit.21202	ITEM	21202	21203,21204	14	false
cache-item-family.law_talisman.1458	ITEM	1458	19236	9	false
cache-item-family.law_tiara.5545	ITEM	5545	19258	9	false
cache-item-family.lead_bar.32889	ITEM	32889	32890,32891	9	false
cache-item-family.lead_ore.31716	ITEM	31716	31717,31718	9	false
cache-item-family.leaf_bladed_battleaxe.20727	ITEM	20727	20728,20729	9	false
cache-item-family.leaf_bladed_spear.4158	ITEM	4158	4159,14037	18	false
cache-item-family.leaf_bladed_sword.11902	ITEM	11902	11903,14007	9	false
cache-item-family.lean_snail.3365	ITEM	3365	3366,18874	14	false
cache-item-family.lean_snail_meat.3371	ITEM	3371	3372,18877	9	false
cache-item-family.leaping_salmon.11330	ITEM	11330	11331,15492	14	false
cache-item-family.leaping_sturgeon.11332	ITEM	11332	11333,15493	14	false
cache-item-family.leaping_trout.11328	ITEM	11328	11329,15491	14	false
cache-item-family.leather.1741	ITEM	1741	1742,16275	9	true
cache-item-family.leather_cowl.1167	ITEM	1167	1168,14151	9	true
cache-item-family.leather_shields_flyer.22287	ITEM	22287		9	false
cache-item-family.leather_vambraces.1063	ITEM	1063	1064,14199	9	true
cache-item-family.leaves.6020	ITEM	6020	13753	14	false
cache-item-family.leckish_fish_2.20860	ITEM	20860		9	false
cache-item-family.lederhosen_hat.6182	ITEM	6182	18080	9	true
cache-item-family.lederhosen_shorts.6181	ITEM	6181	18079	9	true
cache-item-family.lederhosen_top.6180	ITEM	6180	18078	9	true
cache-item-family.leechfin.33621	ITEM	33621	33622	9	false
cache-item-family.left_boot.5062	ITEM	5062	17721	9	false
cache-item-family.left_eye_patch.19724	ITEM	19724	19725,19726	9	false
cache-item-family.legendary_red_rose_seed.27037	ITEM	27037		9	true
cache-item-family.lemon.2102	ITEM	2102	2103,19082	9	false
cache-item-family.lemon_chunks.2104	ITEM	2104	2105,19083	9	false
cache-item-family.lemon_slices.2106	ITEM	2106	2107,19084	9	false
cache-item-family.lens_mould.602	ITEM	602	18040	9	false
cache-item-family.leprechaun_hat.12359	ITEM	12359	12360,15920	9	false
cache-item-family.lesser_demon_mask.20020	ITEM	20020	20021,20022	9	false
cache-item-family.letvek.33625	ITEM	33625	33626,33825	14	false
cache-item-family.light_ballista.19478	ITEM	19478	19479,19480,27188	9	false
cache-item-family.light_beer.27561	ITEM	27561		9	true
cache-item-family.light_bow_tie.19985	ITEM	19985	19986,19987	9	false
cache-item-family.light_frame.19586	ITEM	19586	19587,19588	14	false
cache-item-family.light_infinity_bottoms.12421	ITEM	12421	15958	9	false
cache-item-family.light_infinity_colour_kit.12530	ITEM	12530	12531,16000	14	false
cache-item-family.light_infinity_hat.12419	ITEM	12419	15956	9	false
cache-item-family.light_infinity_top.12420	ITEM	12420	15957	9	false
cache-item-family.light_orb.10973	ITEM	10973	10974,18417	14	false
cache-item-family.light_trousers.19979	ITEM	19979	19980,19981	9	false
cache-item-family.light_tuxedo_cuffs.19976	ITEM	19976	19977,19978	9	false
cache-item-family.light_tuxedo_jacket.19973	ITEM	19973	19974,19975	9	false
cache-item-family.light_tuxedo_shoes.19982	ITEM	19982	19983,19984	9	false
cache-item-family.lightbearer.25975	ITEM	25975	25976,27244,27870	9	false
cache-item-family.lily_of_the_sands.27272	ITEM	27272	27273,27274	9	false
cache-item-family.lime.2120	ITEM	2120	2121,19091	9	false
cache-item-family.lime_chunks.2122	ITEM	2122	2123,19092	9	false
cache-item-family.lime_slices.2124	ITEM	2124	2125,19093	9	false
cache-item-family.limestone.3211	ITEM	3211	3212,16401	9	false
cache-item-family.limestone_altar.8066	ITEM	8066		9	true
cache-item-family.limestone_brick.3420	ITEM	3420	3421,17604	9	false
cache-item-family.limpwurt_root.225	ITEM	225	226,15243	14	true
cache-item-family.limpwurt_seed.5100	ITEM	5100	13787	9	false
cache-item-family.linen.4684	ITEM	4684	4685,17003	14	false
cache-item-family.linen_trawling_net.32221	ITEM	32221		9	true
cache-item-family.linen_yarn.31463	ITEM	31463	31464,31465	14	false
cache-item-family.lit_black_candle.32	ITEM	32	16523	9	false
cache-item-family.lit_bug_lantern.7053	ITEM	7053	14046	9	false
cache-item-family.lit_candle.33	ITEM	33	16524	9	false
cache-item-family.lit_torch.594	ITEM	594	18884	9	false
cache-item-family.lizardkicker.25826	ITEM	25826	25827,25828	9	false
cache-item-family.lizardman_fang.13391	ITEM	13391	18464	14	false
cache-item-family.loach.10970	ITEM	10970	18414	9	false
cache-item-family.loar_remains.3396	ITEM	3396	3397,17597	14	false
cache-item-family.lobster_pot.301	ITEM	301	302,15432	9	true
cache-item-family.locating_crystal.611	ITEM	611	612,613,614,615,18022,18023,18024,18025,18026	9	false
cache-item-family.lockpick.1523	ITEM	1523	1524,13883,28415	14	false
cache-item-family.locust_meat.9052	ITEM	9052	9053,16177	9	false
cache-item-family.log_basket.28140	ITEM	28140	28141	9	false
cache-item-family.log_brace.28146	ITEM	28146	28147,28148	14	false
cache-item-family.logavano_fruit.13428	ITEM	13428		9	false
cache-item-family.logavano_seed.13425	ITEM	13425		9	false
cache-item-family.logs_and_kindling.21869	ITEM	21869		9	true
cache-item-family.long_bone.10976	ITEM	10976	18419	9	false
cache-item-family.long_kebbit_bolts.10159	ITEM	10159	15418	9	false
cache-item-family.long_kebbit_spike.10107	ITEM	10107	10108,15400	14	false
cache-item-family.long_rope.24790	ITEM	24790	24791	9	true
cache-item-family.longbow_u.48	ITEM	48	49,18229	14	false
cache-item-family.loop_half_of_key.987	ITEM	987	988,14616,30107,30108,33781	14	false
cache-item-family.looting_bag_note.24585	ITEM	24585	24586	14	false
cache-item-family.lost_bag.26912	ITEM	26912	26913,26984,26985,26986,26987,26988,26989	9	false
cache-item-family.lovakengj_banner.20257	ITEM	20257	20258,20259	9	false
cache-item-family.lovakengj_hood.20119	ITEM	20119	20120,20121	9	false
cache-item-family.lovakengj_scarf.19949	ITEM	19949	19950,19951	9	false
cache-item-family.lovakite_bar.13354	ITEM	13354	13898	9	false
cache-item-family.lovakite_ore.13356	ITEM	13356	16243	9	false
cache-item-family.lucky_cutlass.7140	ITEM	7140	16933	9	false
cache-item-family.lucky_shot_flag.8969	ITEM	8969	16219	9	false
cache-item-family.lumberjack_boots.10933	ITEM	10933	15614	9	false
cache-item-family.lumberjack_hat.10941	ITEM	10941	15613	9	false
cache-item-family.lumberjack_legs.10940	ITEM	10940	15612	9	false
cache-item-family.lumberjack_top.10939	ITEM	10939	15611	9	false
cache-item-family.lumberyard_teleport.12642	ITEM	12642	15949	9	false
cache-item-family.lumbridge_teleport.8008	ITEM	8008	14885	9	false
cache-item-family.lunar_amulet.9102	ITEM	9102	16708	9	false
cache-item-family.lunar_bar.9077	ITEM	9077	16689	9	false
cache-item-family.lunar_boots.9100	ITEM	9100	16706	9	false
cache-item-family.lunar_cape.9101	ITEM	9101	16707	9	false
cache-item-family.lunar_gloves.9099	ITEM	9099	16705	9	false
cache-item-family.lunar_helm.9096	ITEM	9096	16702	9	false
cache-item-family.lunar_isle_teleport.12405	ITEM	12405	15942	9	false
cache-item-family.lunar_legs.9098	ITEM	9098	16704	9	false
cache-item-family.lunar_ore.9076	ITEM	9076	16688	9	false
cache-item-family.lunar_ring.9104	ITEM	9104	16710	9	false
cache-item-family.lunar_staff.9084	ITEM	9084	16711	9	false
cache-item-family.lunar_staff_pt1.9091	ITEM	9091	16718	9	false
cache-item-family.lunar_staff_pt2.9092	ITEM	9092	16719	9	false
cache-item-family.lunar_staff_pt3.9093	ITEM	9093	16720	9	false
cache-item-family.lunar_torso.9097	ITEM	9097	16703	9	false
cache-item-family.lyre.3689	ITEM	3689	21464	9	false
cache-item-family.m_amulet_mould.4020	ITEM	4020	17925	9	false
cache-item-family.m_speak_amulet.4021	ITEM	4021	4022,17926,17927	9	false
cache-item-family.m_treasure_chest.9864	ITEM	9864	9889,15029	14	false
cache-item-family.machete.975	ITEM	975	976,16818	9	false
cache-item-family.mackerel.355	ITEM	355	356,15459	9	false
cache-item-family.mage_s_book.6889	ITEM	6889	6890,18593,23652	9	false
cache-item-family.magic_bird_house.22201	ITEM	22201	22202,22203	14	false
cache-item-family.magic_box.10025	ITEM	10025	15428	9	false
cache-item-family.magic_butterfly_net.11259	ITEM	11259	15658	9	false
cache-item-family.magic_cape.9762	ITEM	9762	9763,14222,14223	9	false
cache-item-family.magic_cape_rack.9848	ITEM	9848	9873,15013	14	false
cache-item-family.magic_comp_bow.10284	ITEM	10284	10285,16054	9	false
cache-item-family.magic_essence_4.9021	ITEM	9021	9022,9023,9024,17203,19451,19452,19453	13	false
cache-item-family.magic_essence_mix.11491	ITEM	11491	11489,11490,11492,15511,19408	9	false
cache-item-family.magic_essence_unf.9019	ITEM	9019	17201	9	false
cache-item-family.magic_fang.12932	ITEM	12932	12933,15322	9	false
cache-item-family.magic_glue.9592	ITEM	9592	17444	9	false
cache-item-family.magic_gold_feather.18	ITEM	18	16941	9	false
cache-item-family.magic_hood.9764	ITEM	9764	14224	9	false
cache-item-family.magic_lamp.33117	ITEM	33117		9	true
cache-item-family.magic_lamp_magic.28590	ITEM	28590		9	false
cache-item-family.magic_lamp_slayer.28588	ITEM	28588		9	false
cache-item-family.magic_lamp_strength.28587	ITEM	28587		9	false
cache-item-family.magic_lamp_thieving.28589	ITEM	28589		9	false
cache-item-family.magic_lantern.28426	ITEM	28426		9	false
cache-item-family.magic_leaves.6030	ITEM	6030	13758	14	false
cache-item-family.magic_logs.1513	ITEM	1513	1514,13982	9	false
cache-item-family.magic_longbow.859	ITEM	859	860,14569	9	false
cache-item-family.magic_longbow_u.70	ITEM	70	71,18241	14	false
cache-item-family.magic_mix.11515	ITEM	11515	11513,11514,11516,15518,19415	9	false
cache-item-family.magic_potion.3046	ITEM	3046	3040,3041,3042,3043,3044,3045,3047,15279,19380,19381,19382	9	false
cache-item-family.magic_pyre_logs.3448	ITEM	3448	3449,17615	9	false
cache-item-family.magic_roots.6051	ITEM	6051	6052,13820	14	false
cache-item-family.magic_sapling.5374	ITEM	5374	12945,13740	14	false
cache-item-family.magic_secateurs.7409	ITEM	7409	17728	9	false
cache-item-family.magic_seed.5316	ITEM	5316	13763	9	false
cache-item-family.magic_seedling.5362	ITEM	5362	13728	9	false
cache-item-family.magic_seedling_w.5368	ITEM	5368	13734	9	false
cache-item-family.magic_shield.22263	ITEM	22263	22264,22265	9	false
cache-item-family.magic_shortbow.861	ITEM	861	862,14570,20558	9	false
cache-item-family.magic_shortbow_i.12788	ITEM	12788	15091	9	false
cache-item-family.magic_shortbow_scroll.12786	ITEM	12786	12787,15090	14	false
cache-item-family.magic_shortbow_u.72	ITEM	72	73,18242	14	false
cache-item-family.magic_staff.1389	ITEM	1389	1390,14681	9	true
cache-item-family.magic_stock.21952	ITEM	21952	21953,21954	14	false
cache-item-family.magic_stone.4703	ITEM	8788	4703,8789,14944,15751	14	false
cache-item-family.magic_string.6038	ITEM	6038	6039,13745	14	false
cache-item-family.magic_whistle.16	ITEM	16	16939	9	false
cache-item-family.magical_cleaning_potion.26278	ITEM	26278	26279,26924	9	true
cache-item-family.magical_orb.6950	ITEM	6950	18048	9	false
cache-item-family.magma_helm.13199	ITEM	13199	15319	9	false
cache-item-family.magpie_impling_jar.11252	ITEM	11252	11253,15671	14	false
cache-item-family.magus_ring.25486	ITEM	25486	28313,28314,28315,33180,33181	9	false
cache-item-family.mahjarrat_1_quest_lamp.28554	ITEM	28554		9	false
cache-item-family.mahogany_adventure_log.20623	ITEM	20623		9	true
cache-item-family.mahogany_armchair.8315	ITEM	8508	8315,8509,14954	14	false
cache-item-family.mahogany_armour_case.9828	ITEM	9861	9828,9886,15026	14	false
cache-item-family.mahogany_bench.8113	ITEM	8572	8113,8573,14979	14	false
cache-item-family.mahogany_bird_house.22195	ITEM	22195	22196,22197	14	false
cache-item-family.mahogany_bookcase.8321	ITEM	8514	8321,8515,14957,24905	14	false
cache-item-family.mahogany_cape_rack.9819	ITEM	9845	9819,9870,15010	14	false
cache-item-family.mahogany_dresser.8050	ITEM	8606	8050,8607,14996,24913	14	false
cache-item-family.mahogany_fancy_dress_box.9867	ITEM	9867	9892,15032	14	false
cache-item-family.mahogany_hull_parts.32050	ITEM	32050	32051,32052	14	false
cache-item-family.mahogany_logs.6332	ITEM	6332	8836,18730	9	false
cache-item-family.mahogany_magic_wardrobe.9856	ITEM	9856	9881,15021	14	false
cache-item-family.mahogany_plank.8782	ITEM	8782	8783,14941	9	false
cache-item-family.mahogany_pyre_logs.6213	ITEM	6213	6214,17613	9	false
cache-item-family.mahogany_repair_kit.31973	ITEM	31973	31974,31975,32303	14	false
cache-item-family.mahogany_sapling.21480	ITEM	21480	21481,21482	14	false
cache-item-family.mahogany_seed.21488	ITEM	21488	21489	9	false
cache-item-family.mahogany_seedling.21471	ITEM	21471	21472	9	false
cache-item-family.mahogany_seedling_w.21475	ITEM	21475	21476	9	false
cache-item-family.mahogany_stock.9450	ITEM	9450	9451,15166	14	false
cache-item-family.mahogany_table.8120	ITEM	8558	8120,8559,14972,24889,24893,24897	14	false
cache-item-family.mahogany_toy_box.9838	ITEM	9851	9838,9876,15016	14	false
cache-item-family.mahogany_wardrobe.8043	ITEM	8620	8043,8621,9833,15003,24909	14	false
cache-item-family.malediction_shard_1.11931	ITEM	11931	11948,18268	14	false
cache-item-family.malediction_shard_2.11932	ITEM	11932	11949,18269	14	false
cache-item-family.malediction_shard_3.11933	ITEM	11933	11950,18270	14	false
cache-item-family.malediction_ward.11924	ITEM	11924	11925,12806,18261,18262	9	false
cache-item-family.malicious_ashes.25772	ITEM	25772	25773,25774	9	false
cache-item-family.mallignum_root_plank.21036	ITEM	21036		9	false
cache-item-family.mangled_bones.11337	ITEM	11337	15521	9	false
cache-item-family.maniacal_monkey.24864	ITEM	24864		9	false
cache-item-family.manta_ray.391	ITEM	391	392,15471	9	false
cache-item-family.maoma_s_full_helm.26745	ITEM	26745	26746	9	false
cache-item-family.maoma_s_great_helm.26747	ITEM	26747	26748	9	false
cache-item-family.maoma_s_med_helm.26743	ITEM	26743	26744	9	false
cache-item-family.maple_bird_house.22192	ITEM	22192	22193,22194	14	false
cache-item-family.maple_blackjack.6416	ITEM	6416	6417,16446	9	false
cache-item-family.maple_blackjack_d.6420	ITEM	6420	6421,16448	9	false
cache-item-family.maple_blackjack_o.6418	ITEM	6418	6419,16447	9	false
cache-item-family.maple_leaves.6028	ITEM	6028	13757	14	false
cache-item-family.maple_logs.1517	ITEM	1517	1518,13984	9	true
cache-item-family.maple_longbow_u.62	ITEM	62	63,18237	14	false
cache-item-family.maple_pyre_logs.3444	ITEM	3444	3445,17611	9	false
cache-item-family.maple_roots.6047	ITEM	6047	6048,13818	14	false
cache-item-family.maple_sapling.5372	ITEM	5372	12943,13738	14	false
cache-item-family.maple_seed.5314	ITEM	5314	13761	9	false
cache-item-family.maple_seedling.5360	ITEM	5360	13726	9	false
cache-item-family.maple_seedling_w.5366	ITEM	5366	13732	9	false
cache-item-family.maple_shield.22257	ITEM	22257	22258,22259	9	false
cache-item-family.maple_shortbow_u.64	ITEM	64	65,18238	14	false
cache-item-family.maple_stock.9448	ITEM	9448	9449,15165	14	false
cache-item-family.marble_adventure_log.20625	ITEM	20625		9	true
cache-item-family.marble_block.8786	ITEM	8786	8787,14943	14	false
cache-item-family.marble_cape_rack.9821	ITEM	9847	9821,9872,15012	14	false
cache-item-family.marble_magic_wardrobe.9858	ITEM	9858	9883,15023	14	false
cache-item-family.marigold_seed.5096	ITEM	5096	13783	9	false
cache-item-family.marigolds.6010	ITEM	6010	6011,8214,13870	14	false
cache-item-family.marinated_j_bones.3130	ITEM	3130	3133,17246,17249	9	false
cache-item-family.marlin.32352	ITEM	32352	32353,32354	9	false
cache-item-family.marlin_scales.32362	ITEM	32362	32363	14	false
cache-item-family.marrentill.251	ITEM	251	252,15216	14	false
cache-item-family.marrentill_potion_unf.93	ITEM	93	94,19288	9	false
cache-item-family.marrentill_seed.5292	ITEM	5292	13766	9	false
cache-item-family.marrentill_tar.10143	ITEM	10143	15371	9	false
cache-item-family.mask_of_ranul.23522	ITEM	23522	23523,23524	9	false
cache-item-family.mask_of_rebirth.27370	ITEM	27370	27371	9	false
cache-item-family.masori_armour_set_f.27355	ITEM	27355	27356,27357	14	false
cache-item-family.masori_assembler.27374	ITEM	27374	27375,27376	9	false
cache-item-family.masori_assembler_max_cape.27363	ITEM	27363	27364,27365	9	false
cache-item-family.masori_assembler_max_hood.27366	ITEM	27366	27367	9	false
cache-item-family.masori_body.27229	ITEM	27229	27230,27231	9	false
cache-item-family.masori_body_f.27238	ITEM	27238	27239,27240,33190,33191	9	false
cache-item-family.masori_chaps.27232	ITEM	27232	27233,27234	9	false
cache-item-family.masori_chaps_f.27241	ITEM	27241	27242,27243,33192,33193	9	false
cache-item-family.masori_mask.27226	ITEM	27226	27227,27228	9	false
cache-item-family.masori_mask_f.27235	ITEM	27235	27236,27237	9	false
cache-item-family.master_scroll_book.21389	ITEM	21389	21387,21388,21390	9	false
cache-item-family.master_wand.6914	ITEM	6914	6915,18598,20560	9	false
cache-item-family.mature_cider.5765	ITEM	5765	5766,19170	9	false
cache-item-family.mature_wmb.5741	ITEM	5741	5742,19150	9	false
cache-item-family.max_cape.13280	ITEM	13280	13342,14281	9	false
cache-item-family.max_hood.13281	ITEM	13281	14282	9	false
cache-item-family.meat_pie.2327	ITEM	2327	2328,18927	9	true
cache-item-family.meat_pizza.2293	ITEM	2293	2294,2295,2296,19136,19137	13	true
cache-item-family.meat_tenderiser.7449	ITEM	7449	7450,14358	9	false
cache-item-family.medallion_of_the_deep.32386	ITEM	32386	32387	9	false
cache-item-family.medical_gown.430	ITEM	430	17284	9	false
cache-item-family.medium_enriched_bone.21549	ITEM	21549	21550	9	false
cache-item-family.medium_fur_pouch.29301	ITEM	29301	29302,29468,29469	13	false
cache-item-family.medium_ninja_bonemeal.4264	ITEM	4264	17800	9	false
cache-item-family.medium_ninja_monkey_bones.3180	ITEM	3180	17941	9	false
cache-item-family.medium_pouch.5510	ITEM	5510	5511,19239	9	false
cache-item-family.menaphite_purple_hat.6392	ITEM	6392	6393,16434	9	false
cache-item-family.menaphite_purple_kilt.6398	ITEM	6398	6399,16437	9	false
cache-item-family.menaphite_purple_robe.6396	ITEM	6396	6397,16436	9	false
cache-item-family.menaphite_purple_top.6394	ITEM	6394	6395,16435	9	false
cache-item-family.menaphite_red_hat.6400	ITEM	6400	6401,16438	9	false
cache-item-family.menaphite_red_kilt.6406	ITEM	6406	6407,16441	9	false
cache-item-family.menaphite_red_robe.6404	ITEM	6404	6405,16440	9	false
cache-item-family.menaphite_red_top.6402	ITEM	6402	6403,16439	9	false
cache-item-family.menaphite_remedy_4.27202	ITEM	27202	27203,27204,27205,27206,27207,27208,27209,27210,27211,27212,27213	13	false
cache-item-family.merchant_s_paint.32110	ITEM	32110	32111,32112	14	false
cache-item-family.merfolk_trident.21649	ITEM	21649	21650,21651	9	false
cache-item-family.metal_bar.10876	ITEM	10876	16592	9	false
cache-item-family.metal_feather.10174	ITEM	10174	18000	9	false
cache-item-family.metal_spade.5586	ITEM	5586	5587	9	false
cache-item-family.metztonalli_white.29955	ITEM	29955	29956,29957	9	false
cache-item-family.milk_sample.33128	ITEM	33128	33129,33130,33131	9	true
cache-item-family.milky_mixture.7471	ITEM	7471	17415	9	false
cache-item-family.mime_boots.3061	ITEM	3061	18062	9	true
cache-item-family.mime_gloves.3060	ITEM	3060	18061	9	true
cache-item-family.mime_legs.3059	ITEM	3059	18060	9	true
cache-item-family.mime_mask.3057	ITEM	3057	18058	9	true
cache-item-family.mime_top.3058	ITEM	3058	18059	9	true
cache-item-family.minced_meat.7070	ITEM	7070	7071,19209	9	false
cache-item-family.mind_altar_teleport.19617	ITEM	19617	19618	9	false
cache-item-family.mind_bomb_4.5801	ITEM	5801	5795,5796,5797,5798,5799,5800,5802,18890	13	false
cache-item-family.mind_bomb_m4.5881	ITEM	5881	5875,5876,5877,5878,5879,5880,5882,18900	13	false
cache-item-family.mind_helmet.9733	ITEM	9733	9734,17904	9	false
cache-item-family.mind_shield.9731	ITEM	9731	9732,17903	9	false
cache-item-family.mind_talisman.1448	ITEM	1448	1449,19232	9	true
cache-item-family.mind_tiara.5529	ITEM	5529	5530,19250	9	true
cache-item-family.mining_cape.9792	ITEM	9792	9793,14255,14256	9	false
cache-item-family.mining_gloves.21343	ITEM	21343	21344	9	false
cache-item-family.mining_helmet.5013	ITEM	5013	5014,5015,18011,18012	9	false
cache-item-family.mining_hood.9794	ITEM	9794	14257	9	false
cache-item-family.mint_cake.9475	ITEM	9475	9476,18706	9	false
cache-item-family.mirror_shield.4156	ITEM	4156	4157,14036	9	false
cache-item-family.mist_battlestaff.20730	ITEM	20730	20731,20732	9	false
cache-item-family.mist_rune.4695	ITEM	4695	19262	14	false
cache-item-family.mith_grapple.9418	ITEM	9418	9419,11275,11276,15180,15181	9	false
cache-item-family.mith_grapple_tip.9416	ITEM	9416	9417,15179	14	false
cache-item-family.mithril_arrowtips.42	ITEM	42	18225	9	false
cache-item-family.mithril_axe.1355	ITEM	1355	1356,14708	9	true
cache-item-family.mithril_battleaxe.1369	ITEM	1369	1370,14717	9	true
cache-item-family.mithril_bolts.9142	ITEM	9142	9289,9296,9303,14514,15123,15131,15139	9	false
cache-item-family.mithril_bolts_unf.9379	ITEM	9379	15147	14	false
cache-item-family.mithril_boots.4127	ITEM	4127	4128,14194	9	false
cache-item-family.mithril_brutal.4793	ITEM	4793	16876	9	false
cache-item-family.mithril_cannonball.31910	ITEM	31910	31911	14	false
cache-item-family.mithril_chainshot_cannonball.31924	ITEM	31924	31925	14	false
cache-item-family.mithril_claws.3099	ITEM	3099	3119,14326	9	false
cache-item-family.mithril_crossbow.9181	ITEM	9181	9182,14505	9	false
cache-item-family.mithril_crossbow_u.9461	ITEM	9461	9462,15116	14	false
cache-item-family.mithril_dart.809	ITEM	809	815,5632,5639,14522,14530,14546,14554	9	false
cache-item-family.mithril_dart_tip.822	ITEM	822	14538	14	false
cache-item-family.mithril_defender.8848	ITEM	8848	14346,24140	9	false
cache-item-family.mithril_dragon_mask.12369	ITEM	12369	12370,15925	9	false
cache-item-family.mithril_felling_axe.28208	ITEM	28208	28209,28210	9	false
cache-item-family.mithril_fire_arrow.2536	ITEM	2536	2537,14585,14586	13	false
cache-item-family.mithril_gloves.7458	ITEM	7458	14365,20581,27110	13	false
cache-item-family.mithril_gold_trimmed_set_lg.13008	ITEM	13008	13009,13934	14	true
cache-item-family.mithril_gold_trimmed_set_sk.13010	ITEM	13010	13011,13935	14	true
cache-item-family.mithril_halberd.3198	ITEM	3198	3199,14624	9	false
cache-item-family.mithril_hasta.11373	ITEM	11373	11374,11400,11401,11402,11403,11404,11405,11406,15557,15572,15573,15574,15575	13	false
cache-item-family.mithril_incendiary_cannonball.31938	ITEM	31938	31939	14	false
cache-item-family.mithril_javelin.828	ITEM	828	834,5645,5651,14445,14451,14457,14463	9	false
cache-item-family.mithril_javelin_tips.19576	ITEM	19576	19577	14	false
cache-item-family.mithril_keel_parts.32008	ITEM	32008	32009,32010	14	false
cache-item-family.mithril_knife.866	ITEM	866	873,5657,5664,14476,14483,14490,14497	9	false
cache-item-family.mithril_limbs.9427	ITEM	9427	9428,15106	14	false
cache-item-family.mithril_med_helm.1143	ITEM	1143	1144,14139	9	true
cache-item-family.mithril_nails.4822	ITEM	4822	16857	9	false
cache-item-family.mithril_ore_fragment.21536	ITEM	21536		9	false
cache-item-family.mithril_pickaxe.1273	ITEM	1273	1274,14764	9	true
cache-item-family.mithril_plateskirt.1085	ITEM	1085	1086,12285,12286,12295,12296,14178,15883,15888	9	true
cache-item-family.mithril_seeds.299	ITEM	299	16979,24534	9	false
cache-item-family.mithril_set_lg.13000	ITEM	13000	13001,13930	14	true
cache-item-family.mithril_set_sk.13002	ITEM	13002	13003,13931	14	true
cache-item-family.mithril_spear.1243	ITEM	1243	1244,1257,1258,3173,5710,5711,5724,5725,14771,14778,14785,14792,14800	13	false
cache-item-family.mithril_staff_of_collection.30605	ITEM	30605	30606	9	false
cache-item-family.mithril_thrownaxe.803	ITEM	803	14469	9	false
cache-item-family.mithril_trimmed_set_lg.13004	ITEM	13004	13005,13932	14	true
cache-item-family.mithril_trimmed_set_sk.13006	ITEM	13006	13007,13933	14	true
cache-item-family.mithril_warhammer.1343	ITEM	1343	1344,14725	9	true
cache-item-family.mixed_flowers.2472	ITEM	2472	2473,16986	9	false
cache-item-family.mixed_hide_armour_set.31166	ITEM	31166	31167,31168	9	false
cache-item-family.mixed_hide_base.29292	ITEM	29292	29293,29294	9	false
cache-item-family.mixed_hide_boots.29286	ITEM	29286	29287,29288	9	false
cache-item-family.mixed_hide_cape.29289	ITEM	29289	29290,29291	9	false
cache-item-family.mixed_hide_legs.29283	ITEM	29283	29284,29285	9	false
cache-item-family.mixed_hide_top.29280	ITEM	29280	29281,29282	9	false
cache-item-family.mixture_step_1.10915	ITEM	10915	10909,10910,10911,10912,10913,10914,10916,19418,19419,19420,19421	9	false
cache-item-family.mixture_step_2.10923	ITEM	10923	10917,10918,10919,10920,10921,10922,10924,19422,19423,19424,19425	9	false
cache-item-family.mogre_bone.7851	ITEM	7851	7853,17492,17494	9	false
cache-item-family.mokhaiotl_waystone.31099	ITEM	31099	31100	14	false
cache-item-family.mole_claw.7416	ITEM	7416	7417,15746	14	false
cache-item-family.mole_skin.7418	ITEM	7418	7419,15747	14	false
cache-item-family.mole_slippers.23285	ITEM	23285	23286,23287	9	true
cache-item-family.molten_glass.1775	ITEM	1775	1776,16295	14	false
cache-item-family.monk_s_robe.542	ITEM	542	543,19277,20202,20203,20204,23306,23307,23308	9	true
cache-item-family.monk_s_robe_top.544	ITEM	544	545,19278,20199,20200,20201,23303,23304,23305	9	true
cache-item-family.monkey.4033	ITEM	4033	8942,19556,19557	9	false
cache-item-family.monkey_bar.4014	ITEM	4014	4015,17922	9	false
cache-item-family.monkey_bonemeal.4267	ITEM	4267	17803	9	false
cache-item-family.monkey_bones.3183	ITEM	3183	3184,17939	9	true
cache-item-family.monkey_nuts.4012	ITEM	4012	4013,17921	9	false
cache-item-family.monkey_tail.19610	ITEM	19610	19611,19612	14	false
cache-item-family.monkfish.7946	ITEM	7946	7947,17065,20547,23532	9	false
cache-item-family.monocle.12353	ITEM	12353	12354,15917	9	false
cache-item-family.mooleta.33101	ITEM	33101	33102	9	true
cache-item-family.moon_lite.29418	ITEM	29418	29419,29420	9	false
cache-item-family.moonclan_armour.9070	ITEM	9070	16692	9	false
cache-item-family.moonclan_boots.9073	ITEM	9073	16695	9	false
cache-item-family.moonclan_cape.9074	ITEM	9074	16696	9	false
cache-item-family.moonclan_gloves.9072	ITEM	9072	16694	9	false
cache-item-family.moonclan_hat.9069	ITEM	9069	16691	9	false
cache-item-family.moonclan_helm.9068	ITEM	9068	16690	9	false
cache-item-family.moonclan_skirt.9071	ITEM	9071	16693	9	false
cache-item-family.moonclan_teleport.24949	ITEM	24949	24950	9	false
cache-item-family.moonlight_antelope_antler.29171	ITEM	29171	29172,29173	14	false
cache-item-family.moonlight_antelope_fur.29174	ITEM	29174	29175,29176	14	false
cache-item-family.moonlight_antler_bolts.28878	ITEM	28878	28879	9	false
cache-item-family.moonlight_mead.2955	ITEM	2955	2956,5811,5812,5813,5814,5815,5816,5817,5818,7750,7751,18892,19160	13	false
cache-item-family.moonlight_mead_m.5749	ITEM	5749	5750,5891,5892,5893,5894,5895,5896,5897,5898,18902,19161	13	false
cache-item-family.moonlight_moth.28864	ITEM	28864	28893,28894,28895	9	false
cache-item-family.moonlight_moth_mix.29213	ITEM	29213	29195,29196,29197,29214,29215	9	false
cache-item-family.moonlight_potion.29083	ITEM	29083	29080,29081,29082	9	false
cache-item-family.morrigan_s_coif.22638	ITEM	22638	22639,22640	9	false
cache-item-family.morrigan_s_coif_bh.27836	ITEM	27836	27939,27940,27941	9	false
cache-item-family.morrigan_s_javelin.22636	ITEM	22636	22637,23619	9	false
cache-item-family.morrigan_s_javelin_bh.27916	ITEM	27916	27917,27918,27919	9	false
cache-item-family.morrigan_s_leather_body.22641	ITEM	22641	22642,22643	9	false
cache-item-family.morrigan_s_leather_body_bh.27837	ITEM	27837	27942,27943,27944	9	false
cache-item-family.morrigan_s_leather_chaps.22644	ITEM	22644	22645,22646	9	false
cache-item-family.morrigan_s_leather_chaps_bh.27838	ITEM	27838	27945,27946,27947	9	false
cache-item-family.morrigan_s_throwing_axe.22634	ITEM	22634	22635	9	false
cache-item-family.morrigan_s_throwing_axe_bh.27912	ITEM	27912	27913,27914,27915	9	false
cache-item-family.mort_myre_fungus.2970	ITEM	2970	2971,16998	14	false
cache-item-family.mort_myre_pear.2974	ITEM	2974	2975,17000	14	false
cache-item-family.mort_myre_stem.2972	ITEM	2972	2973,16999	14	false
cache-item-family.mort_ton_teleport.12406	ITEM	12406	15943	9	false
cache-item-family.morytania_legs_1.13112	ITEM	13112	18650	9	false
cache-item-family.morytania_legs_2.13113	ITEM	13113	18651	9	false
cache-item-family.morytania_legs_3.13114	ITEM	13114	18652	9	false
cache-item-family.morytania_legs_4.13115	ITEM	13115	18653	9	false
cache-item-family.mos_le_harmless_teleport.12411	ITEM	12411	15948	9	false
cache-item-family.moss_giant_bone.7869	ITEM	7869	7871,17510,17512	9	false
cache-item-family.mosschin_s_bone.26591	ITEM	26591		9	false
cache-item-family.mottled_eel.22832	ITEM	22832	22833,22834	14	false
cache-item-family.mouldy_block.32864	ITEM	32864		9	false
cache-item-family.mouldy_doll.32869	ITEM	32869		9	false
cache-item-family.mouldy_sawdust.25286	ITEM	25286		9	true
cache-item-family.mounted_harpoonfish.11578	ITEM	11578	25563,30671	9	true
cache-item-family.mourner_boots.6069	ITEM	6069	17978	9	false
cache-item-family.mourner_cloak.6070	ITEM	6070	17979	9	false
cache-item-family.mourner_gloves.6068	ITEM	6068	17977	9	false
cache-item-family.mourner_top.6065	ITEM	6065	17975	9	false
cache-item-family.mourner_trousers.6067	ITEM	6067	17976	9	false
cache-item-family.mouse_toy.6541	ITEM	6541	17037	9	false
cache-item-family.mouth_grip.4181	ITEM	4181	18217	9	false
cache-item-family.mud_battlestaff.6562	ITEM	6562	6726,14695	9	false
cache-item-family.mud_pie.7170	ITEM	7170	7171,19177	9	false
cache-item-family.mud_rune.4698	ITEM	4698	19265	14	false
cache-item-family.muddy_key.991	ITEM	991	992,14618	14	true
cache-item-family.mudskipper_hat.6665	ITEM	6665	18810	9	false
cache-item-family.mudskipper_hide.7532	ITEM	7532	17391	9	false
cache-item-family.mulled_pine.27562	ITEM	27562		9	true
cache-item-family.murng_bat_5.20881	ITEM	20881		9	false
cache-item-family.mushroom.6004	ITEM	6004	6005,13867	14	false
cache-item-family.mushroom_onion.7066	ITEM	7066	7067,19207	9	false
cache-item-family.mushroom_pie.21690	ITEM	21690	21691,21692	9	false
cache-item-family.mushroom_potato.7058	ITEM	7058	7059,19203	9	false
cache-item-family.mushroom_spore.5282	ITEM	5282	13781	14	false
cache-item-family.mushrooms.10968	ITEM	10968	18412	9	false
cache-item-family.music_cape.13221	ITEM	13221	13222,14204,14205	9	false
cache-item-family.music_hood.13223	ITEM	13223	14206	9	false
cache-item-family.musketeer_hat.12351	ITEM	12351	12352,15916	9	false
cache-item-family.musketeer_pants.12443	ITEM	12443	12444,15970	9	false
cache-item-family.musketeer_tabard.12441	ITEM	12441	12442,15969	9	false
cache-item-family.mycil_fish_4.20864	ITEM	20864		9	false
cache-item-family.myre_snelm.3327	ITEM	3327	3328,18855	9	false
cache-item-family.mysterious_herb.22402	ITEM	22402		9	false
cache-item-family.mysterious_jerky.33802	ITEM	33802		9	false
cache-item-family.mysterious_orb.21261	ITEM	21261	23069	9	false
cache-item-family.mystery_fruit.31903	ITEM	31903	31904	9	false
cache-item-family.mystic_air_staff.1405	ITEM	1405	1406,14689	9	false
cache-item-family.mystic_boots.4097	ITEM	4097	4098,14157,20579,26539,26540	9	false
cache-item-family.mystic_boots_dark.4107	ITEM	4107	4108,14162	9	false
cache-item-family.mystic_boots_dusk.23059	ITEM	23059	23060,23061	9	false
cache-item-family.mystic_boots_light.4117	ITEM	4117	4118,14167	9	false
cache-item-family.mystic_dust_staff.20739	ITEM	20739	20740,20741	9	false
cache-item-family.mystic_earth_staff.1407	ITEM	1407	1408,14690	9	false
cache-item-family.mystic_fire_staff.1401	ITEM	1401	1402,14687	9	false
cache-item-family.mystic_gloves.4095	ITEM	4095	4096,14156,26537,26538	9	false
cache-item-family.mystic_gloves_dark.4105	ITEM	4105	4106,14161	9	false
cache-item-family.mystic_gloves_dusk.23056	ITEM	23056	23057,23058	9	false
cache-item-family.mystic_gloves_light.4115	ITEM	4115	4116,14166	9	false
cache-item-family.mystic_hat.4089	ITEM	4089	4090,14153,20562,26531,26532	9	false
cache-item-family.mystic_hat_dark.4099	ITEM	4099	4100,14158	9	false
cache-item-family.mystic_hat_dusk.23047	ITEM	23047	23048,23049	9	false
cache-item-family.mystic_hat_light.4109	ITEM	4109	4110,14163	9	false
cache-item-family.mystic_jewel.5561	ITEM	5561		9	false
cache-item-family.mystic_lava_staff.3054	ITEM	3054	3056,14694,21200,21201	9	false
cache-item-family.mystic_mist_staff.20733	ITEM	20733	20734,20735	9	false
cache-item-family.mystic_mud_staff.6563	ITEM	6563	6727,14696	9	false
cache-item-family.mystic_robe_bottom.4093	ITEM	4093	4094,14155,20426,26535,26536	9	false
cache-item-family.mystic_robe_bottom_dark.4103	ITEM	4103	4104,14160,27159	9	false
cache-item-family.mystic_robe_bottom_dusk.23053	ITEM	23053	23054,23055	9	false
cache-item-family.mystic_robe_bottom_light.4113	ITEM	4113	4114,14165,27161	9	false
cache-item-family.mystic_robe_top.4091	ITEM	4091	4092,14154,20425,26533,26534	9	false
cache-item-family.mystic_robe_top_dark.4101	ITEM	4101	4102,14159,27158	9	false
cache-item-family.mystic_robe_top_dusk.23050	ITEM	23050	23051,23052	9	false
cache-item-family.mystic_robe_top_light.4111	ITEM	4111	4112,14164,27160	9	false
cache-item-family.mystic_set_blue.23113	ITEM	23113	23114,23115	14	false
cache-item-family.mystic_set_dark.23116	ITEM	23116	23117,23118	14	false
cache-item-family.mystic_set_dusk.23119	ITEM	23119	23120,23121	14	false
cache-item-family.mystic_set_light.23110	ITEM	23110	23111,23112	14	false
cache-item-family.mystic_smoke_staff.12000	ITEM	12000	12001,14702	9	false
cache-item-family.mystic_steam_staff.11789	ITEM	11789	11790,12796,14698,14700	9	false
cache-item-family.mystic_water_staff.1403	ITEM	1403	1404,14688	9	false
cache-item-family.mythical_cape.21913	ITEM	21913	22114,22115	9	false
cache-item-family.mythical_max_cape.24855	ITEM	24855	24856	9	false
cache-item-family.mythical_max_hood.24857	ITEM	24857	24858	9	false
cache-item-family.nail_beast_nails.10937	ITEM	10937	10938,15609	9	false
cache-item-family.nardah_teleport.12402	ITEM	12402	15939	9	false
cache-item-family.narwhal_horn.31954	ITEM	31954	31955,31956	14	false
cache-item-family.narwhal_horn_knife.31957	ITEM	31957	31958	9	false
cache-item-family.nasturtium_seed.5098	ITEM	5098	13785	9	false
cache-item-family.nasturtiums.6012	ITEM	6012	6013,13871	14	false
cache-item-family.nature_impling_jar.11250	ITEM	11250	11251,15670	14	false
cache-item-family.nature_offerings.28152	ITEM	28152	28153	14	false
cache-item-family.nature_talisman.1462	ITEM	1462	1463,19237	9	false
cache-item-family.nature_tiara.5541	ITEM	5541	5542,19256	9	false
cache-item-family.navy_cavalier.12325	ITEM	12325	12326,15903	9	false
cache-item-family.necklace_mould.1597	ITEM	1597	1598,16366	9	true
cache-item-family.necklace_of_anguish.19547	ITEM	19547	19548,19549,22249,22250,27172	9	false
cache-item-family.necklace_of_faith.21157	ITEM	21157	21158,21159	9	false
cache-item-family.necklace_of_passage_5.21146	ITEM	21146	21147,21148,21149,21150,21151,21152,21153,21154,21155,21156,21462	10	false
cache-item-family.necklace_of_rupture.33639	ITEM	33639	33640,33641	9	false
cache-item-family.needle.1733	ITEM	1733	16270	9	true
cache-item-family.neitiznot_faceguard.24271	ITEM	24271	24272	9	false
cache-item-family.neitiznot_shield.10826	ITEM	10826	10827,17667	9	false
cache-item-family.nettle_tea.4239	ITEM	4239	4240,17760,17761	9	false
cache-item-family.nettle_water.4237	ITEM	4237	17759	9	false
cache-item-family.new_crystal_bow.4212	ITEM	4212	4213,16888	18	true
cache-item-family.new_crystal_bow_i.11748	ITEM	11748	16889	9	true
cache-item-family.new_crystal_halberd_full.13091	ITEM	13091	16893	9	true
cache-item-family.new_crystal_halberd_full_i.13080	ITEM	13080	16892	9	true
cache-item-family.new_crystal_shield.4224	ITEM	4224	4235,16890	18	true
cache-item-family.new_crystal_shield_i.11759	ITEM	11759	16891	9	true
cache-item-family.nice_hedge.8204	ITEM	8439	8204,8440,15044	14	false
cache-item-family.nickel_ore.31719	ITEM	31719	31720,31721	9	false
cache-item-family.nightmare_staff.24422	ITEM	24422	24506,24507	9	false
cache-item-family.nightshade.27790	ITEM	27790	27791	9	false
cache-item-family.nihil_dust.26368	ITEM	26368	26369	14	false
cache-item-family.nihil_horn.26372	ITEM	26372	26373,26404	14	false
cache-item-family.nihil_shard.26231	ITEM	26231	26232	14	false
cache-item-family.nimbleness_charm.30676	ITEM	30676	30677,30678	14	false
cache-item-family.ninja_impling_jar.11254	ITEM	11254	11255,15672	14	false
cache-item-family.noose_wand.10150	ITEM	10150	10151,15415	9	false
cache-item-family.nose_peg.4168	ITEM	4168	4169,14043	9	false
cache-item-family.noxifer_seed.20903	ITEM	20903		9	false
cache-item-family.noxious_halberd.29796	ITEM	29796	29797,29798,33178,33179	9	false
cache-item-family.numulite.21555	ITEM	21555	21556	14	false
cache-item-family.nunchaku.19918	ITEM	19918	19919,19920	9	false
cache-item-family.nurse_hat.6548	ITEM	6548	17044	9	false
cache-item-family.oak_armchair.8313	ITEM	8504	8313,8505,14952	14	false
cache-item-family.oak_armour_case.9826	ITEM	9859	9826,9884,15024	14	false
cache-item-family.oak_bed.8032	ITEM	8578	8032,8579,14982,24919,24923	14	false
cache-item-family.oak_bench.8109	ITEM	8564	8109,8565,14975	14	false
cache-item-family.oak_bird_house.21515	ITEM	21515	21516,21517	14	false
cache-item-family.oak_blackjack.4599	ITEM	4599	16535	9	false
cache-item-family.oak_blackjack_d.6410	ITEM	6410	6411,16443	9	false
cache-item-family.oak_blackjack_o.6408	ITEM	6408	6409,16442	9	false
cache-item-family.oak_bookcase.8320	ITEM	8512	8320,8513,14956,24903	14	false
cache-item-family.oak_cape_rack.9817	ITEM	9843	9817,9868,15008	14	false
cache-item-family.oak_chair.8312	ITEM	8502	8312,8503,14951,24931	14	false
cache-item-family.oak_clock.8052	ITEM	8590	8052,8591,14988	14	false
cache-item-family.oak_dining_table.8116	ITEM	8550	8116,8551,14968	14	false
cache-item-family.oak_drawers.8039	ITEM	8612	8039,8613,14999	14	false
cache-item-family.oak_dresser.8047	ITEM	8600	8047,8601,14993,24911	14	false
cache-item-family.oak_fancy_dress_box.9865	ITEM	9865	9890,15030	14	false
cache-item-family.oak_hull_parts.32044	ITEM	32044	32045,32046	14	false
cache-item-family.oak_kitchen_table.8247	ITEM	8530	8247,8531,14965	14	false
cache-item-family.oak_leaves.6022	ITEM	6022	13754	14	false
cache-item-family.oak_logs.1521	ITEM	1521	1522,13986	9	true
cache-item-family.oak_longbow_u.56	ITEM	56	57,18234	14	false
cache-item-family.oak_magic_wardrobe.9852	ITEM	9852	9877,15017	14	false
cache-item-family.oak_plank.8778	ITEM	8778	8779,14939	9	false
cache-item-family.oak_pyre_logs.3440	ITEM	3440	3441,17608	9	false
cache-item-family.oak_repair_kit.31967	ITEM	31967	31968,31969,32301	14	false
cache-item-family.oak_roots.6043	ITEM	6043	6044,13816	14	false
cache-item-family.oak_sapling.5370	ITEM	5370	12941,13736	14	false
cache-item-family.oak_seedling.5358	ITEM	5358	13724	9	false
cache-item-family.oak_seedling_w.5364	ITEM	5364	13730	9	false
cache-item-family.oak_shaving_stand.8046	ITEM	8598	8046,8599,14992	14	false
cache-item-family.oak_shield.22251	ITEM	22251	22252,22253	9	false
cache-item-family.oak_shortbow_u.54	ITEM	54	55,18233	14	false
cache-item-family.oak_stock.9442	ITEM	9442	9443,15162	14	false
cache-item-family.oak_toy_box.9836	ITEM	9849	9836,9874,15014	14	false
cache-item-family.oak_treasure_chest.9839	ITEM	9862	9839,9887,15027	14	false
cache-item-family.oak_wardrobe.8040	ITEM	8614	8040,8615,9829,15000,24907	14	false
cache-item-family.oathplate_armour_set.30744	ITEM	30744	30745,30746	14	false
cache-item-family.oathplate_chest.30753	ITEM	30753	30754,30755	9	false
cache-item-family.oathplate_helm.30750	ITEM	30750	30751,30752,33462,33463	9	false
cache-item-family.oathplate_legs.30756	ITEM	30756	30757,30758	9	false
cache-item-family.oathplate_shards.30765	ITEM	30765	30766	14	false
cache-item-family.oathplate_slayer_helmet.33338	ITEM	33338	33339	9	false
cache-item-family.oathplate_slayer_helmet_i.33439	ITEM	33439	33440,33441,33442,33443,33444	9	false
cache-item-family.obsidian_armour_set.21279	ITEM	21279	21280,21281	14	false
cache-item-family.obsidian_cape.6568	ITEM	6568	6569,18243	9	false
cache-item-family.obsidian_cape_r.20050	ITEM	20050	20051,20052	9	false
cache-item-family.obsidian_helmet.21298	ITEM	21298	21299,21300	9	false
cache-item-family.obsidian_platebody.21301	ITEM	21301	21302,21303	9	false
cache-item-family.obsidian_platelegs.21304	ITEM	21304	21305,21306	9	false
cache-item-family.occult_necklace.12002	ITEM	12002	12003,14004,19720,19721,23654	9	false
cache-item-family.occult_ornament_kit.20065	ITEM	20065	20066,20067	14	false
cache-item-family.ochre_snelm.3331	ITEM	3331	3332,18857	9	false
cache-item-family.odd_batta.2245	ITEM	2246	2245	18	false
cache-item-family.odd_bird_seed.10178	ITEM	10178	18004	9	false
cache-item-family.odd_cocktail.2094	ITEM	2095	2094,2096,2097,2098,2099,2100,2101	18	false
cache-item-family.odd_crunchies.2197	ITEM	2197	2198	9	false
cache-item-family.odd_gnomebowl.2173	ITEM	2173	2174	9	false
cache-item-family.odd_spectacles.26963	ITEM	26963	26964	9	false
cache-item-family.odium_shard_1.11928	ITEM	11928	11945,18265	14	false
cache-item-family.odium_shard_2.11929	ITEM	11929	11946,18266	14	false
cache-item-family.odium_shard_3.11930	ITEM	11930	11947,18267	14	false
cache-item-family.odium_ward.11926	ITEM	11926	11927,12807,18263,18264	9	false
cache-item-family.ogre_arrow.2866	ITEM	2866	17952	9	false
cache-item-family.ogre_arrow_shaft.2864	ITEM	2864	17950	14	false
cache-item-family.ogre_bow.2883	ITEM	2883	17956	9	false
cache-item-family.ogre_coffin_key.4850	ITEM	4850	4851,16871	14	false
cache-item-family.oil_lamp.4522	ITEM	4522	4523,4524,18775,18776	9	false
cache-item-family.oil_lantern.4537	ITEM	4537	4538,4539,18784,18785	9	false
cache-item-family.oil_lantern_frame.4540	ITEM	4540	4541,18786	14	false
cache-item-family.oily_fishing_rod.1585	ITEM	1585	17591	9	false
cache-item-family.oily_pearl_fishing_rod.23122	ITEM	23122	23123	9	false
cache-item-family.old_demon_mask.20029	ITEM	20029	20030,20031	9	false
cache-item-family.old_school_bond.13190	ITEM	13190	13191,15430	14	true
cache-item-family.old_wool.27494	ITEM	27494	27495,27496	9	true
cache-item-family.olive_oil_4.3422	ITEM	3422	3423,3424,3425,3426,3427,3428,3429,17605,19461,19462,19463	13	false
cache-item-family.one_barrel.8860	ITEM	8860		9	false
cache-item-family.onion.1957	ITEM	1957	1958,18934	9	true
cache-item-family.onion_seed.5319	ITEM	5319	7550,7551,13797	9	false
cache-item-family.onion_tomato.1875	ITEM	1875	1876,19123	9	false
cache-item-family.onions_10.5458	ITEM	5458	5440,5441,5442,5443,5444,5445,5446,5447,5448,5449,5450,5451,5452,5453,5454,5455,5456,5457,5459,13751	13	false
cache-item-family.onyx.6573	ITEM	6573	6574,18246	14	false
cache-item-family.onyx_amulet.6581	ITEM	6581	6582,18250	9	false
cache-item-family.onyx_amulet_u.6579	ITEM	6579	6580,18249	14	false
cache-item-family.onyx_bolt_tips.9194	ITEM	9194	15192	9	false
cache-item-family.onyx_bolts.9342	ITEM	9342	15177	9	false
cache-item-family.onyx_bolts_e.9245	ITEM	9245	15160	9	false
cache-item-family.onyx_bracelet.11130	ITEM	11130	11131,11132,16268	9	false
cache-item-family.onyx_dragon_bolts.21973	ITEM	21973	21974	9	false
cache-item-family.onyx_dragon_bolts_e.21950	ITEM	21950	21951	9	false
cache-item-family.onyx_necklace.6577	ITEM	6577	6578,18248	9	false
cache-item-family.onyx_ring.6575	ITEM	6575	6576,18247	9	false
cache-item-family.opal.1609	ITEM	1609	1610,16310	14	false
cache-item-family.opal_amulet.21108	ITEM	21108	21109,21110	9	false
cache-item-family.opal_amulet_u.21099	ITEM	21099	21100,21101	14	false
cache-item-family.opal_bolt_tips.45	ITEM	45	15182	9	false
cache-item-family.opal_bolts.879	ITEM	879	15168	9	false
cache-item-family.opal_bolts_e.9236	ITEM	9236	15151	9	false
cache-item-family.opal_bracelet.21117	ITEM	21117	21118,21119	9	false
cache-item-family.opal_dragon_bolts.21955	ITEM	21955	21956	9	false
cache-item-family.opal_dragon_bolts_e.21932	ITEM	21932	21933,27192	9	false
cache-item-family.opal_machete.6313	ITEM	6313	6314,18721	9	false
cache-item-family.opal_necklace.21090	ITEM	21090	21091,21092	9	false
cache-item-family.opal_ring.21081	ITEM	21081	21082,21083	9	false
cache-item-family.open_black_coffin.25471	ITEM	25471		9	false
cache-item-family.open_bronze_coffin.25469	ITEM	25469		9	false
cache-item-family.open_coal_bag.24480	ITEM	24480		9	false
cache-item-family.open_fish_barrel.25584	ITEM	25584		9	false
cache-item-family.open_fish_sack_barrel.25587	ITEM	25587		9	false
cache-item-family.open_forestry_basket.28145	ITEM	28145		9	false
cache-item-family.open_gem_bag.24481	ITEM	24481		9	false
cache-item-family.open_gem_pouch.33386	ITEM	33386		9	false
cache-item-family.open_gem_sack.33395	ITEM	33395		9	false
cache-item-family.open_gem_satchel.33389	ITEM	33389		9	false
cache-item-family.open_gem_tote.33392	ITEM	33392		9	false
cache-item-family.open_gold_coffin.25473	ITEM	25473		9	false
cache-item-family.open_herb_box.11739	ITEM	11739	16156	9	false
cache-item-family.open_herb_sack.24478	ITEM	24478		9	false
cache-item-family.open_log_basket.28142	ITEM	28142		9	false
cache-item-family.open_reagent_pouch.29998	ITEM	29998		9	false
cache-item-family.open_seed_box.24482	ITEM	24482		9	false
cache-item-family.open_silklined_herb_sack.33137	ITEM	33137		9	false
cache-item-family.open_silver_coffin.25472	ITEM	25472		9	false
cache-item-family.open_steel_coffin.25470	ITEM	25470		9	false
cache-item-family.opulent_table.8121	ITEM	8560	8121,8561,14973	14	false
cache-item-family.orange.2108	ITEM	2108	2109,19085,31117,31118	9	false
cache-item-family.orange_boater.7321	ITEM	7321	7322,16009	9	false
cache-item-family.orange_candy.24987	ITEM	24987	25125	9	false
cache-item-family.orange_cape.1031	ITEM	1031	1032,14383	9	true
cache-item-family.orange_chunks.2110	ITEM	2110	2111,19086	9	false
cache-item-family.orange_dye.1769	ITEM	1769	1770,16292	14	true
cache-item-family.orange_feather.10091	ITEM	10091	15388	9	false
cache-item-family.orange_flowers.2470	ITEM	2470	2471,16985	9	false
cache-item-family.orange_goblin_mail.286	ITEM	286	16420	9	true
cache-item-family.orange_salamander.10146	ITEM	10146	10160,15366	9	false
cache-item-family.orange_sapling.5498	ITEM	5498	12948,13844	14	false
cache-item-family.orange_seedling.5482	ITEM	5482	13828	9	false
cache-item-family.orange_seedling_w.5490	ITEM	5490	13836	9	false
cache-item-family.orange_slices.2112	ITEM	2112	2113,19087	9	false
cache-item-family.orange_tree_seed.5285	ITEM	5285	13790	9	false
cache-item-family.oranges_1.5388	ITEM	5388	5389,5390,5391,5392,5393,5394,5395,5396,5397,13717	10	false
cache-item-family.orchid_seed.6458	ITEM	6458	6459	9	false
cache-item-family.orikalkum_gravel.33657	ITEM	33657	33658	14	false
cache-item-family.ornate_boots.23093	ITEM	23093	23094	9	true
cache-item-family.ornate_cape.23099	ITEM	23099	23100	9	true
cache-item-family.ornate_gloves.23091	ITEM	23091	23092	9	true
cache-item-family.ornate_helm.23101	ITEM	23101	23102	9	true
cache-item-family.ornate_knife.33740	ITEM	33740		9	false
cache-item-family.ornate_legs.23095	ITEM	23095	23096	9	true
cache-item-family.ornate_maul_handle.24229	ITEM	24229	24230,24231	14	false
cache-item-family.ornate_top.23097	ITEM	23097	23098	9	true
cache-item-family.osman_s_report.26602	ITEM	26602	26603,26604	14	true
cache-item-family.osmumten_s_fang.26219	ITEM	26219	26220,27245,27246,27247,33174,33175	9	false
cache-item-family.osprey_feather.32824	ITEM	32824		9	false
cache-item-family.ourania_teleport.24951	ITEM	24951	24952	9	false
cache-item-family.ourg_bonemeal.4855	ITEM	4855	17811	9	false
cache-item-family.ourg_bones.4834	ITEM	4834	4835,16865	9	false
cache-item-family.oyster.407	ITEM	407	408,15477	14	false
cache-item-family.oyster_pearl.411	ITEM	411	412,15479	14	false
cache-item-family.oyster_pearls.413	ITEM	413	414,15480	14	false
cache-item-family.paddewwa_teleport.12781	ITEM	12781	15086	9	false
cache-item-family.palm_sapling.5502	ITEM	5502	12952,13848	14	false
cache-item-family.palm_seedling.5486	ITEM	5486	13832	9	false
cache-item-family.palm_seedling_w.5494	ITEM	5494	13840	9	false
cache-item-family.palm_tree_seed.5289	ITEM	5289	13794	9	false
cache-item-family.pantaloons.10396	ITEM	10396	10397,16108	9	false
cache-item-family.papaya_fruit.5972	ITEM	5972	5973,13851	9	false
cache-item-family.papaya_sapling.5501	ITEM	5501	12951,13847	14	false
cache-item-family.papaya_seedling.5485	ITEM	5485	13831	9	false
cache-item-family.papaya_seedling_w.5493	ITEM	5493	13839	9	false
cache-item-family.papaya_tree_seed.5288	ITEM	5288	13793	9	false
cache-item-family.papyrus.970	ITEM	970	971,972,18035,18036	14	false
cache-item-family.pastry_dough.1953	ITEM	1953	1954,18941	14	true
cache-item-family.pasty_jogre_bones.3128	ITEM	3128	3129,3131,3132,17244,17245,17247,17248	9	false
cache-item-family.pat_of_butter.6697	ITEM	6697	6698,18931	14	false
cache-item-family.peaceful_blessing.20226	ITEM	20226	20227,20228	9	false
cache-item-family.peach.6883	ITEM	6883	18956	9	false
cache-item-family.pearl_barbarian_rod.22842	ITEM	22842	22843	9	true
cache-item-family.pearl_bolt_tips.46	ITEM	46	15183	9	false
cache-item-family.pearl_bolts.880	ITEM	880	15170	9	false
cache-item-family.pearl_bolts_e.9238	ITEM	9238	15153	9	false
cache-item-family.pearl_dragon_bolts.21959	ITEM	21959	21960	9	false
cache-item-family.pearl_dragon_bolts_e.21936	ITEM	21936	21937	9	false
cache-item-family.pearl_fishing_rod.22846	ITEM	22846	22847	9	true
cache-item-family.pearl_fly_fishing_rod.22844	ITEM	22844	22845	9	true
cache-item-family.pegasian_boots.13237	ITEM	13237	13238,14026	9	false
cache-item-family.pegasian_crystal.13229	ITEM	13229	13230,14022	14	false
cache-item-family.penance_gloves.10553	ITEM	10553	10554,15681	9	false
cache-item-family.penance_skirt.10555	ITEM	10555	15682,24176	9	false
cache-item-family.pendant_of_ates.29893	ITEM	29893	29894	9	false
cache-item-family.pendant_of_ates_inert.29892	ITEM	29892		9	false
cache-item-family.pendant_of_lucien.86	ITEM	86	16453	9	false
cache-item-family.penguin_bongos.10592	ITEM	10592	16835	9	false
cache-item-family.penguin_mask.12428	ITEM	12428	12429,15962	9	false
cache-item-family.perfect_gold_bar.2365	ITEM	2365	13894	9	false
cache-item-family.perfect_gold_ore.446	ITEM	446	16238	9	false
cache-item-family.perfect_necklace.774	ITEM	774	17650	9	false
cache-item-family.perfect_ring.773	ITEM	773	17649	9	false
cache-item-family.perfected_quetzal_whistle_blueprint.29256	ITEM	29256	29257,29258	14	false
cache-item-family.perildance_bitter.31817	ITEM	31817	31818,31819	9	false
cache-item-family.pest_control_teleport.12407	ITEM	12407	15944	9	false
cache-item-family.pestle_and_mortar.233	ITEM	233	234,15247,23865	9	false
cache-item-family.pet_kraken.12655	ITEM	12655	15300	9	false
cache-item-family.pet_rock.3695	ITEM	3695	16746	9	false
cache-item-family.petal_garland.28655	ITEM	28655	28656	9	false
cache-item-family.pharaoh_s_sceptre.9044	ITEM	9044	9045,9046,9047,9048,9049,9050,9051,13074,13075,13076,13077,13078,16176,21445,21446,26945,26946,26947,26948,26949,26950,26951	9	false
cache-item-family.phasmatys_flag.8971	ITEM	8971	16221	9	false
cache-item-family.pheasant_boots.28618	ITEM	28618	28619	9	false
cache-item-family.pheasant_cape.28616	ITEM	28616	28617	9	false
cache-item-family.pheasant_hat.28620	ITEM	28620	28621	9	false
cache-item-family.pheasant_legs.28622	ITEM	28622	28623	9	false
cache-item-family.pheasant_tail_feathers.28624	ITEM	28624	28625	9	false
cache-item-family.phluxia_bat_3.20877	ITEM	20877		9	false
cache-item-family.phoenix_crossbow.767	ITEM	767	768,11165,11166,11167,11168,17869,17870,17871	18	true
cache-item-family.phoenix_feather.4621	ITEM	4621	17832	9	false
cache-item-family.phoenix_necklace.11090	ITEM	11090	11091,16261	9	false
cache-item-family.phrin_remains.3398	ITEM	3398	3399,17598	14	false
cache-item-family.pickaxe_handle.466	ITEM	466	467	9	true
cache-item-family.pie_dish.2313	ITEM	2313	2314,18920	14	true
cache-item-family.pie_recipe_book.7162	ITEM	7162	7163,19175	14	false
cache-item-family.pie_shell.2315	ITEM	2315	2316,18921	14	true
cache-item-family.pile_of_salt.4689	ITEM	4689	4690,17006	14	false
cache-item-family.pillar_coral.31484	ITEM	31484	31485,31486	14	false
cache-item-family.pillar_frag.31513	ITEM	31513	31514	14	false
cache-item-family.pillar_potion_unf.31665	ITEM	31665	31666,31667	9	false
cache-item-family.pineapple.2114	ITEM	2114	2115,19088	9	false
cache-item-family.pineapple_chunks.2116	ITEM	2116	2117,19089	9	false
cache-item-family.pineapple_pizza.2301	ITEM	2301	2302,2303,2304,19140,19141	13	false
cache-item-family.pineapple_punch.2048	ITEM	2048	2049,9512,9513,18974,19071	9	false
cache-item-family.pineapple_ring.2118	ITEM	2118	2119,19090	9	false
cache-item-family.pineapple_sapling.5500	ITEM	5500	12950,13846	14	false
cache-item-family.pineapple_seed.5287	ITEM	5287	13792	9	false
cache-item-family.pineapple_seedling.5484	ITEM	5484	13830	9	false
cache-item-family.pineapple_seedling_w.5492	ITEM	5492	13838	9	false
cache-item-family.pink_boater.12309	ITEM	12309	12310,15895	9	false
cache-item-family.pink_boots.626	ITEM	626	627,14048	9	false
cache-item-family.pink_candy.24988	ITEM	24988	25126	9	false
cache-item-family.pink_cape.6959	ITEM	6959	6960,18057	9	false
cache-item-family.pink_elegant_blouse.12339	ITEM	12339	12340,15910	9	false
cache-item-family.pink_elegant_legs.12317	ITEM	12317	12318,15899	9	false
cache-item-family.pink_elegant_shirt.12315	ITEM	12315	12316,15898	9	false
cache-item-family.pink_elegant_skirt.12341	ITEM	12341	12342,15911	9	false
cache-item-family.pink_goblin_mail.9059	ITEM	9059	16427	9	true
cache-item-family.pink_hat.656	ITEM	656	657,14063	9	false
cache-item-family.pink_headband.12305	ITEM	12305	12306,15893	9	false
cache-item-family.pink_robe_bottoms.646	ITEM	646	647,14058	9	false
cache-item-family.pink_robe_top.636	ITEM	636	637,14053	9	false
cache-item-family.pink_rose_seed.6455	ITEM	6455		9	false
cache-item-family.pink_skirt.1013	ITEM	1013	1014,14374	9	true
cache-item-family.pirate_bandana.7112	ITEM	7112	7113,7124,7125,7130,7131,7136,7137,8949,16921,16925,16928,16931	9	false
cache-item-family.pirate_boots.7114	ITEM	7114	7115,16922	9	false
cache-item-family.pirate_hat.8950	ITEM	8950		9	false
cache-item-family.pirate_hat_patch.12412	ITEM	12412	12413,15950	9	false
cache-item-family.pirate_leggings.7116	ITEM	7116	7117,7126,7127,7132,7133,7138,7139,16923,16926,16929,16932	9	false
cache-item-family.pirate_s_hat.2651	ITEM	2651	2652,15789	9	false
cache-item-family.pirate_s_hook.2997	ITEM	2997	3048,16166	9	false
cache-item-family.piscarilius_banner.20260	ITEM	20260	20261,20262	9	false
cache-item-family.piscarilius_hood.20122	ITEM	20122	20123,20124	9	false
cache-item-family.piscarilius_scarf.19952	ITEM	19952	19953,19954	9	false
cache-item-family.piscatoris_teleport.12408	ITEM	12408	15945	9	false
cache-item-family.pith_helmet.12516	ITEM	12516	12517,15993	9	false
cache-item-family.pitta_bread.1865	ITEM	1865	1866,19119	14	false
cache-item-family.pizza_base.2283	ITEM	2283	2284,19131	14	true
cache-item-family.plague_jacket.284	ITEM	284	16881	9	false
cache-item-family.plague_trousers.285	ITEM	285	16882	9	false
cache-item-family.plain_of_mud_sphere.26577	ITEM	26577	26578	9	false
cache-item-family.plain_pizza.2289	ITEM	2289	2290,2291,2292,19134,19135	13	true
cache-item-family.plain_satchel.10877	ITEM	10877	16593,25618	9	false
cache-item-family.plank.960	ITEM	960	961,14938	9	true
cache-item-family.plank_sack.24882	ITEM	24882	24883,25629	9	false
cache-item-family.plant_cure.6036	ITEM	6036	6037,6468,13744	9	false
cache-item-family.pointed_blood_n_tar_snelm.3339	ITEM	3339	3340,18861	9	false
cache-item-family.pointed_bruise_blue_snelm.3343	ITEM	3343	3344,18863	9	false
cache-item-family.pointed_myre_snelm.3337	ITEM	3337	3338,18860	9	false
cache-item-family.pointed_ochre_snelm.3341	ITEM	3341	3342,18862	9	false
cache-item-family.poison.273	ITEM	273	2479,16549	14	true
cache-item-family.poison_chalice.197	ITEM	197	198,15271	9	false
cache-item-family.poison_dagger.5684	ITEM	5685	5703,14658,14667	13	false
cache-item-family.poison_ivy_berries.6018	ITEM	6018	6019,13874	14	false
cache-item-family.poison_ivy_seed.5106	ITEM	5106	13815	9	false
cache-item-family.poison_karambwan.3146	ITEM	3146	17252	9	false
cache-item-family.poisoned_cheese.6768	ITEM	6768	17192	9	false
cache-item-family.poisoned_dagger.1235	ITEM	1236	14649	13	false
cache-item-family.poisoned_dart.818	ITEM	14534		13	false
cache-item-family.polar_camo_legs.10067	ITEM	10067	10068,15381,28860,28862	9	false
cache-item-family.polar_camo_top.10065	ITEM	10065	10066,15380,28857,28859	9	false
cache-item-family.polar_kebbit_fur.10117	ITEM	10117	10118,15405	14	false
cache-item-family.polished_buttons.10496	ITEM	10496	10497,17107	14	false
cache-item-family.pollnivneach_teleport.11743	ITEM	11743	16160	9	false
cache-item-family.portable_waystone.26549	ITEM	26549	26550	9	false
cache-item-family.pot_lid.4440	ITEM	4440	4441,17699	14	false
cache-item-family.pot_of_cornflour.7468	ITEM	7468	7469,17413	9	false
cache-item-family.pot_of_cream.2130	ITEM	2130	2131,19096	9	false
cache-item-family.pot_of_tea_4.7692	ITEM	7692	7693,7694,7695,7696,7697,7698,7699,7704,7705,7706,7707,7708,7709,7710,7711,7716,7717,7718,7719,7720,7721,7722,7723	13	false
cache-item-family.pot_of_vinegar.7811	ITEM	7811	17452	9	false
cache-item-family.potato.1942	ITEM	1942	1943,18932	9	true
cache-item-family.potato_cactus.3138	ITEM	3138	3139,17046	14	false
cache-item-family.potato_cactus_seed.22873	ITEM	22873	22874	9	false
cache-item-family.potato_sack.30947	ITEM	30947	30948	9	false
cache-item-family.potato_seed.5318	ITEM	5318	7548,7549,13796	9	false
cache-item-family.potato_with_butter.6703	ITEM	6703	6704,19199	9	false
cache-item-family.potato_with_cheese.6705	ITEM	6705	6706,19200	9	false
cache-item-family.potatoes_10.5438	ITEM	5438	5420,5421,5422,5423,5424,5425,5426,5427,5428,5429,5430,5431,5432,5433,5434,5435,5436,5437,5439,13750	13	false
cache-item-family.pottery_scarab.9032	ITEM	9032	9033,16170	14	false
cache-item-family.pottery_statuette.9036	ITEM	9036	9037,16172	14	false
cache-item-family.prael_bat_1.20873	ITEM	20873		9	false
cache-item-family.prayer_cape.9759	ITEM	9759	9760,14219,14220	9	false
cache-item-family.prayer_hood.9761	ITEM	9761	14221	9	false
cache-item-family.prayer_mix.11467	ITEM	11467	11465,11466,11468,15504,19401	9	false
cache-item-family.prayer_potion.143	ITEM	143	139,140,141,142,144,2434,2435,15259,19329,19330,19331,20393,20394,20395,20396,23535,23536,23537,23538	9	false
cache-item-family.prayer_regeneration_potion.30134	ITEM	30134	30125,30126,30127,30128,30129,30130,30131,30132,30133,30135,30136	9	false
cache-item-family.pre_nature_amulet.6041	ITEM	6041	6042,13747	9	false
cache-item-family.premade_blurb_sp.2028	ITEM	2028	2029,19064	9	false
cache-item-family.premade_c_t_batta.2223	ITEM	2223	2224,19041	9	false
cache-item-family.premade_ch_crunch.2239	ITEM	2239	2240,19049	9	false
cache-item-family.premade_choc_bomb.2229	ITEM	2229	2230,19044	9	false
cache-item-family.premade_choc_s_dy.2030	ITEM	2030	2031,19065	9	false
cache-item-family.premade_dr_dragon.2032	ITEM	2032	2033,19066	9	false
cache-item-family.premade_fr_blast.2034	ITEM	2034	2035,19067	9	false
cache-item-family.premade_fr_t_batta.2225	ITEM	2225	2226,19042	9	false
cache-item-family.premade_p_punch.2036	ITEM	2036	2037,19068	9	false
cache-item-family.premade_s_y_crunch.2241	ITEM	2241	2242,19050	9	false
cache-item-family.premade_sgg.2038	ITEM	2038	2039,19069	9	false
cache-item-family.premade_t_d_batta.2221	ITEM	2221	2222,19040	9	false
cache-item-family.premade_t_d_crunch.2243	ITEM	2243	2244,19051	9	false
cache-item-family.premade_ttl.2231	ITEM	2231	2232,19045	9	false
cache-item-family.premade_veg_ball.2235	ITEM	2235	2236,19047	9	false
cache-item-family.premade_veg_batta.2227	ITEM	2227	2228,19043	9	false
cache-item-family.premade_w_m_batta.2219	ITEM	2219	2220,19039	9	false
cache-item-family.premade_w_m_crun.2237	ITEM	2237	2238,19048	9	false
cache-item-family.premade_wiz_blz_d.2040	ITEM	2040	2041,19070	9	false
cache-item-family.premade_worm_hole.2233	ITEM	2233	2234,19046	9	false
cache-item-family.prescription_goggles.29974	ITEM	29974	29975,29976,29977	9	false
cache-item-family.priest_gown.426	ITEM	426	427,428,429,17282,17283	9	true
cache-item-family.prifddinas_teleport.23771	ITEM	23771	23772	9	false
cache-item-family.primed_bar.9727	ITEM	9727	17900	9	false
cache-item-family.primed_mind_bar.9728	ITEM	9728	17901	9	false
cache-item-family.primordial_boots.13239	ITEM	13239	13240,14027	9	false
cache-item-family.primordial_crystal.13231	ITEM	13231	13232,14023	14	false
cache-item-family.princely_monkey.24867	ITEM	24867		9	false
cache-item-family.principum_red.29950	ITEM	29950	29951	9	false
cache-item-family.prison_uniform_top.31353	ITEM	31353	31354	9	false
cache-item-family.prison_uniform_trousers.31355	ITEM	31355	31356	9	false
cache-item-family.proboscis.6319	ITEM	6319	18724	14	false
cache-item-family.progress_hat.6885	ITEM	6885	6886,6887,18590,18591,18592	9	false
cache-item-family.proselyte_cuisse.9676	ITEM	9676	9677,17334,20565	9	false
cache-item-family.proselyte_harness_f.9670	ITEM	9670	9671,17331	14	false
cache-item-family.proselyte_harness_m.9666	ITEM	9666	9667,17329	14	false
cache-item-family.proselyte_hauberk.9674	ITEM	9674	9675,17333,20564	9	false
cache-item-family.proselyte_sallet.9672	ITEM	9672	9673,17332,20563	9	false
cache-item-family.proselyte_tasset.9678	ITEM	9678	9679,17335	9	false
cache-item-family.prospector_boots.12016	ITEM	12016	16248,29478,29479	9	false
cache-item-family.prospector_helmet.12013	ITEM	12013	16245,29472,29473	9	false
cache-item-family.prospector_jacket.12014	ITEM	12014	16246,29474,29475	9	false
cache-item-family.prospector_legs.12015	ITEM	12015	16247,29476,29477	9	false
cache-item-family.psykk_bat_6.20883	ITEM	20883		9	false
cache-item-family.pure_essence.7936	ITEM	7936	7937,19226,33776	9	false
cache-item-family.purging_staff.29594	ITEM	29594	29595,33184,33185	9	false
cache-item-family.purple_boater.12311	ITEM	12311	12312,15896	9	false
cache-item-family.purple_boots.2934	ITEM	2934	2935,18850	9	true
cache-item-family.purple_candy.24983	ITEM	24983	25121	9	false
cache-item-family.purple_cape.1029	ITEM	1029	1030,14382	9	true
cache-item-family.purple_dye.1773	ITEM	1773	1774,16294	14	true
cache-item-family.purple_elegant_blouse.10436	ITEM	10436	10437,16128	9	false
cache-item-family.purple_elegant_legs.10418	ITEM	10418	10419,16119	9	false
cache-item-family.purple_elegant_shirt.10416	ITEM	10416	10417,16118	9	false
cache-item-family.purple_elegant_skirt.10438	ITEM	10438	10439,16129	9	false
cache-item-family.purple_firelighter.10326	ITEM	10326	16075	14	false
cache-item-family.purple_flowers.2468	ITEM	2468	2469,16984	9	false
cache-item-family.purple_gloves.2942	ITEM	2942	2943,18854	9	true
cache-item-family.purple_goblin_mail.9058	ITEM	9058	16426	9	true
cache-item-family.purple_hat.2940	ITEM	2940	2941,18853	9	false
cache-item-family.purple_logs.10329	ITEM	10329	16078	9	false
cache-item-family.purple_naval_shirt.8957	ITEM	8957	16207	9	false
cache-item-family.purple_navy_slacks.8996	ITEM	8996	16230	9	false
cache-item-family.purple_robe_bottoms.2938	ITEM	2938	2939,18852	9	false
cache-item-family.purple_robe_top.2936	ITEM	2936	2937,18851	9	false
cache-item-family.purple_slayer_helmet.21264	ITEM	21264	21265	9	false
cache-item-family.purple_slayer_helmet_i.21266	ITEM	21266	21267,25185,25186,26678,27060	9	false
cache-item-family.purple_sweets.4561	ITEM	10476	4561,16148,18109	18	false
cache-item-family.purple_tricorn_hat.8964	ITEM	8964	16214	9	false
cache-item-family.putrid_sticky_potion.33806	ITEM	33806	33803,33804,33805	9	false
cache-item-family.pygmy_kraken_ink_sac.32834	ITEM	32834		9	false
cache-item-family.pygmy_kraken_tentacle.32815	ITEM	32815		9	false
cache-item-family.pyre_logs.3438	ITEM	3438	3439,17607	9	false
cache-item-family.pyromancer_boots.20710	ITEM	20710	20711	9	false
cache-item-family.pyromancer_garb.20704	ITEM	20704	20705	9	false
cache-item-family.pyromancer_hood.20708	ITEM	20708	20709	9	false
cache-item-family.pyromancer_robe.20706	ITEM	20706	20707	9	false
cache-item-family.pyrophosphite.21545	ITEM	21545	21546	14	false
cache-item-family.pysk_fish_0.20856	ITEM	20856		9	false
cache-item-family.quality_violet_tulip_seed.27041	ITEM	27041		9	true
cache-item-family.queen_s_secateurs.7410	ITEM	7410	9020,17202,17729	9	false
cache-item-family.quest_point_cape.9813	ITEM	9813	13068,14276,14278	9	false
cache-item-family.quest_point_hood.9814	ITEM	9814	14277	9	false
cache-item-family.quetzal_feed.28975	ITEM	29307	28975,29308	14	false
cache-item-family.rabbit_bone.7896	ITEM	7896	7898,17537,17539	9	false
cache-item-family.rabbit_foot.10134	ITEM	10134	10135,15383	14	false
cache-item-family.rabbit_mould.11024	ITEM	11024		9	true
cache-item-family.rabbit_snare.10031	ITEM	10031	15426	14	false
cache-item-family.rada_s_blessing_1.22941	ITEM	22941	22942	9	false
cache-item-family.rada_s_blessing_2.22943	ITEM	22943	22944	9	false
cache-item-family.rada_s_blessing_3.22945	ITEM	22945	22946	9	false
cache-item-family.rada_s_blessing_4.22947	ITEM	22947	22948	9	false
cache-item-family.radiant_oathplate_chest.30779	ITEM	30779	30780	9	false
cache-item-family.radiant_oathplate_helm.30777	ITEM	30777	30778	9	false
cache-item-family.radiant_oathplate_legs.30781	ITEM	30781	30782	9	false
cache-item-family.radiant_slayer_helmet.33340	ITEM	33340	33341	9	false
cache-item-family.radiant_slayer_helmet_i.33445	ITEM	33445	33446,33447,33448,33449,33450	9	false
cache-item-family.rain_bow.23357	ITEM	23357	23358,23359	9	false
cache-item-family.rainbow_crab.31677	ITEM	31677	31678,31679,31680,31681,31682,31683,31684,31685	14	false
cache-item-family.rainbow_crab_meat.31703	ITEM	31703	31704,31705	9	false
cache-item-family.rainbow_crab_paste.31710	ITEM	31710	31711	14	false
cache-item-family.rainbow_fish.10136	ITEM	10136	10137,15412	9	false
cache-item-family.rake.5341	ITEM	5341	5342,13880	9	false
cache-item-family.rake_handle.5347	ITEM	5347		9	false
cache-item-family.rake_head.5348	ITEM	5348		9	false
cache-item-family.ram_mask.29929	ITEM	29929	29934,29935	9	false
cache-item-family.ram_skull_helm.7917	ITEM	7917	17558	9	false
cache-item-family.ranarr_potion_unf.99	ITEM	99	100,19291	9	false
cache-item-family.ranarr_seed.5295	ITEM	5295	13769	9	false
cache-item-family.ranarr_weed.257	ITEM	257	258,15219	14	false
cache-item-family.rancid_slimy_potion.33814	ITEM	33814	33811,33812,33813	9	false
cache-item-family.ranger_boots.2577	ITEM	2577	2578,15756	9	false
cache-item-family.ranger_gloves.19994	ITEM	19994	19995,19996	9	false
cache-item-family.ranger_hat.10550	ITEM	10550	15678,24174	9	false
cache-item-family.rangers_tights.23249	ITEM	23249	23250,23251	9	false
cache-item-family.rangers_tunic.12596	ITEM	12596	12597,16006,27179	9	false
cache-item-family.ranging_cape.9756	ITEM	9756	9757,14216,14217	9	false
cache-item-family.ranging_hood.9758	ITEM	9758	14218	9	false
cache-item-family.ranging_mix.11511	ITEM	11511	11509,11510,11512,15517,19414	9	false
cache-item-family.ranging_potion.173	ITEM	173	169,170,171,172,174,2444,2445,15264,19344,19345,19346,23551,23552,23553,23554,23555,23556,23557,23558	9	false
cache-item-family.rank_frothy_potion.33818	ITEM	33818	33815,33816,33817	9	false
cache-item-family.rapier.7142	ITEM	7142	16935	9	false
cache-item-family.rare_enriched_bone.21553	ITEM	21553	21554	9	false
cache-item-family.rat_bone.7836	ITEM	7836	7838,17477,17479	9	false
cache-item-family.rat_pole.6773	ITEM	6773	6774,6775,6776,6777,6778,6779,17190	9	false
cache-item-family.rations.28422	ITEM	28422		9	false
cache-item-family.raurg_bonemeal.4854	ITEM	4854	17810	9	false
cache-item-family.raurg_bones.4832	ITEM	4832	4833,16864	9	false
cache-item-family.raw_admiral_pie.7196	ITEM	7196	7197,19184	9	false
cache-item-family.raw_anglerfish.13439	ITEM	13439	13440,18481	9	false
cache-item-family.raw_barb_tailed_kebbit.29101	ITEM	29101	29102,29103	9	false
cache-item-family.raw_bass.363	ITEM	363	364,15462	9	false
cache-item-family.raw_batta.2250	ITEM	2250	18995	9	false
cache-item-family.raw_bear_meat.2136	ITEM	2136	2137,19221	9	true
cache-item-family.raw_beast_meat.9986	ITEM	9986	9987,18915	9	false
cache-item-family.raw_bird_meat.9978	ITEM	9978	9979,18910	9	false
cache-item-family.raw_blue_crab_meat.31692	ITEM	31692	31693,31694	9	false
cache-item-family.raw_bluefin.32341	ITEM	32341	32342,32343	9	false
cache-item-family.raw_boar_meat.25833	ITEM	25833	25834,25835	9	true
cache-item-family.raw_brawk_fish_3.20861	ITEM	20861		9	false
cache-item-family.raw_bream.29216	ITEM	29216		9	false
cache-item-family.raw_catfish.25670	ITEM	25670	25671	9	false
cache-item-family.raw_cave_eel.5001	ITEM	5001	5005,15481	9	false
cache-item-family.raw_cavefish.25658	ITEM	25658	25659	9	true
cache-item-family.raw_chompy.2876	ITEM	2876	2877,17954	9	false
cache-item-family.raw_cod.341	ITEM	341	342,15453	9	false
cache-item-family.raw_crunchies.2202	ITEM	2202	9588,19052	9	false
cache-item-family.raw_dark_crab.11934	ITEM	11934	11935,18271	9	false
cache-item-family.raw_dashing_kebbit.29107	ITEM	29107	29108,29109	9	false
cache-item-family.raw_fish_pie.7186	ITEM	7186	7187,19181	9	false
cache-item-family.raw_fishcake.7529	ITEM	7529	17389	9	false
cache-item-family.raw_fishlike_thing.6200	ITEM	6200	6204,18081,18083	9	true
cache-item-family.raw_garden_pie.7176	ITEM	7176	7177,19178	9	false
cache-item-family.raw_giant_carp.338	ITEM	338	15451	9	false
cache-item-family.raw_giant_krill.32309	ITEM	32309	32310,32311	9	false
cache-item-family.raw_giral_bat_2.20874	ITEM	20874		9	false
cache-item-family.raw_gnomebowl.2178	ITEM	2178	19025	9	false
cache-item-family.raw_graahk.29119	ITEM	29119	29120,29121	9	false
cache-item-family.raw_guanic_bat_0.20870	ITEM	20870		9	false
cache-item-family.raw_guide_cake.7543	ITEM	7543	17374	9	false
cache-item-family.raw_guppy.25652	ITEM	25652	25653	9	true
cache-item-family.raw_haddock.32317	ITEM	32317	32318,32319	9	false
cache-item-family.raw_halibut.32333	ITEM	32333	32334,32335	9	false
cache-item-family.raw_harpoonfish.25564	ITEM	25564		9	false
cache-item-family.raw_impaler_meat.33821	ITEM	33821	33822,33823	9	true
cache-item-family.raw_jubbly.7566	ITEM	7566	7567,17407	9	false
cache-item-family.raw_jumbo_squid.31561	ITEM	31561	31562,31563	9	false
cache-item-family.raw_karambwan.3142	ITEM	3142	3143,17250	9	false
cache-item-family.raw_karambwanji.3150	ITEM	3150	17253	9	false
cache-item-family.raw_kryket_bat_4.20878	ITEM	20878		9	false
cache-item-family.raw_kyatt.29125	ITEM	29125	29126,29127	9	false
cache-item-family.raw_kyren_fish_6.20867	ITEM	20867		9	false
cache-item-family.raw_larupia.29122	ITEM	29122	29123,29124	9	false
cache-item-family.raw_lava_eel.2148	ITEM	2148	19114	9	false
cache-item-family.raw_leckish_fish_2.20859	ITEM	20859		9	false
cache-item-family.raw_mackerel.353	ITEM	353	354,15458	9	false
cache-item-family.raw_manta_ray.389	ITEM	389	390,15470	9	false
cache-item-family.raw_marlin.32349	ITEM	32349	32350,32351	9	false
cache-item-family.raw_monkfish.7944	ITEM	7944	7945,17064	9	false
cache-item-family.raw_moonlight_antelope.29113	ITEM	29113	29114,29115	9	false
cache-item-family.raw_moss_lizard.29076	ITEM	29076		9	false
cache-item-family.raw_mud_pie.7168	ITEM	7168	7169,19176	9	false
cache-item-family.raw_murng_bat_5.20880	ITEM	20880		9	false
cache-item-family.raw_mycil_fish_4.20863	ITEM	20863		9	false
cache-item-family.raw_mystery_meat.24782	ITEM	24782	24783,24784	9	false
cache-item-family.raw_oomlie.2337	ITEM	2337	2338,18957	9	false
cache-item-family.raw_pheasant.6178	ITEM	6178	6179,11704	9	true
cache-item-family.raw_phluxia_bat_3.20876	ITEM	20876		9	false
cache-item-family.raw_prael_bat_1.20872	ITEM	20872		9	false
cache-item-family.raw_psykk_bat_6.20882	ITEM	20882		9	false
cache-item-family.raw_pyre_fox.29110	ITEM	29110	29111,29112	9	false
cache-item-family.raw_pysk_fish_0.20855	ITEM	20855		9	false
cache-item-family.raw_rabbit.3226	ITEM	3226	3227,16413	9	false
cache-item-family.raw_rainbow_crab_meat.31700	ITEM	31700	31701,31702	9	false
cache-item-family.raw_rainbow_fish.10138	ITEM	10138	10139,15413	9	false
cache-item-family.raw_rat_meat.2134	ITEM	2134	2135,19220	9	true
cache-item-family.raw_red_crab_meat.31686	ITEM	31686	31687,31688	9	false
cache-item-family.raw_roqed_fish_5.20865	ITEM	20865		9	false
cache-item-family.raw_sea_turtle.395	ITEM	395	396,15472	9	false
cache-item-family.raw_shark.383	ITEM	383	384,15468	9	false
cache-item-family.raw_slimy_eel.3379	ITEM	3379	3380,18880	9	false
cache-item-family.raw_stuffed_snake.7577	ITEM	7577	17361	9	false
cache-item-family.raw_summer_pie.7216	ITEM	7216	7217,19190	9	false
cache-item-family.raw_sunlight_antelope.29116	ITEM	29116	29117,29118	9	false
cache-item-family.raw_suphi_fish_1.20857	ITEM	20857		9	false
cache-item-family.raw_swamp_paste.1940	ITEM	1940	19173	9	false
cache-item-family.raw_swordtip_squid.31553	ITEM	31553	31554,31555	9	false
cache-item-family.raw_t_bone_steak.33106	ITEM	33106	33107,33108	9	true
cache-item-family.raw_tetra.25664	ITEM	25664	25665	9	true
cache-item-family.raw_ugthanki_meat.1859	ITEM	1859	1860,19116	9	false
cache-item-family.raw_wild_kebbit.29104	ITEM	29104	29105,29106	9	false
cache-item-family.raw_wild_pie.7206	ITEM	7206	7207,19187	9	false
cache-item-family.raw_yak_meat.10816	ITEM	10816	10817,17662	9	false
cache-item-family.raw_yellowfin.32325	ITEM	32325	32326,32327	9	false
cache-item-family.ray_barbs.31959	ITEM	31959	31960	9	false
cache-item-family.reagent_pouch.29996	ITEM	29996	29997	9	false
cache-item-family.red_banana.7572	ITEM	7572	17356	9	false
cache-item-family.red_bead.1470	ITEM	1470	1471,17675	14	true
cache-item-family.red_beret.12247	ITEM	12247	12248,15864	9	false
cache-item-family.red_boater.7319	ITEM	7319	7320,16008	9	false
cache-item-family.red_boots.2904	ITEM	2904	2905,18835	9	true
cache-item-family.red_candy.24984	ITEM	24984	25122	9	false
cache-item-family.red_cape.1007	ITEM	1007	1008,14371,25207	9	false
cache-item-family.red_cavalier.12323	ITEM	12323	12324,15902	9	false
cache-item-family.red_chinchompa.9977	ITEM	9977	10034,15364	9	false
cache-item-family.red_crab.7505	ITEM	31671	7505,31672,31673	14	false
cache-item-family.red_crab_meat.31689	ITEM	31689	31690,31691	9	false
cache-item-family.red_d_hide_body.2501	ITEM	2501	2502,12327,12328,12331,12332,14112,15904,15906,20566	9	false
cache-item-family.red_d_hide_chaps.2495	ITEM	2495	2496,12329,12330,12333,12334,14188,15905,15907,20567	9	false
cache-item-family.red_d_hide_shield.22281	ITEM	22281	22282,22283	9	false
cache-item-family.red_d_hide_vambraces.2489	ITEM	2489	2490,14202	9	false
cache-item-family.red_dragon_leather.2507	ITEM	2507	2508,16279	9	false
cache-item-family.red_dragon_mask.12522	ITEM	12522	12523,15996	9	false
cache-item-family.red_dragonhide.1749	ITEM	1749	1750,16282	9	false
cache-item-family.red_dragonhide_set.12869	ITEM	12869	12870,13902	9	false
cache-item-family.red_dye.1763	ITEM	1763	1764,16289	14	true
cache-item-family.red_elegant_blouse.10424	ITEM	10424	10425,16122	9	false
cache-item-family.red_elegant_legs.10406	ITEM	10406	10407,16113	9	false
cache-item-family.red_elegant_shirt.10404	ITEM	10404	10405,16112	9	false
cache-item-family.red_elegant_skirt.10426	ITEM	10426	10427,16123	9	false
cache-item-family.red_feather.10088	ITEM	10088	15385	9	false
cache-item-family.red_firelighter.7329	ITEM	7329	16013	14	false
cache-item-family.red_flowers.2462	ITEM	2462	2463,8938,8939,16981	9	false
cache-item-family.red_gloves.2912	ITEM	2912	2913,18839	9	true
cache-item-family.red_goblin_mail.9054	ITEM	9054	16422	9	true
cache-item-family.red_hat.2910	ITEM	2910	2911,18838	9	false
cache-item-family.red_headband.2645	ITEM	2645	2646,15786	9	false
cache-item-family.red_icon.25228	ITEM	25228	25229,25230,25231,25232,25233,25234,25235,25236,25237,25238,25239,25240,25241,25242,25243,26200,26201,26202,26203,26204,26205,26206,26207,26208,26209,26210,26211,26212,26213,26214,26215	9	false
cache-item-family.red_logs.7404	ITEM	7404	13979	9	false
cache-item-family.red_mahogany_log.4445	ITEM	4445	17703	9	false
cache-item-family.red_naval_shirt.8954	ITEM	8954	16204	9	false
cache-item-family.red_navy_slacks.8993	ITEM	8993	16227	9	false
cache-item-family.red_robe_bottoms.2908	ITEM	2908	2909,18837	9	false
cache-item-family.red_robe_top.2906	ITEM	2906	2907,18836	9	false
cache-item-family.red_rose_seed.6454	ITEM	6454		9	false
cache-item-family.red_salamander.10147	ITEM	10147	10161,15367	9	false
cache-item-family.red_satchel.10879	ITEM	10879	16595,25620	9	false
cache-item-family.red_slayer_helmet.19647	ITEM	19647	19648	9	false
cache-item-family.red_slayer_helmet_i.19649	ITEM	19649	19650,25183,25184,26677,27059	9	false
cache-item-family.red_spiders_eggs.223	ITEM	223	224,15242	14	true
cache-item-family.red_spiky_vambraces.10083	ITEM	10083	10084,15397	9	false
cache-item-family.red_topaz.1613	ITEM	1613	1614,16312	14	false
cache-item-family.red_topaz_machete.6317	ITEM	6317	6318,18723	9	false
cache-item-family.red_tricorn_hat.8961	ITEM	8961	16211	9	false
cache-item-family.redberries.1951	ITEM	1951	1952,18933	14	true
cache-item-family.redberry_pie.2325	ITEM	2325	2326,18926	9	true
cache-item-family.redberry_seed.5101	ITEM	5101	13810	9	false
cache-item-family.redeyes_bone.26592	ITEM	26592		9	false
cache-item-family.reduced_cadava_potion.22589	ITEM	22589		9	false
cache-item-family.redwood_bird_house.22204	ITEM	22204	22205,22206	14	false
cache-item-family.redwood_hiking_staff.31049	ITEM	31049	31050,31051	9	false
cache-item-family.redwood_logs.19669	ITEM	19669	19670,19671	9	false
cache-item-family.redwood_pyre_logs.19672	ITEM	19672	19673,19674	9	false
cache-item-family.redwood_sapling.22859	ITEM	22859	22860,22861	14	false
cache-item-family.redwood_seedling.22850	ITEM	22850	22851	9	false
cache-item-family.redwood_seedling_w.22854	ITEM	22854	22855	9	false
cache-item-family.redwood_shield.22266	ITEM	22266	22267,22268	9	false
cache-item-family.redwood_tree_seed.22871	ITEM	22871	22872	9	false
cache-item-family.regen_bracelet.11133	ITEM	11133	11134,16269	9	false
cache-item-family.reinforced_goggles.24942	ITEM	24942	24943	9	false
cache-item-family.rejuvenation_potion.20702	ITEM	20702	20699,20700,20701	9	false
cache-item-family.relicym_s_balm_4.4842	ITEM	4842	4843,4844,4845,4846,4847,4848,4849,16870,19441,19442,19443	13	false
cache-item-family.relicym_s_mix.11439	ITEM	11439	11437,11438,11440,15497,19394	9	false
cache-item-family.rellekka_teleport.11744	ITEM	11744	16161	9	false
cache-item-family.repair_kit.31964	ITEM	31964	31965,31966,32300	14	false
cache-item-family.repair_plank.7121	ITEM	7121	7148	9	false
cache-item-family.restore_mix.11451	ITEM	11451	11449,11450,11452,15500,19397	9	false
cache-item-family.restore_potion.131	ITEM	131	127,128,129,130,132,2430,2431,15257,19323,19324,19325	9	false
cache-item-family.revenant_cave_teleport.21802	ITEM	21802	21803	9	false
cache-item-family.revenant_ether.21820	ITEM	21820	21821	14	false
cache-item-family.reward_token.7774	ITEM	7774	7775,7776,9474,10934,10935,10936,10942,10943,10944,15598,15599,15600,15603,15604,15605,15606,15607,15608,18705	9	false
cache-item-family.ribcage_piece.6165	ITEM	6165	6166,18372	14	false
cache-item-family.right_boot.5063	ITEM	5063	17722	9	false
cache-item-family.right_eye_patch.1025	ITEM	1025	1026,14380	9	false
cache-item-family.rimmington_teleport.11741	ITEM	11741	16158	9	false
cache-item-family.ring_mould.1592	ITEM	1592	1593,16363	9	true
cache-item-family.ring_of_3rd_age.23185	ITEM	23185	23186,23187	9	true
cache-item-family.ring_of_charos.4202	ITEM	4202	17581	9	false
cache-item-family.ring_of_charos_a.6465	ITEM	6465	17756	9	false
cache-item-family.ring_of_coins.20017	ITEM	20017	20018,20019	9	true
cache-item-family.ring_of_dueling.2566	ITEM	2566	2552,2553,2554,2555,2556,2557,2558,2559,2560,2561,2562,2563,2564,2565,2567,16358,21455	9	false
cache-item-family.ring_of_endurance.24736	ITEM	24736	24735,24737,24844,24845,24846	9	false
cache-item-family.ring_of_forging.2568	ITEM	2568	2569,16359	9	true
cache-item-family.ring_of_life.2570	ITEM	2570	2571,16360	9	false
cache-item-family.ring_of_nature.20005	ITEM	20005	20006,20007	9	true
cache-item-family.ring_of_pursuit.21126	ITEM	21126	21127,21128	9	false
cache-item-family.ring_of_recoil.2550	ITEM	2550	2551,16357	9	false
cache-item-family.ring_of_returning.21138	ITEM	21138	21129,21130,21131,21132,21133,21134,21135,21136,21137,21139,21461	9	false
cache-item-family.ring_of_shadows.28327	ITEM	28327	28328,28329	9	false
cache-item-family.ring_of_stone.6583	ITEM	6583	6584,18251	9	false
cache-item-family.ring_of_suffering.19550	ITEM	19550	19551,19552	9	false
cache-item-family.ring_of_suffering_i.19710	ITEM	19710	19711,25246,25247,26761,27129	9	false
cache-item-family.ring_of_suffering_r.20655	ITEM	20655	20656	9	false
cache-item-family.ring_of_suffering_ri.20657	ITEM	20657	20658,25248,25249,26762,27130	9	false
cache-item-family.ring_of_the_elements.26815	ITEM	26815	26816,26817,26818,26819	9	false
cache-item-family.ring_of_the_gods.12601	ITEM	12601	12602,18278	9	false
cache-item-family.ring_of_the_gods_i.13202	ITEM	13202	18279,25252,25253,26764,27132	9	false
cache-item-family.ring_of_visibility.4657	ITEM	4657	16459	9	false
cache-item-family.ring_of_wealth.2572	ITEM	2572	2573,11980,11981,11982,11983,11984,11985,11986,11987,11988,11989,16361,21456,21457	9	false
cache-item-family.ring_of_wealth_i.12785	ITEM	12785	15089,20786,20787,20788,20789,20790,21458,21459	13	false
cache-item-family.ring_of_wealth_scroll.12783	ITEM	12783	12784,15088	14	false
cache-item-family.ritual_mulch.28154	ITEM	28154	28155,28156	14	false
cache-item-family.riyl_remains.3400	ITEM	3400	3401,17599	14	false
cache-item-family.roast_beast_meat.9988	ITEM	9988	9989,18917	9	false
cache-item-family.roast_bird_meat.9980	ITEM	9980	9981,18912	9	false
cache-item-family.roast_frog.10967	ITEM	10967	18411	9	false
cache-item-family.roast_rabbit.7223	ITEM	7223	7232,18909	9	false
cache-item-family.robe_bottom_of_darkness.20137	ITEM	20137	20138,20139	9	false
cache-item-family.robe_bottom_of_ruin.27432	ITEM	27432	27433	9	true
cache-item-family.robe_bottoms_of_the_eye.26854	ITEM	26854	26855	9	false
cache-item-family.robe_bottoms_of_the_eye_blue.26874	ITEM	26874	26875	9	false
cache-item-family.robe_bottoms_of_the_eye_green.26868	ITEM	26868	26869	9	false
cache-item-family.robe_bottoms_of_the_eye_red.26862	ITEM	26862	26863	9	false
cache-item-family.robe_of_elidinis.6786	ITEM	6786	6787,17304,17305	9	false
cache-item-family.robe_top_of_darkness.20131	ITEM	20131	20132,20133	9	false
cache-item-family.robe_top_of_ruin.27430	ITEM	27430	27431	9	true
cache-item-family.robe_top_of_the_eye.26852	ITEM	26852	26853	9	false
cache-item-family.robe_top_of_the_eye_blue.26872	ITEM	26872	26873	9	false
cache-item-family.robe_top_of_the_eye_green.26866	ITEM	26866	26867	9	false
cache-item-family.robe_top_of_the_eye_red.26860	ITEM	26860	26861	9	false
cache-item-family.robin_hood_hat.2581	ITEM	2581	2582,15758	9	false
cache-item-family.rock_cake.2379	ITEM	2379	17079	9	false
cache-item-family.rock_climbing_boots.2203	ITEM	2203	2204	14	false
cache-item-family.rock_hammer.4162	ITEM	4162	4163,14040	9	false
cache-item-family.rock_shell_armour_set.31151	ITEM	31151	31152,31153	14	false
cache-item-family.rock_shell_boots.6145	ITEM	6145	6146,18387	9	false
cache-item-family.rock_shell_chunk.6157	ITEM	6157	6158,18368	14	false
cache-item-family.rock_shell_gloves.6151	ITEM	6151	6152,18390	9	false
cache-item-family.rock_shell_helm.6128	ITEM	6128	6175,18377	9	false
cache-item-family.rock_shell_legs.6130	ITEM	6130	6177,18379	9	false
cache-item-family.rock_shell_plate.6129	ITEM	6129	6176,18378	9	false
cache-item-family.rock_shell_shard.6159	ITEM	6159	6160,18369	14	false
cache-item-family.rock_shell_splinter.6161	ITEM	6161	6162,18370	14	false
cache-item-family.rock_thrownhammer.21754	ITEM	21754	21755	9	false
cache-item-family.rocking_chair.8311	ITEM	8500	8311,8501,14950	14	false
cache-item-family.rod_mould.7649	ITEM	7649	17125	9	false
cache-item-family.rod_of_ivandis_10.7639	ITEM	7639	7640,7641,7642,7643,7644,7645,7646,7647,7648,17124	13	false
cache-item-family.roe.11324	ITEM	11324	11325,15489	9	false
cache-item-family.rogue_boots.5557	ITEM	5557	18430	9	false
cache-item-family.rogue_gloves.5556	ITEM	5556	18429	9	false
cache-item-family.rogue_mask.5554	ITEM	5554	18427	9	false
cache-item-family.rogue_s_revenge.12856	ITEM	12856	15101	9	false
cache-item-family.rogue_top.5553	ITEM	5553	18426	9	false
cache-item-family.rogue_trousers.5555	ITEM	5555	18428	9	false
cache-item-family.roll.6963	ITEM	6963	18089	9	true
cache-item-family.rolling_pin.7445	ITEM	7445	7446,14356	9	false
cache-item-family.rope.954	ITEM	954	955,4498,4499,7155,11046,14297,20587,20588	18	false
cache-item-family.rope_bell_pull.8099	ITEM	8099		9	true
cache-item-family.rope_trawling_net.32220	ITEM	32220		9	true
cache-item-family.roqed_fish_5.20866	ITEM	20866		9	false
cache-item-family.rosemary.6014	ITEM	6014	6015,8210,13872	14	false
cache-item-family.rosemary_seed.5097	ITEM	5097	13784	9	false
cache-item-family.rosewood_blowpipe.31583	ITEM	31583	31584,31585,31586	9	false
cache-item-family.rosewood_hull_parts.32059	ITEM	32059	32060,32061	14	false
cache-item-family.rosewood_logs.32910	ITEM	32910	32911,32912	9	false
cache-item-family.rosewood_plank.31438	ITEM	31438	31439,31440	9	false
cache-item-family.rosewood_pyre_logs.31389	ITEM	31389	31390,31391	9	false
cache-item-family.rosewood_repair_kit.31982	ITEM	31982	31983,31984,32306	14	false
cache-item-family.rosewood_sapling.31508	ITEM	31508	31509,31510	14	false
cache-item-family.rosewood_seed.31551	ITEM	31551	31552	9	false
cache-item-family.rosewood_seedling.31494	ITEM	31494	31495	9	false
cache-item-family.rosewood_seedling_w.31500	ITEM	31500	31501	9	false
cache-item-family.rotten_apple.1984	ITEM	1984	18954	9	false
cache-item-family.rotten_barrel.11044	ITEM	11045	11044,17141	18	false
cache-item-family.rotten_turnip.30890	ITEM	30890		9	false
cache-item-family.royal_crown.12397	ITEM	12397	12398,15937	9	false
cache-item-family.royal_frog_blouse.6186	ITEM	6186	18075	9	true
cache-item-family.royal_frog_leggings.6185	ITEM	6185	18074	9	true
cache-item-family.royal_frog_skirt.6187	ITEM	6187	18076	9	true
cache-item-family.royal_frog_tunic.6184	ITEM	6184	18073	9	true
cache-item-family.royal_gown_bottom.12395	ITEM	12395	12396,15936	9	false
cache-item-family.royal_gown_top.12393	ITEM	12393	12394,15935	9	false
cache-item-family.royal_sceptre.12439	ITEM	12439	12440,15968	9	false
cache-item-family.royal_seed_pod.19564	ITEM	19564	19565	9	false
cache-item-family.rubium_splinters.31722	ITEM	31722	31723	14	false
cache-item-family.ruby_amulet.1698	ITEM	1698	1699,16343	9	true
cache-item-family.ruby_amulet_u.1679	ITEM	1679	1680,16337	14	true
cache-item-family.ruby_bolt_tips.9191	ITEM	9191	15189	9	false
cache-item-family.ruby_bolts.9339	ITEM	9339	15174	9	false
cache-item-family.ruby_bolts_e.9242	ITEM	9242	15157	9	false
cache-item-family.ruby_bracelet.11085	ITEM	11085	11086,11087,16259	9	false
cache-item-family.ruby_dragon_bolts.21967	ITEM	21967	21968	9	false
cache-item-family.ruby_dragon_bolts_e.21944	ITEM	21944	21945	9	false
cache-item-family.ruby_harvest.10020	ITEM	10020	10021,15425	9	false
cache-item-family.ruby_harvest_mix.29204	ITEM	29204	29186,29187,29188,29205,29206	9	false
cache-item-family.ruby_sickle_b.24693	ITEM	24693	24694	9	false
cache-item-family.ruined_herb_tea.4462	ITEM	4462	4463	9	false
cache-item-family.ruinous_powers.28775	ITEM	28775	28776,33010,33011	9	false
cache-item-family.rum.8940	ITEM	8940	8941,16199,16200,28896,28897,28898,33078,33079	9	false
cache-item-family.rune_armour_set_lg.13024	ITEM	13024	13025,13942	14	true
cache-item-family.rune_armour_set_sk.13026	ITEM	13026	13027,13943	14	true
cache-item-family.rune_arrowtips.44	ITEM	44	18227	9	false
cache-item-family.rune_axe.1359	ITEM	1359	1360,14710	9	true
cache-item-family.rune_battleaxe.1373	ITEM	1373	1374,14719,20552	9	true
cache-item-family.rune_boots.4131	ITEM	4131	4132,14196	9	false
cache-item-family.rune_brutal.4803	ITEM	4803	16878	9	false
cache-item-family.rune_cane.12379	ITEM	12379	12380,15930	9	false
cache-item-family.rune_cannonball.31914	ITEM	31914	31915	14	false
cache-item-family.rune_chainshot_cannonball.31928	ITEM	31928	31929	14	false
cache-item-family.rune_claws.3101	ITEM	3101	3121,14328	9	false
cache-item-family.rune_crossbow.9185	ITEM	9185	9186,14507,23601,23602,26486,26487	9	false
cache-item-family.rune_dart.811	ITEM	811	817,5634,5641,14524,14532,14548,14556	9	false
cache-item-family.rune_dart_tip.824	ITEM	824	14540	14	false
cache-item-family.rune_defender.8850	ITEM	8850	14348,23230,23231,24142,27009,27185	9	false
cache-item-family.rune_defender_ornament_kit.23227	ITEM	23227	23228,23229	14	false
cache-item-family.rune_dragon_mask.23273	ITEM	23273	23274,23275	9	false
cache-item-family.rune_essence.1436	ITEM	1436	1437,19225	9	true
cache-item-family.rune_felling_axe.28214	ITEM	28214	28215,28216	9	false
cache-item-family.rune_fire_arrow.2540	ITEM	2540	2541,14589,14590	13	false
cache-item-family.rune_gloves.7460	ITEM	7460	14367,20583,27111	13	false
cache-item-family.rune_gold_trimmed_set_lg.13032	ITEM	13032	13033,13946	14	true
cache-item-family.rune_gold_trimmed_set_sk.13034	ITEM	13034	13035,13947	14	true
cache-item-family.rune_halberd.3202	ITEM	3202	3203,14626	9	false
cache-item-family.rune_hasta.11377	ITEM	11377	11378,11414,11415,11416,11417,11418,11419,11420,15559,15580,15581,15582,15583	13	false
cache-item-family.rune_heraldic_helm.8464	ITEM	8464	8466,8468,8470,8472,8474,8476,8478,8480,8482,8484,8486,8488,8490,8492,8494,14868,14869,14870,14871,14872,14873,14874,14875,14876,14877,14878,14879,14880,14881,14882,14883	9	false
cache-item-family.rune_incendiary_cannonball.31942	ITEM	31942	31943	14	false
cache-item-family.rune_javelin.830	ITEM	830	836,5647,5653,14447,14453,14459,14465	9	false
cache-item-family.rune_javelin_tips.19580	ITEM	19580	19581	14	false
cache-item-family.rune_keel_parts.32014	ITEM	32014	32015,32016	14	false
cache-item-family.rune_knife.868	ITEM	868	876,5660,5667,14478,14485,14492,14499	9	false
cache-item-family.rune_med_helm.1147	ITEM	1147	1148,14141	9	true
cache-item-family.rune_nails.4824	ITEM	4824	16859	9	false
cache-item-family.rune_pickaxe.1275	ITEM	1275	1276,14765	9	true
cache-item-family.rune_plateskirt.1093	ITEM	1093	1094,3476,3477,3672,3673,14182,15792,15797	9	true
cache-item-family.rune_pouch.12791	ITEM	12791	15092,23650,23651,24416,27086,30692,30693	9	false
cache-item-family.rune_pouch_note.24587	ITEM	24587	24588	14	false
cache-item-family.rune_satchel.10882	ITEM	10882	16598,25623	9	false
cache-item-family.rune_scimitar_ornament_kit_guthix.23321	ITEM	23321	23322,23323	14	true
cache-item-family.rune_scimitar_ornament_kit_saradomin.23324	ITEM	23324	23325,23326	14	true
cache-item-family.rune_scimitar_ornament_kit_zamorak.23327	ITEM	23327	23328,23329	14	true
cache-item-family.rune_spear.1247	ITEM	1247	1248,1261,1262,3175,5714,5715,5728,5729,14773,14780,14787,14794,14802	13	false
cache-item-family.rune_staff_of_collection.30609	ITEM	30609	30610	9	false
cache-item-family.rune_thrownaxe.805	ITEM	805	14471	9	false
cache-item-family.rune_trimmed_set_lg.13028	ITEM	13028	13029,13944	14	true
cache-item-family.rune_trimmed_set_sk.13030	ITEM	13030	13031,13945	14	true
cache-item-family.rune_warhammer.1347	ITEM	1347	1348,14727	9	true
cache-item-family.runecraft_cape.9765	ITEM	9765	9766,14225,14226	9	false
cache-item-family.runecraft_hood.9767	ITEM	9767	14227	9	false
cache-item-family.runescroll_of_bloodbark.25481	ITEM	25481	25482,25483	14	false
cache-item-family.runescroll_of_swampbark.25478	ITEM	25478	25479,25480	14	false
cache-item-family.runite_bolts.9144	ITEM	9144	9291,9298,9305,14516,15125,15133,15141	9	false
cache-item-family.runite_bolts_unf.9381	ITEM	9381	15149	14	false
cache-item-family.runite_crossbow_u.9465	ITEM	9465	9466,15118	14	false
cache-item-family.runite_limbs.9431	ITEM	9431	9432,15108	14	false
cache-item-family.runite_ore_fragment.21538	ITEM	21538		9	false
cache-item-family.runner_boots.10552	ITEM	10552	15680	9	false
cache-item-family.runner_hat.10549	ITEM	10549	15677,24533	9	false
cache-item-family.sacred_eel.13339	ITEM	13339	15327	9	false
cache-item-family.sacred_oil_4.3430	ITEM	3430	3431,3432,3433,3434,3435,3436,3437,17606,19464,19465,19466	13	false
cache-item-family.sagacious_spectacles.12337	ITEM	12337	12338,15909	9	false
cache-item-family.sage_s_axe.28773	ITEM	28773	28774	9	false
cache-item-family.saika_s_hood.26731	ITEM	26731	26732	9	false
cache-item-family.saika_s_shroud.26735	ITEM	26735	26736	9	false
cache-item-family.saika_s_veil.26733	ITEM	26733	26734	9	false
cache-item-family.sailing_cape.31288	ITEM	31288	31289,31290,31291	9	false
cache-item-family.sailing_hood.31292	ITEM	31292	31293	9	false
cache-item-family.sailor_s_mirage.31261	ITEM	31261	31262,31263	9	false
cache-item-family.sailors_amulet.32399	ITEM	32399	32400	9	false
cache-item-family.sailors_amulet_inert.32398	ITEM	32398		9	false
cache-item-family.saltpetre.13421	ITEM	13421	13422,18468	14	false
cache-item-family.salve_amulet.4081	ITEM	4081	16608	9	false
cache-item-family.salve_amulet_e.10588	ITEM	10588	18815	9	false
cache-item-family.salve_amulet_ei.12018	ITEM	12018	18816,25278,25279,26782,27140	9	false
cache-item-family.salve_amulet_i.12017	ITEM	12017	16609,25250,25251,26763,27131	9	false
cache-item-family.salve_graveyard_teleport.19619	ITEM	19619	19620	9	false
cache-item-family.salvor_s_paint.32099	ITEM	32099	32100,32101	14	false
cache-item-family.samurai_boots.20047	ITEM	20047	20048,20049	9	false
cache-item-family.samurai_gloves.20041	ITEM	20041	20042,20043	9	false
cache-item-family.samurai_greaves.20044	ITEM	20044	20045,20046	9	false
cache-item-family.samurai_kasa.20035	ITEM	20035	20036,20037	9	false
cache-item-family.samurai_shirt.20038	ITEM	20038	20039,20040	9	false
cache-item-family.sand.6958	ITEM	6958	18056	9	false
cache-item-family.sandbag.9943	ITEM	9943	17296	9	false
cache-item-family.sandstone_10kg.6977	ITEM	6977	6978,16557	9	false
cache-item-family.sandstone_1kg.6971	ITEM	6971	6972,16554	9	false
cache-item-family.sandstone_20kg.6985	ITEM	6985	16561	9	false
cache-item-family.sandstone_2kg.6973	ITEM	6973	6974,16555	9	false
cache-item-family.sandstone_32kg.6986	ITEM	6986	16562	9	false
cache-item-family.sandstone_5kg.6975	ITEM	6975	6976,16556	9	false
cache-item-family.sandstone_base.6988	ITEM	6988	16564	9	false
cache-item-family.sandstone_body.6987	ITEM	6987	16563	9	false
cache-item-family.sandwich_lady_bottom.23318	ITEM	23318	23319,23320	9	true
cache-item-family.sandwich_lady_hat.23312	ITEM	23312	23313,23314	9	true
cache-item-family.sandwich_lady_top.23315	ITEM	23315	23316,23317	9	true
cache-item-family.sandworms.13431	ITEM	13431	18479	9	false
cache-item-family.sandworms_pack.13432	ITEM	13432	13433,18480	9	true
cache-item-family.sandy_coin_purse.30943	ITEM	30943		9	false
cache-item-family.sandy_hand.6945	ITEM	6945	18043	9	false
cache-item-family.sandy_paint.32113	ITEM	32113	32114	9	false
cache-item-family.sandy_s_rota.6948	ITEM	6948	18046	9	false
cache-item-family.sanfew_serum.10931	ITEM	10931	10925,10926,10927,10928,10929,10930,10932,15610,19426,19427,19428,23559,23560,23561,23562,23563,23564,23565,23566	9	false
cache-item-family.sanguine_scythe_of_vitur.25739	ITEM	25739	25740,25741	9	false
cache-item-family.sanguine_torva_full_helm.28254	ITEM	28254	28255	9	false
cache-item-family.sanguine_torva_platebody.28256	ITEM	28256	28257	9	false
cache-item-family.sanguine_torva_platelegs.28258	ITEM	28258	28259	9	false
cache-item-family.sanguinesti_staff.22323	ITEM	22323	22480,22481,22482	9	false
cache-item-family.sap_treated_logs.33607	ITEM	33607	33608	9	false
cache-item-family.sap_treated_magic_logs.33609	ITEM	33609	33610	9	false
cache-item-family.sap_treated_maple_logs.33613	ITEM	33613	33614	9	false
cache-item-family.sap_treated_oak_logs.33617	ITEM	33617	33618	9	false
cache-item-family.sap_treated_redwood_logs.33619	ITEM	33619	33620	9	false
cache-item-family.sap_treated_willow_logs.33615	ITEM	33615	33616	9	false
cache-item-family.sap_treated_yew_logs.33611	ITEM	33611	33612	9	false
cache-item-family.sapphire_amulet.1694	ITEM	1694	1695,16341	9	true
cache-item-family.sapphire_amulet_u.1675	ITEM	1675	1676,16335	14	true
cache-item-family.sapphire_bolt_tips.9189	ITEM	9189	15187	9	false
cache-item-family.sapphire_bolts.9337	ITEM	9337	15172	9	false
cache-item-family.sapphire_bolts_e.9240	ITEM	9240	15155	9	false
cache-item-family.sapphire_bracelet.11071	ITEM	11071	11072,11073,16255	9	false
cache-item-family.sapphire_dragon_bolts.21963	ITEM	21963	21964	9	false
cache-item-family.sapphire_dragon_bolts_e.21940	ITEM	21940	21941	9	false
cache-item-family.sapphire_glacialis.10018	ITEM	10018	10019,15424	9	false
cache-item-family.sapphire_glacialis_mix.29198	ITEM	29198	29180,29181,29182,29199,29200	9	false
cache-item-family.sapphire_lantern.4700	ITEM	4700	4701,4702,15748,15749,15750	9	false
cache-item-family.sara_s_blessed_sword.12808	ITEM	12808	18359	9	false
cache-item-family.sarachnis_cudgel.23528	ITEM	23528	23529,23530	9	false
cache-item-family.saradomin_armour_set_lg.13040	ITEM	13040	13041,13950	14	true
cache-item-family.saradomin_armour_set_sk.13042	ITEM	13042	13043,13951	14	true
cache-item-family.saradomin_banner.4037	ITEM	4037	4038,11891,15643	9	true
cache-item-family.saradomin_bracers.10384	ITEM	10384	10385,16102	9	false
cache-item-family.saradomin_brew.6691	ITEM	6691	6685,6686,6687,6688,6689,6690,6692,15269,19356,19357,19358,23575,23576,23577,23578,23579,23580,23581,23582	9	false
cache-item-family.saradomin_cape.2412	ITEM	2412	15615	9	false
cache-item-family.saradomin_chaps.10388	ITEM	10388	10389,16104,27182	9	false
cache-item-family.saradomin_cloak.4041	ITEM	4041	10446,10447,16133	9	false
cache-item-family.saradomin_coif.10390	ITEM	10390	10391,16105	9	false
cache-item-family.saradomin_crozier.10440	ITEM	10440	10441,16130	9	false
cache-item-family.saradomin_d_hide_body.10386	ITEM	10386	10387,16103	9	false
cache-item-family.saradomin_d_hide_boots.19933	ITEM	19933	19934,19935	9	false
cache-item-family.saradomin_d_hide_shield.23191	ITEM	23191	23192,23193	9	false
cache-item-family.saradomin_dragonhide_set.13163	ITEM	13163	13164,13971	9	false
cache-item-family.saradomin_full_helm.2665	ITEM	2665	2666,15808	9	true
cache-item-family.saradomin_godsword.11806	ITEM	11806	11807,18344,20372,20373	9	false
cache-item-family.saradomin_godsword_ornament_kit.20074	ITEM	20074	20075,20076	14	false
cache-item-family.saradomin_halo.12637	ITEM	12637	15654,24169,27165	9	false
cache-item-family.saradomin_hilt.11814	ITEM	11814	11815,18348	14	false
cache-item-family.saradomin_kiteshield.2667	ITEM	2667	2668,15809	9	true
cache-item-family.saradomin_max_cape.13331	ITEM	13331	14285	9	false
cache-item-family.saradomin_max_hood.13332	ITEM	13332	14286	9	false
cache-item-family.saradomin_mitre.10452	ITEM	10452	10453,16136	9	false
cache-item-family.saradomin_mjolnir.6762	ITEM	6762	6763,16512	9	false
cache-item-family.saradomin_page_1.3827	ITEM	3827	14416	14	false
cache-item-family.saradomin_page_2.3828	ITEM	3828	14417	14	false
cache-item-family.saradomin_page_3.3829	ITEM	3829	14418	14	false
cache-item-family.saradomin_page_4.3830	ITEM	3830	14419	14	false
cache-item-family.saradomin_platebody.2661	ITEM	2661	2662,15805	9	true
cache-item-family.saradomin_platelegs.2663	ITEM	2663	2664,15806	9	true
cache-item-family.saradomin_plateskirt.3479	ITEM	3479	3675,15807	9	true
cache-item-family.saradomin_robe_legs.10464	ITEM	10464	10465,16142	9	false
cache-item-family.saradomin_robe_top.10458	ITEM	10458	10459,16139	9	false
cache-item-family.saradomin_s_blessed_sword.12809	ITEM	12809	18360	9	false
cache-item-family.saradomin_s_light.13256	ITEM	13256	13257,18365	14	false
cache-item-family.saradomin_s_tear.12804	ITEM	12804	12805,15097	14	false
cache-item-family.saradomin_staff.2415	ITEM	2415	15618	9	false
cache-item-family.saradomin_stole.10470	ITEM	10470	10471,16145	9	false
cache-item-family.saradomin_sword.11838	ITEM	11838	11839,18358	9	false
cache-item-family.saturated_heart.27641	ITEM	27641	27642,27647	14	false
cache-item-family.saw.8794	ITEM	8794	8795,14947	9	false
cache-item-family.sawdust.9468	ITEM	9468	15057	9	true
cache-item-family.sawmill_agreement.21529	ITEM	21529		9	false
cache-item-family.sawmill_coupon_oak_plank.32085	ITEM	32085	32086	9	false
cache-item-family.sawmill_coupon_wood_plank.32083	ITEM	32083	32084	9	false
cache-item-family.sawmill_proposal.21528	ITEM	21528		9	false
cache-item-family.sawmill_voucher.28628	ITEM	28628	28629	9	false
cache-item-family.scaly_blue_dragonhide.27897	ITEM	27897	27898,27899	9	false
cache-item-family.scarab_mould.26952	ITEM	26952		9	false
cache-item-family.scorching_bow.29591	ITEM	29591	29592	9	false
cache-item-family.scrambled_egg.7078	ITEM	7078	7079,19213	9	false
cache-item-family.scrapey_bark.8977	ITEM	8977	8978	9	false
cache-item-family.scrapey_tree_logs.8934	ITEM	8934	8935	9	false
cache-item-family.scroll_sack.22675	ITEM	22675	22676	9	false
cache-item-family.scythe_of_vitur.22325	ITEM	22325	22485,22486,22487,22664	18	false
cache-item-family.sea_turtle.397	ITEM	397	398,15473	9	false
cache-item-family.seal_of_passage.9083	ITEM	9083	16701	9	false
cache-item-family.searing_page.28931	ITEM	28931	28932	14	false
cache-item-family.seasoned_legs.2158	ITEM	2158	2159	9	false
cache-item-family.seasoned_sardine.1552	ITEM	1552	1553,16514	14	false
cache-item-family.seaweed.401	ITEM	401	402,15474	14	false
cache-item-family.seaweed_sandwich.3168	ITEM	3168	17268	9	false
cache-item-family.seaweed_spore.21490	ITEM	21490	21491	14	false
cache-item-family.secateurs.5329	ITEM	5329	5330,13877	9	false
cache-item-family.secateurs_attachment.28161	ITEM	28161	28162	9	false
cache-item-family.secateurs_blade.28159	ITEM	28159	28160	9	false
cache-item-family.security_book.9003	ITEM	9003	9014,18683	14	true
cache-item-family.seed_box.13639	ITEM	13639	18469	9	false
cache-item-family.seed_dibber.5343	ITEM	5343	5344,13881	9	false
cache-item-family.seeking_adamant_arrow.33577	ITEM	33577	33578	9	false
cache-item-family.seeking_amethyst_arrow.33589	ITEM	33589	33590	9	false
cache-item-family.seeking_broad_arrows.33601	ITEM	33601	33602	9	false
cache-item-family.seeking_bronze_arrow.33553	ITEM	33553	33554	9	false
cache-item-family.seeking_dragon_arrow.33595	ITEM	33595	33596	9	false
cache-item-family.seeking_iron_arrow.33559	ITEM	33559	33560	9	false
cache-item-family.seeking_mithril_arrow.33571	ITEM	33571	33572	9	false
cache-item-family.seeking_rune_arrow.33583	ITEM	33583	33584	9	false
cache-item-family.seeking_steel_arrow.33565	ITEM	33565	33566	9	false
cache-item-family.seercull.6724	ITEM	6724	6725,14571	9	false
cache-item-family.seers_icon.28304	ITEM	28304	28305,28306	14	false
cache-item-family.seers_ring.6731	ITEM	6731	6732,18392	9	false
cache-item-family.seers_ring_i.11770	ITEM	11770	18393,23624,23625,25258,25259,26767,27135	9	false
cache-item-family.senntisten_teleport.12782	ITEM	12782	15087	9	false
cache-item-family.seren_halo.24198	ITEM	24198	24199,24200	9	false
cache-item-family.serpent_rope.33792	ITEM	33792		9	false
cache-item-family.serpentine_helm.12931	ITEM	12931	12929,12930,15317	9	false
cache-item-family.serpentine_visage.12927	ITEM	12927	12928,15316	9	false
cache-item-family.serum_207.3414	ITEM	3414	3408,3409,3410,3411,3412,3413,3415,17602,19455,19456,19457	9	false
cache-item-family.serum_208.3419	ITEM	3419	3416,3417,3418,17603,19458,19459,19460	9	false
cache-item-family.servant_bell.7974	ITEM	14937	7974	18	false
cache-item-family.servery_cooked_meat.13413	ITEM	13413		9	false
cache-item-family.servery_meat_pie.13403	ITEM	13403		9	false
cache-item-family.servery_pineapple_pizza.13412	ITEM	13412		9	false
cache-item-family.servery_plain_pizza.13409	ITEM	13409		9	false
cache-item-family.servery_potato.13414	ITEM	13414		9	false
cache-item-family.servery_raw_meat.13399	ITEM	13399		9	false
cache-item-family.servery_stew.13418	ITEM	13418		9	false
cache-item-family.severed_leg.10857	ITEM	10857	16519,24792,24793	9	false
cache-item-family.shade_robe.548	ITEM	548	549,19280	9	true
cache-item-family.shade_robe_top.546	ITEM	546	547,19279	9	true
cache-item-family.shadow_ancient_sceptre.25492	ITEM	25492	28266,28267,28476	9	false
cache-item-family.shadow_sword.10858	ITEM	10858	16520	9	false
cache-item-family.shaikahan_bonemeal.5615	ITEM	5615	17812	9	false
cache-item-family.shaikahan_bones.3123	ITEM	3123	3124,17241	9	false
cache-item-family.shaman_mask.21838	ITEM	21838	21839,21840	9	true
cache-item-family.shantay_pass.1854	ITEM	1854	17222	14	false
cache-item-family.shark.385	ITEM	385	386,6969,15469,20390,23531	9	false
cache-item-family.shark_lure.30900	ITEM	30900	30901	9	false
cache-item-family.shark_paint.32090	ITEM	32090	32091,32092	14	false
cache-item-family.sharp_knife.33749	ITEM	33749		9	false
cache-item-family.sharpened_axe.4444	ITEM	4444	17702	9	false
cache-item-family.shaving_stand.8045	ITEM	8596	8045,8597,14991	14	false
cache-item-family.shayzien_banner.20263	ITEM	20263	20264,20265	9	false
cache-item-family.shayzien_body_5.13381	ITEM	13381	18458	9	false
cache-item-family.shayzien_boots_1.13358	ITEM	13358	18435	9	false
cache-item-family.shayzien_boots_2.13363	ITEM	13363	18440	9	false
cache-item-family.shayzien_boots_3.13368	ITEM	13368	18445	9	false
cache-item-family.shayzien_boots_4.13373	ITEM	13373	18450	9	false
cache-item-family.shayzien_boots_5.13378	ITEM	13378	18455	9	false
cache-item-family.shayzien_gloves_1.13357	ITEM	13357	18434	9	false
cache-item-family.shayzien_gloves_2.13362	ITEM	13362	18439	9	false
cache-item-family.shayzien_gloves_3.13367	ITEM	13367	18444	9	false
cache-item-family.shayzien_gloves_4.13372	ITEM	13372	18449	9	false
cache-item-family.shayzien_gloves_5.13377	ITEM	13377	18454	9	false
cache-item-family.shayzien_greaves_1.13360	ITEM	13360	18437	9	false
cache-item-family.shayzien_greaves_2.13365	ITEM	13365	18442	9	false
cache-item-family.shayzien_greaves_3.13370	ITEM	13370	18447	9	false
cache-item-family.shayzien_greaves_4.13375	ITEM	13375	18452	9	false
cache-item-family.shayzien_greaves_5.13380	ITEM	13380	18457	9	false
cache-item-family.shayzien_helm_1.13359	ITEM	13359	18436	9	false
cache-item-family.shayzien_helm_2.13364	ITEM	13364	18441	9	false
cache-item-family.shayzien_helm_3.13369	ITEM	13369	18446	9	false
cache-item-family.shayzien_helm_4.13374	ITEM	13374	18451	9	false
cache-item-family.shayzien_helm_5.13379	ITEM	13379	18456	9	false
cache-item-family.shayzien_hood.20125	ITEM	20125	20126,20127	9	false
cache-item-family.shayzien_platebody_1.13361	ITEM	13361	18438	9	false
cache-item-family.shayzien_platebody_2.13366	ITEM	13366	18443	9	false
cache-item-family.shayzien_platebody_3.13371	ITEM	13371	18448	9	false
cache-item-family.shayzien_platebody_4.13376	ITEM	13376	18453	9	false
cache-item-family.shayzien_scarf.19955	ITEM	19955	19956,19957	9	false
cache-item-family.shayzien_supply_boots_1.13539	ITEM	13539	18556	9	false
cache-item-family.shayzien_supply_boots_2.13544	ITEM	13544	18561	9	false
cache-item-family.shayzien_supply_boots_3.13549	ITEM	13549	18566	9	false
cache-item-family.shayzien_supply_boots_4.13554	ITEM	13554	18571	9	false
cache-item-family.shayzien_supply_boots_5.13559	ITEM	13559	18576	9	false
cache-item-family.shayzien_supply_gloves_1.13538	ITEM	13538	18555	9	false
cache-item-family.shayzien_supply_gloves_2.13543	ITEM	13543	18560	9	false
cache-item-family.shayzien_supply_gloves_3.13548	ITEM	13548	18565	9	false
cache-item-family.shayzien_supply_gloves_4.13553	ITEM	13553	18570	9	false
cache-item-family.shayzien_supply_gloves_5.13558	ITEM	13558	18575	9	false
cache-item-family.shayzien_supply_greaves_1.13541	ITEM	13541	18558	9	false
cache-item-family.shayzien_supply_greaves_2.13546	ITEM	13546	18563	9	false
cache-item-family.shayzien_supply_greaves_3.13551	ITEM	13551	18568	9	false
cache-item-family.shayzien_supply_greaves_4.13556	ITEM	13556	18573	9	false
cache-item-family.shayzien_supply_greaves_5.13561	ITEM	13561	18578	9	false
cache-item-family.shayzien_supply_helm_1.13540	ITEM	13540	18557	9	false
cache-item-family.shayzien_supply_helm_2.13545	ITEM	13545	18562	9	false
cache-item-family.shayzien_supply_helm_3.13550	ITEM	13550	18567	9	false
cache-item-family.shayzien_supply_helm_4.13555	ITEM	13555	18572	9	false
cache-item-family.shayzien_supply_helm_5.13560	ITEM	13560	18577	9	false
cache-item-family.shayzien_supply_platebody_1.13542	ITEM	13542	18559	9	false
cache-item-family.shayzien_supply_platebody_2.13547	ITEM	13547	18564	9	false
cache-item-family.shayzien_supply_platebody_3.13552	ITEM	13552	18569	9	false
cache-item-family.shayzien_supply_platebody_4.13557	ITEM	13557	18574	9	false
cache-item-family.shayzien_supply_platebody_5.13562	ITEM	13562	18579	9	false
cache-item-family.sheep_bones_4.283	ITEM	283	280,281,282	13	false
cache-item-family.shield_left_half.2366	ITEM	2366	2367,13895	14	false
cache-item-family.shield_right_half.2368	ITEM	2368	2369,13896	14	false
cache-item-family.shielding_potion.25813	ITEM	25813		9	false
cache-item-family.ship_ticket.621	ITEM	621	622,18031	14	false
cache-item-family.shirt.5030	ITEM	5030	5031,5032,5033,5034,5035,18612,18613,18614	9	false
cache-item-family.shoe_box.8038	ITEM	8610	8038,8611,14998	14	false
cache-item-family.shoes.6790	ITEM	6790	17308	9	false
cache-item-family.short_green_guy.2080	ITEM	2080	2081,9510,9511,18973,19075	9	false
cache-item-family.shortbow_u.50	ITEM	50	51,18230	14	false
cache-item-family.shorts.5042	ITEM	5042	5043,5044,5045,5046,5047,18618,18619,18620	9	false
cache-item-family.shoulder_parrot.23300	ITEM	23300	23301,23302	9	true
cache-item-family.shrink_me_quick.11204	ITEM	11204	17822	9	false
cache-item-family.shrunk_ogleroot.11205	ITEM	11205	17823	9	false
cache-item-family.sickle_mould.2976	ITEM	2976	2977,17001	9	false
cache-item-family.signed_oak_bow.4236	ITEM	4236	14562	9	false
cache-item-family.silk.950	ITEM	950	951,14296	14	true
cache-item-family.silklined_herb_sack.33135	ITEM	33135	33136	9	false
cache-item-family.silly_jester_boots.10839	ITEM	10839	17672	9	false
cache-item-family.silly_jester_hat.10836	ITEM	10836	17669	9	false
cache-item-family.silly_jester_tights.10838	ITEM	10838	17671	9	false
cache-item-family.silly_jester_top.10837	ITEM	10837	17670	9	false
cache-item-family.silver_bolts.9145	ITEM	9145	9292,9299,9306,14517,15126,15134,15142	9	false
cache-item-family.silver_bolts_unf.9382	ITEM	9382	15150	14	false
cache-item-family.silver_coffin.25465	ITEM	25465	25466	9	false
cache-item-family.silver_dust.7650	ITEM	7650	7651,17126	14	false
cache-item-family.silver_feather.10176	ITEM	10176	18002	9	false
cache-item-family.silver_locks.25451	ITEM	25451	25452,25453	14	false
cache-item-family.silver_necklace.1796	ITEM	1796	1797,17010,17011	9	false
cache-item-family.silver_needle.1804	ITEM	1804	1805,17018,17019	9	false
cache-item-family.silver_ore_fragment.21533	ITEM	21533		9	false
cache-item-family.silver_sickle.2961	ITEM	2961	2962,16991	9	false
cache-item-family.silver_sickle_b.2963	ITEM	2963	16992	9	false
cache-item-family.silverlight.2402	ITEM	2402	6745,8279,16900,17755	9	false
cache-item-family.silvthrill_ballista.33800	ITEM	33800		9	false
cache-item-family.silvthrill_javelin.33801	ITEM	33801		9	false
cache-item-family.sinew.9436	ITEM	9436	9437,15110	14	false
cache-item-family.sinhaza_shroud_tier_1.22494	ITEM	22494	22495	9	false
cache-item-family.sinhaza_shroud_tier_2.22496	ITEM	22496	22497	9	false
cache-item-family.sinhaza_shroud_tier_3.22498	ITEM	22498	22499	9	false
cache-item-family.sinhaza_shroud_tier_4.22500	ITEM	22500	22501	9	false
cache-item-family.sinhaza_shroud_tier_5.22502	ITEM	22502	22503	9	false
cache-item-family.sinister_key.993	ITEM	993	994,14619	14	false
cache-item-family.skeletal_armour_set.31154	ITEM	31154	31155,31156	14	false
cache-item-family.skeletal_boots.6147	ITEM	6147	6148,18388	9	false
cache-item-family.skeletal_bottoms.6141	ITEM	6141	6142,18385	9	false
cache-item-family.skeletal_gloves.6153	ITEM	6153	6154,18391	9	false
cache-item-family.skeletal_helm.6137	ITEM	6137	6138,18383	9	false
cache-item-family.skeletal_top.6139	ITEM	6139	6140,18384	9	false
cache-item-family.skeletal_visage.22006	ITEM	22006	22007,22008	14	false
cache-item-family.skeleton_bonemeal.4270	ITEM	4270	17806	9	false
cache-item-family.skeleton_monkey.24865	ITEM	24865		9	false
cache-item-family.skewer.7443	ITEM	7443	7444,14355	9	false
cache-item-family.skewer_stick.6305	ITEM	6305	18718	14	false
cache-item-family.skills_necklace.11113	ITEM	11113	11105,11106,11107,11108,11109,11110,11111,11112,11114,11968,11969,11970,11971,16264,21449,21450	9	false
cache-item-family.skirt.5048	ITEM	5048	5049,5050,5051,5052,5053,18621,18622,18623	9	false
cache-item-family.skull_of_vet_ion.27673	ITEM	27673	27674,27675	14	false
cache-item-family.skull_piece.6163	ITEM	6163	6164,18371	14	false
cache-item-family.skull_sceptre.9013	ITEM	9013	18693	9	true
cache-item-family.skull_sceptre_i.21276	ITEM	21276	21277	9	true
cache-item-family.slave_boots.1846	ITEM	1846	17214	9	false
cache-item-family.slave_robe.1845	ITEM	1845	17213	9	false
cache-item-family.slave_shirt.1844	ITEM	1844	17212	9	false
cache-item-family.slayer_bell.10952	ITEM	10952	10953,14020	9	false
cache-item-family.slayer_cape.9786	ITEM	9786	9787,14249,14250	9	false
cache-item-family.slayer_gloves.6708	ITEM	6708	6720,16395	9	false
cache-item-family.slayer_helmet.11864	ITEM	11864	14002	9	false
cache-item-family.slayer_helmet_i.11865	ITEM	11865	14003,25177,25178,26674,27056	9	false
cache-item-family.slayer_hood.9788	ITEM	9788	14251	9	false
cache-item-family.slayer_ring.11873	ITEM	11873	11866,11867,11868,11869,11870,11871,11872,14008,21441	9	false
cache-item-family.slayer_ring_eternal.21268	ITEM	21268	21269	9	false
cache-item-family.slayer_s_enchantment.21257	ITEM	21257	21258	14	false
cache-item-family.slayer_s_respite.5759	ITEM	5759	5760,5835,5836,5837,5838,5839,5840,5841,5842,18895,19167	13	false
cache-item-family.slayer_s_respite_m.5761	ITEM	5761	5762,5915,5916,5917,5918,5919,5920,5921,5922,18905,19168	13	false
cache-item-family.slayer_s_staff.4170	ITEM	4170	4171,14044	9	false
cache-item-family.slayer_s_staff_e.21255	ITEM	21255	21256	9	false
cache-item-family.sleeping_cap.10398	ITEM	10398	10399,16109	9	false
cache-item-family.slice_of_cake.1895	ITEM	1895	1896,19101	9	true
cache-item-family.sliced_banana.3162	ITEM	3162	3163,17263	9	true
cache-item-family.sliced_mushrooms.7080	ITEM	7080	7081,19214	14	false
cache-item-family.sliced_red_banana.7574	ITEM	7574	17358	9	false
cache-item-family.small_box_hedge.8205	ITEM	8441	8205,8442,15045	14	false
cache-item-family.small_enriched_bone.21547	ITEM	21547	21548	9	false
cache-item-family.small_fur_pouch.29299	ITEM	29299	29300,29466,29467	13	false
cache-item-family.small_key_isle_of_bones.32417	ITEM	32417		9	false
cache-item-family.small_meat_pouch.29295	ITEM	29295	29296,29462,29463	13	false
cache-item-family.small_ninja_bonemeal.4263	ITEM	4263	17799	9	false
cache-item-family.small_ninja_monkey_bones.3179	ITEM	3179	17940	9	false
cache-item-family.small_pouch.5509	ITEM	5509	19238	9	false
cache-item-family.small_zombie_monkey_bonemeal.4268	ITEM	4268	17804	9	false
cache-item-family.small_zombie_monkey_bones.3185	ITEM	3185	17944	9	false
cache-item-family.smelly_kebab.33820	ITEM	33820		9	false
cache-item-family.smithing_cape.9795	ITEM	9795	9796,14258,14259	9	false
cache-item-family.smithing_hood.9797	ITEM	9797	14260	9	false
cache-item-family.smiths_boots.27027	ITEM	27027	27028	9	false
cache-item-family.smiths_gloves.27029	ITEM	27029	27030	9	false
cache-item-family.smiths_gloves_i.27031	ITEM	27031	27032	9	false
cache-item-family.smiths_trousers.27025	ITEM	27025	27026	9	false
cache-item-family.smiths_tunic.27023	ITEM	27023	27024	9	false
cache-item-family.smoke_ancient_sceptre.25491	ITEM	25491	28264,28265,28475	9	false
cache-item-family.smoke_battlestaff.11998	ITEM	11998	11999,14701	9	false
cache-item-family.smoke_rune.4697	ITEM	4697	19264	14	false
cache-item-family.smouldering_gland.29587	ITEM	29587	29588	9	false
cache-item-family.smouldering_heart.29583	ITEM	29583	29584	9	false
cache-item-family.smouldering_pile_of_flesh.29585	ITEM	29585	29586	9	false
cache-item-family.smouldering_pot.6772	ITEM	6772	17196	9	false
cache-item-family.smouldering_stone.13233	ITEM	13233	13234,14024	9	false
cache-item-family.snailfeet_s_bone.26590	ITEM	26590		9	false
cache-item-family.snake_charm.4605	ITEM	4605	16541	9	false
cache-item-family.snake_hide.6287	ITEM	6287	6288,7801,7802,15602,18711	9	false
cache-item-family.snake_mask.29933	ITEM	29933	29942,29943	9	false
cache-item-family.snakeskin.6289	ITEM	6289	6290,18712	14	false
cache-item-family.snakeskin_bandana.6326	ITEM	6326	6327,18727	9	false
cache-item-family.snakeskin_body.6322	ITEM	6322	6323,18725	9	false
cache-item-family.snakeskin_boots.6328	ITEM	6328	6329,18728,20580	9	false
cache-item-family.snakeskin_chaps.6324	ITEM	6324	6325,18726	9	false
cache-item-family.snakeskin_shield.22272	ITEM	22272	22273,22274	9	false
cache-item-family.snakeskin_vambraces.6330	ITEM	6330	6331,18729	9	false
cache-item-family.snapdragon.3000	ITEM	3000	3001,15228	14	false
cache-item-family.snapdragon_potion_unf.3004	ITEM	3004	3005,19296	9	false
cache-item-family.snapdragon_seed.5300	ITEM	5300	13774	9	false
cache-item-family.snape_grass.231	ITEM	231	232,15246	14	false
cache-item-family.snape_grass_seed.22879	ITEM	22879	22880	9	false
cache-item-family.snothead_s_bone.26589	ITEM	26589		9	false
cache-item-family.snowy_knight.10016	ITEM	10016	10017,15423	9	false
cache-item-family.snowy_knight_mix.29201	ITEM	29201	29183,29184,29185,29202,29203	9	false
cache-item-family.soaked_page.25578	ITEM	25578	25579	14	false
cache-item-family.socks_of_ruin.27436	ITEM	27436	27437	9	true
cache-item-family.soda_ash.1781	ITEM	1781	1782,16298	14	false
cache-item-family.soft_clay.1761	ITEM	1761	1762,16288	9	true
cache-item-family.soft_clay_pack.12009	ITEM	12009	12010,16251,24851,24852,25533,25534	9	false
cache-item-family.soiled_page.30068	ITEM	30068	30069	14	false
cache-item-family.soul_bearer.19634	ITEM	19634	19635	9	false
cache-item-family.soul_cape.25344	ITEM	25344	25345,25346,25347	9	false
cache-item-family.soul_rune.566	ITEM	566	11698,13711	14	false
cache-item-family.soulflame_horn.30759	ITEM	30759	30760,30761	9	false
cache-item-family.soulreaper_axe.25484	ITEM	25484	28338,28339,28340	9	false
cache-item-family.soulreaper_axe_o.33335	ITEM	33335	33337	9	false
cache-item-family.spade_handle.5327	ITEM	5327		9	true
cache-item-family.spade_head.5328	ITEM	5328		9	true
cache-item-family.spadeful_of_coke.6448	ITEM	6448	15590	9	false
cache-item-family.spatula.7439	ITEM	7439	7440,14353	9	false
cache-item-family.spear.20397	ITEM	20397	33758	9	false
cache-item-family.special_hot_sauce.26916	ITEM	26916		9	true
cache-item-family.special_super_hot_kebab.26917	ITEM	26917		9	true
cache-item-family.spectral_sigil.12823	ITEM	12823	12824,15334	14	false
cache-item-family.spectral_spirit_shield.12821	ITEM	12821	12822,15333	9	false
cache-item-family.spice.2007	ITEM	2007	2008,19195	14	false
cache-item-family.spicy_crunchies.2213	ITEM	2213	2214,9540,9541,18987,19055	9	false
cache-item-family.spicy_minced_meat.9996	ITEM	9996	9997,19130	9	false
cache-item-family.spicy_sauce.7072	ITEM	7072	7073,19210	9	false
cache-item-family.spicy_stew.7479	ITEM	7479	17364	9	false
cache-item-family.spicy_toad_s_legs.2156	ITEM	2156	2157	9	false
cache-item-family.spicy_tomato.9994	ITEM	9994	9995,19129	9	false
cache-item-family.spicy_worm.2160	ITEM	2160	2161	9	false
cache-item-family.spider_carcass.6291	ITEM	6291	6292,18713	14	false
cache-item-family.spider_cave_teleport.29782	ITEM	29782	29783	9	false
cache-item-family.spider_on_shaft.6295	ITEM	6295	6296,6299,6300,6303,6304,18715,18717	9	false
cache-item-family.spider_on_stick.6293	ITEM	6293	6294,6297,6298,18714,18716	9	false
cache-item-family.spiked_boots.3107	ITEM	3107	3108,16950	9	false
cache-item-family.spiked_manacles.23389	ITEM	23389	23390,23391,27178	9	false
cache-item-family.spiky_vambraces.10077	ITEM	10077	10078,15394	9	false
cache-item-family.spinach_roll.1969	ITEM	1969	1970,18946	9	true
cache-item-family.spine.33790	ITEM	33790		9	false
cache-item-family.spined_armour_set.31157	ITEM	31157	31158,31159	14	false
cache-item-family.spined_body.6133	ITEM	6133	6134,18381	9	false
cache-item-family.spined_boots.6143	ITEM	6143	6144,18386	9	false
cache-item-family.spined_chaps.6135	ITEM	6135	6136,18382	9	false
cache-item-family.spined_gloves.6149	ITEM	6149	6150,18389	9	false
cache-item-family.spined_helm.6131	ITEM	6131	6132,18380	9	false
cache-item-family.spined_kraken_ink_sac.32835	ITEM	32835		9	false
cache-item-family.spined_kraken_tentacle.32816	ITEM	32816		9	false
cache-item-family.spiny_helmet.4551	ITEM	4551	4552,18774	9	false
cache-item-family.spirit_angler_boots.25598	ITEM	25598	25599	9	false
cache-item-family.spirit_angler_headband.25592	ITEM	25592	25593,31252	9	false
cache-item-family.spirit_angler_top.25594	ITEM	25594	25595	9	false
cache-item-family.spirit_angler_waders.25596	ITEM	25596	25597	9	false
cache-item-family.spirit_seed.5317	ITEM	5317	13764	9	false
cache-item-family.spirit_seedling.5363	ITEM	5363	13729	9	false
cache-item-family.spirit_seedling_w.5369	ITEM	5369	13735	9	false
cache-item-family.spirit_shield.12829	ITEM	12829	12830,15337,23599,23600	9	false
cache-item-family.split_log.10812	ITEM	10812	10813,17660	9	false
cache-item-family.splitbark_body.3387	ITEM	3387	3388,14132	9	false
cache-item-family.splitbark_boots.3393	ITEM	3393	3394,14135	9	false
cache-item-family.splitbark_gauntlets.3391	ITEM	3391	3392,14134	9	false
cache-item-family.splitbark_helm.3385	ITEM	3385	3386,14131,20568	9	false
cache-item-family.splitbark_legs.3389	ITEM	3389	3390,14133	9	false
cache-item-family.spork.7437	ITEM	7437	7438,14352	9	false
cache-item-family.spotted_cape.10069	ITEM	10069	10070,10073,15392	9	false
cache-item-family.spotted_kebbit_fur.10125	ITEM	10125	10126,15409	14	false
cache-item-family.spottier_cape.10071	ITEM	10071	10072,10074,15393	9	false
cache-item-family.spring_sq_irkjuice.10848	ITEM	10848	16195	9	false
cache-item-family.square_sandwich.6965	ITEM	6965	18090	9	true
cache-item-family.squid_beak.31572	ITEM	31572	31573,31574	14	false
cache-item-family.squid_paste.31569	ITEM	31569	31570,31571	14	false
cache-item-family.staff_of_balance.24144	ITEM	24144	24145,24146	9	false
cache-item-family.staff_of_bob_the_cat.23363	ITEM	23363	23364,23365	9	false
cache-item-family.staff_of_earth.1385	ITEM	1385	1386,14679	9	true
cache-item-family.staff_of_light.22296	ITEM	22296	22297,22298	9	false
cache-item-family.staff_of_the_dead.11791	ITEM	11791	11792,14703,23613,23614	9	false
cache-item-family.staff_of_water.1383	ITEM	1383	1384,14678	9	true
cache-item-family.stale_baguette.20590	ITEM	20590	20591,20592	9	true
cache-item-family.stamina_mix.12635	ITEM	12635	12633,12634,12636,15509,19406	9	false
cache-item-family.stamina_potion.12631	ITEM	12631	12625,12626,12627,12628,12629,12630,12632,15276,19371,19372,19373,23583,23584,23585,23586,23587,23588,23589,23590	9	false
cache-item-family.star_face.22713	ITEM	22713	22714	9	true
cache-item-family.statius_s_full_helm.22625	ITEM	22625	22626,22627	9	false
cache-item-family.statius_s_full_helm_bh.27833	ITEM	27833	27930,27931,27932	9	false
cache-item-family.statius_s_platebody.22628	ITEM	22628	22629,22630	9	false
cache-item-family.statius_s_platebody_bh.27834	ITEM	27834	27933,27934,27935	9	false
cache-item-family.statius_s_platelegs.22631	ITEM	22631	22632,22633	9	false
cache-item-family.statius_s_platelegs_bh.27835	ITEM	27835	27936,27937,27938	9	false
cache-item-family.statius_s_warhammer.22622	ITEM	22622	22623,22624,23620,23621	9	false
cache-item-family.statius_s_warhammer_bh.27908	ITEM	27908	27909,27910,27911	9	false
cache-item-family.steak_sandwich.25631	ITEM	25631	25632	9	true
cache-item-family.steam_battlestaff.11787	ITEM	11787	11788,12795,14697,14699	9	false
cache-item-family.steam_rune.4694	ITEM	4694	19261	14	false
cache-item-family.steam_staff_upgrade_kit.12798	ITEM	12798	12799,15094	14	false
cache-item-family.steamforge_brew.29412	ITEM	29412	29413,29414	9	false
cache-item-family.steel_arrowtips.41	ITEM	41	18224	9	false
cache-item-family.steel_axe.1353	ITEM	1353	1354,14707	9	true
cache-item-family.steel_battleaxe.1365	ITEM	1365	1366,14715	9	true
cache-item-family.steel_bolts.9141	ITEM	9141	9288,9295,9302,14513,15122,15130,15138	9	false
cache-item-family.steel_bolts_unf.9378	ITEM	9378	15146	14	false
cache-item-family.steel_boots.4123	ITEM	4123	4124,14192	9	false
cache-item-family.steel_brutal.4783	ITEM	4783	16874	9	false
cache-item-family.steel_cannonball.2	ITEM	2	17853	14	false
cache-item-family.steel_chainshot_cannonball.31922	ITEM	31922	31923	14	false
cache-item-family.steel_claws.3097	ITEM	3097	3117,14324	9	false
cache-item-family.steel_coffin.25461	ITEM	25461	25462	9	false
cache-item-family.steel_crossbow_u.9459	ITEM	9459	9460,15115	14	false
cache-item-family.steel_dart.808	ITEM	808	814,5630,5637,14520,14528,14544,14552	9	false
cache-item-family.steel_dart_tip.821	ITEM	821	14537	14	false
cache-item-family.steel_defender.8846	ITEM	8846	14344,24138	9	false
cache-item-family.steel_dragon_mask.12367	ITEM	12367	12368,15924	9	false
cache-item-family.steel_felling_axe.28202	ITEM	28202	28203,28204	9	false
cache-item-family.steel_fire_arrow.2534	ITEM	2534	2535,14583,14584	13	false
cache-item-family.steel_gauntlets.778	ITEM	778	17654	9	false
cache-item-family.steel_gloves.7456	ITEM	7456	14363	9	false
cache-item-family.steel_gold_trimmed_set_lg.20382	ITEM	20382	20383,20384	14	true
cache-item-family.steel_gold_trimmed_set_sk.20385	ITEM	20385	20386,20387	14	true
cache-item-family.steel_halberd.3194	ITEM	3194	3195,14622	9	false
cache-item-family.steel_hasta.11371	ITEM	11371	11372,11393,11394,11395,11396,11397,11398,11399,15556,15568,15569,15570,15571	13	false
cache-item-family.steel_heraldic_helm.8682	ITEM	8682	8684,8686,8688,8690,8692,8694,8696,8698,8700,8702,8704,8706,8708,8710,8712,14836,14837,14838,14839,14840,14841,14842,14843,14844,14845,14846,14847,14848,14849,14850,14851	9	false
cache-item-family.steel_incendiary_cannonball.31936	ITEM	31936	31937	14	false
cache-item-family.steel_javelin.827	ITEM	827	833,5644,5650,14444,14450,14456,14462	9	false
cache-item-family.steel_javelin_tips.19574	ITEM	19574	19575	14	false
cache-item-family.steel_keel_parts.32005	ITEM	32005	32006,32007	14	false
cache-item-family.steel_knife.865	ITEM	865	872,5656,5663,14474,14481,14488,14495	9	false
cache-item-family.steel_limbs.9425	ITEM	9425	9426,15105	14	false
cache-item-family.steel_locks.25445	ITEM	25445	25446,25447	14	false
cache-item-family.steel_med_helm.1141	ITEM	1141	1142,14138	9	true
cache-item-family.steel_nails.1539	ITEM	1539	16823,32923	9	true
cache-item-family.steel_pickaxe.1269	ITEM	1269	1270,14762	9	true
cache-item-family.steel_plateskirt.1083	ITEM	1083	1084,14177,20175,20176,20177,20190,20191,20192	9	true
cache-item-family.steel_ring.30895	ITEM	30895	30896,30897	9	false
cache-item-family.steel_set_lg.12984	ITEM	12984	12985,13922	14	true
cache-item-family.steel_set_sk.12986	ITEM	12986	12987,13923	14	true
cache-item-family.steel_spear.1241	ITEM	1241	1242,1255,1256,3172,5708,5709,5722,5723,14770,14777,14784,14791,14798	13	false
cache-item-family.steel_staff_of_collection.30601	ITEM	30601	30602	9	false
cache-item-family.steel_studs.2370	ITEM	2370	2371,13897	14	false
cache-item-family.steel_thrownaxe.802	ITEM	802	14468	9	false
cache-item-family.steel_trimmed_set_lg.20376	ITEM	20376	20377,20378	14	true
cache-item-family.steel_trimmed_set_sk.20379	ITEM	20379	20380,20381	14	true
cache-item-family.steel_warhammer.1339	ITEM	1339	1340,14723	9	true
cache-item-family.stew.2003	ITEM	2003	2004,19194	9	true
cache-item-family.stick.4179	ITEM	4179	9702,18216,18769,25285	9	false
cache-item-family.stockpiling_charm.30679	ITEM	30679	30680,30681	14	false
cache-item-family.stone_scarab.9030	ITEM	9030	9031,16169	14	false
cache-item-family.stone_seal.9042	ITEM	9042	9043,16175	14	false
cache-item-family.stone_statuette.9038	ITEM	9038	9039,16173	14	false
cache-item-family.stony_basalt.22601	ITEM	22601	22602	14	false
cache-item-family.storm_cruiser_s_coat.31738	ITEM	31738	31739	9	false
cache-item-family.storm_cruiser_s_hat.31736	ITEM	31736	31737	9	false
cache-item-family.storm_cruiser_s_shoes.31742	ITEM	31742	31743	9	false
cache-item-family.storm_cruiser_s_trousers.31740	ITEM	31740	31741	9	false
cache-item-family.strange_fruit.464	ITEM	464	465,18063	9	false
cache-item-family.strange_old_lockpick_full.24740	ITEM	24740	24741,24742	14	false
cache-item-family.strange_potion.4836	ITEM	4836	16866,28383	9	false
cache-item-family.strange_teleorb.29535	ITEM	29535		9	false
cache-item-family.strangler_serum.28388	ITEM	28388		9	false
cache-item-family.strawberries_1.5398	ITEM	5398	5399,5400,5401,5402,5403,5404,5405,5406,5407,13718	10	false
cache-item-family.strawberry.5504	ITEM	5504	5505,13860	9	false
cache-item-family.strawberry_seed.5323	ITEM	5323	13801	9	false
cache-item-family.strength_amulet.10364	ITEM	10364	10365,16092	9	true
cache-item-family.strength_cape.9750	ITEM	9750	9751,14210,14211	9	false
cache-item-family.strength_hood.9752	ITEM	9752	14212	9	false
cache-item-family.strength_mix.11441	ITEM	11441	11442,11443,11444,15498,19395	9	false
cache-item-family.strength_potion.119	ITEM	119	113,114,115,116,117,118,120,15255,19317,19318,19319	9	true
cache-item-family.stretched_hide.6173	ITEM	6173	6174,18376	9	false
cache-item-family.stripy_feather.10087	ITEM	10087	15384	9	false
cache-item-family.stripy_pirate_shirt.7110	ITEM	7110	7111,7122,7123,7128,7129,7134,7135,16920,16924,16927,16930	9	false
cache-item-family.strong_cup_of_tea.26904	ITEM	26904		9	false
cache-item-family.strongbones_bone.26593	ITEM	26593		9	false
cache-item-family.stronghold_notes.9004	ITEM	9004	9015,18684	14	true
cache-item-family.strung_rabbit_foot.10132	ITEM	10132	10133,15382	9	false
cache-item-family.strykewyrm_bonemeal.31333	ITEM	31333	31334	9	false
cache-item-family.strykewyrm_bones.31726	ITEM	31726	31727,31728	9	false
cache-item-family.studded_body.1133	ITEM	1133	1134,7362,7363,7364,7365,14109,16031,16032,26264,26265	9	true
cache-item-family.studded_chaps.1097	ITEM	1097	1098,7366,7367,7368,7369,14185,16033,16034	9	true
cache-item-family.stuffed_big_harpoonfish.25561	ITEM	25561	25562	9	false
cache-item-family.stuffed_snake.7579	ITEM	7579	17363	9	false
cache-item-family.sturdy_harness.28149	ITEM	28149	28150,28151	14	false
cache-item-family.stymphike_feather.33651	ITEM	33651	33652	9	false
cache-item-family.stymphike_tartare.33628	ITEM	33628		9	false
cache-item-family.sulliuscep_cap.21626	ITEM	21626	21627,21628	14	false
cache-item-family.sulphur_blades.29084	ITEM	29084	29085,29086	9	false
cache-item-family.sulphur_potion.25812	ITEM	25812		9	false
cache-item-family.sulphurous_essence.29087	ITEM	29087		9	false
cache-item-family.summer_pie.7218	ITEM	7218	7219,19191	9	false
cache-item-family.summer_sq_irkjuice.10849	ITEM	10849	16196	9	false
cache-item-family.summon_boat.31441	ITEM	31441	31442	9	false
cache-item-family.sun_kissed_bones.29378	ITEM	29378	29379,29380	9	false
cache-item-family.sun_shine.29421	ITEM	29421	29422,29423	9	false
cache-item-family.sunbeam_ale.29409	ITEM	29409	29410,29411	9	false
cache-item-family.sunfire_fanatic_armour_set.29424	ITEM	29424	29425,29426	14	false
cache-item-family.sunfire_fanatic_chausses.28939	ITEM	28939	28940,28941	9	false
cache-item-family.sunfire_fanatic_cuirass.28936	ITEM	28936	28937,28938	9	false
cache-item-family.sunfire_fanatic_helm.28933	ITEM	28933	28934,28935	9	false
cache-item-family.sunfire_rune.28929	ITEM	28929	28930	14	false
cache-item-family.sunfire_splinters.28924	ITEM	28924	28925	14	false
cache-item-family.sunlight_antelope_antler.29168	ITEM	29168	29169,29170	14	false
cache-item-family.sunlight_antelope_fur.29177	ITEM	29177	29178,29179	14	false
cache-item-family.sunlight_antler_bolts.28872	ITEM	28872	28873	9	false
cache-item-family.sunlight_moth.28863	ITEM	28863	28890,28891,28892	9	false
cache-item-family.sunlight_moth_mix.29210	ITEM	29210	29192,29193,29194,29211,29212	9	false
cache-item-family.sunspear.33722	ITEM	33722	33723	9	false
cache-item-family.super_antifire_mix.21997	ITEM	21997	21994,21995,21996,21998,21999	9	false
cache-item-family.super_antifire_potion.21987	ITEM	21987	21978,21979,21980,21981,21982,21983,21984,21985,21986,21988,21989	9	false
cache-item-family.super_attack_4.2436	ITEM	2436	145,146,147,148,149,150,2437,15260,19332,19333,19334	13	false
cache-item-family.super_combat_potion.12701	ITEM	12701	12695,12696,12697,12698,12699,12700,12702,15282,19389,19390,19391,23543,23544,23545,23546,23547,23548,23549,23550	9	false
cache-item-family.super_def_mix.11499	ITEM	11499	11497,11498,11500,15513,19410	9	false
cache-item-family.super_defence_4.2442	ITEM	2442	163,164,165,166,167,168,2443,15263,19341,19342,19343	13	false
cache-item-family.super_energy.3022	ITEM	3022	3016,3017,3018,3019,3020,3021,3023,15275,19368,19369,19370,20548,20549,20550,20551,23539,23540,23541,23542	9	false
cache-item-family.super_energy_mix.11483	ITEM	11483	11481,11482,11484,15508,19405	9	false
cache-item-family.super_fishing_potion.31611	ITEM	31611	31602,31603,31604,31605,31606,31607,31608,31609,31610,31612,31613	9	false
cache-item-family.super_hunter_potion.31635	ITEM	31635	31626,31627,31628,31629,31630,31631,31632,31633,31634,31636,31637	9	false
cache-item-family.super_kebab.4608	ITEM	4608	4609,16544	9	false
cache-item-family.super_magic_potion.11729	ITEM	11729	11726,11727,11728,16152,19432,19433,19434	9	false
cache-item-family.super_potion_set.13066	ITEM	13066	13067,13963	14	false
cache-item-family.super_ranging_4.11722	ITEM	11722	11723,11724,11725,16151,19429,19430,19431	13	false
cache-item-family.super_restore.3030	ITEM	3030	3024,3025,3026,3027,3028,3029,3031,15277,19374,19375,19376,23567,23568,23569,23570,23571,23572,23573,23574	9	false
cache-item-family.super_restore_mix.11495	ITEM	11495	11493,11494,11496,15512,19409	9	false
cache-item-family.super_str_mix.11487	ITEM	11487	11485,11486,11488,15510,19407	9	false
cache-item-family.super_strength_4.2440	ITEM	2440	157,158,159,160,161,162,2441,15262,19338,19339,19340	13	false
cache-item-family.superantipoison.185	ITEM	185	181,182,183,184,186,2448,2449,15266,19350,19351,19352	9	false
cache-item-family.superattack_mix.11471	ITEM	11471	11469,11470,11472,15505,19402	9	false
cache-item-family.supercompost.6034	ITEM	6034	6035,13743	9	false
cache-item-family.superior_calamity_breeches.26757	ITEM	26757	26758	9	false
cache-item-family.superior_calamity_chest.26751	ITEM	26751	26752	9	false
cache-item-family.superior_dragon_bonemeal.22116	ITEM	22116	22117	9	false
cache-item-family.superior_dragon_bones.22124	ITEM	22124	22125,22126	9	false
cache-item-family.superior_mining_gloves.21345	ITEM	21345	21346	9	false
cache-item-family.suphi_fish_1.20858	ITEM	20858		9	false
cache-item-family.suqah_hide.9080	ITEM	9080	16698	9	false
cache-item-family.suqah_leather.9081	ITEM	9081	16699	9	false
cache-item-family.surge_potion.30884	ITEM	30884	30875,30876,30877,30878,30879,30880,30881,30882,30883,30885,30886	9	false
cache-item-family.swamp_cruiser_s_hat.31748	ITEM	31748	31749	9	false
cache-item-family.swamp_cruiser_s_jacket.31750	ITEM	31750	31751	9	false
cache-item-family.swamp_cruiser_s_shoes.31754	ITEM	31754	31755	9	false
cache-item-family.swamp_cruiser_s_trousers.31752	ITEM	31752	31753	9	false
cache-item-family.swamp_lizard.10149	ITEM	10149	10163,15369	9	false
cache-item-family.swamp_paste.1941	ITEM	1941	19174,22095	14	false
cache-item-family.swamp_tar.1939	ITEM	1939	19172	14	false
cache-item-family.swamp_toad.2150	ITEM	2150	2151,19030	14	false
cache-item-family.swamp_weed.10978	ITEM	10978	10979,18421	14	false
cache-item-family.swampbark_armour_set.31160	ITEM	31160	31161,31162	14	false
cache-item-family.swampbark_body.25389	ITEM	25389	25390,25391	9	false
cache-item-family.swampbark_boots.25395	ITEM	25395	25396,25397	9	false
cache-item-family.swampbark_gauntlets.25392	ITEM	25392	25393,25394	9	false
cache-item-family.swampbark_helm.25398	ITEM	25398	25399,25400	9	false
cache-item-family.swampbark_legs.25401	ITEM	25401	25402,25403	9	false
cache-item-family.sweetcorn.5986	ITEM	5986	5987,7088,7089,13858,19218	9	false
cache-item-family.sweetcorn_seed.5320	ITEM	5320	13798	9	false
cache-item-family.swift_albatross_feather.31952	ITEM	31952	31953	9	false
cache-item-family.swift_blade.24219	ITEM	24219	24220,24221	9	true
cache-item-family.swordtip_squid.31556	ITEM	31556	31557,31558	9	false
cache-item-family.syringe_barrel.33752	ITEM	33752		9	false
cache-item-family.syringe_needle.33751	ITEM	33751		9	false
cache-item-family.tackle_box.25580	ITEM	25580	25581	9	false
cache-item-family.tai_bwo_wannai_teleport.12409	ITEM	12409	15946	9	false
cache-item-family.tailfeathers.29222	ITEM	29222		9	false
cache-item-family.tainted_essence_chunk.28591	ITEM	28591	28592	9	false
cache-item-family.tall_box_hedge.8209	ITEM	8449	8209,8450,15049	14	false
cache-item-family.tall_fancy_hedge.8208	ITEM	8447	8208,8448,15048	14	false
cache-item-family.tan_cavalier.2639	ITEM	2639	2640,15783	9	false
cache-item-family.tangled_toad_s_legs.2187	ITEM	2187	2188,19027	9	false
cache-item-family.tangled_toads_legs.9551	ITEM	9551	9552,18992	9	false
cache-item-family.tanzanite_fang.12922	ITEM	12922	12923,15314	9	false
cache-item-family.tanzanite_helm.13197	ITEM	13197	15318	9	false
cache-item-family.target_teleport.24336	ITEM	24336	24337	9	false
cache-item-family.target_teleport_scroll.12846	ITEM	12846	12847,15099	14	false
cache-item-family.tarnished_halberd.33685	ITEM	33685	33686	9	true
cache-item-family.tarnished_locket.26910	ITEM	26910	26911	9	false
cache-item-family.tarromin.253	ITEM	253	254,15217	14	false
cache-item-family.tarromin_potion_unf.95	ITEM	95	96,19289	9	false
cache-item-family.tarromin_seed.5293	ITEM	5293	13767	9	false
cache-item-family.tarromin_tar.10144	ITEM	10144	15372	9	false
cache-item-family.tatty_graahk_fur.10097	ITEM	10097	10098,15350	14	false
cache-item-family.tatty_kyatt_fur.10101	ITEM	10101	10102,15352	14	false
cache-item-family.tatty_larupia_fur.10093	ITEM	10093	10094,15348	14	false
cache-item-family.taverley_teleport.11742	ITEM	11742	16159	9	false
cache-item-family.tchiki_monkey_nuts.7573	ITEM	7573	17357	9	false
cache-item-family.tchiki_nut_paste.7575	ITEM	7575	17359	9	false
cache-item-family.te_salt.22593	ITEM	22593	22594	14	false
cache-item-family.tea_flask.10859	ITEM	10859	16580,25617	9	false
cache-item-family.teacher_wand.6912	ITEM	6912	6913,18597	9	false
cache-item-family.teak_armchair.8314	ITEM	8506	8314,8507,14953	14	false
cache-item-family.teak_armour_case.9827	ITEM	9860	9827,9885,15025	14	false
cache-item-family.teak_bed.8034	ITEM	8582	8034,8583,14984,24920,24924	14	false
cache-item-family.teak_bird_house.21521	ITEM	21521	21522,21523	14	false
cache-item-family.teak_cape_rack.9818	ITEM	9844	9818,9869,15009	14	false
cache-item-family.teak_clock.8053	ITEM	8592	8053,8593,14989	14	false
cache-item-family.teak_dining_bench.8111	ITEM	8568	8111,8569,14977	14	false
cache-item-family.teak_drawers.8041	ITEM	8616	8041,8617,15001	14	false
cache-item-family.teak_dresser.8048	ITEM	8602	8048,8603,14994,24912	14	false
cache-item-family.teak_fancy_dress_box.9866	ITEM	9866	9891,15031	14	false
cache-item-family.teak_hull_parts.32047	ITEM	32047	32048,32049	14	false
cache-item-family.teak_kitchen_table.8248	ITEM	8532	8248,8533,14966	14	false
cache-item-family.teak_logs.6333	ITEM	6333	6334,18731	9	false
cache-item-family.teak_magic_wardrobe.9854	ITEM	9854	9879,15019	14	false
cache-item-family.teak_plank.8780	ITEM	8780	8781,14940	9	false
cache-item-family.teak_pyre_logs.6211	ITEM	6211	6212,17610	9	false
cache-item-family.teak_repair_kit.31970	ITEM	31970	31971,31972,32302	14	false
cache-item-family.teak_sapling.21477	ITEM	21477	21478,21479	14	false
cache-item-family.teak_seed.21486	ITEM	21486	21487	9	false
cache-item-family.teak_seedling.21469	ITEM	21469	21470	9	false
cache-item-family.teak_seedling_w.21473	ITEM	21473	21474	9	false
cache-item-family.teak_stock.9446	ITEM	9446	9447,15164	14	false
cache-item-family.teak_table.8118	ITEM	8554	8118,8555,14970,24888,24892,24896	14	false
cache-item-family.teak_toy_box.9837	ITEM	9850	9837,9875,15015	14	false
cache-item-family.teak_treasure_chest.9840	ITEM	9863	9840,9888,15028	14	false
cache-item-family.teak_wardrobe.8042	ITEM	8618	8042,8619,9831,15002,24908	14	false
cache-item-family.teal_boots.2924	ITEM	2924	2925,18845	9	true
cache-item-family.teal_gloves.2932	ITEM	2932	2933,18849	9	true
cache-item-family.teal_hat.2930	ITEM	2930	2931,18848	9	false
cache-item-family.teal_robe_bottoms.2928	ITEM	2928	2929,18847	9	false
cache-item-family.teal_robe_top.2926	ITEM	2926	2927,18846	9	false
cache-item-family.team_10_cape.4333	ITEM	4333	4334,18294	9	true
cache-item-family.team_11_cape.4335	ITEM	4335	4336,18295	9	true
cache-item-family.team_12_cape.4337	ITEM	4337	4338,18296	9	true
cache-item-family.team_13_cape.4339	ITEM	4339	4340,18297	9	true
cache-item-family.team_14_cape.4341	ITEM	4341	4342,18298	9	true
cache-item-family.team_15_cape.4343	ITEM	4343	4344,18299	9	true
cache-item-family.team_16_cape.4345	ITEM	4345	4346,18300	9	true
cache-item-family.team_17_cape.4347	ITEM	4347	4348,18301	9	true
cache-item-family.team_18_cape.4349	ITEM	4349	4350,18302	9	true
cache-item-family.team_19_cape.4351	ITEM	4351	4352,18303	9	true
cache-item-family.team_1_cape.4315	ITEM	4315	4316,18285	9	true
cache-item-family.team_20_cape.4353	ITEM	4353	4354,18304	9	true
cache-item-family.team_21_cape.4355	ITEM	4355	4356,18305	9	true
cache-item-family.team_22_cape.4357	ITEM	4357	4358,18306	9	true
cache-item-family.team_23_cape.4359	ITEM	4359	4360,18307	9	true
cache-item-family.team_24_cape.4361	ITEM	4361	4362,18308	9	true
cache-item-family.team_25_cape.4363	ITEM	4363	4364,18309	9	true
cache-item-family.team_26_cape.4365	ITEM	4365	4366,18310	9	true
cache-item-family.team_27_cape.4367	ITEM	4367	4368,18311	9	true
cache-item-family.team_28_cape.4369	ITEM	4369	4370,18312	9	true
cache-item-family.team_29_cape.4371	ITEM	4371	4372,18313	9	true
cache-item-family.team_2_cape.4317	ITEM	4317	4318,18286	9	true
cache-item-family.team_30_cape.4373	ITEM	4373	4374,18314	9	true
cache-item-family.team_31_cape.4375	ITEM	4375	4376,18315	9	true
cache-item-family.team_32_cape.4377	ITEM	4377	4378,18316	9	true
cache-item-family.team_33_cape.4379	ITEM	4379	4380,18317	9	true
cache-item-family.team_34_cape.4381	ITEM	4381	4382,18318	9	true
cache-item-family.team_35_cape.4383	ITEM	4383	4384,18319	9	true
cache-item-family.team_36_cape.4385	ITEM	4385	4386,18320	9	true
cache-item-family.team_37_cape.4387	ITEM	4387	4388,18321	9	true
cache-item-family.team_38_cape.4389	ITEM	4389	4390,18322	9	true
cache-item-family.team_39_cape.4391	ITEM	4391	4392,18323	9	true
cache-item-family.team_3_cape.4319	ITEM	4319	4320,18287	9	true
cache-item-family.team_40_cape.4393	ITEM	4393	4394,18324	9	true
cache-item-family.team_41_cape.4395	ITEM	4395	4396,18325	9	true
cache-item-family.team_42_cape.4397	ITEM	4397	4398,18326	9	true
cache-item-family.team_43_cape.4399	ITEM	4399	4400,18327	9	true
cache-item-family.team_44_cape.4401	ITEM	4401	4402,18328	9	true
cache-item-family.team_45_cape.4403	ITEM	4403	4404,18329	9	true
cache-item-family.team_46_cape.4405	ITEM	4405	4406,18330	9	true
cache-item-family.team_47_cape.4407	ITEM	4407	4408,18331	9	true
cache-item-family.team_48_cape.4409	ITEM	4409	4410,18332	9	true
cache-item-family.team_49_cape.4411	ITEM	4411	4412,18333	9	true
cache-item-family.team_4_cape.4321	ITEM	4321	4322,18288	9	true
cache-item-family.team_50_cape.4413	ITEM	4413	4414,18334	9	true
cache-item-family.team_5_cape.4323	ITEM	4323	4324,18289	9	true
cache-item-family.team_6_cape.4325	ITEM	4325	4326,18290	9	true
cache-item-family.team_7_cape.4327	ITEM	4327	4328,18291	9	true
cache-item-family.team_8_cape.4329	ITEM	4329	4330,18292	9	true
cache-item-family.team_9_cape.4331	ITEM	4331	4332,18293	9	true
cache-item-family.team_cape_i.20217	ITEM	20217	20218,20219	9	true
cache-item-family.team_cape_x.20214	ITEM	20214	20215,20216	9	true
cache-item-family.team_cape_zero.20211	ITEM	20211	20212,20213	9	true
cache-item-family.teasing_stick.10029	ITEM	10029	10030,15414	14	false
cache-item-family.tecu_salamander.28834	ITEM	28834	28835,28836	9	false
cache-item-family.teleport_anchoring_scroll.29455	ITEM	29455	29456,29457	14	false
cache-item-family.teleport_card.13658	ITEM	13658	13659,14402	14	true
cache-item-family.teleport_to_boat.31443	ITEM	31443	31444	9	false
cache-item-family.teleport_to_house.8013	ITEM	8013	14890	9	false
cache-item-family.tenacious_indigo_iris_seed.27040	ITEM	27040		9	true
cache-item-family.tenti_pineapple.1851	ITEM	1851	17219	9	false
cache-item-family.tern_feather.32823	ITEM	32823		9	false
cache-item-family.terrifying_charm.27483	ITEM	27483	27484	9	true
cache-item-family.thammaron_s_sceptre.22555	ITEM	22555	22556	9	false
cache-item-family.thammaron_s_sceptre_a.27788	ITEM	27788	27789	9	false
cache-item-family.thammaron_s_sceptre_au.27785	ITEM	27785	27786,27787	9	false
cache-item-family.thammaron_s_sceptre_u.22552	ITEM	22552	22553,22554	9	false
cache-item-family.thatch_spar_dense.6285	ITEM	6285	6286,18710	14	false
cache-item-family.thatch_spar_light.6281	ITEM	6281	6282,18708	14	false
cache-item-family.thatch_spar_med.6283	ITEM	6283	6284,18709	14	false
cache-item-family.the_desert_trout_ship_s_log.25567	ITEM	25567	25568	9	true
cache-item-family.the_melted_rocks.31867	ITEM	31867	31868	9	false
cache-item-family.thieving_bag.23224	ITEM	23224	23225,23226	9	false
cache-item-family.thieving_cape.9777	ITEM	9777	9778,14240,14241	9	false
cache-item-family.thieving_hood.9779	ITEM	9779	14242	9	false
cache-item-family.thin_snail.3363	ITEM	3363	3364,18873	14	false
cache-item-family.thin_snail_meat.3369	ITEM	3369	3370,18876	9	false
cache-item-family.thorny_hedge.8203	ITEM	8437	8203,8438,15043	14	false
cache-item-family.thread.1734	ITEM	1734	16271	9	true
cache-item-family.thread_of_elidinis.27279	ITEM	27279	27280	9	false
cache-item-family.three_barrels.8862	ITEM	8862		9	false
cache-item-family.throwing_rope.945	ITEM	945		9	true
cache-item-family.tiara.5525	ITEM	5525	5526,19248	9	true
cache-item-family.tiara_mould.5523	ITEM	5523	5524,19247	9	true
cache-item-family.timber_beam.8837	ITEM	8837	8838,17642	14	false
cache-item-family.tin_ore.438	ITEM	438	439,16234	9	true
cache-item-family.tin_ore_powder.5583	ITEM	5583		9	false
cache-item-family.tiny_net.6674	ITEM	6674	18803	9	false
cache-item-family.toad_batta.2255	ITEM	2255	2256,9529,9530,18982,19058	9	false
cache-item-family.toad_crunchies.2217	ITEM	2217	2218,9538,9539,18986,19056	9	false
cache-item-family.toad_s_legs.2152	ITEM	2152	2153,19031	9	false
cache-item-family.toadflax.2998	ITEM	2998	2999,15222	9	false
cache-item-family.toadflax_potion_unf.3002	ITEM	3002	3003,19292	9	false
cache-item-family.toadflax_seed.5296	ITEM	5296	13770	9	false
cache-item-family.toktz_ket_xil.6524	ITEM	6524	6536,18255	9	false
cache-item-family.toktz_mej_tal.6526	ITEM	6526	6538,18257	9	false
cache-item-family.toktz_xil_ak.6523	ITEM	6523	6535,18254,20554	9	false
cache-item-family.toktz_xil_ek.6525	ITEM	6525	6537,18256	9	false
cache-item-family.toktz_xil_ul.6522	ITEM	6522	18253	9	false
cache-item-family.tomato.1982	ITEM	1982	1983,18953	9	true
cache-item-family.tomato_seed.5322	ITEM	5322	7562,7563,13800	9	false
cache-item-family.tomatoes_1.5960	ITEM	5960	5961,5962,5963,5964,5965,5966,5967,5968,5969,13720	10	false
cache-item-family.tome_of_earth.30064	ITEM	30064	30065,30066,30067	9	false
cache-item-family.tome_of_fire.20714	ITEM	20714	20715,20716,20717,27358	9	false
cache-item-family.tome_of_water.25574	ITEM	25574	25575,25576,25577	9	false
cache-item-family.tonalztics_of_ralos.28922	ITEM	28922	28919,28920,28921,28923	9	false
cache-item-family.tonameyo_white.29958	ITEM	29958	29959,29960	9	false
cache-item-family.tooth_half_of_key.985	ITEM	985	986,14615,30105,30106,33782	14	false
cache-item-family.top_hat.12432	ITEM	12432	12433,15964	9	false
cache-item-family.top_hat_monocle.12434	ITEM	12434	12435,15965	9	false
cache-item-family.topaz_amulet.21114	ITEM	21114	21115,21116	9	false
cache-item-family.topaz_amulet_u.21105	ITEM	21105	21106,21107	14	false
cache-item-family.topaz_bolt_tips.9188	ITEM	9188	15186	9	false
cache-item-family.topaz_bolts.9336	ITEM	9336	15171	9	false
cache-item-family.topaz_bolts_e.9239	ITEM	9239	15154	9	false
cache-item-family.topaz_bracelet.21123	ITEM	21123	21124,21125	9	false
cache-item-family.topaz_dragon_bolts.21961	ITEM	21961	21962	9	false
cache-item-family.topaz_dragon_bolts_e.21938	ITEM	21938	21939	9	false
cache-item-family.topaz_necklace.21096	ITEM	21096	21097,21098	9	false
cache-item-family.topaz_ring.21087	ITEM	21087	21088,21089	9	false
cache-item-family.topiary_hedge.8206	ITEM	8443	8206,8444,15046	14	false
cache-item-family.torag_s_armour_set.12879	ITEM	12879	12880,13908	14	false
cache-item-family.torag_s_hammers.4747	ITEM	4747	4748,4958,4959,4960,4961,4962,4963,15701,15702	9	false
cache-item-family.torag_s_helm.4745	ITEM	4745	4746,4952,4953,4954,4955,4956,4957,15699,15700,23637	9	false
cache-item-family.torag_s_platebody.4749	ITEM	4749	4750,4964,4965,4966,4967,4968,4969,15703,15704	9	false
cache-item-family.torag_s_platelegs.4751	ITEM	4751	4752,4970,4971,4972,4973,4974,4975,15705,15706,23634	9	false
cache-item-family.torch.595	ITEM	8987	595,9665,9701,17751	18	false
cache-item-family.tormented_bracelet.19544	ITEM	19544	19545,19546,23444,23445,27171	9	false
cache-item-family.tormented_ornament_kit.23348	ITEM	23348	23349,23350	14	false
cache-item-family.tormented_synapse.29580	ITEM	29580	29581,29582	14	false
cache-item-family.torn_prayer_scroll.21047	ITEM	21047	21048	14	false
cache-item-family.torn_robe.6788	ITEM	6788	6789,17306,17307	9	false
cache-item-family.torstol.269	ITEM	269	270,15227	14	false
cache-item-family.torstol_potion_unf.111	ITEM	111	112,19300	9	false
cache-item-family.torstol_seed.5304	ITEM	5304	13778	9	false
cache-item-family.tortoise_shell.7939	ITEM	7939	7940,18701	14	false
cache-item-family.tortugan_shield.31398	ITEM	31398	31399	9	false
cache-item-family.torture_ornament_kit.20062	ITEM	20062	20063,20064	14	false
cache-item-family.torva_armour_set.31145	ITEM	31145	31146,31147	14	false
cache-item-family.torva_full_helm.26382	ITEM	26382	26376,26377,26383,26406,26409,30302	18	false
cache-item-family.torva_platebody.26384	ITEM	26384	26378,26379,26385,26407,26410,30303	18	false
cache-item-family.torva_platelegs.26386	ITEM	26386	26380,26381,26387,26408,26411,30304,33194,33195	18	false
cache-item-family.toxic_blowpipe.12926	ITEM	12926	12924,12925,15315	9	false
cache-item-family.toxic_staff.12902	ITEM	12902	12903,33035	9	false
cache-item-family.toxic_staff_of_the_dead.12904	ITEM	12904	14704	9	false
cache-item-family.toy_cat.7771	ITEM	7771	7772,14924	9	false
cache-item-family.toy_doll.7763	ITEM	7763	7764,14922	14	false
cache-item-family.toy_doll_wound.7765	ITEM	7765	7766	9	false
cache-item-family.toy_mouse.7767	ITEM	7767	7768,14923	14	false
cache-item-family.toy_mouse_wound.7769	ITEM	7769	7770	9	false
cache-item-family.toy_soldier.7759	ITEM	7759	7760,14921	14	false
cache-item-family.toy_soldier_wound.7761	ITEM	7761	7762	9	false
cache-item-family.trading_sticks.6306	ITEM	6306	18719	14	false
cache-item-family.training_arrows.9706	ITEM	9706	18773	9	true
cache-item-family.training_bow.9705	ITEM	9705	18772	9	true
cache-item-family.training_shield.9704	ITEM	9704	18771	9	true
cache-item-family.training_sword.9703	ITEM	9703	18770	9	true
cache-item-family.trapper_s_tipple.29277	ITEM	29277	29278,29279	9	false
cache-item-family.trawler_s_trust.31820	ITEM	31820	31821,31822	9	false
cache-item-family.treasonous_ring.12605	ITEM	12605	12606,18282	9	false
cache-item-family.treasonous_ring_i.12692	ITEM	12692	18283,25256,25257,26766,27134	9	false
cache-item-family.treasure_flag.8970	ITEM	8970	16220	9	false
cache-item-family.tree_skirt.22717	ITEM	22717	22718	9	true
cache-item-family.tree_top.22715	ITEM	22715	22716	9	true
cache-item-family.tri_jester_hat.6860	ITEM	6860	18098	9	true
cache-item-family.tri_jester_scarf.6861	ITEM	6861	18099	9	true
cache-item-family.triangle_sandwich.6962	ITEM	6962	6968,18088	9	true
cache-item-family.tribal_mask.6335	ITEM	6335	6336,6337,6338,6339,6340,18732,18733,18734	9	false
cache-item-family.tribal_top.6341	ITEM	6341	6342,6351,6352,6361,6362,6371,6372,18735,18740,18745,18750	9	false
cache-item-family.trident_of_the_seas.11907	ITEM	11907	11905,11906,14013	9	false
cache-item-family.trident_of_the_seas_e.22288	ITEM	22288	22289	9	false
cache-item-family.trident_of_the_seas_e_o.33326	ITEM	33326	33327	9	false
cache-item-family.trident_of_the_seas_full_o.33323	ITEM	33323	33325	9	false
cache-item-family.trident_of_the_seas_o.33322	ITEM	33322		9	false
cache-item-family.trident_of_the_swamp.12899	ITEM	12899	14014	9	false
cache-item-family.trident_of_the_swamp_e.22292	ITEM	22292	22293	9	false
cache-item-family.trident_of_the_swamp_e_o.33318	ITEM	33318	33319	9	false
cache-item-family.trident_of_the_swamp_o.33314	ITEM	33314	33315	9	false
cache-item-family.troll_bone.7884	ITEM	7884	7886,17525,17527	9	false
cache-item-family.trollheim_teleport.11747	ITEM	11747	16164	9	false
cache-item-family.trollweiss.4086	ITEM	4086	16419	9	false
cache-item-family.trousers.5036	ITEM	5036	5037,5038,5039,5040,5041,18615,18616,18617	9	false
cache-item-family.trouver_parchment.24187	ITEM	24187	24188	14	false
cache-item-family.tumeken_s_shadow.27275	ITEM	27275	27276,27277,27278	9	false
cache-item-family.tuna_and_corn.7068	ITEM	7068	7069,19208	9	false
cache-item-family.tuna_potato.7060	ITEM	7060	7061,19204	9	false
cache-item-family.turquoise_boots.634	ITEM	634	635,14052	9	false
cache-item-family.turquoise_hat.664	ITEM	664	665,14067	9	false
cache-item-family.turquoise_robe_bottoms.654	ITEM	654	655,14062	9	false
cache-item-family.turquoise_robe_top.644	ITEM	644	645,14057	9	false
cache-item-family.turquoise_slayer_helmet.21888	ITEM	21888	21889	9	false
cache-item-family.turquoise_slayer_helmet_i.21890	ITEM	21890	21891,25187,25188,26679,27061	9	false
cache-item-family.twinflame_staff.30634	ITEM	30634	30635,30636	9	false
cache-item-family.twisted_bow.20997	ITEM	20997	20998,20999	9	false
cache-item-family.twisted_buckler.21000	ITEM	21000	21001,21002,33188,33189	9	false
cache-item-family.twitcher_s_gloves.28630	ITEM	28630	28631	9	false
cache-item-family.two_barrels.8861	ITEM	8861		9	false
cache-item-family.tyrannical_ring.12603	ITEM	12603	12604,18280	9	false
cache-item-family.tyrannical_ring_i.12691	ITEM	12691	18281,25254,25255,26765,27133	9	false
cache-item-family.tyras_helm.9629	ITEM	9629	9630,15195	9	false
cache-item-family.tzhaar_ket_em.6527	ITEM	6527	6539,18258	9	false
cache-item-family.tzhaar_ket_om.6528	ITEM	6528	6540,18259,23235,23236	9	false
cache-item-family.tzhaar_ket_om_ornament_kit.23232	ITEM	23232	23233,23234	14	false
cache-item-family.tzkal_slayer_helmet.25910	ITEM	25910	25911	9	false
cache-item-family.tzkal_slayer_helmet_i.25912	ITEM	25912	25913,25914,25915,26684,27066	9	false
cache-item-family.tztok_slayer_helmet.25898	ITEM	25898	25899	9	false
cache-item-family.tztok_slayer_helmet_i.25900	ITEM	25900	25901,25902,25903,26682,27064	9	false
cache-item-family.ugthanki_dung.4601	ITEM	4601	4602,16537,16538	18	false
cache-item-family.ugthanki_kebab.1883	ITEM	1883	1884,1885,1886,19127,19128	9	false
cache-item-family.ugthanki_meat.1861	ITEM	1861	1862,19117	9	false
cache-item-family.ugthanki_onion.1877	ITEM	1877	1878,19124	14	false
cache-item-family.ugthanki_tomato.1879	ITEM	1879	1880,19125	14	false
cache-item-family.ultimate_ironman_helm.12813	ITEM	12813	19284	9	true
cache-item-family.ultimate_ironman_platebody.12814	ITEM	12814	19285	9	true
cache-item-family.ultimate_ironman_platelegs.12815	ITEM	12815	19286	9	true
cache-item-family.ultor_ring.25485	ITEM	25485	28307,28308,28309,33182,33183	9	false
cache-item-family.ultracompost.21483	ITEM	21483	21484,21485	9	false
cache-item-family.umbral_coral.31487	ITEM	31487	31488,31489	14	false
cache-item-family.umbral_frag.31515	ITEM	31515	31516	14	false
cache-item-family.umbral_potion_unf.31668	ITEM	31668	31669,31670	9	false
cache-item-family.unblessed_symbol.1716	ITEM	1716	1717,16348	9	true
cache-item-family.uncharged_toxic_trident.12900	ITEM	12900	12901	9	false
cache-item-family.uncharged_toxic_trident_e.22294	ITEM	22294	22295	9	false
cache-item-family.uncharged_toxic_trident_e_o.33320	ITEM	33320		9	false
cache-item-family.uncharged_toxic_trident_o.33316	ITEM	33316		9	false
cache-item-family.uncharged_trident.11908	ITEM	11908	11909	9	false
cache-item-family.uncharged_trident_e.22290	ITEM	22290	22291	9	false
cache-item-family.uncharged_trident_e_o.33328	ITEM	33328		9	false
cache-item-family.uncharged_trident_o.33434	ITEM	33434		9	false
cache-item-family.unconscious_broav.29518	ITEM	29518		9	false
cache-item-family.uncooked_apple_pie.2317	ITEM	2317	2318,18922	14	true
cache-item-family.uncooked_berry_pie.2321	ITEM	2321	2322,18924	14	true
cache-item-family.uncooked_botanical_pie.19656	ITEM	19656	19657,19658	14	false
cache-item-family.uncooked_dragonfruit_pie.22789	ITEM	22789	22790,22791	14	false
cache-item-family.uncooked_egg.7076	ITEM	7076	7077,19212	14	false
cache-item-family.uncooked_meat_pie.2319	ITEM	2319	2320,18923	14	true
cache-item-family.uncooked_mushroom_pie.21684	ITEM	21684	21685,21686	14	false
cache-item-family.uncut_dragonstone.1631	ITEM	1631	1632,16321	9	false
cache-item-family.uncut_jade.1627	ITEM	1627	1628,16319	9	false
cache-item-family.uncut_onyx.6571	ITEM	6571	6572,18245	9	false
cache-item-family.uncut_opal.1625	ITEM	1625	1626,16318	9	false
cache-item-family.uncut_red_topaz.1629	ITEM	1629	1630,16320	9	false
cache-item-family.uncut_zenyte.19496	ITEM	19496	19497,19498	9	false
cache-item-family.undead_chicken.10487	ITEM	10487	17098	9	false
cache-item-family.unfinished_batta.2251	ITEM	2252	2251,2257,2258,2261,2262,2263,2264,2265,2266,2267,2268,2269,2270,2271,2272,2273,2274,2275,2276,2279,2280,9479,9481,9484,9486,18997,18999,19002,19004	18	false
cache-item-family.unfinished_bowl.2179	ITEM	2179	2180,2181,2182,2183,2184,2189,2190,2193,2194,9560,9562,9564,19008,19010,19012	9	false
cache-item-family.unfinished_broad_bolts.11876	ITEM	11876	14011	14	false
cache-item-family.unfinished_cocktail.2042	ITEM	2043	2042,2044,2045,2046,2047,2050,2051,2052,2053,2056,2057,2058,2059,2060,2061,2062,2063,2066,2067,2068,2069,2070,2071,2072,2073,2076,2077,2078,2079,2082,2083,2086,2087,2088,2089,2090,2091	18	false
cache-item-family.unfinished_crunchy.2207	ITEM	2208	2207,2211,2212,2215,2216,9578,9580,9582,9584,18963,18965,18967,18969	18	false
cache-item-family.unfinished_potion.3406	ITEM	3406	3407,4840,4841,19454,22408	9	false
cache-item-family.unfired_bowl.1791	ITEM	1791	1792,16303	14	true
cache-item-family.unfired_cup.28193	ITEM	28193	28194,28195	14	false
cache-item-family.unfired_pie_dish.1789	ITEM	1789	1790,16302	14	true
cache-item-family.unfired_plant_pot.5352	ITEM	5352	5353,13722	14	false
cache-item-family.unfired_pot.1787	ITEM	1787	1788,16301	14	true
cache-item-family.unfired_pot_lid.4438	ITEM	4438	4439,17698	14	false
cache-item-family.unholy_blessing.20223	ITEM	20223	20224,20225	9	false
cache-item-family.unholy_book.3842	ITEM	3842	14407,26498,26499,27191	9	false
cache-item-family.unholy_book_page_set.13151	ITEM	13151	13152,13965	14	false
cache-item-family.unholy_mould.1594	ITEM	1594	16364	9	false
cache-item-family.unholy_symbol.1724	ITEM	1724	3852,4683,16352	9	false
cache-item-family.unicorn_bone.7821	ITEM	7821	7823,17462,17464	9	false
cache-item-family.unicorn_horn.237	ITEM	237	238,1487,15249,17159	14	false
cache-item-family.unicorn_horn_dust.235	ITEM	235	236,15248	14	false
cache-item-family.unidentified_liquid.702	ITEM	702	16643	9	false
cache-item-family.unlit_bug_lantern.7051	ITEM	7051	7052,14045	9	false
cache-item-family.unlit_torch.596	ITEM	596	597,18885	14	false
cache-item-family.unpowered_orb.567	ITEM	567	568,13694	14	false
cache-item-family.unpowered_symbol.1722	ITEM	1722	1723,16351	9	false
cache-item-family.unstrung_comp_bow.4825	ITEM	4825	4826,16860	14	false
cache-item-family.unstrung_emblem.1720	ITEM	1720	1721,16350	14	false
cache-item-family.unstrung_heavy_ballista.19607	ITEM	19607	19608,19609	14	false
cache-item-family.unstrung_light_ballista.19604	ITEM	19604	19605,19606	14	false
cache-item-family.unstrung_symbol.1714	ITEM	1714	1715,16347	14	true
cache-item-family.uri_s_hat.23255	ITEM	23255	23256,23257	9	false
cache-item-family.urium_remains.25419	ITEM	25419	25420,25421	14	false
cache-item-family.ursine_chainmace.27660	ITEM	27660	27661	9	false
cache-item-family.ursine_chainmace_u.27657	ITEM	27657	27658,27659	9	false
cache-item-family.urt_salt.22597	ITEM	22597	22598	14	false
cache-item-family.v_s_shield.24265	ITEM	24265	24266,24267	9	false
cache-item-family.vacuum_pump.31371	ITEM	31371	31372	9	false
cache-item-family.vacuum_pump_and_gull.31373	ITEM	31373	31374	9	false
cache-item-family.vampyre_dust.3325	ITEM	3325	3326,18829	14	false
cache-item-family.vampyre_kraken_ink_sac.32837	ITEM	32837		9	false
cache-item-family.vampyre_kraken_tentacle.32818	ITEM	32818		9	false
cache-item-family.vampyric_slayer_helmet.25904	ITEM	25904	25905	9	false
cache-item-family.vampyric_slayer_helmet_i.25906	ITEM	25906	25907,25908,25909,26683,27065	9	false
cache-item-family.varlamorian_kebab.29900	ITEM	29900	29901,29902	9	false
cache-item-family.varrock_armour_1.13104	ITEM	13104	18642	9	false
cache-item-family.varrock_armour_2.13105	ITEM	13105	18643	9	false
cache-item-family.varrock_armour_3.13106	ITEM	13106	18644	9	false
cache-item-family.varrock_armour_4.13107	ITEM	13107	18645	9	false
cache-item-family.varrock_teleport.8007	ITEM	8007	14884	9	false
cache-item-family.veg_ball.2195	ITEM	2195	2196,9549,9550,18991,19029	9	false
cache-item-family.vegetable_batta.2281	ITEM	2281	2282,9533,9534,18984,19061	9	false
cache-item-family.veiled_kraken_ink_sac.33145	ITEM	33145		9	false
cache-item-family.veiled_kraken_tentacle.33144	ITEM	33144		9	false
cache-item-family.venator_bow.27610	ITEM	27610	27611,27612,27613,30434,30435,30436,31133	15	false
cache-item-family.venator_fang.33661	ITEM	33661	33662	14	false
cache-item-family.venator_ring.25487	ITEM	25487	28310,28311,28312	9	false
cache-item-family.venator_shard.27614	ITEM	27614	27615	14	false
cache-item-family.venator_tooth.33663	ITEM	33663	33664	14	false
cache-item-family.verac_s_armour_set.12875	ITEM	12875	12876,13909	14	false
cache-item-family.verac_s_brassard.4757	ITEM	4757	4758,4988,4989,4990,4991,4992,4993,15719,15720,27190	9	false
cache-item-family.verac_s_flail.4755	ITEM	4755	4756,4982,4983,4984,4985,4986,4987,15717,15718,27189	9	false
cache-item-family.verac_s_helm.4753	ITEM	4753	4754,4976,4977,4978,4979,4980,4981,15715,15716,23636	9	false
cache-item-family.verac_s_plateskirt.4759	ITEM	4759	4760,4994,4995,4996,4997,4998,4999,15721,15722,23635	9	false
cache-item-family.very_long_rope.28363	ITEM	28363		9	false
cache-item-family.vesta_s_blighted_longsword.24617	ITEM	24617	24618	9	false
cache-item-family.vesta_s_chainbody.22616	ITEM	22616	22617,22618	9	false
cache-item-family.vesta_s_chainbody_bh.27831	ITEM	27831	27924,27925,27926	9	false
cache-item-family.vesta_s_longsword.22613	ITEM	22613	22614,22615,23615,23616,24619,24620	9	false
cache-item-family.vesta_s_longsword_bh.27904	ITEM	27904	27905,27906,27907	9	false
cache-item-family.vesta_s_plateskirt.22619	ITEM	22619	22620,22621	9	false
cache-item-family.vesta_s_plateskirt_bh.27832	ITEM	27832	27927,27928,27929	9	false
cache-item-family.vesta_s_spear.22610	ITEM	22610	22611,22612	9	false
cache-item-family.vesta_s_spear_bh.27900	ITEM	27900	27901,27902,27903	9	false
cache-item-family.vial.229	ITEM	229	230,2389,2390,15245,23839,23879,33699,33700	14	false
cache-item-family.vial_of_blood.22405	ITEM	22405	22446,22447,22448,33775	9	false
cache-item-family.vial_of_water.227	ITEM	227	228,9086,15244,16713,33774	9	false
cache-item-family.victor_s_cape_1.24207	ITEM	24207	24208	9	true
cache-item-family.victor_s_cape_10.24209	ITEM	24209	24210	9	true
cache-item-family.victor_s_cape_100.24213	ITEM	24213	24214	9	true
cache-item-family.victor_s_cape_1000.24520	ITEM	24520	24521	9	true
cache-item-family.victor_s_cape_50.24211	ITEM	24211	24212	9	true
cache-item-family.victor_s_cape_500.24215	ITEM	24215	24216	9	true
cache-item-family.viggora_s_chainmace.22545	ITEM	22545	22546	9	false
cache-item-family.viggora_s_chainmace_u.22542	ITEM	22542	22543,22544	9	false
cache-item-family.vile_ashes.25769	ITEM	25769	25770,25771	9	true
cache-item-family.villager_armband.6347	ITEM	6347	6348,6359,6360,6369,6370,6379,6380,18738,18744,18749,18754	9	false
cache-item-family.villager_hat.6345	ITEM	6345	6346,6355,6356,6365,6366,6375,6376,18737,18742,18747,18752	9	false
cache-item-family.villager_robe.6343	ITEM	6343	6344,6353,6354,6363,6364,6373,6374,18736,18741,18746,18751	9	false
cache-item-family.villager_sandals.6349	ITEM	6349	6350,6357,6358,6367,6368,6377,6378,18739,18743,18748,18753	9	false
cache-item-family.vine_seed.6456	ITEM	6456		9	false
cache-item-family.virtus_armour_set.31148	ITEM	31148	31149,31150	14	false
cache-item-family.virtus_mask.26241	ITEM	26241	26242,27896,30437,30438	15	false
cache-item-family.virtus_robe_bottom.26245	ITEM	26245	26246,27895,30441,30442,33198,33199	15	false
cache-item-family.virtus_robe_top.26243	ITEM	26243	26244,27894,30439,30440,33196,33197	15	false
cache-item-family.vodka.2015	ITEM	2015	2016,19078	9	false
cache-item-family.void_knight_gloves.8842	ITEM	8842	15741,24182,26467,26468,27002	9	false
cache-item-family.void_knight_mace.8841	ITEM	8841	15740,24181	9	false
cache-item-family.void_knight_robe.8840	ITEM	8840	15738,24179,26465,26466,27001	9	false
cache-item-family.void_knight_top.8839	ITEM	8839	15736,24177,26463,26464,27000	9	false
cache-item-family.void_mage_helm.11663	ITEM	11663	15742,24183,26473,26474,27005	9	false
cache-item-family.void_melee_helm.11665	ITEM	11665	15744,24185,26477,26478,27007	9	false
cache-item-family.void_ranger_helm.11664	ITEM	11664	15743,24184,26475,26476,27006	9	false
cache-item-family.void_seal_8.11666	ITEM	11666	11667,11668,11669,11670,11671,11672,11673,15745,21442	13	false
cache-item-family.voidwaker.27690	ITEM	27690	27691,27692,27869	9	false
cache-item-family.voidwaker_blade.27684	ITEM	27684	27685,27686	14	false
cache-item-family.voidwaker_gem.27687	ITEM	27687	27688,27689	14	false
cache-item-family.voidwaker_hilt.27681	ITEM	27681	27682,27683	14	false
cache-item-family.volatile_nightmare_staff.24424	ITEM	24424	24509,25517	9	false
cache-item-family.volatile_orb.24514	ITEM	24514	24515,24516	14	false
cache-item-family.volcanic_abyssal_whip.12773	ITEM	12773	15078	9	false
cache-item-family.volcanic_ash.21622	ITEM	21622	21623	14	false
cache-item-family.volcanic_mine_teleport.21541	ITEM	21541	21542	9	false
cache-item-family.volcanic_whip_mix.12771	ITEM	12771	12772,15077	14	false
cache-item-family.vulnerability_charm.30685	ITEM	30685	30686,30687	14	false
cache-item-family.vyre_noble_blazer.24794	ITEM	24794	24795,24810,24811,24826,24827	9	false
cache-item-family.vyre_noble_coat_tails.24796	ITEM	24796	24797,24812,24813,24828,24829	9	false
cache-item-family.vyre_noble_corset.24802	ITEM	24802	24803,24818,24819,24834,24835	9	false
cache-item-family.vyre_noble_dress_bottom.24808	ITEM	24808	24809,24824,24825,24840,24841	9	false
cache-item-family.vyre_noble_dress_top.24806	ITEM	24806	24807,24822,24823,24838,24839	9	false
cache-item-family.vyre_noble_legs.24678	ITEM	24678	24679	9	false
cache-item-family.vyre_noble_pants.24800	ITEM	24800	24801,24816,24817,24832,24833	9	false
cache-item-family.vyre_noble_shoes.24680	ITEM	24680	24681	9	false
cache-item-family.vyre_noble_skirt.24804	ITEM	24804	24805,24820,24821,24836,24837	9	false
cache-item-family.vyre_noble_top.24676	ITEM	24676	24677	9	false
cache-item-family.vyre_noble_vest.24798	ITEM	24798	24799,24814,24815,24830,24831	9	false
cache-item-family.vyrewatch_legs.9636	ITEM	9636	9637,16669	9	false
cache-item-family.vyrewatch_shoes.9638	ITEM	9638	9639,16670	9	false
cache-item-family.vyrewatch_top.9634	ITEM	9634	9635,16668	9	false
cache-item-family.war_blessing.20232	ITEM	20232	20233,20234	9	false
cache-item-family.ward_upgrade_kit.12802	ITEM	12802	12803,15096	14	false
cache-item-family.warhammer.1415	ITEM	1416	1415,14630	18	true
cache-item-family.warm_gloves.20712	ITEM	20712	20713	9	false
cache-item-family.warped_sceptre.28585	ITEM	28585	28583,28584,28586	9	false
cache-item-family.warrior_helm.3753	ITEM	3753	3754,16756,20571	9	false
cache-item-family.warrior_icon.28301	ITEM	28301	28302,28303	14	false
cache-item-family.warrior_ring.6735	ITEM	6735	6736,18396	9	false
cache-item-family.warrior_ring_i.11772	ITEM	11772	18397,25262,25263,26769,27137	9	false
cache-item-family.watchtower_teleport.8012	ITEM	8012	14889	9	false
cache-item-family.water_battlestaff.1395	ITEM	1395	1396,14684	9	false
cache-item-family.water_container.22094	ITEM	22094	27295	9	false
cache-item-family.water_filled_gourd_vial.20801	ITEM	20801		9	false
cache-item-family.water_orb.571	ITEM	571	572,13696	14	false
cache-item-family.water_talisman.1444	ITEM	1444	1445,19230	9	true
cache-item-family.water_tiara.5531	ITEM	5531	5532,19251	9	true
cache-item-family.waterbirth_teleport.24953	ITEM	24953	24954	9	false
cache-item-family.watering_can.5331	ITEM	5331	5332,5333,5334,5335,5336,5337,5338,5339,5340,6797,13878	11	false
cache-item-family.watermelon.5982	ITEM	5982	5983,13856	9	false
cache-item-family.watermelon_seed.5321	ITEM	5321	13799	9	false
cache-item-family.watermelon_slice.5984	ITEM	5984	5985,13857	9	false
cache-item-family.waterskin.1823	ITEM	1823	1824,1825,1826,1827,1828,1829,1830,1831,1832,17204	14	false
cache-item-family.watson_teleport.23387	ITEM	23387	23388	9	false
cache-item-family.waxwood_log.24938	ITEM	24938		9	false
cache-item-family.waxwood_plank.24939	ITEM	24939		9	false
cache-item-family.weapon_poison.187	ITEM	187	188,1465,15267	18	false
cache-item-family.weapon_poison.5937	ITEM	5937	5938,15235	9	false
cache-item-family.weapon_poison.5940	ITEM	5940	5941,15236	9	false
cache-item-family.weapon_poison_unf.5936	ITEM	5936	19301	9	false
cache-item-family.weapon_poison_unf.5939	ITEM	5939	19302	9	false
cache-item-family.webweaver_bow.27655	ITEM	27655	27656	9	false
cache-item-family.webweaver_bow_u.27652	ITEM	27652	27653,27654	9	false
cache-item-family.weeds.6055	ITEM	6055	6056,13822	14	false
cache-item-family.weird_gloop.9593	ITEM	9593	17445	9	false
cache-item-family.werewolf_bone.7866	ITEM	7866	7868,17507,17509	9	false
cache-item-family.west_ardougne_teleport.19623	ITEM	19623	19624	9	false
cache-item-family.western_banner_1.13141	ITEM	13141	18679	9	false
cache-item-family.western_banner_2.13142	ITEM	13142	18680	9	false
cache-item-family.western_banner_3.13143	ITEM	13143	18681	9	false
cache-item-family.western_banner_4.13144	ITEM	13144	18682	9	false
cache-item-family.whirlpool_surprise.31811	ITEM	31811	31812,31813	9	false
cache-item-family.whisky.2017	ITEM	2017	2018,19079	9	false
cache-item-family.white_2h_sword.6609	ITEM	6609	6610,14319	9	false
cache-item-family.white_apron.1005	ITEM	1005	1006,7957,14370	18	true
cache-item-family.white_battleaxe.6589	ITEM	6589	6590,14309	9	false
cache-item-family.white_bead.1476	ITEM	1476	1477,17678	14	true
cache-item-family.white_beret.2637	ITEM	2637	2638,15782	9	false
cache-item-family.white_berries.239	ITEM	239	240,15250	14	false
cache-item-family.white_boater.12313	ITEM	12313	12314,15897	9	false
cache-item-family.white_boots.6619	ITEM	6619	6620,14331	9	false
cache-item-family.white_candy.24982	ITEM	24982	25120	9	false
cache-item-family.white_cavalier.12321	ITEM	12321	12322,15901	9	false
cache-item-family.white_chainbody.6615	ITEM	6615	6616,14329	9	false
cache-item-family.white_claws.6587	ITEM	6587	6588,14308	9	false
cache-item-family.white_dagger.6591	ITEM	6591	6592,6593,6594,6595,6596,6597,6598,14310,14311,14312,14313	9	false
cache-item-family.white_dark_bow_paint.12763	ITEM	12763	12764,15071	14	false
cache-item-family.white_elegant_blouse.10420	ITEM	10420	10421,16120	9	false
cache-item-family.white_elegant_skirt.10422	ITEM	10422	10423,16121	9	false
cache-item-family.white_firelighter.10327	ITEM	10327	16076	14	false
cache-item-family.white_flowers.2474	ITEM	2474	2475,16987	9	false
cache-item-family.white_full_helm.6623	ITEM	6623	6624,14333	9	false
cache-item-family.white_gloves.6629	ITEM	6629	6630,14336	9	false
cache-item-family.white_goblin_mail.26567	ITEM	26567	26568	9	true
cache-item-family.white_halberd.6599	ITEM	6599	6600,14314	9	false
cache-item-family.white_headband.12299	ITEM	12299	12300,15890	9	false
cache-item-family.white_kiteshield.6633	ITEM	6633	6634,14338	9	false
cache-item-family.white_lily.22932	ITEM	22932	22933,22934	14	false
cache-item-family.white_lily_seed.22887	ITEM	22887	22888	9	false
cache-item-family.white_logs.10328	ITEM	10328	16077	9	false
cache-item-family.white_longsword.6607	ITEM	6607	6608,14318	9	false
cache-item-family.white_mace.6601	ITEM	6601	6602,14315	9	false
cache-item-family.white_magic_staff.6603	ITEM	6603	6604,14316	9	false
cache-item-family.white_med_helm.6621	ITEM	6621	6622,14332	9	false
cache-item-family.white_pearl.4485	ITEM	4485	17734	9	false
cache-item-family.white_pearl_seed.4486	ITEM	4486	17735	9	false
cache-item-family.white_platebody.6617	ITEM	6617	6618,14330	9	false
cache-item-family.white_platelegs.6625	ITEM	6625	6626,14334	9	false
cache-item-family.white_plateskirt.6627	ITEM	6627	6628,14335	9	false
cache-item-family.white_rose_seed.6453	ITEM	6453		9	false
cache-item-family.white_scimitar.6611	ITEM	6611	6612,14320	9	false
cache-item-family.white_sq_shield.6631	ITEM	6631	6632,14337	9	false
cache-item-family.white_sword.6605	ITEM	6605	6606,14317	9	false
cache-item-family.white_toy_horsey.2522	ITEM	2522	2523,14305	14	true
cache-item-family.white_tree_fruit.6469	ITEM	6469	17757	9	false
cache-item-family.white_unicorn_mask.20269	ITEM	20269	20270,20271	9	false
cache-item-family.white_warhammer.6613	ITEM	6613	6614,14321	9	false
cache-item-family.whiteberry_seed.5105	ITEM	5105	13814	9	false
cache-item-family.wild_pie.7208	ITEM	7208	7209,19188	9	false
cache-item-family.wildblood_hops.6002	ITEM	6002	6003,13866	14	false
cache-item-family.wildblood_seed.5311	ITEM	5311	13809	9	false
cache-item-family.wilderness_cape.21428	ITEM	21428	21429,21430,21431,21432,21434,21435,21436,21437,21438	9	true
cache-item-family.wilderness_champion_amulet.21433	ITEM	21433		9	true
cache-item-family.wilderness_crabs_teleport.24251	ITEM	24251	24252	9	false
cache-item-family.wilderness_sword_1.13108	ITEM	13108	18646	9	false
cache-item-family.wilderness_sword_2.13109	ITEM	13109	18647	9	false
cache-item-family.wilderness_sword_3.13110	ITEM	13110	18648	9	false
cache-item-family.wilderness_sword_4.13111	ITEM	13111	18649	9	false
cache-item-family.willow_bird_house.21518	ITEM	21518	21519,21520	14	false
cache-item-family.willow_blackjack.4600	ITEM	4600	4612,16536	9	false
cache-item-family.willow_blackjack_d.6414	ITEM	6414	6415,16445	9	false
cache-item-family.willow_blackjack_o.6412	ITEM	6412	6413,16444	9	false
cache-item-family.willow_branch.5933	ITEM	5933	5934,16253	14	false
cache-item-family.willow_comp_bow.10280	ITEM	10280	10281,16052	9	true
cache-item-family.willow_leaves.6024	ITEM	6024	13755	14	false
cache-item-family.willow_logs.1519	ITEM	1519	1520,13985	9	true
cache-item-family.willow_longbow_u.58	ITEM	58	59,18235	14	false
cache-item-family.willow_pyre_logs.3442	ITEM	3442	3443,17609	9	false
cache-item-family.willow_roots.6045	ITEM	6045	6046,13817	14	false
cache-item-family.willow_sapling.5371	ITEM	5371	12942,13737	14	false
cache-item-family.willow_seed.5313	ITEM	5313	13760	9	false
cache-item-family.willow_seedling.5359	ITEM	5359	13725	9	false
cache-item-family.willow_seedling_w.5365	ITEM	5365	13731	9	false
cache-item-family.willow_shield.22254	ITEM	22254	22255,22256	9	false
cache-item-family.willow_shortbow_u.60	ITEM	60	61,18236	14	false
cache-item-family.willow_stock.9444	ITEM	9444	9445,15163	14	false
cache-item-family.windswept_logs.11035	ITEM	11035	17133	9	false
cache-item-family.wine_of_zamorak.245	ITEM	245	246,15253,23489	14	true
cache-item-family.winter_sq_irkjuice.10851	ITEM	10851	16198	9	false
cache-item-family.witchwood_icon.8923	ITEM	8923	18760	9	false
cache-item-family.wizard_blizzard.2054	ITEM	2054	2055,9508,9509,18972,19072	9	false
cache-item-family.wizard_boots.2579	ITEM	2579	2580,15757,27162	9	false
cache-item-family.wizard_hat.1017	ITEM	1017	1018,14376	9	true
cache-item-family.wizard_s_mind_bomb.1907	ITEM	1907	1908,19149	9	true
cache-item-family.woad_leaf.1793	ITEM	1793	5738,16304	14	true
cache-item-family.woad_seed.5099	ITEM	5099	13786	9	false
cache-item-family.wolf_bone.7830	ITEM	7830	7832,17471,17473	9	false
cache-item-family.wolf_bonemeal.4262	ITEM	4262	17798	9	false
cache-item-family.wolf_bones.2859	ITEM	2859	2860,17947	9	false
cache-item-family.wolf_cloak.23410	ITEM	23410	23411,23412	9	true
cache-item-family.wolf_mask.23407	ITEM	23407	23408,23409,29930,29936,29937	9	false
cache-item-family.wolf_whistle.10896	ITEM	10896	16380	9	false
cache-item-family.wolfbane.2952	ITEM	2952	16502	9	false
cache-item-family.wolfbone_arrowtips.2861	ITEM	2861	17948	9	false
cache-item-family.wood_camo_legs.10055	ITEM	10055	10056,15375,28842,28844	9	false
cache-item-family.wood_camo_top.10053	ITEM	10053	10054,15374,28839,28841	9	false
cache-item-family.wood_dining_table.8115	ITEM	8548	8115,8549,14967	14	false
cache-item-family.woodcut_cape.9808	ITEM	9808	14271	9	false
cache-item-family.woodcutting_cape.9807	ITEM	9807	14270	9	false
cache-item-family.woodcutting_hood.9809	ITEM	9809	14272	9	false
cache-item-family.wooden_bed.8031	ITEM	8576	8031,8577,14981,24918,24922	14	false
cache-item-family.wooden_bench.8108	ITEM	8562	8108,8563,14974	14	false
cache-item-family.wooden_cat.10891	ITEM	10891	10892,16376	14	false
cache-item-family.wooden_chair.8310	ITEM	8498	8310,8499,14949,20605,24930	14	false
cache-item-family.wooden_hull_parts.32041	ITEM	32041	32042,32043	14	false
cache-item-family.wooden_spoon.7433	ITEM	7433	7434,14350	9	false
cache-item-family.wooden_stock.9440	ITEM	9440	9441,15161	14	false
cache-item-family.wooden_sword.7675	ITEM	7675		9	false
cache-item-family.wool.1737	ITEM	1737	1738,16273	9	true
cache-item-family.woolly_hat.6862	ITEM	6862	18100	9	true
cache-item-family.woolly_scarf.6863	ITEM	6863	18101	9	true
cache-item-family.worm_batta.2253	ITEM	2253	2254,9531,9532,18983,19057	9	false
cache-item-family.worm_crunchies.2205	ITEM	2205	2206,9542,9543,18988,19053	9	false
cache-item-family.worm_hole.2191	ITEM	2191	2192,9547,9548,18990,19028	9	false
cache-item-family.woven_top.5024	ITEM	5024	5025,5026,5027,5028,5029,18609,18610,18611	9	false
cache-item-family.wrapped_oomlie.2341	ITEM	2341	2342,18959	14	false
cache-item-family.wrath_rune.21880	ITEM	21880	21881,22208	14	false
cache-item-family.wrath_talisman.22118	ITEM	22118	22119,22120	9	false
cache-item-family.wrath_tiara.22121	ITEM	22121	22122,22123	9	false
cache-item-family.wrench.6713	ITEM	6713	16388	9	false
cache-item-family.wyrm_bonemeal.22754	ITEM	22754	22755	9	false
cache-item-family.wyrm_bones.22780	ITEM	22780	22781,22782	9	false
cache-item-family.wyrmling_bones.28899	ITEM	28899	28900,28901	9	false
cache-item-family.wyvern_bonemeal.6810	ITEM	6810	17814	9	false
cache-item-family.wyvern_bones.6812	ITEM	6812	6816,19274	9	false
cache-item-family.wyvern_visage.21637	ITEM	21637	21638,21639	14	false
cache-item-family.xeric_s_champion.22396	ITEM	22396	22397	9	false
cache-item-family.xeric_s_general.22394	ITEM	22394	22395	9	false
cache-item-family.xeric_s_guard.22388	ITEM	22388	22389	9	false
cache-item-family.xeric_s_sentinel.22392	ITEM	22392	22393	9	false
cache-item-family.xeric_s_talisman.13393	ITEM	13393	18465	9	false
cache-item-family.xeric_s_talisman_inert.13392	ITEM	13392		9	false
cache-item-family.xeric_s_warrior.22390	ITEM	22390	22391	9	false
cache-item-family.xerician_fabric.13383	ITEM	13383	13384,18460	14	false
cache-item-family.xerician_hat.13385	ITEM	13385	13386,18461	9	false
cache-item-family.xerician_robe.13389	ITEM	13389	13390,18463	9	false
cache-item-family.xerician_top.13387	ITEM	13387	13388,18462	9	false
cache-item-family.xochipaltic_ros.29969	ITEM	29969	29970	9	false
cache-item-family.yak_hide.10818	ITEM	10818	10819,17663	9	false
cache-item-family.yak_hide_armour.10822	ITEM	10822	10823,10824,10825,17665,17666	9	false
cache-item-family.yanille_teleport.11746	ITEM	11746	16163	9	false
cache-item-family.yanillian_hops.5998	ITEM	5998	5999,13864	14	false
cache-item-family.yanillian_seed.5309	ITEM	5309	13807	9	false
cache-item-family.yellow_bead.1472	ITEM	1472	1473,17676	14	true
cache-item-family.yellow_boots.2914	ITEM	2914	2915,18840	9	true
cache-item-family.yellow_cape.1023	ITEM	1023	1024,14379	9	true
cache-item-family.yellow_dark_bow_paint.12761	ITEM	12761	12762,15070	14	false
cache-item-family.yellow_dye.1765	ITEM	1765	1766,16290	14	true
cache-item-family.yellow_feather.10090	ITEM	10090	15387	9	false
cache-item-family.yellow_fin.32360	ITEM	32360	32361	14	false
cache-item-family.yellow_flowers.2466	ITEM	2466	2467,16983	9	false
cache-item-family.yellow_gloves.2922	ITEM	2922	2923,18844	9	true
cache-item-family.yellow_goblin_mail.9056	ITEM	9056	16424	9	true
cache-item-family.yellow_hat.2920	ITEM	2920	2921,18843	9	false
cache-item-family.yellow_robe_bottoms.2918	ITEM	2918	2919,18842	9	false
cache-item-family.yellow_robe_top.2916	ITEM	2916	2917,18841	9	false
cache-item-family.yellowfin.32328	ITEM	32328	32329,32330	9	false
cache-item-family.yew_bird_house.22198	ITEM	22198	22199,22200	14	false
cache-item-family.yew_comp_bow.10282	ITEM	10282	10283,16053	9	false
cache-item-family.yew_leaves.6026	ITEM	6026	13756	14	false
cache-item-family.yew_logs.1515	ITEM	1515	1516,13983	9	true
cache-item-family.yew_longbow.855	ITEM	855	856,14567	9	false
cache-item-family.yew_longbow_u.66	ITEM	66	67,18239	14	false
cache-item-family.yew_pyre_logs.3446	ITEM	3446	3447,17614	9	false
cache-item-family.yew_roots.6049	ITEM	6049	6050,13819	14	false
cache-item-family.yew_sapling.5373	ITEM	5373	12944,13739	14	false
cache-item-family.yew_seed.5315	ITEM	5315	13762	9	false
cache-item-family.yew_seedling.5361	ITEM	5361	13727	9	false
cache-item-family.yew_seedling_w.5367	ITEM	5367	13733	9	false
cache-item-family.yew_shield.22260	ITEM	22260	22261,22262	9	false
cache-item-family.yew_shortbow.857	ITEM	857	858,14568,20401	9	false
cache-item-family.yew_shortbow_u.68	ITEM	68	69,18240	14	false
cache-item-family.yew_stock.9452	ITEM	9452	9453,15167	14	false
cache-item-family.yin_yang_amulet.7803	ITEM	7803	15347	9	true
cache-item-family.yommi_tree_seeds.735	ITEM	735	736,16803,16804	9	false
cache-item-family.young_impling_jar.11240	ITEM	11240	11241,15665	14	false
cache-item-family.zadimus_corpse.610	ITEM	610	18021	9	false
cache-item-family.zalcano_shard.23908	ITEM	23908	23909,23910	14	false
cache-item-family.zamorak_armour_set_lg.13044	ITEM	13044	13045,13952	14	true
cache-item-family.zamorak_armour_set_sk.13046	ITEM	13046	13047,13953	14	true
cache-item-family.zamorak_banner.4039	ITEM	4039	4040,11892,15644	9	true
cache-item-family.zamorak_bracers.10368	ITEM	10368	10369,16094	9	false
cache-item-family.zamorak_brew.193	ITEM	193	189,190,191,192,194,2450,2451,15268,19353,19354,19355	9	false
cache-item-family.zamorak_cape.2414	ITEM	2414	15617	9	false
cache-item-family.zamorak_chaps.10372	ITEM	10372	10373,16096,27181	9	false
cache-item-family.zamorak_cloak.4042	ITEM	4042	10450,10451,16135	9	false
cache-item-family.zamorak_coif.10374	ITEM	10374	10375,16097	9	false
cache-item-family.zamorak_crozier.10444	ITEM	10444	10445,16132	9	false
cache-item-family.zamorak_d_hide_body.10370	ITEM	10370	10371,16095	9	false
cache-item-family.zamorak_d_hide_boots.19936	ITEM	19936	19937,19938	9	false
cache-item-family.zamorak_d_hide_shield.23194	ITEM	23194	23195,23196	9	false
cache-item-family.zamorak_dragonhide_set.13161	ITEM	13161	13162,13970	9	false
cache-item-family.zamorak_full_helm.2657	ITEM	2657	2658,15803	9	true
cache-item-family.zamorak_godsword.11808	ITEM	11808	11809,18345,20374,20375	9	false
cache-item-family.zamorak_godsword_ornament_kit.20077	ITEM	20077	20078,20079	14	false
cache-item-family.zamorak_halo.12638	ITEM	12638	15655,24170,27164	9	false
cache-item-family.zamorak_hilt.11816	ITEM	11816	11817,18349	14	false
cache-item-family.zamorak_kiteshield.2659	ITEM	2659	2660,15804	9	true
cache-item-family.zamorak_max_cape.13333	ITEM	13333	14287	9	false
cache-item-family.zamorak_max_hood.13334	ITEM	13334	14288	9	false
cache-item-family.zamorak_mitre.10456	ITEM	10456	10457,16138	9	false
cache-item-family.zamorak_mix.11523	ITEM	11523	11521,11522,11524,15520,19417	9	false
cache-item-family.zamorak_mjolnir.6764	ITEM	6764	6765,16513	9	false
cache-item-family.zamorak_monk_bottom.1033	ITEM	1033	1034,14384	9	true
cache-item-family.zamorak_monk_top.1035	ITEM	1035	1036,14385	9	true
cache-item-family.zamorak_page_1.3831	ITEM	3831	14420	14	false
cache-item-family.zamorak_page_2.3832	ITEM	3832	14421	14	false
cache-item-family.zamorak_page_3.3833	ITEM	3833	14422	14	false
cache-item-family.zamorak_page_4.3834	ITEM	3834	14423	14	false
cache-item-family.zamorak_platebody.2653	ITEM	2653	2654,15800	9	true
cache-item-family.zamorak_platelegs.2655	ITEM	2655	2656,15801	9	true
cache-item-family.zamorak_plateskirt.3478	ITEM	3478	3674,15802	9	true
cache-item-family.zamorak_robe_legs.10468	ITEM	10468	10469,16144	9	false
cache-item-family.zamorak_robe_top.10460	ITEM	10460	10461,16140	9	false
cache-item-family.zamorak_s_grapes.20749	ITEM	20749	20750,20751	14	false
cache-item-family.zamorak_staff.2417	ITEM	2417	15620	9	false
cache-item-family.zamorak_stole.10474	ITEM	10474	10475,16147	9	false
cache-item-family.zamorakian_hasta.11889	ITEM	11889	11890,18351	9	false
cache-item-family.zamorakian_spear.11824	ITEM	11824	11825,18350	9	false
cache-item-family.zaryte_crossbow.26374	ITEM	26374	26375,26405,27186	9	false
cache-item-family.zaryte_vambraces.26235	ITEM	26235	26236,26403	9	false
cache-item-family.zealot_s_boots.25440	ITEM	25440	25441	9	false
cache-item-family.zealot_s_helm.25438	ITEM	25438	25439	9	false
cache-item-family.zealot_s_robe_bottom.25436	ITEM	25436	25437	9	false
cache-item-family.zealot_s_robe_top.25434	ITEM	25434	25435	9	false
cache-item-family.zenyte.19493	ITEM	19493	19494,19495	14	false
cache-item-family.zenyte_amulet.19541	ITEM	19541	19542,19543	9	false
cache-item-family.zenyte_amulet_u.19501	ITEM	19501	19502,19503	14	false
cache-item-family.zenyte_bracelet.19492	ITEM	19492	19532,19533,19534	9	false
cache-item-family.zenyte_necklace.19535	ITEM	19535	19536,19537	9	false
cache-item-family.zenyte_ring.19538	ITEM	19538	19539,19540	9	false
cache-item-family.zenyte_shard.19529	ITEM	19529	19530,19531	14	false
cache-item-family.zogre_bone.7848	ITEM	7848	7850,17489,17491	9	false
cache-item-family.zogre_bonemeal.4852	ITEM	4852	17808	9	false
cache-item-family.zogre_bones.4812	ITEM	4812	4813,16848	9	false
cache-item-family.zombie_axe.28810	ITEM	28810	28811,28812	9	false
cache-item-family.zombie_bone.7863	ITEM	7863	7865,17504,17506	9	false
cache-item-family.zombie_boots.7596	ITEM	7596	18071	9	true
cache-item-family.zombie_gloves.7595	ITEM	7595	18070	9	true
cache-item-family.zombie_helmet.30321	ITEM	30321	30322,30323	9	false
cache-item-family.zombie_mask.7594	ITEM	7594	18069	9	true
cache-item-family.zombie_monkey.24863	ITEM	24863		9	false
cache-item-family.zombie_pirate_key.29449	ITEM	29449	29450	14	false
cache-item-family.zombie_shirt.7592	ITEM	7592	18067	9	true
cache-item-family.zombie_trousers.7593	ITEM	7593	18068	9	true
cache-item-family.zul_andra_teleport.12938	ITEM	12938	15326	9	false
cache-item-family.zulrah_s_scales.12934	ITEM	12934	15323	14	false
cache-item-family.zuriel_s_hood.22650	ITEM	22650	22651,22652	9	false
cache-item-family.zuriel_s_hood_bh.27839	ITEM	27839	27948,27949,27950	9	false
cache-item-family.zuriel_s_robe_bottom.22656	ITEM	22656	22657,22658	9	false
cache-item-family.zuriel_s_robe_bottom_bh.27841	ITEM	27841	27954,27955,27956	9	false
cache-item-family.zuriel_s_robe_top.22653	ITEM	22653	22654,22655	9	false
cache-item-family.zuriel_s_robe_top_bh.27840	ITEM	27840	27951,27952,27953	9	false
cache-item-family.zuriel_s_staff.22647	ITEM	22647	22648,22649,23617,23618	9	false
cache-item-family.zuriel_s_staff_bh.27920	ITEM	27920	27921,27922,27923	9	false
cache-npc-family.a_abla.3341	NPC	3341		11	false
cache-npc-family.a_corpse.15165	NPC	15165		9	false
cache-npc-family.a_doubt.3477	NPC	3477		9	false
cache-npc-family.aberrant_spectre.2	NPC	2	3,4,5,6,7	9	false
cache-npc-family.abhorrent_spectre.7402	NPC	7402		9	false
cache-npc-family.abomination.8262	NPC	8262		9	false
cache-npc-family.abyssal_antibody.12372	NPC	12372		9	false
cache-npc-family.abyssal_demon.415	NPC	415	416,7241,11239	9	false
cache-npc-family.abyssal_guardian.2585	NPC	2585		9	false
cache-npc-family.abyssal_leech.2584	NPC	2584	12366,12391,12393	10	false
cache-npc-family.abyssal_sire.5886	NPC	5886	5887,5888,5889,5890,5891,5908	9	false
cache-npc-family.abyssal_walker.2586	NPC	2586	12392,12394	10	false
cache-npc-family.achtryn.13621	NPC	13621		11	false
cache-npc-family.acidic_araxyte.13675	NPC	13675		9	false
cache-npc-family.acidic_bloodveld.9573	NPC	9573	16143	9	false
cache-npc-family.adala.13824	NPC	13824	13820,13821,13822,13823	17	false
cache-npc-family.adamant_dragon.8030	NPC	8030	8090	9	false
cache-npc-family.adventurer_ada.15263	NPC	15263	15262,15265	17	false
cache-npc-family.adventurer_jon.9244	NPC	9244	293	17	false
cache-npc-family.advisor_ghrim.5448	NPC	5448	5447	17	false
cache-npc-family.aemad.8682	NPC	8682		11	false
cache-npc-family.afflicted.1293	NPC	1293	1294,1297,1298	10	false
cache-npc-family.agelus.13339	NPC	13339		11	false
cache-npc-family.aggie.121	NPC	121	120	17	false
cache-npc-family.agile_scarab.11727	NPC	11727		9	false
cache-npc-family.agile_warrior.13483	NPC	13483		9	false
cache-npc-family.agmundi.2366	NPC	2366		11	false
cache-npc-family.agnar.3937	NPC	3937		11	false
cache-npc-family.agrith_na_na.4880	NPC	4880	6308,6369	13	false
cache-npc-family.agrith_naar.911	NPC	911	6327,6388	13	false
cache-npc-family.ahrim_the_blighted.1672	NPC	1672		9	false
cache-npc-family.air_elemental.1369	NPC	1369		9	false
cache-npc-family.air_wizard.1559	NPC	1559		9	false
cache-npc-family.ajjat.2460	NPC	2460		11	false
cache-npc-family.ak_haranu.2989	NPC	2989		11	false
cache-npc-family.akkha.11789	NPC	11789	11790,11791,11792,11793,11794,11795,11796,12126	9	false
cache-npc-family.akkha_s_shadow.11797	NPC	11797		9	false
cache-npc-family.alain.2678	NPC	2678		11	false
cache-npc-family.alan.8535	NPC	8535	14475	17	false
cache-npc-family.albatross.15224	NPC	15224	15225	17	false
cache-npc-family.albino_bat.1039	NPC	1039		9	false
cache-npc-family.alchemical_hydra.8615	NPC	8615	8616,8617,8618,8619,8620,8621	9	false
cache-npc-family.aleck.1501	NPC	1501		11	false
cache-npc-family.alek_constantine.9696	NPC	9696		11	false
cache-npc-family.alexandra.8536	NPC	8536		11	false
cache-npc-family.alexis.2623	NPC	2623		9	false
cache-npc-family.alfonse_the_waiter.4920	NPC	4920		11	false
cache-npc-family.ali_morrisane.3533	NPC	3533		11	false
cache-npc-family.ali_the_barman.3535	NPC	3535		11	false
cache-npc-family.ali_the_camel_man.3538	NPC	3538		11	false
cache-npc-family.ali_the_leaflet_dropper.5956	NPC	5956		11	false
cache-npc-family.alice.504	NPC	504		11	false
cache-npc-family.allanna.8531	NPC	8531		11	false
cache-npc-family.alomone.12093	NPC	12093	12092	17	false
cache-npc-family.alrik.3676	NPC	3676		9	false
cache-npc-family.alry_the_angler.8521	NPC	8521		11	false
cache-npc-family.amelia.8530	NPC	8530	8180	17	false
cache-npc-family.amergin.15602	NPC	15602		11	false
cache-npc-family.ameyalli.14761	NPC	14761		11	false
cache-npc-family.ammonite_crab.7799	NPC	7799		9	false
cache-npc-family.amos.14910	NPC	14910		11	false
cache-npc-family.amoxliatl.13685	NPC	13685	13686	10	false
cache-npc-family.amrod.9053	NPC	9053		11	false
cache-npc-family.amy.7417	NPC	7417	6439	17	false
cache-npc-family.anaire.9076	NPC	9076		11	false
cache-npc-family.ancient_custodian.14520	NPC	14520		9	false
cache-npc-family.ancient_feral_vyre.15760	NPC	15760	16229,16230,16231,16232	10	false
cache-npc-family.ancient_guardian.10654	NPC	10654	12336,12337	10	false
cache-npc-family.ancient_wizard.7307	NPC	7307	7308,7309	10	false
cache-npc-family.ancient_wyvern.7795	NPC	7795		9	false
cache-npc-family.ancient_zygomite.7797	NPC	7797		9	false
cache-npc-family.andras.8267	NPC	8267	8268	11	false
cache-npc-family.aneirin.9157	NPC	9157		11	false
cache-npc-family.angelo.10413	NPC	10413	10412	17	false
cache-npc-family.angry_barbarian_spirit.5563	NPC	5563		9	false
cache-npc-family.angry_bear.1060	NPC	1060	4692	10	false
cache-npc-family.angry_giant_rat.1062	NPC	1062	4689,4690	10	false
cache-npc-family.angry_goblin.1065	NPC	1065	4691	10	false
cache-npc-family.angry_tortugan.15170	NPC	15170		9	false
cache-npc-family.angry_unicorn.1061	NPC	1061	4688	10	false
cache-npc-family.animated_adamant_armour.2455	NPC	2455		9	false
cache-npc-family.animated_black_armour.2453	NPC	2453		9	false
cache-npc-family.animated_bronze_armour.2450	NPC	2450		9	false
cache-npc-family.animated_iron_armour.2451	NPC	2451		9	false
cache-npc-family.animated_mithril_armour.2454	NPC	2454		9	false
cache-npc-family.animated_rune_armour.2456	NPC	2456		9	false
cache-npc-family.animated_spade.6470	NPC	6470		9	false
cache-npc-family.animated_steel_armour.2452	NPC	2452	6438	10	false
cache-npc-family.anja.3285	NPC	3285		9	false
cache-npc-family.ankou.2514	NPC	2514	2515,2516,2517,2518,2519,6608,7257,7864	10	false
cache-npc-family.anne.14949	NPC	14949	14948,14964	17	false
cache-npc-family.anton.2471	NPC	2471		11	false
cache-npc-family.antonia.13984	NPC	13984	13985	11	false
cache-npc-family.antonius.13916	NPC	13916		11	false
cache-npc-family.apparition.4195	NPC	4195	4196,4197,4198	10	false
cache-npc-family.apprentice.1808	NPC	1808		11	false
cache-npc-family.apprentice_cordelia.12180	NPC	12180	11443,11445,12179	17	false
cache-npc-family.apprentice_felix.11404	NPC	11404	11446,11448	17	false
cache-npc-family.aquanite.15497	NPC	15497	15498	9	false
cache-npc-family.aranwe.9117	NPC	9117		11	false
cache-npc-family.araxxor.13668	NPC	13668	13669	17	false
cache-npc-family.araxyte.11175	NPC	11175	11176,13666,13667	10	false
cache-npc-family.arcane_scarab.11726	NPC	11726		9	false
cache-npc-family.archeio.7614	NPC	7614		11	false
cache-npc-family.archer.3301	NPC	3301	1157,4096,4097,4098	17	false
cache-npc-family.archmage_sedridor.11433	NPC	11433	11432	17	false
cache-npc-family.arcuani.14776	NPC	14776		11	false
cache-npc-family.aredhel.9074	NPC	9074		11	false
cache-npc-family.argo.15065	NPC	15065		11	false
cache-npc-family.arhein.3200	NPC	3200		11	false
cache-npc-family.arianwyn.8865	NPC	8865	3432,9014,9246,9248	17	false
cache-npc-family.armadylean_guard.6587	NPC	6587		9	false
cache-npc-family.armour_salesman.6059	NPC	6059		11	false
cache-npc-family.armoured_foe.7750	NPC	7750		9	false
cache-npc-family.armoured_kraken.15210	NPC	15210	15211	17	false
cache-npc-family.armoured_zombie.12720	NPC	12720	12721,12722,12723,12724,12725,12726,12727,12728,12729,12730,12731,12732,12733,12734,12735,12736,12737,12738,12739,12755,12756,12757,12758,12759,12760,12761,12762,12763,12764,14113,14114,14115,14116,14117,14118,14119,14120,14121,14122,14135,14136	10	false
cache-npc-family.arno.8588	NPC	8588		11	false
cache-npc-family.arnold_lydspor.4293	NPC	4293		11	false
cache-npc-family.arnor.767	NPC	767		11	false
cache-npc-family.arrav.14132	NPC	14132	14129	17	false
cache-npc-family.arrg.643	NPC	643	642,6331,6392	17	false
cache-npc-family.artima.13342	NPC	13342		11	false
cache-npc-family.artimeus.1350	NPC	1350		11	false
cache-npc-family.artio.11992	NPC	11992		9	false
cache-npc-family.arvel.5299	NPC	5299		11	false
cache-npc-family.arzinian_avatar_of_magic.1234	NPC	1234	1233,1235	17	false
cache-npc-family.arzinian_avatar_of_ranging.1231	NPC	1231	1230,1232	17	false
cache-npc-family.arzinian_avatar_of_strength.1228	NPC	1228	1227,1229	17	false
cache-npc-family.ashild.772	NPC	772		11	false
cache-npc-family.ashuelot_reis.11289	NPC	11289	11288	17	false
cache-npc-family.assassin.10940	NPC	10940	10941,12062,12348,12349,13514,13515	17	false
cache-npc-family.assistant_brock.4720	NPC	4720		11	false
cache-npc-family.assistant_le_smith.4722	NPC	4722	6806	17	false
cache-npc-family.assistant_lori.7154	NPC	7154		11	false
cache-npc-family.assistant_marrow.4721	NPC	4721		11	false
cache-npc-family.assistant_serf.4719	NPC	4719		11	false
cache-npc-family.assistant_stan.4723	NPC	4723		11	false
cache-npc-family.asyff.2887	NPC	2887		11	false
cache-npc-family.asyn_shade.1284	NPC	1284		9	false
cache-npc-family.asyn_shadow.1283	NPC	1283	5632	10	false
cache-npc-family.aub.14514	NPC	14514		11	false
cache-npc-family.aubury.11434	NPC	11434	11435	12	false
cache-npc-family.augur_metzli.14313	NPC	14313		9	false
cache-npc-family.aurel.4445	NPC	4445		11	false
cache-npc-family.ava.4407	NPC	4407	13316	17	false
cache-npc-family.avan.387	NPC	387	386	17	false
cache-npc-family.avatar_of_creation.10531	NPC	10531		9	false
cache-npc-family.avatar_of_destruction.10532	NPC	10532		9	false
cache-npc-family.aviansie.3169	NPC	3169	3170,3171,3172,3173,3174,3175,3176,3177,3178,3179,3180,3181,3182,3183	10	false
cache-npc-family.aya.13619	NPC	13619		11	false
cache-npc-family.ayesha.310	NPC	310		11	false
cache-npc-family.ba_ba.11778	NPC	11778	11779,11780,12127	9	false
cache-npc-family.baba_yaga.3837	NPC	3837		11	false
cache-npc-family.baboon.11781	NPC	11781		9	false
cache-npc-family.baboon_brawler.11709	NPC	11709	11712	10	false
cache-npc-family.baboon_mage.11711	NPC	11711	11714	10	false
cache-npc-family.baboon_shaman.11715	NPC	11715		9	false
cache-npc-family.baboon_thrall.11718	NPC	11718		9	false
cache-npc-family.baboon_thrower.11710	NPC	11710	11713	10	false
cache-npc-family.baby_black_dragon.1871	NPC	1871	1872,7955	9	false
cache-npc-family.baby_blue_dragon.241	NPC	241	242,243,14105,14106	9	false
cache-npc-family.baby_green_dragon.5194	NPC	5194	5872,5873	9	false
cache-npc-family.baby_red_dragon.137	NPC	137	244,245,246	10	false
cache-npc-family.baby_roc.762	NPC	762		9	false
cache-npc-family.baby_tanglefoot.5853	NPC	5853	5854	9	false
cache-npc-family.baker.3208	NPC	3208	8724,8725,13338	11	false
cache-npc-family.balance_elemental.13528	NPC	13528	13529	9	false
cache-npc-family.balfrug_kreeyath.3132	NPC	3132		9	false
cache-npc-family.bandit.690	NPC	690	691,692,693,694,695,734,735,736,737,1026,6605,11063,11064,11065,13283,13284,13285,13286,13287,13288,13289,13290	17	false
cache-npc-family.bandit_champion.738	NPC	738		9	false
cache-npc-family.bandit_shopkeeper.1833	NPC	1833		11	false
cache-npc-family.bandosian_guard.6588	NPC	6588		9	false
cache-npc-family.banker.766	NPC	766	1479,1480,1613,1618,1633,1634,2117,2118,2119,2292,2293,2368,2369,2633,2897,2898,3089,3090,3091,3092,3093,3094,3318,3887,3888,4054,4055,6859,6860,6861,6862,6863,6864,6939,6940,6941,6942,6969,6970,7057,7058,7059,7060,7077,7078,7079,7080,7081,7082,8321,8322,8589,8590,9127,9128,9129,9130,9131,9132,9484,9718,9719,10389,10734,10735,10736,10737,13044,13045,13046,13047,13129,13212,13213,13214,13215,13216,13217,13218,13219,13220,13221,13222,13223,13224,13225,13226,13227,13931,13932,14671,14672,14673,14674,14778,14847,15496	17	false
cache-npc-family.banshee.414	NPC	414		9	false
cache-npc-family.barbarian.3055	NPC	3055	3056,3057,3058,3059,3060,3061,3062,3064,3065,3066,3067,3068,3069,3070,3071,3072,3256,3262,10984,10985,10986,10987,10988	10	false
cache-npc-family.barbarian_guard.1028	NPC	1028	7285,7724	17	false
cache-npc-family.barbarian_warlord.10989	NPC	10989		9	false
cache-npc-family.barfy_bill.1326	NPC	1326		11	false
cache-npc-family.barge_guard.7768	NPC	7768	8012,8013	11	false
cache-npc-family.bark_blamish_snail.2648	NPC	2648		9	false
cache-npc-family.barker.6524	NPC	6524		11	false
cache-npc-family.barman.6532	NPC	6532	1013,2384	17	false
cache-npc-family.barrelchest.600	NPC	600	1126,6342	13	false
cache-npc-family.bartender.687	NPC	687	1310,1311,1312,1313,1314,1318,1319,1320,7546,7911,13043,13344,13345,13917,13928,14020,14660,14661,14905	17	false
cache-npc-family.basilisk.417	NPC	417	418,9283,9284,9285,9286	9	false
cache-npc-family.basilisk_knight.9293	NPC	9293		9	false
cache-npc-family.basilisk_sentinel.9258	NPC	9258		9	false
cache-npc-family.basilisk_youngling.9282	NPC	9282		9	false
cache-npc-family.bat.2827	NPC	2827	10888,14042	9	false
cache-npc-family.battle_mage.1610	NPC	1610	1611,1612	9	false
cache-npc-family.bear_cub.3908	NPC	3908	3909	9	false
cache-npc-family.bedabin_nomad.4638	NPC	4638		11	false
cache-npc-family.bedabin_nomad_fighter.4655	NPC	4655		9	false
cache-npc-family.bee_swarm.13658	NPC	13658	12823	17	false
cache-npc-family.belona.7719	NPC	7719		11	false
cache-npc-family.berry.4132	NPC	4132	4134,7235	17	false
cache-npc-family.berserk_barbarian_spirit.5565	NPC	5565		9	false
cache-npc-family.betty.1788	NPC	1788	5905	11	false
cache-npc-family.big_evil_chicken.15547	NPC	15547		9	false
cache-npc-family.big_frog.478	NPC	478	8701	10	false
cache-npc-family.big_snake.2978	NPC	2978		9	false
cache-npc-family.big_wolf.109	NPC	109	115	9	false
cache-npc-family.bill_teach.4016	NPC	4016	4011,4012,4014,4015	17	false
cache-npc-family.billy_goat.1794	NPC	1794	1797	9	false
cache-npc-family.bird.5240	NPC	5240	5241,10541	10	false
cache-npc-family.bird_s_eye_jack.3472	NPC	3472		11	false
cache-npc-family.black_bear.2839	NPC	2839		9	false
cache-npc-family.black_chinchompa.2912	NPC	2912		9	false
cache-npc-family.black_demon.240	NPC	240	1432,2048,2049,2050,2051,2052,5874,5875,5876,5877,6295,6357,7242,7243,7874,7875,7876,12385	13	false
cache-npc-family.black_dragon.252	NPC	252	253,254,255,256,257,258,259,7861,7862,7863,8085,14146,15610	10	false
cache-npc-family.black_eye.3596	NPC	3596		11	false
cache-npc-family.black_eye_bethel.15025	NPC	15025		9	false
cache-npc-family.black_golem.4742	NPC	4742		9	false
cache-npc-family.black_guard.1409	NPC	1409	1410,1411,1412,6046,6047,6048,6049	10	false
cache-npc-family.black_guard_berserker.6050	NPC	6050	6051,6052	9	false
cache-npc-family.black_heather.301	NPC	301		9	false
cache-npc-family.black_jaguar.12978	NPC	12978	14512	10	false
cache-npc-family.black_knight.516	NPC	516	517,1545,4331,4959,11952,11953	10	false
cache-npc-family.black_knight_titan.4067	NPC	4067	6299,6360	13	false
cache-npc-family.black_unicorn.2849	NPC	2849		9	false
cache-npc-family.black_unicorn_foal.3911	NPC	3911		9	false
cache-npc-family.blackjack_seller.3546	NPC	3546		11	false
cache-npc-family.blacksmith.13038	NPC	13038	13332,14509	17	false
cache-npc-family.blair.11040	NPC	11040		11	false
cache-npc-family.blast_furnace_foreman.2923	NPC	2923		11	false
cache-npc-family.blessed_giant_rat.4534	NPC	4534	4535	9	false
cache-npc-family.blessed_spider.4533	NPC	4533	8978	9	false
cache-npc-family.blood_blamish_snail.2645	NPC	2645	2650	9	false
cache-npc-family.blood_jaguar.13021	NPC	13021		9	false
cache-npc-family.blood_moon.13011	NPC	13011		9	false
cache-npc-family.blood_reaver.11293	NPC	11293	11294	10	false
cache-npc-family.blood_spawn.8367	NPC	8367	10821,10829,15994	10	false
cache-npc-family.blood_starved_venator.15770	NPC	15770		9	false
cache-npc-family.bloodthirst_rockslug.12561	NPC	12561		9	false
cache-npc-family.bloodthirsty_abomination.12572	NPC	12572		9	false
cache-npc-family.bloodthirsty_abyssal_demon.12581	NPC	12581		9	false
cache-npc-family.bloodthirsty_banshee.12540	NPC	12540		9	false
cache-npc-family.bloodthirsty_basilisk.12565	NPC	12565		9	false
cache-npc-family.bloodthirsty_basilisk_sentinel.12566	NPC	12566		9	false
cache-npc-family.bloodthirsty_bloodveld.12568	NPC	12568		9	false
cache-npc-family.bloodthirsty_choke_devil.12575	NPC	12575		9	false
cache-npc-family.bloodthirsty_cockathrice.12562	NPC	12562		9	false
cache-npc-family.bloodthirsty_crawler.12539	NPC	12539		9	false
cache-npc-family.bloodthirsty_drake.12586	NPC	12586		9	false
cache-npc-family.bloodthirsty_gargoyle.12578	NPC	12578	12579	9	false
cache-npc-family.bloodthirsty_hand.12538	NPC	12538		9	false
cache-npc-family.bloodthirsty_hydra.12588	NPC	12588		9	false
cache-npc-family.bloodthirsty_infernal_pyrelord.12564	NPC	12564		9	false
cache-npc-family.bloodthirsty_jelly.12570	NPC	12570		9	false
cache-npc-family.bloodthirsty_kurask.12576	NPC	12576		9	false
cache-npc-family.bloodthirsty_mage.12567	NPC	12567		9	false
cache-npc-family.bloodthirsty_mutated_bloodveld.12569	NPC	12569		9	false
cache-npc-family.bloodthirsty_nechryarch.12582	NPC	12582		9	false
cache-npc-family.bloodthirsty_night_beast.12580	NPC	12580		9	false
cache-npc-family.bloodthirsty_pyrelord.12563	NPC	12563		9	false
cache-npc-family.bloodthirsty_repugnant_spectre.12574	NPC	12574		9	false
cache-npc-family.bloodthirsty_shadow_wyrm.12584	NPC	12584	12585	9	false
cache-npc-family.bloodthirsty_smoke_devil.12577	NPC	12577		9	false
cache-npc-family.bloodthirsty_spectre.12573	NPC	12573		9	false
cache-npc-family.bloodthirsty_turoth.12583	NPC	12583		9	false
cache-npc-family.bloodthirsty_twisted_banshee.12542	NPC	12542		9	false
cache-npc-family.bloodthirsty_warped_jelly.12571	NPC	12571		9	false
cache-npc-family.bloodveld.484	NPC	484	485,486,487,3138	10	false
cache-npc-family.bloodworm.1678	NPC	1678		9	false
cache-npc-family.bloody_jack.15682	NPC	15682		9	false
cache-npc-family.blue_dagannoth.15166	NPC	15166		9	false
cache-npc-family.blue_dragon.265	NPC	265	266,267,268,269,5878,5879,5880,5881,5882,8083,14103,14104	9	false
cache-npc-family.blue_moon.13013	NPC	13013		9	false
cache-npc-family.boar.11066	NPC	11066	11067	10	false
cache-npc-family.boar31337killer.11226	NPC	11226		11	false
cache-npc-family.boatswain_bill_teak.15678	NPC	15678		9	false
cache-npc-family.bob.10619	NPC	10619	2635,2636,4221,4231,8034,8055,8111,8112,8113,8114,8159,10414	17	false
cache-npc-family.bob_barter_herbs.5449	NPC	5449		11	false
cache-npc-family.body_golem.10691	NPC	10691		9	false
cache-npc-family.bolkoy.4965	NPC	4965		11	false
cache-npc-family.bolongo.2682	NPC	2682		11	false
cache-npc-family.bonzo.4069	NPC	4069		11	false
cache-npc-family.boris.2613	NPC	2613		9	false
cache-npc-family.borrokar.3939	NPC	3939		9	false
cache-npc-family.bosun_zarah.15313	NPC	15313	15312,15315	17	false
cache-npc-family.bouncer.1224	NPC	1224	3508,3509,6293,6355	13	false
cache-npc-family.bow_and_arrow_salesman.6060	NPC	6060		11	false
cache-npc-family.branda_the_fire_queen.12596	NPC	12596	14148	17	false
cache-npc-family.branwen.9167	NPC	9167		11	false
cache-npc-family.brassican_mage.7310	NPC	7310		9	false
cache-npc-family.brawler.1734	NPC	1734	1735,1736,1737,1738	10	false
cache-npc-family.bree.2208	NPC	2208		9	false
cache-npc-family.breoca.4107	NPC	4107		9	false
cache-npc-family.brian.2892	NPC	2892	8694	11	false
cache-npc-family.briget.7201	NPC	7201		11	false
cache-npc-family.brikka.15407	NPC	15407		11	false
cache-npc-family.brimstail.11431	NPC	11431	11430	17	false
cache-npc-family.brine_rat.4501	NPC	4501		9	false
cache-npc-family.broddi.3685	NPC	3685		9	false
cache-npc-family.bronze_dragon.270	NPC	270	271,7253	10	false
cache-npc-family.broodoo_victim.6409	NPC	6409	6411,6413	9	false
cache-npc-family.brother_tranquility.550	NPC	550	551,552	17	false
cache-npc-family.bruise_blamish_snail.2647	NPC	2647	2652	9	false
cache-npc-family.brundt_the_chieftain.9268	NPC	9268	8048,8145,8153,9263,9266,9267	17	false
cache-npc-family.brutal_black_dragon.7275	NPC	7275		9	false
cache-npc-family.brutal_blue_dragon.7273	NPC	7273	13795	9	false
cache-npc-family.brutal_green_dragon.2918	NPC	2918	8081	9	false
cache-npc-family.brutal_red_dragon.7274	NPC	7274	8087	9	false
cache-npc-family.brutus.15626	NPC	15626	15627	9	false
cache-npc-family.bryophyta.8195	NPC	8195		9	false
cache-npc-family.buffalo.13004	NPC	13004		9	false
cache-npc-family.bull_shark.15194	NPC	15194	15195	17	false
cache-npc-family.buneir.12705	NPC	12705		11	false
cache-npc-family.bush_snake.6102	NPC	6102	6103	9	false
cache-npc-family.butterfly_ray.15216	NPC	15216	15217	17	false
cache-npc-family.cabin_boy_colin.7967	NPC	7967	7965,7966	17	false
cache-npc-family.cabin_boy_jenkins.15342	NPC	15342	825,15341,15344	17	false
cache-npc-family.caerwyn.9161	NPC	9161		11	false
cache-npc-family.caleb.5433	NPC	5433	4317	17	false
cache-npc-family.callisto.6503	NPC	6503	6609	9	false
cache-npc-family.calvar_ion.11993	NPC	11993	11994	9	false
cache-npc-family.camp_dweller.1379	NPC	1379	1380,1381,1382,1383	10	false
cache-npc-family.candle_maker.3199	NPC	3199		11	false
cache-npc-family.caninelle_draynar.9710	NPC	9710		11	false
cache-npc-family.cap_n_izzy_no_beard.5789	NPC	5789		11	false
cache-npc-family.captain_bentley.6650	NPC	6650	6649	17	false
cache-npc-family.captain_jack.15684	NPC	15684		9	false
cache-npc-family.captain_rimor.7595	NPC	7595		11	false
cache-npc-family.captain_ruban_acer.15683	NPC	15683		9	false
cache-npc-family.captain_tobias.14978	NPC	14978	14979	17	false
cache-npc-family.captain_tock.7958	NPC	7958	7956,7957	17	false
cache-npc-family.caranthir.9111	NPC	9111		11	false
cache-npc-family.carnivorous_chinchompa.2911	NPC	2911		9	false
cache-npc-family.carnivus_belamorta.9691	NPC	9691		11	false
cache-npc-family.carpenter.11597	NPC	11597	4203	17	false
cache-npc-family.carpenter_kjallak.3658	NPC	3658		11	false
cache-npc-family.cassie.3214	NPC	3214		11	false
cache-npc-family.catablepon.2474	NPC	2474	2475,2476	10	false
cache-npc-family.catalytic_guardian.12384	NPC	12384	12383	17	false
cache-npc-family.cave_abomination.7401	NPC	7401	12454	10	false
cache-npc-family.cave_bug.481	NPC	481	483	10	false
cache-npc-family.cave_crawler.406	NPC	406	407,408,409,13800,13801	9	false
cache-npc-family.cave_goblin.6434	NPC	6434	2268,2269,2270,2271,2272,2273,2274,2275,2276,2277,2278,2279,2280,2281,2282,2283,2284,2285,2299,2301,5163,5164,5165,5166,5167,5168,6435,6436,6437,13572,13574	17	false
cache-npc-family.cave_goblin_guard.5334	NPC	5334	5335	10	false
cache-npc-family.cave_goblin_miner.5330	NPC	5330	5331,5332,5333,5336,5337,5338,5339	9	false
cache-npc-family.cave_horror.1047	NPC	1047	1048,1049,1050,1051	9	false
cache-npc-family.cave_lizard.7424	NPC	7424		9	false
cache-npc-family.cave_slime.480	NPC	480		9	false
cache-npc-family.celebrian.9081	NPC	9081		11	false
cache-npc-family.celegorm.9075	NPC	9075		11	false
cache-npc-family.celyn.9156	NPC	9156		11	false
cache-npc-family.ceolburg.4111	NPC	4111		9	false
cache-npc-family.cerberus.5862	NPC	5862	13657	10	false
cache-npc-family.ceto.7783	NPC	7783		11	false
cache-npc-family.chadwell.4527	NPC	4527		11	false
cache-npc-family.chaeldar.404	NPC	404		11	false
cache-npc-family.chamber_guardian.1602	NPC	1602		11	false
cache-npc-family.champion_of_scabaras.11483	NPC	11483		9	false
cache-npc-family.chaos_druid.520	NPC	520		9	false
cache-npc-family.chaos_druid_warrior.532	NPC	532		9	false
cache-npc-family.chaos_dwarf.291	NPC	291		9	false
cache-npc-family.chaos_elemental.2054	NPC	2054	6505	9	false
cache-npc-family.chaos_fanatic.6619	NPC	6619		9	false
cache-npc-family.chaos_golem.10689	NPC	10689		9	false
cache-npc-family.chaotic_death_spawn.6716	NPC	6716	6723,7649	9	false
cache-npc-family.charley.4017	NPC	4017		11	false
cache-npc-family.chartin_charles_mcatless.1554	NPC	1554	288	17	false
cache-npc-family.chasm_crawler.7389	NPC	7389	14031	9	false
cache-npc-family.chet.15063	NPC	15063	15062	17	false
cache-npc-family.chilled_jelly.13799	NPC	13799		9	false
cache-npc-family.chimalli.14362	NPC	14362		9	false
cache-npc-family.chinchompa.2910	NPC	2910		9	false
cache-npc-family.choke_devil.7404	NPC	7404		9	false
cache-npc-family.chompy_bird.1475	NPC	1475	1476	17	false
cache-npc-family.chosen_aluinus.14225	NPC	14225	14224	17	false
cache-npc-family.chouani.14662	NPC	14662		11	false
cache-npc-family.chris.11674	NPC	11674		11	false
cache-npc-family.chronozon.4987	NPC	4987	6292,6354	13	false
cache-npc-family.chuck_up.15169	NPC	15169		9	false
cache-npc-family.cirdan.9072	NPC	9072		11	false
cache-npc-family.citizen.12929	NPC	12929	11533,11534,11535,11536,11537,11538,11539,11540,13063,13064,13065,13066,13067,13068,13069,13070,13071,13072,13073,13074,13075,13076,13077,13078,13079,13080,13081,13082,13164,13165,13166,13167,13168,13169,13170,13171,13172,13173,13178,13179,13180,13181,13182,13183,13184,13185,13186,13187,13192,13193,13194,13195,13196,13197,13198,13199,13200,13201,13202,13203,13204,13205,13883,13884,13885,13886,13887,13888,13889,13890,13891,13892,13893,13894,13895,13896,13897,13898,13899,13900,13901,13936,13937,13938,13939,13940,13941,13942,13943,14646,14647,14648,14649,14650,14651,14652,14653,14741,14742,14743,14744,14745,14746,14747,14748,14763,14764,14765,14766,14767,14768,14769,14770	17	false
cache-npc-family.city_guard.4373	NPC	4373		9	false
cache-npc-family.clue_turtle.15124	NPC	15124		11	false
cache-npc-family.cobado.13341	NPC	13341		11	false
cache-npc-family.cockathrice.7393	NPC	7393		9	false
cache-npc-family.cockatrice.419	NPC	419	420	9	false
cache-npc-family.colonel_radick.4406	NPC	4406		9	false
cache-npc-family.colossal_hydra.10402	NPC	10402		9	false
cache-npc-family.commander_connad.1656	NPC	1656		11	false
cache-npc-family.commander_zilyana.2205	NPC	2205	6493,12445	9	false
cache-npc-family.conara.13040	NPC	13040		11	false
cache-npc-family.confused_barbarian.2920	NPC	2920		9	false
cache-npc-family.confusion_beast.1067	NPC	1067	1068,1069,1070,1071,4694	10	false
cache-npc-family.corporeal_beast.319	NPC	319		9	false
cache-npc-family.corrupt_lizardman.7997	NPC	7997	7996,8000	13	false
cache-npc-family.corrupted_bat.9042	NPC	9042		9	false
cache-npc-family.corrupted_bear.9046	NPC	9046		9	false
cache-npc-family.corrupted_dark_beast.9048	NPC	9048		9	false
cache-npc-family.corrupted_dragon.9047	NPC	9047		9	false
cache-npc-family.corrupted_hunllef.9035	NPC	9035	9036,9037	9	false
cache-npc-family.corrupted_rat.9040	NPC	9040		9	false
cache-npc-family.corrupted_scorpion.9044	NPC	9044		9	false
cache-npc-family.corrupted_spider.9041	NPC	9041		9	false
cache-npc-family.corrupted_unicorn.9043	NPC	9043		9	false
cache-npc-family.corrupted_warrior.12114	NPC	12114	12115,12118	11	false
cache-npc-family.corrupted_wolf.9045	NPC	9045		9	false
cache-npc-family.corsair_traitor.7949	NPC	7949	7948	13	false
cache-npc-family.costumed_child.11855	NPC	11855	11856,11857	11	false
cache-npc-family.count_draynor.3481	NPC	3481	6332,6393	13	false
cache-npc-family.cow_calf.2792	NPC	2792	2794,2801	9	false
cache-npc-family.crab.4819	NPC	4819	4822	10	false
cache-npc-family.crawling_hand.448	NPC	448	449,450,451,452,453,454,455,456,457	10	false
cache-npc-family.crazy_archaeologist.6618	NPC	6618		9	false
cache-npc-family.crew_registrar.15246	NPC	15246	15245	17	false
cache-npc-family.crimson_sanguisphera.12369	NPC	12369		9	false
cache-npc-family.crimsonette_van_marr.9713	NPC	9713		11	false
cache-npc-family.crocodile.4184	NPC	4184	11581,11582,11705	10	false
cache-npc-family.cruor.11285	NPC	11285		9	false
cache-npc-family.crushing_hand.7388	NPC	7388		9	false
cache-npc-family.crypt_rat.1679	NPC	1679		9	false
cache-npc-family.crypt_spider.1683	NPC	1683		9	false
cache-npc-family.crystalline_bat.9028	NPC	9028		9	false
cache-npc-family.crystalline_bear.9032	NPC	9032		9	false
cache-npc-family.crystalline_dark_beast.9034	NPC	9034		9	false
cache-npc-family.crystalline_dragon.9033	NPC	9033		9	false
cache-npc-family.crystalline_hunllef.9021	NPC	9021	9022,9023	9	false
cache-npc-family.crystalline_rat.9026	NPC	9026		9	false
cache-npc-family.crystalline_scorpion.9030	NPC	9030		9	false
cache-npc-family.crystalline_spider.9027	NPC	9027		9	false
cache-npc-family.crystalline_unicorn.9029	NPC	9029		9	false
cache-npc-family.crystalline_wolf.9031	NPC	9031		9	false
cache-npc-family.cuffs.3279	NPC	3279		9	false
cache-npc-family.culinaromancer.4878	NPC	4878	6307,6368	13	false
cache-npc-family.cultist.12918	NPC	12918	12919,12920,12921,12922,12923	9	false
cache-npc-family.current_duck.15153	NPC	15153		11	false
cache-npc-family.cursed_baboon.11717	NPC	11717		9	false
cache-npc-family.curufin.9055	NPC	9055		11	false
cache-npc-family.customs_officer.14984	NPC	14984	14985	17	false
cache-npc-family.cuthbert_lord_of_dread.12957	NPC	12957		9	false
cache-npc-family.cyclops.2097	NPC	2097	2137,2138,2139,2140,2141,2142,2235,2236,2463,2464,2465,2466,2467,2468,7270,7271	10	false
cache-npc-family.d3ad1i_f15her.11225	NPC	11225		11	false
cache-npc-family.dad.4130	NPC	4130	6330,6391	13	false
cache-npc-family.daddy_s_special_water.15167	NPC	15167		9	false
cache-npc-family.daga.5250	NPC	5250		11	false
cache-npc-family.dagannoth.140	NPC	140	970,971,972,973,974,975,979,2259,3185,5942,5943,7259,7260	10	false
cache-npc-family.dagannoth_fledgeling.2264	NPC	2264		9	false
cache-npc-family.dagannoth_mother.983	NPC	983	984,985,986,987,988,6300,6301,6302,6303,6304,6305,6361,6362,6363,6364,6365,6366	13	false
cache-npc-family.dagannoth_prime.2266	NPC	2266	6497,12442	10	false
cache-npc-family.dagannoth_rex.2267	NPC	2267	6498,12439	10	false
cache-npc-family.dagannoth_spawn.3184	NPC	3184		9	false
cache-npc-family.dagannoth_supreme.2265	NPC	2265	6496,12441	10	false
cache-npc-family.dalldav.1481	NPC	1481		11	false
cache-npc-family.damien_leucurte.9564	NPC	9564	9774	17	false
cache-npc-family.damis.682	NPC	682	683,1134,1135,6346,6347	13	false
cache-npc-family.dantaera.2664	NPC	2664		11	false
cache-npc-family.dark_ankou.7296	NPC	7296		9	false
cache-npc-family.dark_beast.4005	NPC	4005	7250	9	false
cache-npc-family.dark_energy_core.320	NPC	320		9	false
cache-npc-family.dark_warrior.531	NPC	531	6606,11109,11110,11111	10	false
cache-npc-family.dark_wizard.510	NPC	510	512,2056,2057,2058,2059,5086,5087,5088,5089,6997,7064	17	false
cache-npc-family.darren.2198	NPC	2198	7006	17	false
cache-npc-family.daryl.11041	NPC	11041		11	false
cache-npc-family.davon.8680	NPC	8680		11	false
cache-npc-family.dawn.7852	NPC	7852	7884,15623	10	false
cache-npc-family.deadly_red_spider.3021	NPC	3021		9	false
cache-npc-family.death.9855	NPC	9855		11	false
cache-npc-family.death_spawn.10	NPC	10		9	false
cache-npc-family.death_wing.509	NPC	509		9	false
cache-npc-family.defiler.1724	NPC	1724	1725,1726,1727,1728,1729,1730,1731,1732,1733	10	false
cache-npc-family.delf.14913	NPC	14913		11	false
cache-npc-family.delrith.5079	NPC	5079		9	false
cache-npc-family.demon.142	NPC	142		9	false
cache-npc-family.demon_butler.15636	NPC	15636	229,15637,15711	17	false
cache-npc-family.demonic_brutus.15628	NPC	15628		9	false
cache-npc-family.demonic_gorilla.7144	NPC	7144	7145,7146,7147,7148,7149	9	false
cache-npc-family.deranged_archaeologist.7806	NPC	7806		9	false
cache-npc-family.derwen.7859	NPC	7859	9154,12450	12	false
cache-npc-family.desert_eagle.1487	NPC	1487		11	false
cache-npc-family.desert_lizard.459	NPC	459	460,461,12003	9	false
cache-npc-family.desert_wolf.4649	NPC	4649	4650,4651	9	false
cache-npc-family.dessourt.4883	NPC	4883	6311,6372	13	false
cache-npc-family.dessous.3459	NPC	3459	1128,3460,6344	13	false
cache-npc-family.deviant_spectre.7279	NPC	7279		9	false
cache-npc-family.dharok_the_wretched.1673	NPC	1673	12447	10	false
cache-npc-family.diana.8036	NPC	8036	14677	17	false
cache-npc-family.diango.8693	NPC	8693		11	false
cache-npc-family.diphylla_bechstein.9702	NPC	9702		11	false
cache-npc-family.dire_bat.15757	NPC	15757		9	false
cache-npc-family.dire_gryphon.14859	NPC	14859		9	false
cache-npc-family.dire_wolf.3426	NPC	3426	9181,13813	10	false
cache-npc-family.dire_wolf_alpha.13812	NPC	13812		9	false
cache-npc-family.disciple_of_iban.8997	NPC	8997		9	false
cache-npc-family.dolphin.15234	NPC	15234	15235	17	false
cache-npc-family.dommik.2879	NPC	2879		11	false
cache-npc-family.don_t_know_what.8439	NPC	8439	8438	17	false
cache-npc-family.donny_the_lad.302	NPC	302		9	false
cache-npc-family.doom_of_mokhaiotl.14707	NPC	14707	14708,14709	13	false
cache-npc-family.doomion.8995	NPC	8995		9	false
cache-npc-family.doria.14907	NPC	14907		11	false
cache-npc-family.double_agent.1777	NPC	1777	1778,7312	10	false
cache-npc-family.doug_deeping.3629	NPC	3629		11	false
cache-npc-family.draconis_sanguine.9688	NPC	9688		11	false
cache-npc-family.drake.8612	NPC	8612		9	false
cache-npc-family.drasdan_ranor.9721	NPC	9721		11	false
cache-npc-family.dreadborn_araxyte.13680	NPC	13680		9	false
cache-npc-family.dreven.2674	NPC	2674		11	false
cache-npc-family.drink_troll.15164	NPC	15164		9	false
cache-npc-family.drink_troll_queen.15175	NPC	15175	15176	17	false
cache-npc-family.drogo_dwarf.5895	NPC	5895		11	false
cache-npc-family.druid.3258	NPC	3258	3259,13554	17	false
cache-npc-family.drunken_man.3263	NPC	3263		9	false
cache-npc-family.duck.1838	NPC	1838	1839	9	false
cache-npc-family.duckling.2001	NPC	2001		9	false
cache-npc-family.duke.5258	NPC	5258	7176,14169	17	false
cache-npc-family.duke_sucellus.12191	NPC	12191	12167,12194,12195	17	false
cache-npc-family.dungeon_rat.2865	NPC	2865	2866,2867,3607,3608,3609	9	false
cache-npc-family.duradel.13622	NPC	13622	13562	17	false
cache-npc-family.durial321.13662	NPC	13662		9	false
cache-npc-family.durrik.15411	NPC	15411	15410	17	false
cache-npc-family.dusk.7851	NPC	7851	7882,7883,7888,15621	10	false
cache-npc-family.dust_devil.423	NPC	423	7249,11238	10	false
cache-npc-family.dusuri.10631	NPC	10631	10630	17	false
cache-npc-family.dwarf.290	NPC	290	292,294,295,296,1401,1402,1403,1404,1405,1406,1407,1408,4512,5170,5171,5172,5173,5174,5175,5904,7712,7713,7714,7715,7721,8496,12708,12709,12710,12711,12712,15396,15397,15398,15399,15400,15401,15402,15403,15404,15405,15406	17	false
cache-npc-family.dwarf_gang_member.1354	NPC	1354	1355,1356	10	false
cache-npc-family.dwarven_boatman.2433	NPC	2433	4898,7725,7726	17	false
cache-npc-family.dwarven_ferryman.4896	NPC	4896	4897	11	false
cache-npc-family.eadburg.4095	NPC	4095		9	false
cache-npc-family.eagle_ray.15214	NPC	15214	15215	17	false
cache-npc-family.earth_elemental.1366	NPC	1366	1367	9	false
cache-npc-family.earth_warrior.2840	NPC	2840		9	false
cache-npc-family.earth_warrior_champion.3328	NPC	3328		9	false
cache-npc-family.earth_wizard.1558	NPC	1558		9	false
cache-npc-family.earthen_nagua.14420	NPC	14420	14421	9	false
cache-npc-family.earwen.9110	NPC	9110		11	false
cache-npc-family.eclipse_moon.13012	NPC	13012		9	false
cache-npc-family.edmond.2202	NPC	2202	4256	17	false
cache-npc-family.edrahil.9078	NPC	9078		11	false
cache-npc-family.eduard.2618	NPC	2618		9	false
cache-npc-family.edward.2199	NPC	2199		11	false
cache-npc-family.efa.9169	NPC	9169		11	false
cache-npc-family.efaritay_hallow.15943	NPC	15943	15941,15942	17	false
cache-npc-family.ehecatl.14516	NPC	14516		11	false
cache-npc-family.einar.3675	NPC	3675		9	false
cache-npc-family.elder_aquanite.15502	NPC	15502	15503	9	false
cache-npc-family.elder_blunn.14838	NPC	14838	14837	17	false
cache-npc-family.elder_chaos_druid.6607	NPC	6607	7995	17	false
cache-npc-family.elder_coco.14829	NPC	14829	14828	17	false
cache-npc-family.elder_custodian_stalker.14704	NPC	14704		9	false
cache-npc-family.elder_krill.14835	NPC	14835	14834	17	false
cache-npc-family.elder_reggle.14844	NPC	14844	14843	17	false
cache-npc-family.elder_strom.14832	NPC	14832	14831	17	false
cache-npc-family.eldric_the_ice_king.14147	NPC	14147	14149	17	false
cache-npc-family.eleanor.14909	NPC	14909		11	false
cache-npc-family.elenwe.9066	NPC	9066		11	false
cache-npc-family.elf_archer.5295	NPC	5295	5296	9	false
cache-npc-family.elf_warrior.5293	NPC	5293	5294	9	false
cache-npc-family.elgan.9155	NPC	9155		11	false
cache-npc-family.elidinis_warden.11753	NPC	11753	11754,11761,11763,15552,15698	10	false
cache-npc-family.elite_black_knight.13463	NPC	13463	13464,13566	17	false
cache-npc-family.elite_dark_mage.13469	NPC	13469	13470	9	false
cache-npc-family.elite_dark_ranger.13467	NPC	13467	13468	9	false
cache-npc-family.elite_dark_warrior.13465	NPC	13465	13466	9	false
cache-npc-family.elite_khazard_guard.13531	NPC	13531	13532,13533,13534	9	false
cache-npc-family.eliza.11853	NPC	11853	11852	17	false
cache-npc-family.elladan.9069	NPC	9069		11	false
cache-npc-family.ellena.2670	NPC	2670		11	false
cache-npc-family.ellie.10411	NPC	10411	10410	17	false
cache-npc-family.ellis.3231	NPC	3231		11	false
cache-npc-family.elnes.12703	NPC	12703		11	false
cache-npc-family.elnock_inquisitor.5734	NPC	5734		11	false
cache-npc-family.elstan.2663	NPC	2663		11	false
cache-npc-family.eluned.8767	NPC	8767	5304,8766,8829,9145	17	false
cache-npc-family.elvarg.6349	NPC	6349	6118,8033	13	false
cache-npc-family.embalmer.4202	NPC	4202	11596	11	false
cache-npc-family.embertailed_jerboa.13139	NPC	13139		9	false
cache-npc-family.emblem_trader.308	NPC	308	7943,12113	11	false
cache-npc-family.emelio.13805	NPC	13805	13804	17	false
cache-npc-family.emerald_benedict.3194	NPC	3194		11	false
cache-npc-family.emissary.13779	NPC	13779		9	false
cache-npc-family.emissary_acolyte.13732	NPC	13732	13733,13734,13735,13736,13737	9	false
cache-npc-family.emissary_archer.14407	NPC	14407	14408	9	false
cache-npc-family.emissary_ascended.13744	NPC	13744	13706,13707,13708,13709,13720,13721,13745,13746,13747,13748,13749,13750,13751,13767,13768,13769,14265	17	false
cache-npc-family.emissary_brawler.13773	NPC	13773	13774,13775,13776,14401,14402,14403,14404	10	false
cache-npc-family.emissary_chosen.13738	NPC	13738	13739,13740,13741,13742,13743	9	false
cache-npc-family.emissary_conjurer.13777	NPC	13777	13778,14405,14406	9	false
cache-npc-family.emissary_enforcer.14268	NPC	14268		9	false
cache-npc-family.emissary_forebearer.13752	NPC	13752	13753,13754,13755,13756,13757	9	false
cache-npc-family.emma.12116	NPC	12116		11	false
cache-npc-family.enclave_guard.4381	NPC	4381		9	false
cache-npc-family.enel.9112	NPC	9112		11	false
cache-npc-family.enelye.9106	NPC	9106		11	false
cache-npc-family.enerdhil.9056	NPC	9056		11	false
cache-npc-family.eniola.8132	NPC	8132		11	false
cache-npc-family.ennius_tullus.14331	NPC	14331	12892	17	false
cache-npc-family.enormous_tentacle.5535	NPC	5535	10709	17	false
cache-npc-family.enraged_barbarian_spirit.5564	NPC	5564		9	false
cache-npc-family.enraged_boar.11227	NPC	11227		9	false
cache-npc-family.ent.6594	NPC	6594	7234	10	false
cache-npc-family.entrana_firebird.4927	NPC	4927		9	false
cache-npc-family.episcula_helsing.9703	NPC	9703		11	false
cache-npc-family.ercos.14030	NPC	14030		11	false
cache-npc-family.erdan.7952	NPC	7952		11	false
cache-npc-family.erestor.9061	NPC	9061		11	false
cache-npc-family.essyllt.8950	NPC	8950	3415,9016,9247,9249	17	false
cache-npc-family.eudav.1477	NPC	1477		11	false
cache-npc-family.evelot.12047	NPC	12047	12046	17	false
cache-npc-family.evil_chicken.1870	NPC	1870	6306,6367,6739	13	false
cache-npc-family.evil_spirit.625	NPC	625		9	false
cache-npc-family.ex_captain_siad.15332	NPC	15332	15331,15334	17	false
cache-npc-family.experiment.1273	NPC	1273	1274,1275	10	false
cache-npc-family.experiment_no_2.5126	NPC	5126		9	false
cache-npc-family.eyatlalli.12870	NPC	12870	12869,14355	17	false
cache-npc-family.ezekial_lovecraft.4789	NPC	4789		11	false
cache-npc-family.fadli.3340	NPC	3340		11	false
cache-npc-family.fairy_fixit.7333	NPC	7333	7332	17	false
cache-npc-family.fairy_shop_assistant.2869	NPC	2869		11	false
cache-npc-family.fairy_shop_keeper.2868	NPC	2868		11	false
cache-npc-family.faisal_the_barman.11874	NPC	11874		11	false
cache-npc-family.fancy_dan.1815	NPC	1815		11	false
cache-npc-family.fareed.3456	NPC	3456	4115,6348	13	false
cache-npc-family.farmer_fromund.3659	NPC	3659		11	false
cache-npc-family.farmer_gricoller.6920	NPC	6920		11	false
cache-npc-family.fat_tony.8688	NPC	8688		11	false
cache-npc-family.faustus.13914	NPC	13914		11	false
cache-npc-family.fayeth.2681	NPC	2681		11	false
cache-npc-family.feanor.9088	NPC	9088		11	false
cache-npc-family.fear_reaper.1066	NPC	1066	4693	10	false
cache-npc-family.ferain.12702	NPC	12702		11	false
cache-npc-family.feral_vampyre.3137	NPC	3137	3234,3237,3239,3707,3708,4431,5640,5641,5642	10	false
cache-npc-family.fernahei.5363	NPC	5363		11	false
cache-npc-family.ferocious_barbarian_spirit.5566	NPC	5566		9	false
cache-npc-family.ferryman_nathwood.10611	NPC	10611		11	false
cache-npc-family.ferryman_sathwood.10610	NPC	10610		11	false
cache-npc-family.fever_spider.626	NPC	626		9	false
cache-npc-family.fidelio.6525	NPC	6525		11	false
cache-npc-family.filamina.7204	NPC	7204		11	false
cache-npc-family.findis.9109	NPC	9109		11	false
cache-npc-family.finduilas.9058	NPC	9058		11	false
cache-npc-family.fingolfin.9084	NPC	9084		11	false
cache-npc-family.fingon.9079	NPC	9079		11	false
cache-npc-family.finn.1080	NPC	1080	14850	17	false
cache-npc-family.fionella.3960	NPC	3960		11	false
cache-npc-family.fire_elemental.1365	NPC	1365	14150	10	false
cache-npc-family.fire_giant.2075	NPC	2075	2076,2077,2078,2079,2080,2081,2082,2083,2084,7251,7252	10	false
cache-npc-family.fire_warrior_of_lesarkus.3448	NPC	3448		9	false
cache-npc-family.fire_wizard.1556	NPC	1556		9	false
cache-npc-family.fish_monger.3947	NPC	3947	7912	11	false
cache-npc-family.fisherman_frodi.3655	NPC	3655		11	false
cache-npc-family.fiyr_shade.1286	NPC	1286		9	false
cache-npc-family.fiyr_shadow.1285	NPC	1285		9	false
cache-npc-family.flambeed.4881	NPC	4881	6309,6370	13	false
cache-npc-family.flaming_pyrelord.7394	NPC	7394	12453	10	false
cache-npc-family.flawed_golem.10695	NPC	10695		9	false
cache-npc-family.flax_keeper.5522	NPC	5522		11	false
cache-npc-family.flesh_crawler.2498	NPC	2498	2499,2500	10	false
cache-npc-family.flight_kilisa.3165	NPC	3165		9	false
cache-npc-family.flockleader_geerin.3164	NPC	3164		9	false
cache-npc-family.floria.15606	NPC	15606	15607	11	false
cache-npc-family.flosi_dalksson.1942	NPC	1942		11	false
cache-npc-family.flynn.5896	NPC	5896		11	false
cache-npc-family.foreman.1429	NPC	1429		9	false
cache-npc-family.forester.3296	NPC	3296	4076,7238	17	false
cache-npc-family.forgotten_soul.10523	NPC	10523	10524,10525,10526,10534,10535,10536,10537,10544,10545	10	false
cache-npc-family.fortress_guard.4772	NPC	4772	4773,4774,4775,4776	9	false
cache-npc-family.fortunato.1260	NPC	1260		11	false
cache-npc-family.fossil_collector.7770	NPC	7770		11	false
cache-npc-family.fox.3901	NPC	3901	12548	17	false
cache-npc-family.fragment_of_seren.8917	NPC	8917	8918	9	false
cache-npc-family.francis.2667	NPC	2667	14214	17	false
cache-npc-family.frankie.6963	NPC	6963		11	false
cache-npc-family.freidir.3938	NPC	3938		9	false
cache-npc-family.fremennik_warband_archer.12814	NPC	12814		9	false
cache-npc-family.fremennik_warband_berserker.12816	NPC	12816		9	false
cache-npc-family.fremennik_warband_seer.12815	NPC	12815		9	false
cache-npc-family.frenita.8685	NPC	8685		11	false
cache-npc-family.frenzied_ice_troll_female.5825	NPC	5825		9	false
cache-npc-family.frenzied_ice_troll_grunt.5826	NPC	5826		9	false
cache-npc-family.frenzied_ice_troll_male.5824	NPC	5824		9	false
cache-npc-family.frenzied_ice_troll_runt.5823	NPC	5823		9	false
cache-npc-family.friendly_forester.6724	NPC	6724	11427	11	false
cache-npc-family.frigatebird.15226	NPC	15226	15227	17	false
cache-npc-family.frincos.3215	NPC	3215		11	false
cache-npc-family.frizzy_skernip.2684	NPC	2684		11	false
cache-npc-family.frog.8702	NPC	8702	312,5429,5430,5431,5432,12938,12942,12946,12950,12954	17	false
cache-npc-family.frogeel.3600	NPC	3600		9	false
cache-npc-family.frost_crab.13789	NPC	13789	13791	9	false
cache-npc-family.frost_dragon.14922	NPC	14922		9	false
cache-npc-family.frost_nagua.13787	NPC	13787	13788	9	false
cache-npc-family.fuggy.7090	NPC	7090		11	false
cache-npc-family.fumus.11283	NPC	11283		9	false
cache-npc-family.fur_merchant.13335	NPC	13335		11	false
cache-npc-family.fur_trader.3210	NPC	3210	3948,8727	11	false
cache-npc-family.gabooty.6424	NPC	6424	6425	11	false
cache-npc-family.gadderanks.4484	NPC	4484	4483,4485	17	false
cache-npc-family.gaius.7798	NPC	7798		11	false
cache-npc-family.galathil.9114	NPC	9114		11	false
cache-npc-family.galina.2625	NPC	2625		9	false
cache-npc-family.galvek.8095	NPC	8095	8096,8097,8098	9	false
cache-npc-family.gamfred.2459	NPC	2459		11	false
cache-npc-family.gang_boss.6900	NPC	6900	6901,6902,6903	10	false
cache-npc-family.gangster.6896	NPC	6896	6897,6898,6899	10	false
cache-npc-family.garden_supplier.3102	NPC	3102	3103	11	false
cache-npc-family.gardener.3275	NPC	3275	3276,3651,5512	17	false
cache-npc-family.gardener_gunnhild.3656	NPC	3656		11	false
cache-npc-family.gargoyle.412	NPC	412	413,1543	9	false
cache-npc-family.garth.2669	NPC	2669	15833	17	false
cache-npc-family.gelatinnoth_mother.4884	NPC	4884	4885,4886,4887,4888,4889,6312,6313,6314,6315,6316,6317,6373,6374,6375,6376,6377,6378	13	false
cache-npc-family.gelmir.9059	NPC	9059		11	false
cache-npc-family.gem_merchant.3207	NPC	3207	8723,13336	11	false
cache-npc-family.gem_trader.2874	NPC	2874		11	false
cache-npc-family.gemstone_crab.14779	NPC	14779		9	false
cache-npc-family.general_graardor.2215	NPC	2215	6494,12444	9	false
cache-npc-family.general_khazard.12025	NPC	12025	3510,12054,12055,12056	17	false
cache-npc-family.georgy.2620	NPC	2620		9	false
cache-npc-family.gerrant.1790	NPC	1790	2891	11	false
cache-npc-family.gethin.1482	NPC	1482		11	false
cache-npc-family.ghast.946	NPC	946	5625,5626,5627	10	false
cache-npc-family.ghost.85	NPC	85	86,87,88,89,90,91,92,93,94,95,96,97,98,99,472,473,474,505,506,507,2527,2528,2529,2530,2531,2532,2533,2534,3516,3625,3975,3976,3977,3978,3979,5370,7263,7264,9194,10697,10698,10699,11301,11860,11862,12254,14683	17	false
cache-npc-family.ghost_banker.3003	NPC	3003		11	false
cache-npc-family.ghost_captain.3005	NPC	3005	3006	17	false
cache-npc-family.ghost_guard.6698	NPC	6698	3007,11205	17	false
cache-npc-family.ghost_shopkeeper.3000	NPC	3000		11	false
cache-npc-family.ghoul.289	NPC	289		9	false
cache-npc-family.ghoul_champion.3330	NPC	3330		9	false
cache-npc-family.giant_ant.15436	NPC	15436	15437	10	false
cache-npc-family.giant_bat.2834	NPC	2834	4504,6824	9	false
cache-npc-family.giant_champion.3329	NPC	3329		9	false
cache-npc-family.giant_crypt_rat.1680	NPC	1680	1681,1682	9	false
cache-npc-family.giant_crypt_spider.1684	NPC	1684		9	false
cache-npc-family.giant_frog.477	NPC	477	8700	10	false
cache-npc-family.giant_goblin.12452	NPC	12452		9	false
cache-npc-family.giant_lobster.2994	NPC	2994	4800,15034	10	false
cache-npc-family.giant_mole.5779	NPC	5779	6499	9	false
cache-npc-family.giant_mosquito.1041	NPC	1041	15440	9	false
cache-npc-family.giant_roc.763	NPC	763	6323,6384	13	false
cache-npc-family.giant_rock_crab.2261	NPC	2261	5940,14424	9	false
cache-npc-family.giant_rockslug.7392	NPC	7392		9	false
cache-npc-family.giant_scarab.797	NPC	797	1127,6343	13	false
cache-npc-family.giant_sea_snake.1101	NPC	1101		9	false
cache-npc-family.giant_skeleton.680	NPC	680	681,6440	10	false
cache-npc-family.giant_snail.5628	NPC	5628	5629,5630	10	false
cache-npc-family.giant_wasp.15438	NPC	15438	15439	9	false
cache-npc-family.gileth.2683	NPC	2683		11	false
cache-npc-family.glacies.11286	NPC	11286		9	false
cache-npc-family.glenda.9163	NPC	9163		11	false
cache-npc-family.glod.5129	NPC	5129	6297,6358	13	false
cache-npc-family.glorfindel.9073	NPC	9073		11	false
cache-npc-family.glough.7101	NPC	7101	1425,2061,7100,7102,7115	17	false
cache-npc-family.gnome.5968	NPC	5968	4233,4234,5130,5132,5309,5969,5970,6094,6095,6096	17	false
cache-npc-family.gnome_archer.6097	NPC	6097		9	false
cache-npc-family.gnome_banker.6084	NPC	6084		11	false
cache-npc-family.gnome_child.6077	NPC	6077	6078,6079	9	false
cache-npc-family.gnome_driver.6098	NPC	6098		9	false
cache-npc-family.gnome_guard.6081	NPC	6081	6082,6574,11199	10	false
cache-npc-family.gnome_mage.6099	NPC	6099		9	false
cache-npc-family.gnome_troop.4973	NPC	4973	4974,5966,5967	10	false
cache-npc-family.gnome_waiter.2657	NPC	2657		11	false
cache-npc-family.gnome_woman.6086	NPC	6086	6087	9	false
cache-npc-family.goat.1792	NPC	1792	1793,1795,1796	9	false
cache-npc-family.goblin_champion.3353	NPC	3353		9	false
cache-npc-family.goblin_guard.5369	NPC	5369	11314,11315	17	false
cache-npc-family.golem.2836	NPC	2836	9051	10	false
cache-npc-family.golem_guard.14125	NPC	14125		9	false
cache-npc-family.golova.6953	NPC	6953		11	false
cache-npc-family.gorad.4367	NPC	4367		9	false
cache-npc-family.gorak.1834	NPC	1834	3141	10	false
cache-npc-family.goreu.5297	NPC	5297		11	false
cache-npc-family.grace.5919	NPC	5919		11	false
cache-npc-family.grand_exchange_clerk.2148	NPC	2148	2149,2150,2151	11	false
cache-npc-family.grave_scorpion.5372	NPC	5372		9	false
cache-npc-family.great_olm.7554	NPC	7554	7553,7555	13	false
cache-npc-family.great_white_shark.15200	NPC	15200	15201	17	false
cache-npc-family.greater_abyssal_demon.7410	NPC	7410	12451	10	false
cache-npc-family.greater_demon.2025	NPC	2025	2026,2027,2028,2029,2030,2031,2032,7244,7245,7246,7871,7872,7873,12387	10	false
cache-npc-family.greater_nechryael.7278	NPC	7278	11240	9	false
cache-npc-family.greater_skeleton_hellhound.6614	NPC	6614	12108	10	false
cache-npc-family.green_dragon.260	NPC	260	261,262,263,264,7868,7869,7870,8082,13010,13488	10	false
cache-npc-family.greengrocer.776	NPC	776	3689	11	false
cache-npc-family.gregory.14912	NPC	14912		11	false
cache-npc-family.grey_golem.4744	NPC	4744		9	false
cache-npc-family.grigor_rasputin.9697	NPC	9697		11	false
cache-npc-family.grimy_lizard.13029	NPC	13029	14430	9	false
cache-npc-family.grinka_krast.9720	NPC	9720		11	false
cache-npc-family.grip.4919	NPC	4919		9	false
cache-npc-family.grizzly_bear.2838	NPC	2838	3423,11989	10	false
cache-npc-family.grizzly_bear_cub.3424	NPC	3424	3425	10	false
cache-npc-family.group_storage_tutor.11230	NPC	11230		11	false
cache-npc-family.growler.2207	NPC	2207		9	false
cache-npc-family.growthling.8194	NPC	8194		9	false
cache-npc-family.grum.1789	NPC	1789	2889	11	false
cache-npc-family.gryphon.14857	NPC	14857	14858,15009	9	false
cache-npc-family.guard_bandit.1027	NPC	1027		9	false
cache-npc-family.guardian_drake.10400	NPC	10400		9	false
cache-npc-family.guardian_mummy.1779	NPC	1779		11	false
cache-npc-family.guardian_of_armadyl.3445	NPC	3445	3446,13509	17	false
cache-npc-family.guildmaster_jane.8587	NPC	8587	8586	17	false
cache-npc-family.guilin.9070	NPC	9070		11	false
cache-npc-family.guinevere.9164	NPC	9164		11	false
cache-npc-family.gulldamar.2364	NPC	2364		11	false
cache-npc-family.gulluck.15	NPC	15		11	false
cache-npc-family.gummy.3598	NPC	3598		11	false
cache-npc-family.gundai.1600	NPC	1600		11	false
cache-npc-family.gunslik.2359	NPC	2359		11	false
cache-npc-family.gunthor_the_brave.299	NPC	299		9	false
cache-npc-family.guppa.15064	NPC	15064		11	false
cache-npc-family.gurtob.15100	NPC	15100	15099	17	false
cache-npc-family.guthan_the_infested.1674	NPC	1674		9	false
cache-npc-family.gwallter.9158	NPC	9158		11	false
cache-npc-family.gwyn.9159	NPC	9159		11	false
cache-npc-family.gwyna.15107	NPC	15107	15106	17	false
cache-npc-family.gyr_falcon.1342	NPC	1342	1343,1344	11	false
cache-npc-family.h_a_m_archer.5157	NPC	5157		9	false
cache-npc-family.h_a_m_guard.2536	NPC	2536	2537,2538	10	false
cache-npc-family.h_a_m_mage.5158	NPC	5158		9	false
cache-npc-family.h_a_m_member.2540	NPC	2540	2541,2542,2543,4513,4514	17	false
cache-npc-family.haemas_lamescus.9698	NPC	9698		11	false
cache-npc-family.hairdresser.1305	NPC	1305		11	false
cache-npc-family.hajedy.5356	NPC	5356		11	false
cache-npc-family.halla.3678	NPC	3678	1079	12	false
cache-npc-family.hamab.5253	NPC	5253		11	false
cache-npc-family.haming.768	NPC	768		11	false
cache-npc-family.hammerhead_shark.15196	NPC	15196	15197	17	false
cache-npc-family.hari.1325	NPC	1325		11	false
cache-npc-family.harminia.12766	NPC	12766		11	false
cache-npc-family.harpie_bug_swarm.464	NPC	464		9	false
cache-npc-family.harry.3213	NPC	3213		11	false
cache-npc-family.hatna.12707	NPC	12707		11	false
cache-npc-family.head.5644	NPC	5644	5645	9	false
cache-npc-family.head_guard.11093	NPC	11093	1209,11095,11097,11099,11101,11103,11105,11107	17	false
cache-npc-family.head_menaphite_guard.11529	NPC	11529		9	false
cache-npc-family.head_thief.4248	NPC	4248		9	false
cache-npc-family.headless_beast.10493	NPC	10493	10492,10506	13	false
cache-npc-family.heckel_funch.16	NPC	16		11	false
cache-npc-family.helemos.4924	NPC	4924		11	false
cache-npc-family.helga.770	NPC	770		11	false
cache-npc-family.hellhound.104	NPC	104	105,135,3133,7256,7877	10	false
cache-npc-family.helpful_spirit.11694	NPC	11694		11	false
cache-npc-family.henderson.14866	NPC	14866		11	false
cache-npc-family.hendor.7717	NPC	7717	9113	12	false
cache-npc-family.hengel.3284	NPC	3284		9	false
cache-npc-family.hermit_crab.14852	NPC	14852		9	false
cache-npc-family.hero.3295	NPC	3295	11934,11935	9	false
cache-npc-family.herquin.6529	NPC	6529		11	false
cache-npc-family.hervi.2362	NPC	2362		11	false
cache-npc-family.heskel.2679	NPC	2679		11	false
cache-npc-family.hespori.8583	NPC	8583	11192	10	false
cache-npc-family.hickton.3212	NPC	3212		11	false
cache-npc-family.hill_giant.2098	NPC	2098	2099,2100,2101,2102,2103,7261,10374,10375,10376,11467,12848,12849,12850,13502,13503,13504	17	false
cache-npc-family.hirko.2783	NPC	2783		11	false
cache-npc-family.historian_aldo.7615	NPC	7615	7226	17	false
cache-npc-family.hobgoblin.132	NPC	132	2241,3049,3050,3286,3287,3288,3289,4805	10	false
cache-npc-family.hobgoblin_champion.3354	NPC	3354		9	false
cache-npc-family.holgart.5069	NPC	5069	5068,5070,5072,5073,7324,7789	17	false
cache-npc-family.holoy.2784	NPC	2784		11	false
cache-npc-family.holthion.8996	NPC	8996		9	false
cache-npc-family.honest_jimmy.1816	NPC	1816		11	false
cache-npc-family.hoop_snake.7802	NPC	7802		9	false
cache-npc-family.hopeless_beast.4696	NPC	4696	4697	9	false
cache-npc-family.hopeless_creature.1072	NPC	1072	1073,1074,4695	10	false
cache-npc-family.horace.6943	NPC	6943		11	false
cache-npc-family.hordal.12704	NPC	12704		11	false
cache-npc-family.horvik.2882	NPC	2882		11	false
cache-npc-family.hring_hring.1941	NPC	1941		11	false
cache-npc-family.hudo.12	NPC	12		11	false
cache-npc-family.hueycoatl_body.14017	NPC	14017		9	false
cache-npc-family.hueycoatl_tail.14014	NPC	14014		9	false
cache-npc-family.huge_spider.134	NPC	134		9	false
cache-npc-family.huito.13041	NPC	13041		11	false
cache-npc-family.hura.2785	NPC	2785		11	false
cache-npc-family.husk.9454	NPC	9454	9455,9466,9467	10	false
cache-npc-family.hydra.8609	NPC	8609		9	false
cache-npc-family.hygd.4110	NPC	4110		9	false
cache-npc-family.i_dscim_you.15553	NPC	15553		9	false
cache-npc-family.ian.2196	NPC	2196		11	false
cache-npc-family.ice_elemental.14151	NPC	14151		9	false
cache-npc-family.ice_giant.2085	NPC	2085	2086,2087,2088,2089,7878,7879,7880,13796,13797	10	false
cache-npc-family.ice_queen.4922	NPC	4922		9	false
cache-npc-family.ice_spider.3022	NPC	3022	10722,13798	9	false
cache-npc-family.ice_troll.648	NPC	648	649,650,651,652,653,654,698,699,700,701,702,703,704,705	17	false
cache-npc-family.ice_troll_female.1876	NPC	1876	5830	9	false
cache-npc-family.ice_troll_grunt.1877	NPC	1877	5831	9	false
cache-npc-family.ice_troll_king.5822	NPC	5822	6294,6356	13	false
cache-npc-family.ice_troll_male.1875	NPC	1875	5829	9	false
cache-npc-family.ice_troll_runt.1874	NPC	1874	5828	9	false
cache-npc-family.ice_warrior.2841	NPC	2841	2842,2851,13802	9	false
cache-npc-family.ice_wolf.645	NPC	645	646,647,710,711,712,713,714,715	10	false
cache-npc-family.icefiend.3140	NPC	3140	4813	10	false
cache-npc-family.icelord.852	NPC	852	853,854,855	9	false
cache-npc-family.ichta.13929	NPC	13929		11	false
cache-npc-family.idril.9063	NPC	9063		11	false
cache-npc-family.ifaba.5252	NPC	5252		11	false
cache-npc-family.ignisia.7374	NPC	7374		11	false
cache-npc-family.ilfeen.8769	NPC	8769	8676,8825	17	false
cache-npc-family.imia.13131	NPC	13131		11	false
cache-npc-family.imiago.2688	NPC	2688		11	false
cache-npc-family.imin.9082	NPC	9082		11	false
cache-npc-family.iminye.9087	NPC	9087		11	false
cache-npc-family.imp.3134	NPC	3134	5007,14200,14207,14233,15646,15647,15648,15649,15653,15654,15655,15656,15657,15658	17	false
cache-npc-family.imp_champion.3355	NPC	3355		9	false
cache-npc-family.impaler_deer.15759	NPC	15759		9	false
cache-npc-family.imre.2614	NPC	2614		9	false
cache-npc-family.indis.9086	NPC	9086		11	false
cache-npc-family.infernal_mage.443	NPC	443	444,445,446,447	9	false
cache-npc-family.infernal_pyrelord.9465	NPC	9465		9	false
cache-npc-family.inga.3946	NPC	3946	13162	17	false
cache-npc-family.ingwe.9071	NPC	9071		11	false
cache-npc-family.ingwion.9064	NPC	9064		11	false
cache-npc-family.insatiable_bloodveld.7397	NPC	7397		9	false
cache-npc-family.insatiable_mutated_bloodveld.7398	NPC	7398		9	false
cache-npc-family.invrigar_the_necromancer.511	NPC	511		9	false
cache-npc-family.iorwerth_archer.3428	NPC	3428	8760,8923,8953,8954	9	false
cache-npc-family.iorwerth_warrior.3429	NPC	3429	8759,8922,8955,8956,9502,9503	9	false
cache-npc-family.irina.2622	NPC	2622		9	false
cache-npc-family.irksol.3203	NPC	3203		11	false
cache-npc-family.iron_bill.14915	NPC	14915		11	false
cache-npc-family.iron_dragon.272	NPC	272	273,7254,8080	10	false
cache-npc-family.irvig_senay.3965	NPC	3965		9	false
cache-npc-family.ishmael.10618	NPC	10618		11	false
cache-npc-family.islwyn.8675	NPC	8675	7780,8818,8819,9146	17	false
cache-npc-family.ithoi_the_navigator.7964	NPC	7964	7961	17	false
cache-npc-family.ivan_strom.9532	NPC	9532	4440,4441,5053,9530,9531,9536,15835,15855,15856,15857,15861,15864	17	false
cache-npc-family.iwan.9153	NPC	9153		11	false
cache-npc-family.jack.8037	NPC	8037	5544	17	false
cache-npc-family.jackal.4185	NPC	4185	11583	9	false
cache-npc-family.jade.2472	NPC	2472		11	false
cache-npc-family.jaguar.12976	NPC	12976		9	false
cache-npc-family.jaguar_cub.12977	NPC	12977		9	false
cache-npc-family.jaguar_warrior.12810	NPC	12810	13660	10	false
cache-npc-family.jail_guard.4276	NPC	4276	4277,4278,4279,14885,14886	17	false
cache-npc-family.jailer.300	NPC	300		9	false
cache-npc-family.jake.3863	NPC	3863		9	false
cache-npc-family.jal_ak.7693	NPC	7693		9	false
cache-npc-family.jal_akrek_ket.7696	NPC	7696		9	false
cache-npc-family.jal_akrek_mej.7694	NPC	7694		9	false
cache-npc-family.jal_akrek_xil.7695	NPC	7695		9	false
cache-npc-family.jal_imkot.7697	NPC	7697	12455,12594	9	false
cache-npc-family.jal_mejjak.7708	NPC	7708		9	false
cache-npc-family.jal_mejrah.7692	NPC	7692		9	false
cache-npc-family.jal_nib.7691	NPC	7691		9	false
cache-npc-family.jal_xil.7698	NPC	7698	7702	9	false
cache-npc-family.jal_zek.7699	NPC	7699	7703	9	false
cache-npc-family.jaltok_jad.7700	NPC	7700	7704,10623	9	false
cache-npc-family.jamila.3892	NPC	3892		11	false
cache-npc-family.jaraah.3344	NPC	3344		11	false
cache-npc-family.jardric.8106	NPC	8106	8053,8105,8107,8155	17	false
cache-npc-family.jatix.8532	NPC	8532		11	false
cache-npc-family.javelin_colossus.12817	NPC	12817		9	false
cache-npc-family.jeb.4803	NPC	4803	4802	17	false
cache-npc-family.jeff.3282	NPC	3282	5546,10415	17	false
cache-npc-family.jelly.437	NPC	437	438,439,440,441,442,7518,11241,11242,11243,11244,11245	17	false
cache-npc-family.jennella.3944	NPC	3944		9	false
cache-npc-family.jennifer.305	NPC	305	905,906	17	false
cache-npc-family.jhallan.12353	NPC	12353	12064,12354	17	false
cache-npc-family.jiminua.2893	NPC	2893		11	false
cache-npc-family.jittery_jim.15273	NPC	15273	15272,15275	17	false
cache-npc-family.jobless_jim.15254	NPC	15254	15253,15256	17	false
cache-npc-family.joe.4019	NPC	4019	1216,4289,11577	17	false
cache-npc-family.jofridr_mordstatter.1884	NPC	1884		11	false
cache-npc-family.jogre.2094	NPC	2094	2234	10	false
cache-npc-family.jogre_champion.3356	NPC	3356		9	false
cache-npc-family.johnathon.5445	NPC	5445	5443	17	false
cache-npc-family.jolly_jim.15283	NPC	15283	15282,15285	17	false
cache-npc-family.jonny_the_beard.14139	NPC	14139	14138	17	false
cache-npc-family.jorzik.1561	NPC	1561		11	false
cache-npc-family.joseph.2616	NPC	2616		9	false
cache-npc-family.jossik.4423	NPC	4423	4424	17	false
cache-npc-family.jubbly_bird.4863	NPC	4863	4864	17	false
cache-npc-family.jubster.3604	NPC	3604		9	false
cache-npc-family.judge_of_yama.10938	NPC	10938	14180,15663	17	false
cache-npc-family.jukat.3201	NPC	3201		11	false
cache-npc-family.jumaane.7121	NPC	7121		11	false
cache-npc-family.jungle_demon.1443	NPC	1443	6321,6382	13	false
cache-npc-family.jungle_eagle.1488	NPC	1488		11	false
cache-npc-family.jungle_horror.1042	NPC	1042	1043,1044,1045,1046	9	false
cache-npc-family.jungle_spider.3020	NPC	3020	5243,6267,6271	10	false
cache-npc-family.jungle_wolf.232	NPC	232		9	false
cache-npc-family.junior_jim.14975	NPC	14975	14974,15238	17	false
cache-npc-family.junior_navigator.7764	NPC	7764	7763	17	false
cache-npc-family.justiciar_zachariah.7858	NPC	7858	12449	10	false
cache-npc-family.justine.8721	NPC	8721		11	false
cache-npc-family.juvenile_custodian_stalker.14702	NPC	14702		9	false
cache-npc-family.k_ril_tsutsaroth.3129	NPC	3129	6495,12446	9	false
cache-npc-family.kaiquir.15601	NPC	15601		11	false
cache-npc-family.kalphite_guardian.959	NPC	959	960,962	9	false
cache-npc-family.kalphite_queen.963	NPC	963	965,4303,4304,6500,6501	9	false
cache-npc-family.kalphite_soldier.138	NPC	138	957,958	9	false
cache-npc-family.kalphite_worker.955	NPC	955	956,961	9	false
cache-npc-family.kalrag.8993	NPC	8993		9	false
cache-npc-family.kamfreena.2461	NPC	2461		11	false
cache-npc-family.kamil.3458	NPC	3458	1129,6345	13	false
cache-npc-family.karamel.4882	NPC	4882	6310,6371	13	false
cache-npc-family.karil_the_tainted.1675	NPC	1675		9	false
cache-npc-family.kasonde.12262	NPC	12262	12256,12257,12258,12263,12264	17	false
cache-npc-family.kasonde_the_craven.12331	NPC	12331	12332	9	false
cache-npc-family.kathy_corkat.4299	NPC	4299	4298	17	false
cache-npc-family.kazemde.4755	NPC	4755		11	false
cache-npc-family.kebbit.1494	NPC	1494		9	false
cache-npc-family.keef.7105	NPC	7105	7104	17	false
cache-npc-family.keepa_kettilon.1945	NPC	1945		11	false
cache-npc-family.kelyn.9015	NPC	9015	8914	17	false
cache-npc-family.kenelme.7202	NPC	7202		11	false
cache-npc-family.kephri.11719	NPC	11719	11721,12125	9	false
cache-npc-family.ket_zek.3125	NPC	3125	3126,15572,15573	10	false
cache-npc-family.ketla_the_unworthy.12329	NPC	12329	12330	9	false
cache-npc-family.khazard_commander.4972	NPC	4972		9	false
cache-npc-family.khazard_guard.1208	NPC	1208	1210,1211,12019,12020,12021	17	false
cache-npc-family.khazard_ogre.1225	NPC	1225		9	false
cache-npc-family.khazard_scorpion.1226	NPC	1226		9	false
cache-npc-family.khazard_trooper.4969	NPC	4969	4970,5964,5965	9	false
cache-npc-family.khazard_warlord.6390	NPC	6390	6329,7621,7622	17	false
cache-npc-family.killerwatt.469	NPC	469	470	9	false
cache-npc-family.king.14496	NPC	14496		11	false
cache-npc-family.king_black_dragon.239	NPC	239	6502,12440	10	false
cache-npc-family.king_kurask.7405	NPC	7405		9	false
cache-npc-family.king_narnode_shareen.8020	NPC	8020	8019	17	false
cache-npc-family.king_roald.4163	NPC	4163	5215,6328,6389,8042,12621	17	false
cache-npc-family.king_sand_crab.7266	NPC	7266		9	false
cache-npc-family.king_scorpion.3027	NPC	3027		9	false
cache-npc-family.knight_of_ardougne.3297	NPC	3297	3300,8799,8800,8851,8852,8854,11902,11936	17	false
cache-npc-family.knight_of_saradomin.2213	NPC	2213	2214	10	false
cache-npc-family.knight_of_varlamore.12916	NPC	12916	7477,8712,12902,12904,12906,12908,12910,12912,12914,13114,13115,13116,13117,13118,13119	17	false
cache-npc-family.kob.7107	NPC	7107	7106	17	false
cache-npc-family.kolodion.1609	NPC	1609	1603,1605,1606,1607,1608	17	false
cache-npc-family.konar_quo_maten.8623	NPC	8623		11	false
cache-npc-family.korgan.15408	NPC	15408		11	false
cache-npc-family.kortan.8683	NPC	8683		11	false
cache-npc-family.kovac.11472	NPC	11472	11468,11470	17	false
cache-npc-family.kragen.2665	NPC	2665		11	false
cache-npc-family.kraka.928	NPC	928		9	false
cache-npc-family.kraken.494	NPC	494	6656	17	false
cache-npc-family.kree_arra.3162	NPC	3162	6492,12443,15697	9	false
cache-npc-family.kroy.9560	NPC	9560	9773	17	false
cache-npc-family.kruk.6805	NPC	6805	5257,6804,7099	17	false
cache-npc-family.krystilia.7663	NPC	7663		11	false
cache-npc-family.ksenia.2627	NPC	2627		9	false
cache-npc-family.kuradal.13623	NPC	13623		11	false
cache-npc-family.kurask.410	NPC	410	411	9	false
cache-npc-family.kylie_minnow.7728	NPC	7728	7727	17	false
cache-npc-family.lammy_langle.6814	NPC	6814		11	false
cache-npc-family.lanthus.11650	NPC	11650		11	false
cache-npc-family.lanzig.3940	NPC	3940		9	false
cache-npc-family.lara.15605	NPC	15605		11	false
cache-npc-family.large_chicken.14510	NPC	14510		9	false
cache-npc-family.large_mosquito.6272	NPC	6272		9	false
cache-npc-family.larry.828	NPC	828	827,829,2197,10418	17	false
cache-npc-family.lasenna_rasputin.9709	NPC	9709		11	false
cache-npc-family.lassin.12706	NPC	12706		11	false
cache-npc-family.latlink_fastbell.8537	NPC	8537		11	false
cache-npc-family.lava_dragon.6593	NPC	6593	12607,12608	9	false
cache-npc-family.lava_strykewyrm.15500	NPC	15500		9	false
cache-npc-family.lead_navigator.7762	NPC	7762	7761	17	false
cache-npc-family.leech.3233	NPC	3233	15441	9	false
cache-npc-family.leenz.6986	NPC	6986		11	false
cache-npc-family.leke_quo_keran.8697	NPC	8697		11	false
cache-npc-family.lensa.3943	NPC	3943	1952	17	false
cache-npc-family.lenwe.9116	NPC	9116		11	false
cache-npc-family.lenyig_karna.9723	NPC	9723		11	false
cache-npc-family.leon.1502	NPC	1502		11	false
cache-npc-family.leon_d_cour.3360	NPC	3360		9	false
cache-npc-family.lesser_demon.2005	NPC	2005	2006,2007,2008,2018,3982,7247,7248,7656,7657,7664,7865,7866,7867,12361,12363,12365,12376,12389	10	false
cache-npc-family.lesser_demon_champion.3357	NPC	3357		9	false
cache-npc-family.lev.2619	NPC	2619		9	false
cache-npc-family.lidio.2469	NPC	2469		11	false
cache-npc-family.liliwen.2689	NPC	2689		11	false
cache-npc-family.liliya.2632	NPC	2632		9	false
cache-npc-family.lilly.2470	NPC	2470		11	false
cache-npc-family.lindir.9062	NPC	9062		11	false
cache-npc-family.lisa.7317	NPC	7317	7316	17	false
cache-npc-family.lizard.458	NPC	458		9	false
cache-npc-family.lizardman.6914	NPC	6914	6915,6916,6917,8563	10	false
cache-npc-family.lizardman_brute.6918	NPC	6918	6919,8564,10947	9	false
cache-npc-family.lizardman_shaman.6766	NPC	6766	6767,7573,7574,7744,7745,8565	17	false
cache-npc-family.lliann.9170	NPC	9170		11	false
cache-npc-family.llio.9168	NPC	9168		11	false
cache-npc-family.lobstrosity.7796	NPC	7796		9	false
cache-npc-family.locust.11584	NPC	11584	11585	9	false
cache-npc-family.locust_rider.795	NPC	795	796,800,801	10	false
cache-npc-family.logava.6945	NPC	6945		11	false
cache-npc-family.loinur.7231	NPC	7231		11	false
cache-npc-family.long_tailed_wyvern.7792	NPC	7792		9	false
cache-npc-family.lorelai.2135	NPC	2135		11	false
cache-npc-family.lost_barbarian.2921	NPC	2921		9	false
cache-npc-family.louie_legs.2876	NPC	2876		11	false
cache-npc-family.lowe.2883	NPC	2883		11	false
cache-npc-family.lowerniel_drakan.16204	NPC	16204	16209,16210,16211,16227	10	false
cache-npc-family.lucien.13607	NPC	13607	13527,13608,13609	17	false
cache-npc-family.lucius.14363	NPC	14363		9	false
cache-npc-family.lumberjack_leif.3653	NPC	3653		11	false
cache-npc-family.lumdo.1454	NPC	1454	1453	17	false
cache-npc-family.lunami.14657	NPC	14657		11	false
cache-npc-family.lundail.1601	NPC	1601		11	false
cache-npc-family.lurgon.2314	NPC	2314		11	false
cache-npc-family.lynx.11068	NPC	11068	11069	10	false
cache-npc-family.lynx_tamer.11071	NPC	11071		9	false
cache-npc-family.lyra.2666	NPC	2666		11	false
cache-npc-family.maeglin.9077	NPC	9077		11	false
cache-npc-family.mag.14841	NPC	14841	14840	17	false
cache-npc-family.mage_of_zamorak.2580	NPC	2580	2581,2582,7425	17	false
cache-npc-family.maggot_king.15742	NPC	15742		9	false
cache-npc-family.magic_axe.2844	NPC	2844	7269	9	false
cache-npc-family.magic_combat_tutor.3218	NPC	3218		11	false
cache-npc-family.magic_mark.13663	NPC	13663		9	false
cache-npc-family.magma_strykewyrm.15504	NPC	15504		9	false
cache-npc-family.magnus_gram.6512	NPC	6512	6513	11	false
cache-npc-family.mahtan.9085	NPC	9085		11	false
cache-npc-family.mairin.7784	NPC	7784		11	false
cache-npc-family.makeover_mage.1306	NPC	1306	1307,8487	11	false
cache-npc-family.malevolent_mage.7396	NPC	7396	12456	10	false
cache-npc-family.mama.4020	NPC	4020		11	false
cache-npc-family.mammoth.6604	NPC	6604		9	false
cache-npc-family.maniacal_monkey.6803	NPC	6803	7118	10	false
cache-npc-family.maniacal_monkey_archer.7119	NPC	7119		9	false
cache-npc-family.manta_ray.15220	NPC	15220	15221	17	false
cache-npc-family.manticore.12818	NPC	12818		9	false
cache-npc-family.marble_gargoyle.7407	NPC	7407	7408	9	false
cache-npc-family.marcellus.12936	NPC	12936	12935	17	false
cache-npc-family.marisi.6921	NPC	6921		11	false
cache-npc-family.market_guard.2120	NPC	2120	3949,5732	10	false
cache-npc-family.market_seller.3537	NPC	3537		11	false
cache-npc-family.marla.14914	NPC	14914	13999	17	false
cache-npc-family.marlo.10409	NPC	10409	10408	17	false
cache-npc-family.marten.10370	NPC	10370		11	false
cache-npc-family.martin_the_master_gardener.5832	NPC	5832		11	false
cache-npc-family.martin_thwait.3193	NPC	3193		11	false
cache-npc-family.mary.10503	NPC	10503	4216,10502	17	false
cache-npc-family.master_farmer.5730	NPC	5730	5731,11940,11941,13236,13237,13238,13239,13240,13241,13242,13243,14755,14756,14757,14758	11	false
cache-npc-family.matilda.771	NPC	771		11	false
cache-npc-family.mature_custodian_stalker.14703	NPC	14703		9	false
cache-npc-family.mawrth.5300	NPC	5300	8927	17	false
cache-npc-family.maxilla_beast.16233	NPC	16233		9	false
cache-npc-family.mazchna.13620	NPC	13620	13561	17	false
cache-npc-family.me.785	NPC	785	786,6320,6381	13	false
cache-npc-family.meaty_aura_logist.15154	NPC	15154		11	false
cache-npc-family.melana_moonlander.3840	NPC	3840		11	false
cache-npc-family.melzar_the_mad.823	NPC	823		9	false
cache-npc-family.menaphite_akh.11492	NPC	11492	11493	9	false
cache-npc-family.menaphite_shadow.11462	NPC	11462		9	false
cache-npc-family.menaphite_thug.3549	NPC	3549	3550	9	false
cache-npc-family.mercenary.4656	NPC	4656	287,4657,4658,4659,4678,8213,8214,8215	17	false
cache-npc-family.mercenary_axeman.13535	NPC	13535	13536	9	false
cache-npc-family.mercenary_captain.4635	NPC	4635		9	false
cache-npc-family.mercenary_mage.13537	NPC	13537		9	false
cache-npc-family.mernia.7758	NPC	7758		11	false
cache-npc-family.metla.13140	NPC	13140		11	false
cache-npc-family.mike.4022	NPC	4022		11	false
cache-npc-family.milla.2624	NPC	2624		9	false
cache-npc-family.miltog.2297	NPC	2297		11	false
cache-npc-family.mind_golem.10693	NPC	10693		9	false
cache-npc-family.miner_magnus.3654	NPC	3654		11	false
cache-npc-family.minimus.12808	NPC	12808	12807	17	false
cache-npc-family.minotaur.2481	NPC	2481	2482,2483,12812,12813,13815	10	false
cache-npc-family.miriam.7227	NPC	7227		11	false
cache-npc-family.miriel.9054	NPC	9054		11	false
cache-npc-family.mirrorback_araxyte.13671	NPC	13671		9	false
cache-npc-family.misdrievus_shadum.9693	NPC	9693		11	false
cache-npc-family.mister_u.15679	NPC	15679		9	false
cache-npc-family.mithrellas.9060	NPC	9060		11	false
cache-npc-family.mithril_dragon.2919	NPC	2919	8089	9	false
cache-npc-family.mogre.2592	NPC	2592	15230,15231,15232,15233	17	false
cache-npc-family.mogrim.7230	NPC	7230		11	false
cache-npc-family.molanisk.1	NPC	1		9	false
cache-npc-family.moldof.769	NPC	769		11	false
cache-npc-family.monk.2579	NPC	2579	542,543,544,545,553,554,555,556,1159,4068,4246,4563,6956	17	false
cache-npc-family.monk_of_entrana.1165	NPC	1165	1166,1167,1168,1169,1170	11	false
cache-npc-family.monk_of_zamorak.527	NPC	527	528,529,8400,8401,8698,16154,16155,16156,16271,16272,16273	10	false
cache-npc-family.monkey.1038	NPC	1038	23,1817,2848,5279,5280	17	false
cache-npc-family.monkey_archer.5272	NPC	5272	5273,5274,6794,6813	17	false
cache-npc-family.monkey_guard.5271	NPC	5271	5275,5276,6811	17	false
cache-npc-family.monkey_zombie.5281	NPC	5281	5282,5283	10	false
cache-npc-family.monstrous_basilisk.7395	NPC	7395	9287,9288	9	false
cache-npc-family.moonlight_cockatrice.13030	NPC	13030		9	false
cache-npc-family.mort_nightshade.9689	NPC	9689		11	false
cache-npc-family.mortina_daubenton.9708	NPC	9708		11	false
cache-npc-family.mosquito_swarm.6273	NPC	6273	6402	10	false
cache-npc-family.moss_giant.2090	NPC	2090	2091,2092,2093,3851,3852,7262,8736,12844,12845,12846,12847,14422	10	false
cache-npc-family.moss_guardian.891	NPC	891	6325,6386	13	false
cache-npc-family.mosschin.11271	NPC	11271	11298	17	false
cache-npc-family.mother.8428	NPC	8428	8425,8426,8429,8430	17	false
cache-npc-family.mountain_guide.7600	NPC	7600	7599,14529	17	false
cache-npc-family.mountain_troll.936	NPC	936	937,938,939,940,941,942,4143	10	false
cache-npc-family.mounted_terrorbird_gnome.2067	NPC	2067	2068,5971,5972,5973	10	false
cache-npc-family.mourner.8844	NPC	8844	8845,8846,8970,8971,8972,8975,8999,9000,9003,9004,9007,9008,9009,9013,9017	17	false
cache-npc-family.mouse.5127	NPC	5127	5128	9	false
cache-npc-family.mubariz.3331	NPC	3331		11	false
cache-npc-family.mudskipper.4820	NPC	4820	4821	10	false
cache-npc-family.mummy.717	NPC	717	720,721,722,723,724,725,726,727,728,949,950,951,952,953,7658,7659,7660,7661,7662	10	false
cache-npc-family.munty.7088	NPC	7088		11	false
cache-npc-family.murky_matt_runes.5450	NPC	5450		11	false
cache-npc-family.mutant_tarn.6477	NPC	6477		9	false
cache-npc-family.mutated_bloodveld.7276	NPC	7276	9611	9	false
cache-npc-family.mutated_terrorbird.12464	NPC	12464		9	false
cache-npc-family.mutated_tortoise.12465	NPC	12465		9	false
cache-npc-family.mute_jack.15681	NPC	15681		9	false
cache-npc-family.myre_blamish_snail.2634	NPC	2634	2649	10	false
cache-npc-family.mysterious_bandit.12347	NPC	12347		11	false
cache-npc-family.mysterious_figure.12300	NPC	12300	8897,12297,12301	17	false
cache-npc-family.mysterious_stranger.9640	NPC	9640	9639,10875,10876,16269,16270	17	false
cache-npc-family.nahta.13036	NPC	13036		11	false
cache-npc-family.nail_beast.2946	NPC	2946	2947,2948,9612,9613	10	false
cache-npc-family.nakasa_jovkai.9712	NPC	9712		11	false
cache-npc-family.nardah_banker.4762	NPC	4762		11	false
cache-npc-family.nardok.996	NPC	996		11	false
cache-npc-family.narf.3280	NPC	3280		9	false
cache-npc-family.narwhal.15202	NPC	15202	15203	17	false
cache-npc-family.natalidae_shadum.9707	NPC	9707		11	false
cache-npc-family.nathifa.3890	NPC	3890		11	false
cache-npc-family.nazastarool.5353	NPC	5353	5354,5355,6337,6338,6339,6398,6399,6400	13	false
cache-npc-family.nechryael.8	NPC	8	11	9	false
cache-npc-family.nechryarch.7411	NPC	7411		9	false
cache-npc-family.necromancer.1025	NPC	1025	11088	10	false
cache-npc-family.necto.13930	NPC	13930		11	false
cache-npc-family.ned.4280	NPC	4280		11	false
cache-npc-family.neil.2201	NPC	2201		11	false
cache-npc-family.nellas.9090	NPC	9090		11	false
cache-npc-family.nerdanel.9107	NPC	9107		11	false
cache-npc-family.newtroost.3605	NPC	3605		9	false
cache-npc-family.nex.11278	NPC	11278	11280,11281,11282	9	false
cache-npc-family.nezikchened.3962	NPC	3962	6318,6379	13	false
cache-npc-family.nia.9165	NPC	9165		11	false
cache-npc-family.nieve.6797	NPC	6797	7108	17	false
cache-npc-family.night_beast.7409	NPC	7409	12459	10	false
cache-npc-family.nikita.2629	NPC	2629		9	false
cache-npc-family.nikkie.8533	NPC	8533		11	false
cache-npc-family.nikolai.2617	NPC	2617		9	false
cache-npc-family.nimloth.9108	NPC	9108		11	false
cache-npc-family.noctillion_lugosi.9695	NPC	9695		11	false
cache-npc-family.nolar.2363	NPC	2363		11	false
cache-npc-family.nomad.10529	NPC	10529	10516,10528	17	false
cache-npc-family.noterazzo.8692	NPC	8692		11	false
cache-npc-family.nuclear_smoke_devil.7406	NPC	7406		9	false
cache-npc-family.nulodion.1400	NPC	1400		11	false
cache-npc-family.nurmof.8686	NPC	8686		11	false
cache-npc-family.nylocas_athanatos.8384	NPC	8384	10844,10861	10	false
cache-npc-family.nylocas_hagios.8344	NPC	8344	8347,8350,8353,8383,10776,10779,10782,10785,10793,10796,10799,10802,10843,10860,15978,15981	10	false
cache-npc-family.nylocas_ischyros.8342	NPC	8342	8345,8348,8351,8381,10774,10777,10780,10783,10791,10794,10797,10800,10841,10858,15976,15979,16234,16236	10	false
cache-npc-family.nylocas_matomenos.8366	NPC	8366	8385,10820,10828,10845,10862,15993	10	false
cache-npc-family.nylocas_prinkipas.10804	NPC	10804	10805,10806	9	false
cache-npc-family.nylocas_toxobolos.8343	NPC	8343	8346,8349,8352,8382,10775,10778,10781,10784,10792,10795,10798,10801,10842,10859,15977,15980,16235,16237	10	false
cache-npc-family.nylocas_vasilias.8355	NPC	8355	8356,8357,10787,10788,10789,10808,10809,10810,15983,15984,15985	10	false
cache-npc-family.oaky_doak.15677	NPC	15677		9	false
cache-npc-family.oarswoman_olga.15303	NPC	15303	15302,15305	17	false
cache-npc-family.obli.5362	NPC	5362		11	false
cache-npc-family.obor.7416	NPC	7416		9	false
cache-npc-family.ocelot.14545	NPC	14545	14546,14547	9	false
cache-npc-family.ocga.4108	NPC	4108		9	false
cache-npc-family.ochre_blamish_snail.2646	NPC	2646	2651	10	false
cache-npc-family.odovacar.8133	NPC	8133		11	false
cache-npc-family.ogre.136	NPC	136	1153,2095,2096,2233	10	false
cache-npc-family.ogre_boat.4858	NPC	4858	4859	11	false
cache-npc-family.ogre_chieftain.4362	NPC	4362		9	false
cache-npc-family.ogre_merchant.4402	NPC	4402		11	false
cache-npc-family.ogre_shaman.4382	NPC	4382	2418,4383,4387,4389,4391,4393,4395,4571	17	false
cache-npc-family.ogre_trader.4401	NPC	4401	4403,4404	11	false
cache-npc-family.ogress_shaman.7991	NPC	7991	7992	9	false
cache-npc-family.ogress_warrior.7989	NPC	7989	7990	9	false
cache-npc-family.oipuis.5259	NPC	5259		9	false
cache-npc-family.old_jack.15680	NPC	15680		9	false
cache-npc-family.old_man_ral.15775	NPC	15775	15774	17	false
cache-npc-family.oldak.11384	NPC	11384	11266,11385	17	false
cache-npc-family.olivia.500	NPC	500	2121	11	false
cache-npc-family.oobapohk.7120	NPC	7120		11	false
cache-npc-family.oomlie_bird.2062	NPC	2062		9	false
cache-npc-family.operator.7072	NPC	7072	7073	17	false
cache-npc-family.orca.15204	NPC	15204	15205	17	false
cache-npc-family.ordan.1560	NPC	1560		11	false
cache-npc-family.oriana.13311	NPC	13311		11	false
cache-npc-family.ork.2237	NPC	2237	2104,2105,2106,2107,2238,2239,2240	17	false
cache-npc-family.oronwen.1478	NPC	1478		11	false
cache-npc-family.oropher.9083	NPC	9083		11	false
cache-npc-family.orophin.9067	NPC	9067		11	false
cache-npc-family.orrvor_quo_maten.8608	NPC	8608		11	false
cache-npc-family.oryx.13006	NPC	13006		9	false
cache-npc-family.osian.9160	NPC	9160		11	false
cache-npc-family.osprey.15222	NPC	15222	15223	17	false
cache-npc-family.osvald.1081	NPC	1081		11	false
cache-npc-family.oswald.11043	NPC	11043		11	false
cache-npc-family.oswallt.9138	NPC	9138		11	false
cache-npc-family.othainian.8994	NPC	8994		9	false
cache-npc-family.otherworldly_being.2843	NPC	2843		9	false
cache-npc-family.ouhai.5261	NPC	5261		9	false
cache-npc-family.outlaw.4167	NPC	4167	4168,4169,4170,4171,4172,4173,4174,4175,4176	9	false
cache-npc-family.oziach.822	NPC	822		11	false
cache-npc-family.padulah.5263	NPC	5263		9	false
cache-npc-family.paladin.1144	NPC	1144	3293,3294,8849,8850,8853,11894,11901,11930,11931,11932,11933	10	false
cache-npc-family.palmer.3869	NPC	3869		9	false
cache-npc-family.parasite.9452	NPC	9452	9453,9468,9469	10	false
cache-npc-family.passionate_supporter.12833	NPC	12833		9	false
cache-npc-family.pee_hat.927	NPC	927		9	false
cache-npc-family.peer_the_seer.3895	NPC	3895		11	false
cache-npc-family.peksa.2872	NPC	2872		11	false
cache-npc-family.pellem.13130	NPC	13130		11	false
cache-npc-family.penance_fighter.5739	NPC	5739	5740,5741,5742,5743,5744,5745,5746,5747	10	false
cache-npc-family.penance_queen.5775	NPC	5775		9	false
cache-npc-family.penance_ranger.5757	NPC	5757	5758,5759,5760,5761,5762,5763,5764,5765	10	false
cache-npc-family.penda.4109	NPC	4109		9	false
cache-npc-family.penguin.2063	NPC	2063	831,845	17	false
cache-npc-family.pennant.9142	NPC	9142	9141	17	false
cache-npc-family.perdie.14908	NPC	14908		11	false
cache-npc-family.perdu.7456	NPC	7456		11	false
cache-npc-family.perry.7240	NPC	7240		11	false
cache-npc-family.persten_the_deceitful.12333	NPC	12333		9	false
cache-npc-family.pestilent_bloat.8359	NPC	8359	10812,10813,15556	10	false
cache-npc-family.pete.15603	NPC	15603		11	false
cache-npc-family.petrified_pete.7776	NPC	7776		11	false
cache-npc-family.phantom_hand.10957	NPC	10957	10958	9	false
cache-npc-family.phantom_muspah.12077	NPC	12077	12078,12079,12080,12082,15549	10	false
cache-npc-family.phosani_s_nightmare.9416	NPC	9416	377,9417,9418,9419,9420,9421,9422,11153,11154,11155	17	false
cache-npc-family.picaria.13158	NPC	13158		11	false
cache-npc-family.pipistrelle_draynar.9714	NPC	9714		11	false
cache-npc-family.pirate.521	NPC	521	522,523,524,1447,4023,4024,4025,4026,4027,4028,4029,4030,4031,4032,4033,4034,4035,4036,4037,4038,4039,4040,4041,4042,4043,4044,4045,4046,4047,4048,4049,4050,4051,4052,6993,6994,6995,6998,7282,7917,7918,14155,14156,14874,14875,14876,14933,14934,14935,14936,14937,15021,15022,15023,15024	17	false
cache-npc-family.pirate_guard.4926	NPC	4926		9	false
cache-npc-family.pirate_jackie_the_fruit.7650	NPC	7650	7651	11	false
cache-npc-family.pit_scorpion.3026	NPC	3026		9	false
cache-npc-family.plague_frog.11586	NPC	11586		9	false
cache-npc-family.poison_scorpion.3025	NPC	3025		9	false
cache-npc-family.poison_spider.3023	NPC	3023	5373,11990,11999	10	false
cache-npc-family.polar_eagle.1489	NPC	1489		11	false
cache-npc-family.poltenip.4758	NPC	4758		9	false
cache-npc-family.pontak.3941	NPC	3941		11	false
cache-npc-family.porazdir.7860	NPC	7860	12448	10	false
cache-npc-family.porcupine.13968	NPC	13968		9	false
cache-npc-family.porkai.15604	NPC	15604		11	false
cache-npc-family.port_master.15459	NPC	15459	15460,15461,15462,15463,15464,15465,15466,15467,15468,15469,15470,15471,15472,15473,15474,15475,15476,15477,15478,15479,15480,15481,15482,15483,15484,15485,15486,15487,15488,15489	11	false
cache-npc-family.possessed_pickaxe.3612	NPC	3612	6469,7268	9	false
cache-npc-family.possessed_priest.4210	NPC	4210		9	false
cache-npc-family.praistan_ebola.2686	NPC	2686		11	false
cache-npc-family.praying_mantis.15430	NPC	15430	15431,15432	9	false
cache-npc-family.priestess_zul_gwenwynig.2033	NPC	2033	1617	17	false
cache-npc-family.prifddinas_guard.6595	NPC	6595	11211	9	false
cache-npc-family.primio.12888	NPC	12888	12889	11	false
cache-npc-family.prince_itzla_arkan.13784	NPC	13784	12650,12896,13690,13691,13770,13771,13772,13786,14279,14280,14281,14283,14284,14286	17	false
cache-npc-family.prissy_scilla.2687	NPC	2687		11	false
cache-npc-family.prospector_percy.6562	NPC	6562		11	false
cache-npc-family.punching_bag.15191	NPC	15191	15192	9	false
cache-npc-family.pygmy_kraken.15206	NPC	15206	15207	17	false
cache-npc-family.pyrefiend.433	NPC	433	434,435,436,3139	10	false
cache-npc-family.pyrelord.6762	NPC	6762	6795	9	false
cache-npc-family.quartermaster.3438	NPC	3438		11	false
cache-npc-family.queen_spawn.5776	NPC	5776		9	false
cache-npc-family.rabbit.1852	NPC	1852	1853,3420,3421,3422,3664,3665,9118,12851,12852,12853	10	false
cache-npc-family.rachael.5614	NPC	5614		11	false
cache-npc-family.radat.4759	NPC	4759		9	false
cache-npc-family.radiant_sanguisphera.12370	NPC	12370		9	false
cache-npc-family.raeli.7229	NPC	7229		11	false
cache-npc-family.raetul.11599	NPC	11599	11598,11600	17	false
cache-npc-family.ragnar.3674	NPC	3674	1374	17	false
cache-npc-family.ragnvald.3687	NPC	3687		9	false
cache-npc-family.ram.1261	NPC	1261	1262,1263,1264,1265	9	false
cache-npc-family.ramarno.10684	NPC	10684	10685	17	false
cache-npc-family.ranael.2878	NPC	2878		11	false
cache-npc-family.ranalph_devere.3966	NPC	3966		9	false
cache-npc-family.randivor.2361	NPC	2361		11	false
cache-npc-family.ranged_combat_tutor.3217	NPC	3217		11	false
cache-npc-family.ranging_ro.13664	NPC	13664		9	false
cache-npc-family.ranis_drakan.8244	NPC	8244	8248	9	false
cache-npc-family.rannveig.3681	NPC	3681		9	false
cache-npc-family.rantz.14793	NPC	14793	4855,4856,4857,14794	17	false
cache-npc-family.ranulph.14578	NPC	14578	14577	17	false
cache-npc-family.rasolo.679	NPC	679		11	false
cache-npc-family.rat.2492	NPC	2492	2513,2854,2855,4594,13624	17	false
cache-npc-family.raum_urda_stein.1943	NPC	1943		11	false
cache-npc-family.ravager.1704	NPC	1704	1705,1706,1707,1708	10	false
cache-npc-family.razmire_keelgan.1290	NPC	1290		11	false
cache-npc-family.reanimated_demon_spawn.7287	NPC	7287		9	false
cache-npc-family.rebel_scout.8965	NPC	8965	8966	11	false
cache-npc-family.red_dragon.247	NPC	247	248,249,250,251,8079,14511	10	false
cache-npc-family.redeyes.11272	NPC	11272	11299	17	false
cache-npc-family.reef_snake.15499	NPC	15499		9	false
cache-npc-family.ref.6073	NPC	6073	6074	11	false
cache-npc-family.regath.7056	NPC	7056		11	false
cache-npc-family.regulus_cento.12884	NPC	12884	12883,12885	17	false
cache-npc-family.reldak.2296	NPC	2296		11	false
cache-npc-family.remus_kaninus.9699	NPC	9699		11	false
cache-npc-family.renegade_knight.3517	NPC	3517		9	false
cache-npc-family.repugnant_spectre.7403	NPC	7403		9	false
cache-npc-family.retired_sailor.10612	NPC	10612		11	false
cache-npc-family.revenant_cyclops.7934	NPC	7934	15179	9	false
cache-npc-family.revenant_dark_beast.7938	NPC	7938	15183	9	false
cache-npc-family.revenant_demon.7936	NPC	7936	15181	9	false
cache-npc-family.revenant_dragon.7940	NPC	7940	15185	9	false
cache-npc-family.revenant_goblin.7931	NPC	7931	14864	9	false
cache-npc-family.revenant_hellhound.7935	NPC	7935	15180	9	false
cache-npc-family.revenant_hobgoblin.7933	NPC	7933	15178	9	false
cache-npc-family.revenant_imp.7881	NPC	7881	14814	9	false
cache-npc-family.revenant_knight.7939	NPC	7939	15184	9	false
cache-npc-family.revenant_maledictus.11246	NPC	11246		9	false
cache-npc-family.revenant_ork.7937	NPC	7937	15182	9	false
cache-npc-family.revenant_pyrefiend.7932	NPC	7932	14865	9	false
cache-npc-family.rewards_guardian.5984	NPC	5984		11	false
cache-npc-family.rhazien.2676	NPC	2676		11	false
cache-npc-family.rhonen.2673	NPC	2673		11	false
cache-npc-family.richard.503	NPC	503	2200,6954	11	false
cache-npc-family.rick.11410	NPC	11410	221,11409	17	false
cache-npc-family.rimae_sirsalis.3842	NPC	3842		11	false
cache-npc-family.river_troll.6732	NPC	6732	6733,6734,6735,6736,6737	10	false
cache-npc-family.riyl_shade.1282	NPC	1282		9	false
cache-npc-family.riyl_shadow.1281	NPC	1281	5631	9	false
cache-npc-family.roachey.8684	NPC	8684		11	false
cache-npc-family.roavar.6527	NPC	6527		11	false
cache-npc-family.robert_the_strong.8057	NPC	8057	2639	17	false
cache-npc-family.robin.2995	NPC	2995		11	false
cache-npc-family.robyn.11042	NPC	11042		11	false
cache-npc-family.rock.925	NPC	925		9	false
cache-npc-family.rock_crab.100	NPC	100	102	9	false
cache-npc-family.rock_golem.6725	NPC	6725	2182,6726,6727,6728,6729,6730,7439,7440,7441,7442,7443,7444,7445,7446,7447,7448,7449,7450,7736,7737,7738,15051,15052,15053	17	false
cache-npc-family.rock_lobster.5944	NPC	5944		9	false
cache-npc-family.rocnar.143	NPC	143		9	false
cache-npc-family.rogue.526	NPC	526	6603	10	false
cache-npc-family.rokuh.4761	NPC	4761		11	false
cache-npc-family.rometti.14	NPC	14		11	false
cache-npc-family.romily_weaklax.6533	NPC	6533		11	false
cache-npc-family.rommik.6530	NPC	6530		11	false
cache-npc-family.rooster.1175	NPC	1175	3663	10	false
cache-npc-family.rosie.8534	NPC	8534	10438	17	false
cache-npc-family.rowdy_guard.4654	NPC	4654		9	false
cache-npc-family.rowdy_slave.4634	NPC	4634		9	false
cache-npc-family.rufus.6478	NPC	6478	13315	17	false
cache-npc-family.rug_merchant.17	NPC	17	18,19,20,22	11	false
cache-npc-family.rum_dashed_ralph.15096	NPC	15096	15095	17	false
cache-npc-family.runa.1078	NPC	1078		11	false
cache-npc-family.rune_dragon.8027	NPC	8027	8031,8091	9	false
cache-npc-family.runite_golem.6600	NPC	6600		9	false
cache-npc-family.ruptura_araxyte.13673	NPC	13673		9	false
cache-npc-family.rusty.3281	NPC	3281		9	false
cache-npc-family.sabreen.3342	NPC	3342		11	false
cache-npc-family.saeros.9089	NPC	9089		11	false
cache-npc-family.sailor_jakob.15293	NPC	15293	15292,15295	17	false
cache-npc-family.salarin_the_twisted.304	NPC	304		9	false
cache-npc-family.salgant.9080	NPC	9080		11	false
cache-npc-family.salius.13970	NPC	13970		11	false
cache-npc-family.salvager.13971	NPC	13971	13972,13973,13975,13976,13977	11	false
cache-npc-family.sam.2204	NPC	2204	5613,7049	17	false
cache-npc-family.sami_the_camel_man.11878	NPC	11878		11	false
cache-npc-family.samir.14911	NPC	14911		11	false
cache-npc-family.san_fan.1814	NPC	1814		11	false
cache-npc-family.san_tojalon.3964	NPC	3964		9	false
cache-npc-family.sand_crab.5935	NPC	5935	7206	9	false
cache-npc-family.sand_snake.7895	NPC	7895	7894,7903	13	false
cache-npc-family.sandicrahb.7483	NPC	7483	7484	11	false
cache-npc-family.sanguidae.15756	NPC	15756	16223,16224,16225	9	false
cache-npc-family.saniboch.2345	NPC	2345		11	false
cache-npc-family.santiri.2357	NPC	2357		11	false
cache-npc-family.sarachnis.8713	NPC	8713		9	false
cache-npc-family.saradomin_priest.2209	NPC	2209		9	false
cache-npc-family.saradomin_wizard.2955	NPC	2955		9	false
cache-npc-family.saradominist_recruiter.8644	NPC	8644		11	false
cache-npc-family.sarah.501	NPC	501	7005,8134,10416	17	false
cache-npc-family.saro.2358	NPC	2358		11	false
cache-npc-family.sassilik.3945	NPC	3945	1991	17	false
cache-npc-family.sawmill_operator.3101	NPC	3101	9140,14659	11	false
cache-npc-family.sbott.6526	NPC	6526		11	false
cache-npc-family.scarab.11697	NPC	11697		9	false
cache-npc-family.scarab_mage.794	NPC	794	799,11508	10	false
cache-npc-family.scarab_swarm.1782	NPC	1782	4192,11484,11509,11723	10	false
cache-npc-family.scarabs.729	NPC	729		9	false
cache-npc-family.scarred_black_demon.12386	NPC	12386		9	false
cache-npc-family.scarred_greater_demon.12373	NPC	12373	12388	10	false
cache-npc-family.scarred_hellhound.12374	NPC	12374	12379	9	false
cache-npc-family.scarred_imp.12377	NPC	12377		9	false
cache-npc-family.scarred_lesser_demon.12360	NPC	12360	12362,12364,12378,12390	10	false
cache-npc-family.scavvo.2871	NPC	2871		11	false
cache-npc-family.scion.5918	NPC	5918		9	false
cache-npc-family.scorpia.6615	NPC	6615		9	false
cache-npc-family.scorpia_s_guardian.6617	NPC	6617		9	false
cache-npc-family.scorpia_s_offspring.6616	NPC	6616	5547	17	false
cache-npc-family.screaming_banshee.7390	NPC	7390		9	false
cache-npc-family.screaming_twisted_banshee.7391	NPC	7391		9	false
cache-npc-family.scurrius.7221	NPC	7221	7222,15548,15695	10	false
cache-npc-family.sea_snake_hatchling.1098	NPC	1098		9	false
cache-npc-family.sea_snake_young.1097	NPC	1097		9	false
cache-npc-family.sea_troll.4308	NPC	4308	4309,4310,4311	10	false
cache-npc-family.sea_troll_queen.4315	NPC	4315		9	false
cache-npc-family.seagull.1338	NPC	1338	1339,9609,14938	10	false
cache-npc-family.seaman_lorris.14980	NPC	14980	14981	17	false
cache-npc-family.seaman_thresnor.14982	NPC	14982	14983	17	false
cache-npc-family.sebamo.14658	NPC	14658		11	false
cache-npc-family.seddu.4754	NPC	4754		11	false
cache-npc-family.selena.2671	NPC	2671		11	false
cache-npc-family.sergeant.11073	NPC	11073	4084,4085,8600,10505,10725,11075,11077,11079,11081,11083,11085,11087,14197	17	false
cache-npc-family.sergeant_grimspike.2218	NPC	2218		9	false
cache-npc-family.sergeant_steelwill.2217	NPC	2217		9	false
cache-npc-family.sergeant_strongstack.2216	NPC	2216		9	false
cache-npc-family.serpent_shaman.12811	NPC	12811		9	false
cache-npc-family.servant.4104	NPC	4104	393	17	false
cache-npc-family.shade.5633	NPC	5633	6740,7258	10	false
cache-npc-family.shadow.4004	NPC	4004		9	false
cache-npc-family.shadow_hound.3449	NPC	3449		9	false
cache-npc-family.shadow_keeper.12248	NPC	12248		9	false
cache-npc-family.shadow_spider.3016	NPC	3016		9	false
cache-npc-family.shadow_warrior.2853	NPC	2853		9	false
cache-npc-family.shadow_wyrm.10398	NPC	10398	10399	9	false
cache-npc-family.shaeded_beast.8709	NPC	8709	8710	17	false
cache-npc-family.shanomi.2462	NPC	2462		11	false
cache-npc-family.shantay.4642	NPC	4642		11	false
cache-npc-family.shantay_guard.4643	NPC	4643	4648,10634	17	false
cache-npc-family.shellbane_gryphon.14860	NPC	14860	15010	9	false
cache-npc-family.sheryl.11044	NPC	11044		11	false
cache-npc-family.shifter.1694	NPC	1694	1695,1696,1697,1698,1699,1700,1701,1702,1703	10	false
cache-npc-family.shipwright_sally.15364	NPC	15364		11	false
cache-npc-family.shipwright_sam.15363	NPC	15363		11	false
cache-npc-family.shipwright_sarah.15367	NPC	15367		11	false
cache-npc-family.shipwright_sasha.15368	NPC	15368		11	false
cache-npc-family.shipwright_scott.15374	NPC	15374		11	false
cache-npc-family.shipwright_seb.15352	NPC	15352		11	false
cache-npc-family.shipwright_sennia.15370	NPC	15370		11	false
cache-npc-family.shipwright_sigrun.15371	NPC	15371		11	false
cache-npc-family.shipwright_silas.15372	NPC	15372		11	false
cache-npc-family.shipwright_silrien.15377	NPC	15377		11	false
cache-npc-family.shipwright_sophie.15365	NPC	15365		11	false
cache-npc-family.shipwright_soraya.15373	NPC	15373		11	false
cache-npc-family.shipwright_sornik.15376	NPC	15376		11	false
cache-npc-family.shipwright_spencer.15369	NPC	15369		11	false
cache-npc-family.shipwright_steve.15366	NPC	15366		11	false
cache-npc-family.shipwright_sylvia.15375	NPC	15375		11	false
cache-npc-family.shipyard_worker.5457	NPC	5457	1430,3904,3905,5729,15353,15354,15355,15356,15357,15358,15359,15360,15361,15362	17	false
cache-npc-family.shockwave_colossus.12819	NPC	12819		9	false
cache-npc-family.shop_assistant.2814	NPC	2814	2816,2818,2820,2822,2824,2826,2885	11	false
cache-npc-family.shop_keeper.2813	NPC	2813	2815,2817,2819,2821,2823,2825,2884,2888,2894,7769,7913	11	false
cache-npc-family.shopkeeper.13035	NPC	13035	13159,13330,13331,13913,13969,14021,14656,14760,14777,14906	11	false
cache-npc-family.shura.9414	NPC	9414	9413	17	false
cache-npc-family.sian.9166	NPC	9166		11	false
cache-npc-family.siegfried_erkle.3961	NPC	3961		11	false
cache-npc-family.sigmund.991	NPC	991	992,993,994,5142,5143,5144,5145,5146,5322,5323	17	false
cache-npc-family.sigmund_the_merchant.3894	NPC	3894		11	false
cache-npc-family.sigurd.1324	NPC	1324		11	false
cache-npc-family.silk_merchant.13334	NPC	13334	3211,8728	17	false
cache-npc-family.silver_merchant.8722	NPC	8722		11	false
cache-npc-family.simon.2203	NPC	2203	7008	17	false
cache-npc-family.sir_bedivere.4361	NPC	4361	3522,4345	17	false
cache-npc-family.sir_carl.8988	NPC	8988		9	false
cache-npc-family.sir_gawain.4356	NPC	4356	3520,4348,4351	17	false
cache-npc-family.sir_harry.8989	NPC	8989		9	false
cache-npc-family.sir_jerro.8987	NPC	8987		9	false
cache-npc-family.sir_kay.4355	NPC	4355	3521,4349,4352	17	false
cache-npc-family.sir_lancelot.4354	NPC	4354	3519,4344	17	false
cache-npc-family.sir_leye.4682	NPC	4682		9	false
cache-npc-family.sir_lucan.4357	NPC	4357	3525,4342	17	false
cache-npc-family.sir_mordred.3527	NPC	3527		9	false
cache-npc-family.sir_palomedes.4358	NPC	4358	3526,4343	17	false
cache-npc-family.sir_pelleas.4360	NPC	4360	3524,4347,4350	17	false
cache-npc-family.sir_tristram.4359	NPC	4359	3523,4346	17	false
cache-npc-family.sirsal_banker.3843	NPC	3843		11	false
cache-npc-family.sister_senga.9472	NPC	9472	9471	17	false
cache-npc-family.skavid.2846	NPC	2846	4376,4377,4378,4379,4380	17	false
cache-npc-family.skeletal_miner.3615	NPC	3615		9	false
cache-npc-family.skeletal_wyvern.465	NPC	465	466,467,468	9	false
cache-npc-family.skeleton.70	NPC	70	71,72,73,74,75,76,77,78,79,80,81,82,83,130,924,1685,1686,1687,1688,2520,2521,2522,2523,2524,2525,2526,3565,3972,3973,3974,5237,6441,6442,6443,6444,6445,6446,6447,6448,6467,6468,7265,8070,8071,8072,10717,10718,10719,10720,10721,13476,13477,13478,13479,13495,13496,13497,13498,13499,13500,13501,14426,14427,14428	10	false
cache-npc-family.skeleton_brute.1538	NPC	1538		9	false
cache-npc-family.skeleton_champion.3358	NPC	3358		9	false
cache-npc-family.skeleton_fremennik.4491	NPC	4491	4492,4493,4494,4495,4496,4497,4498,4499	10	false
cache-npc-family.skeleton_heavy.1540	NPC	1540		9	false
cache-npc-family.skeleton_hellhound.5054	NPC	5054	6326,6387,6613,12107	13	false
cache-npc-family.skeleton_hero.1537	NPC	1537		9	false
cache-npc-family.skeleton_mage.84	NPC	84	4319	10	false
cache-npc-family.skeleton_thug.1541	NPC	1541		9	false
cache-npc-family.skeleton_warlord.1539	NPC	1539		9	false
cache-npc-family.skoblin.11268	NPC	11268		9	false
cache-npc-family.skogre.872	NPC	872	878,879	9	false
cache-npc-family.skotizo.7286	NPC	7286		9	false
cache-npc-family.skraeling.773	NPC	773	774,3684,3686	9	false
cache-npc-family.skulgrimen.3935	NPC	3935		11	false
cache-npc-family.skuli_myrka.1944	NPC	1944		11	false
cache-npc-family.slagilith.1362	NPC	1362	6324,6385	13	false
cache-npc-family.slash_bash.882	NPC	882		9	false
cache-npc-family.sleepwalker.9446	NPC	9446	9447,9448,9449,9450,9451,9470	9	false
cache-npc-family.sloane.13616	NPC	13616	13558	17	false
cache-npc-family.slug_prince.4797	NPC	4797		9	false
cache-npc-family.small_lizard.462	NPC	462	463,12004	9	false
cache-npc-family.small_scarab.14126	NPC	14126		9	false
cache-npc-family.smith.4018	NPC	4018		11	false
cache-npc-family.smoke_devil.498	NPC	498	6655,8482	17	false
cache-npc-family.snailfeet.11270	NPC	11270	11275	17	false
cache-npc-family.snake.1037	NPC	1037	2845,3544,5244,12084,13002,14916	10	false
cache-npc-family.snakeling.2045	NPC	2045	2046,2127,2128,2129,15163	17	false
cache-npc-family.snothead.11269	NPC	11269	11274	17	false
cache-npc-family.sofiya.2626	NPC	2626		9	false
cache-npc-family.sol_heredit.12821	NPC	12821	15554,15696	10	false
cache-npc-family.soldier.4088	NPC	4088	4086,4087,4089,4090,4091,4092,5421,6868,6869,6870,6871,6877,7743,11046,11047,11049,11072,11074,11076,11078,11080,11082,11084,11086,14189,14191,14193	17	false
cache-npc-family.soldier_scarab.11724	NPC	11724		9	false
cache-npc-family.soldier_tier_1.6905	NPC	6905	6904	17	false
cache-npc-family.soldier_tier_2.6907	NPC	6907	6906	17	false
cache-npc-family.soldier_tier_3.6909	NPC	6909	6908	17	false
cache-npc-family.soldier_tier_4.6911	NPC	6911	6910	17	false
cache-npc-family.soldier_tier_5.6913	NPC	6913	6912	17	false
cache-npc-family.solihib.5249	NPC	5249		11	false
cache-npc-family.sonalo.13042	NPC	13042		11	false
cache-npc-family.sorebones.561	NPC	561	562	9	false
cache-npc-family.sotetseg.8388	NPC	8388	10865,10868	10	false
cache-npc-family.sourhog.10435	NPC	10435	10436	9	false
cache-npc-family.spawn.5916	NPC	5916	8056	10	false
cache-npc-family.spawn_of_sarachnis.8714	NPC	8714	8715	10	false
cache-npc-family.speedy_keith.303	NPC	303		9	false
cache-npc-family.spice_merchant.13337	NPC	13337		11	false
cache-npc-family.spice_seller.3209	NPC	3209	8726	11	false
cache-npc-family.spidine.3602	NPC	3602		9	false
cache-npc-family.spike.13333	NPC	13333		11	false
cache-npc-family.spiked_turoth.10397	NPC	10397		9	false
cache-npc-family.spindel.11998	NPC	11998		9	false
cache-npc-family.spindel_s_spiderling.12001	NPC	12001		9	false
cache-npc-family.spined_kraken.15208	NPC	15208	15209	17	false
cache-npc-family.spinner.1709	NPC	1709	1710,1711,1712,1713	10	false
cache-npc-family.spinolyp.5947	NPC	5947	5961,5963	9	false
cache-npc-family.spiritual_mage.2212	NPC	2212	2244,3161,3168,11292	10	false
cache-npc-family.spiritual_ranger.2211	NPC	2211	2242,3160,3167,11291	10	false
cache-npc-family.spiritual_warrior.2210	NPC	2210	2243,3159,3166,11290	10	false
cache-npc-family.spitting_scarab.11725	NPC	11725		9	false
cache-npc-family.spitting_wyvern.7794	NPC	7794		9	false
cache-npc-family.splatter.1689	NPC	1689	1690,1691,1692,1693,15550	10	false
cache-npc-family.spotter_virginia.15323	NPC	15323	15322,15325	17	false
cache-npc-family.spria.10432	NPC	10432	10434	17	false
cache-npc-family.squawking_steve_beanie.14969	NPC	14969	14968	17	false
cache-npc-family.squire.1764	NPC	1764	1759,1760,1761,1762,1765,1766,1767,1768,1769,1770,2949,4353,4737,6509,10368,13244,13245,13246,13247	17	false
cache-npc-family.squirrel.7754	NPC	7754	7755,7756,8464	17	false
cache-npc-family.stag.1845	NPC	1845	14222	9	false
cache-npc-family.starlight.2206	NPC	2206		9	false
cache-npc-family.steel_dragon.139	NPC	139	274,275,7255,8086	10	false
cache-npc-family.steve.6798	NPC	6798	6799	17	false
cache-npc-family.stick.926	NPC	926		9	false
cache-npc-family.stingray.15218	NPC	15218	15219	17	false
cache-npc-family.stone_guardian.8064	NPC	8064	8065,8066	9	false
cache-npc-family.stonemason.3098	NPC	3098	3889	17	false
cache-npc-family.strange_creature.12073	NPC	12073	12074,12075,12076,12081,14706	10	false
cache-npc-family.stranger.685	NPC	685	5055	17	false
cache-npc-family.strangled.12268	NPC	12268	12269,12270,12271,12272,12273,12274,12275,12276,12277,12278,12279,12280,12429,12430,12431,12432,12433,12434,12435	10	false
cache-npc-family.strangled_bear.12288	NPC	12288		9	false
cache-npc-family.strangled_boar.12289	NPC	12289		9	false
cache-npc-family.strangled_lynx.12290	NPC	12290		9	false
cache-npc-family.strong_warrior.13484	NPC	13484		9	false
cache-npc-family.strongbones.11273	NPC	11273	11300	17	false
cache-npc-family.stuliette.7619	NPC	7619		11	false
cache-npc-family.suit_of_armour.5043	NPC	5043		9	false
cache-npc-family.sulisal.14762	NPC	14762		11	false
cache-npc-family.sulphur_lizard.8614	NPC	8614	12458	10	false
cache-npc-family.sulphur_nagua.12879	NPC	12879	13033	9	false
cache-npc-family.summoned_zombie.69	NPC	69		9	false
cache-npc-family.supervisor_lalo.13921	NPC	13921	13920	17	false
cache-npc-family.suqah.787	NPC	787	788,789,790,791,792,793	9	false
cache-npc-family.surgeon_general_tafani.3343	NPC	3343		11	false
cache-npc-family.surok_magis.13482	NPC	13482	4159,4160,13548,13551	17	false
cache-npc-family.svetlana.2621	NPC	2621		9	false
cache-npc-family.swamp_crab.8297	NPC	8297	8298	9	false
cache-npc-family.swamp_frog.8578	NPC	8578		9	false
cache-npc-family.swamp_snake.5615	NPC	5615	5616,5617,5618	17	false
cache-npc-family.swordchick.3603	NPC	3603		9	false
cache-npc-family.taloned_wyvern.7793	NPC	7793		9	false
cache-npc-family.tamayu.4704	NPC	4704	4703	17	false
cache-npc-family.tanglefoot.5848	NPC	5848	6291,6353	13	false
cache-npc-family.tanner.5809	NPC	5809		11	false
cache-npc-family.tar_monster.7804	NPC	7804		9	false
cache-npc-family.taria.2675	NPC	2675		11	false
cache-npc-family.tarik.4757	NPC	4757	1781,11473	17	false
cache-npc-family.tarn.6476	NPC	6476		9	false
cache-npc-family.tarquin.1323	NPC	1323		11	false
cache-npc-family.tati.2365	NPC	2365		11	false
cache-npc-family.tatie.9057	NPC	9057		11	false
cache-npc-family.taylor.8629	NPC	8629		11	false
cache-npc-family.tea_seller.8687	NPC	8687		11	false
cache-npc-family.teicuh.14775	NPC	14775		11	false
cache-npc-family.temple_guardian.7620	NPC	7620		9	false
cache-npc-family.temple_spider.8703	NPC	8703		9	false
cache-npc-family.tentacle.5643	NPC	5643	5646	10	false
cache-npc-family.tern.15228	NPC	15228	15229	17	false
cache-npc-family.terror_dog.6473	NPC	6473	6474	10	false
cache-npc-family.terrorbird.2064	NPC	2064	2065,2066	9	false
cache-npc-family.the_collector.8491	NPC	8491		11	false
cache-npc-family.the_draugen.3922	NPC	3922		9	false
cache-npc-family.the_everlasting.3474	NPC	3474	6120,6351	13	false
cache-npc-family.the_forsaken_assassin.12328	NPC	12328		9	false
cache-npc-family.the_guns.3599	NPC	3599		11	false
cache-npc-family.the_hueycoatl.14009	NPC	14009	14011	9	false
cache-npc-family.the_illusive.3476	NPC	3476		9	false
cache-npc-family.the_inadequacy.3473	NPC	3473	6119,6350	13	false
cache-npc-family.the_jormungand.9291	NPC	9291		9	false
cache-npc-family.the_kendal.1377	NPC	1377	1378,6322,6383	13	false
cache-npc-family.the_leviathan.12214	NPC	12214	12215	10	false
cache-npc-family.the_maiden_of_sugadinti.8360	NPC	8360	8361,8362,8363,8364,8365,10814,10815,10816,10817,10818,10819,10822,10823,10824,10825,10826,10827,15987,15988,15989,15990,15991,15992	10	false
cache-npc-family.the_mimic.8633	NPC	8633	7979	12	false
cache-npc-family.the_nightmare.9425	NPC	9425	378,9426,9427,9428,9429,9430,9431,9460,9461,9462,9463,9464	17	false
cache-npc-family.the_rocks.15168	NPC	15168		9	false
cache-npc-family.the_shaikahan.4708	NPC	4708		9	false
cache-npc-family.the_untouchable.3475	NPC	3475	6121,6352	13	false
cache-npc-family.the_whisperer.12204	NPC	12204	12205,12206,12207	10	false
cache-npc-family.thermonuclear_smoke_devil.499	NPC	499	13659	10	false
cache-npc-family.thessalia.10477	NPC	10477	10478	11	false
cache-npc-family.thief.1448	NPC	1448	3252,3253,4247,5217,5218,5219,5220,7914,7915,7916,13291,13292,13293,13294,13295,13296	17	false
cache-npc-family.thingol.9065	NPC	9065		11	false
cache-npc-family.third_age_mage.8637	NPC	8637		9	false
cache-npc-family.third_age_ranger.8636	NPC	8636		9	false
cache-npc-family.third_age_warrior.8635	NPC	8635		9	false
cache-npc-family.thirus.8546	NPC	8546	8547	11	false
cache-npc-family.thora.3682	NPC	3682	1085	17	false
cache-npc-family.thora_the_barkeep.3932	NPC	3932		11	false
cache-npc-family.thorhild.3677	NPC	3677		9	false
cache-npc-family.thrantax_the_mighty.3518	NPC	3518		9	false
cache-npc-family.thrower_troll.931	NPC	931	932,933,934,935,4135,4136,4137,4138,4139	10	false
cache-npc-family.thug.525	NPC	525		9	false
cache-npc-family.thurid.13160	NPC	13160		11	false
cache-npc-family.thyria.7203	NPC	7203		11	false
cache-npc-family.tiadeche.4700	NPC	4700	4699	17	false
cache-npc-family.ticket_merchant.6071	NPC	6071		11	false
cache-npc-family.tiger_shark.15198	NPC	15198	15199	17	false
cache-npc-family.tizoro.13037	NPC	13037		11	false
cache-npc-family.toci.13915	NPC	13915		11	false
cache-npc-family.tok_xil.141	NPC	141	2193,2194,3121,3122	10	false
cache-npc-family.tolna.1075	NPC	1075	1057,1058,1076,1077	17	false
cache-npc-family.tonali_teleporter.14419	NPC	14419		11	false
cache-npc-family.tool_leprechaun.0	NPC	0	757,7757,12109,12765	11	false
cache-npc-family.toothy.7071	NPC	7071		11	false
cache-npc-family.torag_the_corrupted.1676	NPC	1676		9	false
cache-npc-family.torcher.1714	NPC	1714	1715,1716,1717,1718,1719,1720,1721,1722,1723	10	false
cache-npc-family.torfinn.10405	NPC	10405	8131,10403,10404,10406	17	false
cache-npc-family.tormented_demon.13599	NPC	13599	13600,13601,13602,13603,13604,13605,13606	9	false
cache-npc-family.tormented_soul.8512	NPC	8512	8513	9	false
cache-npc-family.tormented_warrior.3959	NPC	3959		9	false
cache-npc-family.torrell.2677	NPC	2677		11	false
cache-npc-family.tortoise.6075	NPC	6075	6076	10	false
cache-npc-family.tortured_gorilla.7095	NPC	7095	7097,7150,7151	10	false
cache-npc-family.tortured_soul.2999	NPC	2999		9	false
cache-npc-family.tostig.4102	NPC	4102		11	false
cache-npc-family.tough_guy.3551	NPC	3551		9	false
cache-npc-family.tourist.13206	NPC	13206	13207,13208,13209,13210,13211	11	false
cache-npc-family.tower_archer.6065	NPC	6065	6066,6067,6068	10	false
cache-npc-family.tower_guard.4405	NPC	4405		9	false
cache-npc-family.trader_crewmember.9312	NPC	9312	9313,9314,9315,9316,9317,9318,9319,9320,9321,9322,9323,9324,9325,9326,9327,9328,9329,9330,9331,9332,9333,9334,9335,9336,9337,9338,9339,9340,9341,9342,9343,9344,9345,9346,9347,9348,9349,9350,9351,9352,9353,9354,9355,9356,9357,9358,9359,9360,9361,9362,9363,9364,9365,9366,9367,9368,9369,9370,9371,9372,9373,9374,9375,9376,9377,9378,9379,9380,9381,9382,9383,12632,12633,12634,12635,12636,12637,12638,12639,12640,12641,12642,12643,12783,12784,12785,12786,12787,12788,12789,12790,12791,12792,12793,12794,12795,12796,12797,12798,12799,12800,12801,12802,12803,12804,12805,12806,15506,15507,15508,15509,15510,15511,15513,15514,15515,15516,15517,15518,15520,15521,15522,15523,15524,15525,15527,15528,15529,15530,15531,15532,15534,15535,15536,15537,15538,15539,15541,15542,15543,15544,15545,15546	11	false
cache-npc-family.trader_stan.9299	NPC	9299	9300,9301,9302,9303,9304,9305,9307,9308,9309,9310,9311,12630,12631,12779,12780,12781,12782,15505,15512,15519,15526,15533,15540	11	false
cache-npc-family.trader_sven.3779	NPC	3779		11	false
cache-npc-family.trapped_soul.8514	NPC	8514	8528,8529	13	false
cache-npc-family.traxi.7228	NPC	7228		11	false
cache-npc-family.tree_spirit.1163	NPC	1163	1861,1862,1863,1864,1865,1866,6319,6380	13	false
cache-npc-family.treus_dayth.3616	NPC	3616	6298,6359	13	false
cache-npc-family.treznor.2680	NPC	2680	11957,12628	17	false
cache-npc-family.tribal_weapon_salesman.6069	NPC	6069		11	false
cache-npc-family.tribesman.530	NPC	530	6407,11954	9	false
cache-npc-family.tribeswoman.11955	NPC	11955	11956	9	false
cache-npc-family.troll.133	NPC	133		9	false
cache-npc-family.troll_general.4120	NPC	4120	4121,4122	9	false
cache-npc-family.troll_spectator.4123	NPC	4123	4124,4125,4126,4127,4128,4129	9	false
cache-npc-family.tstanon_karlak.3130	NPC	3130		9	false
cache-npc-family.tumeken_s_warden.11756	NPC	11756	11757,11762,11764,15551	10	false
cache-npc-family.turael.13618	NPC	13618	13560	17	false
cache-npc-family.turgon.9115	NPC	9115		11	false
cache-npc-family.turoth.426	NPC	426	427,428,429,430,431,432	10	false
cache-npc-family.tutab.5251	NPC	5251		11	false
cache-npc-family.twig.4131	NPC	4131	4133	9	false
cache-npc-family.tynan.6964	NPC	6964		11	false
cache-npc-family.typhor.9296	NPC	9296		9	false
cache-npc-family.tyras_guard.639	NPC	639	1327,3433,3434,3436,8762	17	false
cache-npc-family.tz_kek.2191	NPC	2191	2192,3118,3119,3120	10	false
cache-npc-family.tz_kih.2189	NPC	2189	2190,3116,3117	9	false
cache-npc-family.tzhaar_hur.2161	NPC	2161	2162,2163,2164,2165,2166,7682,7683,7684,7685,7686,7687	9	false
cache-npc-family.tzhaar_hur_lek.2184	NPC	2184		11	false
cache-npc-family.tzhaar_hur_rin.7689	NPC	7689		11	false
cache-npc-family.tzhaar_hur_tel.2183	NPC	2183		11	false
cache-npc-family.tzhaar_hur_zal.7688	NPC	7688		11	false
cache-npc-family.tzhaar_ket.2173	NPC	2173	2174,2175,2176,2177,2178,2179,2186,2187,7679	17	false
cache-npc-family.tzhaar_ket_keh.11248	NPC	11248	11247	17	false
cache-npc-family.tzhaar_ket_rak.10622	NPC	10622	10621	17	false
cache-npc-family.tzhaar_ket_yil.7678	NPC	7678		11	false
cache-npc-family.tzhaar_ket_zuh.7677	NPC	7677		11	false
cache-npc-family.tzhaar_mej.2154	NPC	2154	2155,2156,2157,2158,2159,2160,7652	17	false
cache-npc-family.tzhaar_mej_jal.2180	NPC	2180		11	false
cache-npc-family.tzhaar_mej_roh.2185	NPC	2185		11	false
cache-npc-family.tzhaar_xil.2167	NPC	2167	2168,2169,2170,2171,2172	9	false
cache-npc-family.tziuhtla.14515	NPC	14515		11	false
cache-npc-family.tzkal_zuk.7706	NPC	7706		9	false
cache-npc-family.tztok_jad.3127	NPC	3127	6506,13661,15574,15699	10	false
cache-npc-family.tztok_jad_rek.15557	NPC	15557		9	false
cache-npc-family.uglug_nar.861	NPC	861		11	false
cache-npc-family.ugthanki.4652	NPC	4652		9	false
cache-npc-family.ulfric.4500	NPC	4500		9	false
cache-npc-family.umbra.11284	NPC	11284		9	false
cache-npc-family.undead_chicken.2993	NPC	2993		9	false
cache-npc-family.undead_cow.2992	NPC	2992		9	false
cache-npc-family.undead_druid.2145	NPC	2145		9	false
cache-npc-family.undead_lumberjack.5648	NPC	5648	5649,5650,5651,5652,5653,5654,5655,5656,5657,5658,5659,5660,5661,5662,5663,5665,5666,5667,5668,5669,5670,5671,5672,5673,5674,5675,5676,5677,5678,5679,5680,5681,5682,5683,5684,5685,5686,5687,5688,5689,5690,5691,5692,5693,5694,5695,5696,5697,5698,5699,5700,5701,5702,5703,5704,5705,5706,5707,5708,5709,5710,5711,5712,5713,5714,5715,5716,5717,5718,5719,5720	10	false
cache-npc-family.undead_one.5342	NPC	5342	5343,5344,5345,5346,5347,5348,5349,5350,5351	10	false
cache-npc-family.undead_zealot.10591	NPC	10591	10592	9	false
cache-npc-family.ungadulu.3957	NPC	3957	3958	10	false
cache-npc-family.unicorn.2837	NPC	2837	14043	9	false
cache-npc-family.unicorn_foal.3910	NPC	3910		9	false
cache-npc-family.unicow.3601	NPC	3601		9	false
cache-npc-family.uodai.5262	NPC	5262		9	false
cache-npc-family.ur_maggot_larvae.15743	NPC	15743		9	false
cache-npc-family.urbi.3891	NPC	3891		11	false
cache-npc-family.urium_shade.10589	NPC	10589		9	false
cache-npc-family.urium_shadow.6143	NPC	6143		9	false
cache-npc-family.uyoro.5260	NPC	5260		9	false
cache-npc-family.vaire.9068	NPC	9068		11	false
cache-npc-family.valaine.2870	NPC	2870		11	false
cache-npc-family.valentin_rasputin.9685	NPC	9685		11	false
cache-npc-family.valentina_diaemus.9711	NPC	9711		11	false
cache-npc-family.valgerd.3683	NPC	3683		9	false
cache-npc-family.vallessia_dracyula.9700	NPC	9700		11	false
cache-npc-family.vallessia_von_pitt.9705	NPC	9705		11	false
cache-npc-family.vampyre_juvenile.3692	NPC	3692	3693,3696,3697,4436,4437,4438,4439,8326,8327,9731,9732,9733,9734	17	false
cache-npc-family.vampyre_juvinate.3694	NPC	3694	3690,3691,3695,3698,3699,4427,4428,4429,4430,4432,4442,4443,4481,4482,4486,4487,5634,5635,5636,5637,5638,5639,9614,9615,9616,9617,9683,9684,9727,9728,9729,9730	17	false
cache-npc-family.vampyre_kraken.15212	NPC	15212	15213	17	false
cache-npc-family.vampyressa_van_von.9704	NPC	9704		11	false
cache-npc-family.vampyrus_diaemus.9690	NPC	9690		11	false
cache-npc-family.vanessa.502	NPC	502		11	false
cache-npc-family.vannah.6944	NPC	6944		11	false
cache-npc-family.vannaka.403	NPC	403		11	false
cache-npc-family.vanstrom_klause.3735	NPC	3735	5056,9569,9571	17	false
cache-npc-family.vardorvis.12223	NPC	12223	12224,13656	10	false
cache-npc-family.varrian_sobak.9724	NPC	9724		11	false
cache-npc-family.vasquen.2672	NPC	2672		11	false
cache-npc-family.veiled_kraken.15576	NPC	15576	15577	17	false
cache-npc-family.veliaf_hurtz.9521	NPC	9521	5048,9489,9522,9523,9529,9633,15878,15879,15880,15885,15887	17	false
cache-npc-family.venator.15765	NPC	15765	15766,15767,15768,15769,16213,16214,16215,16216,16217	10	false
cache-npc-family.venenatis.6504	NPC	6504	6610	9	false
cache-npc-family.venenatis_spiderling.12000	NPC	12000		9	false
cache-npc-family.vera.2630	NPC	2630		9	false
cache-npc-family.verac_the_defiled.1677	NPC	1677		9	false
cache-npc-family.vermundi.2367	NPC	2367		11	false
cache-npc-family.verzik_vitur.8370	NPC	8370	8372,8374,10830,10831,10833,10835,10848,10850,10852,14795,14796,14797,14798	17	false
cache-npc-family.vet_ion.6611	NPC	6611	6612	9	false
cache-npc-family.vigr.2356	NPC	2356		11	false
cache-npc-family.vigroy.5357	NPC	5357		11	false
cache-npc-family.violetta_sanguine.9701	NPC	9701		11	false
cache-npc-family.vitreous_chilled_jelly.15501	NPC	15501		9	false
cache-npc-family.vitreous_jelly.7399	NPC	7399		9	false
cache-npc-family.vitreous_warped_jelly.7400	NPC	7400	12457	10	false
cache-npc-family.viyeldi.3963	NPC	3963		9	false
cache-npc-family.vlad_bechstein.9687	NPC	9687		11	false
cache-npc-family.vlad_diaemus.9694	NPC	9694		11	false
cache-npc-family.voice_of_yama.14184	NPC	14184	14183,14185	17	false
cache-npc-family.void_flare.14179	NPC	14179		9	false
cache-npc-family.void_knight.1755	NPC	1755	1756,1757,1758	11	false
cache-npc-family.volatile_baboon.11716	NPC	11716		9	false
cache-npc-family.von_van_von.9686	NPC	9686		11	false
cache-npc-family.vonnetta_varnis.9706	NPC	9706		11	false
cache-npc-family.vorkath.8060	NPC	8060	8059,8061	17	false
cache-npc-family.vormar_vakan.9692	NPC	9692		11	false
cache-npc-family.vulture.1267	NPC	1267	1268	9	false
cache-npc-family.vyrewatch.3717	NPC	3717	3709,3710,3711,3712,3718,3719,3720,3721,3722,3723,3724,3729,3730,3731,3732,3748,3749,3750,3751,3752,3753,3754,3755,3756,3757,3758,3759,3760,3761,3762,3763,8251,8256,8257,8258,8259,8300,8301,8302,8303,8304,8305,8306,8307,9735,9736,9737,9738,9739,9740,9741,9742,11169,11170,11171,11172,15836,16125,16126,16127,16128,16129,16138,16139,16140,16141,16142	17	false
cache-npc-family.vyrewatch_sentinel.9756	NPC	9756	9757,9758,9759,9760,9761,9762,9763,16136,16137,16144,16145,16146,16147	9	false
cache-npc-family.wall_beast.476	NPC	476		9	false
cache-npc-family.wallasalki.5938	NPC	5938	5939	9	false
cache-npc-family.wandering_impling.5737	NPC	5737		11	false
cache-npc-family.warped_jelly.7277	NPC	7277		9	false
cache-npc-family.warped_terrorbird.12491	NPC	12491	12492,12493,12494,12495,12496,12497,12498,12499,12500,12501	10	false
cache-npc-family.warped_tortoise.12490	NPC	12490		9	false
cache-npc-family.warrior.3260	NPC	3260	1158,3950,11925,11926,11927,11928,11929,15689	17	false
cache-npc-family.warrior_of_murahs.10393	NPC	10393	10394,10395	9	false
cache-npc-family.watchman.5420	NPC	5420		9	false
cache-npc-family.water_elemental.1370	NPC	1370		9	false
cache-npc-family.water_wizard.1557	NPC	1557		9	false
cache-npc-family.waterfiend.2916	NPC	2916	2917	9	false
cache-npc-family.waydar.1446	NPC	1446	6675	17	false
cache-npc-family.wayne.5897	NPC	5897		11	false
cache-npc-family.wealthy_citizen.13302	NPC	13302	13303,13304,13305	11	false
cache-npc-family.weaponsmaster.14137	NPC	14137		9	false
cache-npc-family.webbed_winged_crow.16226	NPC	16226		9	false
cache-npc-family.well_armed_foe.7751	NPC	7751		9	false
cache-npc-family.werewolf.2593	NPC	2593	2594,2595,2596,2597,2598,2599,2600,2601,2602,2603,2604,2605,2606,2607,2608,2609,2610,2611,2612,3135,3136,5928,9743,9744,15713,15714	17	false
cache-npc-family.white_golem.4743	NPC	4743		9	false
cache-npc-family.white_jaguar.12979	NPC	12979		9	false
cache-npc-family.white_knight.1798	NPC	1798	1799,1800,1829,4114,11948,11949,11950,11951	10	false
cache-npc-family.white_wolf.107	NPC	107	108	10	false
cache-npc-family.wighted_leech.12335	NPC	12335		9	false
cache-npc-family.wild_dog.112	NPC	112	113	9	false
cache-npc-family.william.2195	NPC	2195		11	false
cache-npc-family.wilson.3865	NPC	3865		9	false
cache-npc-family.wingman_skree.3163	NPC	3163		9	false
cache-npc-family.wistan.4106	NPC	4106		11	false
cache-npc-family.witch.514	NPC	514	515,4409	17	false
cache-npc-family.witch_s_experiment.3996	NPC	3996	3997,3998,3999,6333,6334,6335,6336,6394,6395,6396,6397	13	false
cache-npc-family.wizard.3257	NPC	3257	1160,4398,4399,4400,7067	17	false
cache-npc-family.wizard_akutha.3247	NPC	3247		11	false
cache-npc-family.wizard_cromperty.8480	NPC	8480	8481	11	false
cache-npc-family.wizard_distentor.11400	NPC	11400	11399	17	false
cache-npc-family.wizard_jalarast.3232	NPC	3232		11	false
cache-npc-family.wizard_sinina.3249	NPC	3249		11	false
cache-npc-family.wolf.106	NPC	106	110,116,117,231,2490,2491,3912,10522,10533	10	false
cache-npc-family.woodcutting_leprechaun.12163	NPC	12163		11	false
cache-npc-family.worm_tongue.13982	NPC	13982	13981	17	false
cache-npc-family.wormbrain.820	NPC	820		9	false
cache-npc-family.wydin.1791	NPC	1791	2890	11	false
cache-npc-family.wyrd.16212	NPC	16212		9	false
cache-npc-family.wyrm.8610	NPC	8610	8611	9	false
cache-npc-family.wyrmling.13031	NPC	13031	13032	9	false
cache-npc-family.xamphur.10955	NPC	10955	10956	9	false
cache-npc-family.xarpus.8340	NPC	8340	10768,10772	10	false
cache-npc-family.xochitl.14774	NPC	14774		11	false
cache-npc-family.yadech_strongarm.13617	NPC	13617		11	false
cache-npc-family.yadviga.2628	NPC	2628		9	false
cache-npc-family.yak.5816	NPC	5816		9	false
cache-npc-family.yama.14176	NPC	14176	124,15555,15645,15700	17	false
cache-npc-family.yarnio.13039	NPC	13039		11	false
cache-npc-family.yarsul.7718	NPC	7718		11	false
cache-npc-family.yeti.2847	NPC	2847		9	false
cache-npc-family.yohnus.5359	NPC	5359		11	false
cache-npc-family.yrsa.3679	NPC	3679	3933	12	false
cache-npc-family.yt_hurkot.3128	NPC	3128	7701,7705,10624	10	false
cache-npc-family.yt_mejkot.3123	NPC	3123	3124	9	false
cache-npc-family.yulf_squecks.2685	NPC	2685		11	false
cache-npc-family.yuri.2615	NPC	2615		9	false
cache-npc-family.yusuf.7982	NPC	7982	7981	17	false
cache-npc-family.zaff.2880	NPC	2880		11	false
cache-npc-family.zahur.4753	NPC	4753		11	false
cache-npc-family.zakl_n_gritch.3131	NPC	3131		9	false
cache-npc-family.zalcano.9049	NPC	9049	9050	17	false
cache-npc-family.zamorak_crafter.7426	NPC	7426	7427	9	false
cache-npc-family.zamorak_mage.7422	NPC	7422	7423	10	false
cache-npc-family.zamorak_ranger.7420	NPC	7420	7421	10	false
cache-npc-family.zamorak_warrior.7418	NPC	7418	7419	10	false
cache-npc-family.zamorak_wizard.2954	NPC	2954		9	false
cache-npc-family.zamorakian_recruiter.10732	NPC	10732		11	false
cache-npc-family.zeke.2875	NPC	2875		11	false
cache-npc-family.zembo.13655	NPC	13655		11	false
cache-npc-family.zemouregal.15237	NPC	15237	15564	10	false
cache-npc-family.zemouregal_summon.15558	NPC	15558	15559,15560,15561,15562,15563	10	false
cache-npc-family.zenesha.8681	NPC	8681		11	false
cache-npc-family.zogre.866	NPC	866	867,868,869,870,871,873,874,875,876,877	9	false
cache-npc-family.zoja.2631	NPC	2631		9	false
cache-npc-family.zombie.26	NPC	26	27,28,29,30,31,32,33,34,35,36,37,38,39,40,41,42,43,44,45,46,47,48,49,50,51,52,53,54,55,56,57,58,59,60,61,62,63,64,65,66,67,68,880,2501,2502,2503,2504,2505,2506,2507,2508,2509,3980,3981,5568,5571,5574,5647,6449,6450,6451,6452,6453,6454,6455,6456,6457,6458,6459,6460,6461,6462,6463,6464,6465,6466,6596,6597,6598,6741,7485,7486,7487,7488,8067,8068,8069	17	false
cache-npc-family.zombie_pirate.563	NPC	563	564,565,566,567,568,569,570,571,572,573,574,575,576,577,578,579,580,581,582,583,584,585,586,587,588,589,590,591,592,593,594,595,596,597,598,599,613,614,615,616,617,618,13489,13490,13491,13492,13493,14177,14178	17	false
cache-npc-family.zombie_rat.3969	NPC	3969	3970,3971	9	false
cache-npc-family.zombie_swab.619	NPC	619	620,621,622,623,624	9	false
cache-npc-family.zombies_champion.3359	NPC	3359		9	false
cache-npc-family.zombified_spawn.8062	NPC	8062	8063	10	false
cache-npc-family.zulrah.2042	NPC	2042	2043,2044	9	false
cache-npc-family.zygomite.537	NPC	537	1024	10	false
item-family.adamant-2h-sword	ITEM	1317	1318,14750	18	true
item-family.adamant-arrow	ITEM	890	891,5620,5626,14576,14597,14604,14611,20388	18	true
item-family.adamant-chainbody	ITEM	1111	1112,14097	18	true
item-family.adamant-dagger	ITEM	1211	1212,1227,1228,5676,5677,5694,5695,14638,14646,14655,14664	18	true
item-family.adamant-full-helm	ITEM	1161	1162,2605,2606,2613,2614,10296,10297,10298,10299,10300,10301,10302,10303,10304,10305,14148,15773,15778,16060,16061,16062,16063,16064,20561	18	true
item-family.adamant-kiteshield	ITEM	1199	1200,2603,2604,2611,2612,6894,7334,7335,7340,7341,7346,7347,7352,7353,7358,7359,14128,15772,15777,16017,16020,16023,16026,16029,22127,22128,22129,22130,22131,22132,22133,22134,22135,22136,22137,22138,22139,22140,22141,22142,22143,22144,22145,22146,22147,22148,22149,22150,22151,22152,22153,22154,22155,22156,22157,22158	18	true
item-family.adamant-longsword	ITEM	1301	1302,14742	18	true
item-family.adamant-mace	ITEM	1430	1431,14673	18	true
item-family.adamant-platebody	ITEM	1123	1124,2599,2600,2607,2608,14104,15769,15774,20415,23392,23393,23394,23395,23396,23397,23398,23399,23400,23401,23402,23403,23404,23405,23406	18	true
item-family.adamant-platelegs	ITEM	1073	1074,2601,2602,2609,2610,14171,15770,15775,20416	18	true
item-family.adamant-scimitar	ITEM	1331	1332,14757	18	true
item-family.adamant-sq-shield	ITEM	1183	1184,14120	18	true
item-family.adamant-sword	ITEM	1287	1288,14735	18	true
item-family.adamantite-bar	ITEM	2361	2362,13892	18	true
item-family.adamantite-ore	ITEM	449	450,16240	18	true
item-family.air-rune	ITEM	556	6422,6423,7558,7559,9693,11688,13701,17349	18	true
item-family.amulet-of-accuracy	ITEM	1478	1479,17679,20584	18	true
item-family.amulet-of-defence	ITEM	1729	1730,16355,23309,23310,23311	18	true
item-family.amulet-of-magic	ITEM	1727	1728,10366,10367,16093,16354	18	true
item-family.amulet-of-strength	ITEM	1725	1726,16353	18	true
item-family.anchovies	ITEM	319	320,15442	18	true
item-family.body-rune	ITEM	559	6438,6439,11691,13704	18	true
item-family.bowl	ITEM	1923	1924,19106	18	true
item-family.bread	ITEM	2309	2310,18919	18	true
item-family.bronze-arrow	ITEM	882	883,5616,5622,11700,14572,14593,14600,14607	18	true
item-family.bronze-bar	ITEM	2349	2350,13885	18	true
item-family.bronze-chainbody	ITEM	1103	1104,14092	18	true
item-family.bronze-crossbow	ITEM	9174	9175,14501	18	true
item-family.bronze-longsword	ITEM	1291	1292,14737	18	true
item-family.bronze_2h_sword	ITEM	1307	1308,14745	18	true
item-family.bronze_axe	ITEM	1351	1352,14705	18	true
item-family.bronze_dagger	ITEM	1205	1206,1221,1222,5670,5671,5688,5689,14633,14641,14650,14659	18	true
item-family.bronze_full_helm	ITEM	1155	1156,12211,12212,12221,12222,14145,15846,15851	18	true
item-family.bronze_kiteshield	ITEM	1189	1190,12213,12214,12223,12224,14123,15847,15852	18	true
item-family.bronze_mace	ITEM	1422	1423,14669	18	true
item-family.bronze_med_helm	ITEM	1139	1140,14137	18	true
item-family.bronze_pickaxe	ITEM	1265	1266,14760	18	true
item-family.bronze_platebody	ITEM	1117	1118,12205,12206,12215,12216,14100,15843,15848	18	true
item-family.bronze_platelegs	ITEM	1075	1076,12207,12208,12217,12218,14172,15844,15849	18	true
item-family.bronze_scimitar	ITEM	1321	1322,14752	18	true
item-family.bronze_sword	ITEM	1277	1278,14730	18	true
item-family.bucket	ITEM	1925	1926,8986,9660,16222,19107	18	true
item-family.chaos-rune	ITEM	562	6430,6431,7560,7561,11694,13707	18	true
item-family.chisel	ITEM	1755	1756,5601,16285,28414	18	true
item-family.coal	ITEM	453	454,16242	18	true
item-family.cooked_chicken	ITEM	2140	2141,4291,4292,17788,19223	18	true
item-family.cooked_meat	ITEM	2142	2143,4293,4294,17789,19224	18	true
item-family.copper_ore	ITEM	436	437,16233	18	true
item-family.cosmic-rune	ITEM	564	11696,13709	18	true
item-family.death-rune	ITEM	560	6432,6433,11692,13705,24415	18	true
item-family.diamond	ITEM	1601	1602,16306	18	true
item-family.diamond-necklace	ITEM	1662	1663,16332	18	true
item-family.diamond-ring	ITEM	1643	1644,16326	18	true
item-family.earth-rune	ITEM	557	6426,6427,9695,11689,13702,17351	18	true
item-family.emerald	ITEM	1605	1606,6896,16308	18	true
item-family.emerald-necklace	ITEM	1658	1659,16330	18	true
item-family.emerald-ring	ITEM	1639	1640,16324	18	true
item-family.fire-rune	ITEM	554	6428,6429,7554,7555,9699,11686,13699,17355	18	true
item-family.gold-bar	ITEM	2357	2358,13890	18	true
item-family.gold-necklace	ITEM	1654	1655,16328	18	true
item-family.gold-ore	ITEM	444	445,16237	18	true
item-family.gold-ring	ITEM	1635	1636,16322	18	true
item-family.hammer	ITEM	2347	2348,13884	18	true
item-family.hardleather_body	ITEM	1131	1132,14108	18	true
item-family.herring	ITEM	347	348,15455	18	true
item-family.iron-arrow	ITEM	884	885,5617,5623,11701,14573,14594,14601,14608	18	true
item-family.iron-bar	ITEM	2351	2352,13887	18	true
item-family.iron-chainbody	ITEM	1101	1102,14093	18	true
item-family.iron-crossbow	ITEM	9177	9178,14503	18	true
item-family.iron-longsword	ITEM	1293	1294,14738	18	true
item-family.iron-ore	ITEM	440	441,16235	18	true
item-family.iron_2h_sword	ITEM	1309	1310,14746	18	true
item-family.iron_dagger	ITEM	1203	1204,1219,1220,5668,5669,5686,5687,14634,14642,14651,14660	18	true
item-family.iron_full_helm	ITEM	1153	1154,12231,12232,12241,12242,14144,15856,15861	18	true
item-family.iron_kiteshield	ITEM	1191	1192,12233,12234,12243,12244,14124,15857,15862	18	true
item-family.iron_med_helm	ITEM	1137	1138,14136	18	true
item-family.iron_platebody	ITEM	1115	1116,12225,12226,12235,12236,14101,15853,15858	18	true
item-family.iron_platelegs	ITEM	1067	1068,12227,12228,12237,12238,14168,15854,15859	18	true
item-family.iron_scimitar	ITEM	1323	1324,14753	18	true
item-family.iron_sword	ITEM	1279	1280,14731	18	true
item-family.jug	ITEM	1935	1936,19112	18	true
item-family.knife	ITEM	946	947,5605,14293,28413	18	true
item-family.law-rune	ITEM	563	6434,6435,11695,13708	18	true
item-family.leather_body	ITEM	1129	1130,14107,23381,23382,23383	18	true
item-family.leather_boots	ITEM	1061	1062,6893,14198	18	true
item-family.leather_chaps	ITEM	1095	1096,14184,23384,23385,23386	18	true
item-family.leather_gloves	ITEM	1059	1060,14197	18	true
item-family.lobster	ITEM	379	380,15467	18	true
item-family.logs	ITEM	1511	1512,2511,13978,15586,24650,24651	18	true
item-family.longbow	ITEM	839	840,14558	18	true
item-family.maple-longbow	ITEM	851	852,14565	18	true
item-family.maple-shortbow	ITEM	853	854,14566,20403	18	true
item-family.mind-rune	ITEM	558	6436,6437,9697,11690,13703,17353	18	true
item-family.mithril-2h-sword	ITEM	1315	1316,14749	18	true
item-family.mithril-arrow	ITEM	888	889,5619,5625,7552,7553,11703,14575,14596,14603,14610	18	true
item-family.mithril-bar	ITEM	2359	2360,13891	18	true
item-family.mithril-chainbody	ITEM	1109	1110,14096	18	true
item-family.mithril-dagger	ITEM	1209	1210,1225,1226,5674,5675,5692,5693,14637,14645,14654,14663	18	true
item-family.mithril-full-helm	ITEM	1159	1160,12283,12284,12293,12294,14147,15882,15887	18	true
item-family.mithril-kiteshield	ITEM	1197	1198,12281,12282,12291,12292,14127,15881,15886	18	true
item-family.mithril-longsword	ITEM	1299	1300,14741	18	true
item-family.mithril-mace	ITEM	1428	1429,14672	18	true
item-family.mithril-ore	ITEM	447	448,16239	18	true
item-family.mithril-platebody	ITEM	1121	1122,12277,12278,12287,12288,14103,15879,15884	18	true
item-family.mithril-platelegs	ITEM	1071	1072,12279,12280,12289,12290,14170,15880,15885	18	true
item-family.mithril-scimitar	ITEM	1329	1330,14756	18	true
item-family.mithril-sq-shield	ITEM	1181	1182,14119	18	true
item-family.mithril-sword	ITEM	1285	1286,14734	18	true
item-family.nature-rune	ITEM	561	11693,13706	18	true
item-family.oak-longbow	ITEM	845	846,14561	18	true
item-family.oak_shortbow	ITEM	843	844,14560	18	true
item-family.pike	ITEM	351	352,15457	18	true
item-family.pot	ITEM	1931	1932,19110	18	true
item-family.pot_of_flour	ITEM	1933	1934,2516,2517,15588,19111	18	true
item-family.raw-lobster	ITEM	377	378,15466	18	true
item-family.raw-pike	ITEM	349	350,15456	18	true
item-family.raw-swordfish	ITEM	371	372,15464	18	true
item-family.raw-tuna	ITEM	359	360,15460	18	true
item-family.raw_anchovies	ITEM	321	322,15443	18	true
item-family.raw_beef	ITEM	2132	2133,4287,4288,17786,19219	18	true
item-family.raw_chicken	ITEM	2138	2139,4289,4290,17787,19222	18	true
item-family.raw_herring	ITEM	345	346,15454	18	true
item-family.raw_salmon	ITEM	331	332,15447	18	true
item-family.raw_sardine	ITEM	327	328,15445	18	true
item-family.raw_shrimps	ITEM	317	318,2514,2515,15441,15587,24652,24653,24654	18	true
item-family.raw_trout	ITEM	335	336,15449	18	true
item-family.ruby	ITEM	1603	1604,16307	18	true
item-family.ruby-necklace	ITEM	1660	1661,16331	18	true
item-family.ruby-ring	ITEM	1641	1642,16325	18	true
item-family.rune-2h-sword	ITEM	1319	1320,14751,20555	18	true
item-family.rune-arrow	ITEM	892	893,5621,5627,14577,14598,14605,14612,20600	18	true
item-family.rune-chainbody	ITEM	1113	1114,14098	18	true
item-family.rune-dagger	ITEM	1213	1214,1229,1230,5678,5679,5696,5697,14639,14647,14656,14665	18	true
item-family.rune-full-helm	ITEM	1163	1164,2619,2620,2627,2628,10286,10287,10288,10289,10290,10291,10292,10293,10294,10295,14149,15793,15798,16055,16056,16057,16058,16059	18	true
item-family.rune-kiteshield	ITEM	1201	1202,2621,2622,2629,2630,7336,7337,7342,7343,7348,7349,7354,7355,7360,7361,8714,8716,8718,8720,8722,8724,8726,8728,8730,8732,8734,8736,8738,8740,8742,8744,14129,14852,14853,14854,14855,14856,14857,14858,14859,14860,14861,14862,14863,14864,14865,14866,14867,15794,15799,16018,16021,16024,16027,16030	18	true
item-family.rune-longsword	ITEM	1303	1304,6897,14743	18	true
item-family.rune-mace	ITEM	1432	1433,14674	18	true
item-family.rune-platebody	ITEM	1127	1128,2615,2616,2623,2624,14106,15790,15795,20421,23209,23210,23211,23212,23213,23214,23215,23216,23217,23218,23219,23220,23221,23222,23223	18	true
item-family.rune-platelegs	ITEM	1079	1080,2617,2618,2625,2626,14174,15791,15796,20422	18	true
item-family.rune-scimitar	ITEM	1333	1334,14758,20402,23330,23331,23332,23333,23334,23335,26262,26263	18	true
item-family.rune-sq-shield	ITEM	1185	1186,14121	18	true
item-family.rune-sword	ITEM	1289	1290,14736	18	true
item-family.runite-bar	ITEM	2363	2364,13893	18	true
item-family.runite-ore	ITEM	451	452,16241	18	true
item-family.salmon	ITEM	329	330,15446	18	true
item-family.sapphire	ITEM	1607	1608,16309	18	true
item-family.sapphire-necklace	ITEM	1656	1657,16329	18	true
item-family.sapphire-ring	ITEM	1637	1638,16323	18	true
item-family.sardine	ITEM	325	326,15444	18	true
item-family.shears	ITEM	1735	1736,5603,16272	18	true
item-family.shortbow	ITEM	841	842,14559	18	true
item-family.shrimps	ITEM	315	316,15440	18	true
item-family.silver-bar	ITEM	2355	2356,13889	18	true
item-family.silver-ore	ITEM	442	443,16236	18	true
item-family.small_fishing_net	ITEM	303	304,6209,15433,18085	18	true
item-family.spade	ITEM	952	953,13876	18	true
item-family.staff	ITEM	1379	1380,14676	18	true
item-family.staff_of_air	ITEM	1381	1382,14677	18	true
item-family.staff_of_fire	ITEM	1387	1388,14680	18	true
item-family.steel-2h-sword	ITEM	1311	1312,14747	18	true
item-family.steel-arrow	ITEM	886	887,5618,5624,11702,14574,14595,14602,14609	18	true
item-family.steel-bar	ITEM	2353	2354,13888	18	true
item-family.steel-chainbody	ITEM	1105	1106,14094	18	true
item-family.steel-crossbow	ITEM	9179	9180,14504	18	true
item-family.steel-dagger	ITEM	1207	1208,1223,1224,5672,5673,5690,5691,14635,14643,14652,14661	18	true
item-family.steel-full-helm	ITEM	1157	1158,14146,20178,20179,20180,20193,20194,20195	18	true
item-family.steel-kiteshield	ITEM	1193	1194,8746,8748,8750,8752,8754,8756,8758,8760,8762,8764,8766,8768,8770,8772,8774,8776,14125,14804,14805,14806,14807,14808,14809,14810,14811,14812,14813,14814,14815,14816,14817,14818,14819,20181,20182,20183,20196,20197,20198	18	true
item-family.steel-longsword	ITEM	1295	1296,14739	18	true
item-family.steel-mace	ITEM	1424	1425,14670	18	true
item-family.steel-platebody	ITEM	1119	1120,14102,20169,20170,20171,20184,20185,20186	18	true
item-family.steel-platelegs	ITEM	1069	1070,14169,20172,20173,20174,20187,20188,20189	18	true
item-family.steel-sq-shield	ITEM	1177	1178,14117	18	true
item-family.steel_scimitar	ITEM	1325	1326,14754	18	true
item-family.steel_sword	ITEM	1281	1282,14732	18	true
item-family.swordfish	ITEM	373	374,15465	18	true
item-family.tinderbox	ITEM	590	591,7156,18882	18	true
item-family.trout	ITEM	333	334,15448	18	true
item-family.tuna	ITEM	361	362,15461,26149	18	true
item-family.uncut-diamond	ITEM	1617	1618,16314	18	true
item-family.uncut-emerald	ITEM	1621	1622,16316	18	true
item-family.uncut-ruby	ITEM	1619	1620,16315	18	true
item-family.uncut-sapphire	ITEM	1623	1624,16317	18	true
item-family.water-rune	ITEM	555	6424,6425,7556,7557,9691,11687,13700,17347	18	true
item-family.willow-longbow	ITEM	847	848,14563	18	true
item-family.willow_shortbow	ITEM	849	850,14564	18	true
item-family.wooden_shield	ITEM	1171	1172,7676,14114,20166,20167,20168	18	true
npc-family.al_kharid_warrior	NPC	3292		5	true
npc-family.chicken	NPC	1173	1174,2804,2805,2806,3316,3661,3662,9488,10494,10495,10496,10497,10498,10499	17	true
npc-family.cow	NPC	2790	2791,2793,2795,5842,6340,6401	17	true
npc-family.farmer	NPC	3114	3243,3244,6947,6948,6949,6950,6951,6952,11045,11918,11919,11920,11921,13228,13229,13230,13231,13232,13233,13234,13235,14751,14752,14753,14754,14773	17	true
npc-family.fishing-spot.lumbridge-swamp	NPC	1530		4	true
npc-family.giant_rat	NPC	2856	2510,2511,2512,2857,2858,2859,2860,2861,2862,2863,2864,3313,3314,3315,7223,9483	17	true
npc-family.giant_spider	NPC	3017	2477,3018	10	true
npc-family.goblin	NPC	3028	655,656,657,658,659,660,661,662,663,664,665,666,667,668,674,677,678,2245,2246,2247,2248,2249,2484,2485,2486,2487,2488,2489,3029,3030,3031,3032,3033,3034,3035,3036,3037,3038,3039,3040,3041,3042,3043,3044,3045,3046,3047,3048,3051,3052,3053,3054,3073,3074,3075,3076,5192,5193,5195,5196,5197,5198,5199,5200,5201,5202,5203,5204,5205,5206,5207,5208,11323,11324,11325,11326,11327,11328,11329,11330,11331,11333,11334,11335,11336,11337,11338,11339,11340,11341,11343,11344,11345,11346,11347,11348,11349,11350,11351,11353,11354,11355,11356,11357,11358,11359,11360,11361,11363,11364,11365,11366,11367,11368,11369,11370,11371,11373,11374,11375,11376,11377,11378,11379,11380,11381	17	true
npc-family.guard	NPC	3010	397,398,399,400,995,1099,1100,1111,1112,1113,1147,1371,1372,1546,1547,1548,1549,1550,1551,1552,1947,1948,1949,1950,2316,2317,3011,3254,3269,3270,3271,3272,3273,3274,3283,3361,3669,4099,4100,4218,4335,4336,4516,4517,4518,4519,4520,4522,4523,4524,4525,4526,4660,4661,4662,4663,4664,4665,4666,4667,4668,4669,5141,5185,5186,5187,5188,5189,5418,6056,6561,6575,6576,6579,6580,6581,6582,6583,6699,6700,6701,6702,9182,9183,9184,9185,9186,9187,9188,9189,9190,9191,11092,11094,11096,11098,11100,11102,11104,11106,11200,11201,11202,11203,11204,11206,11207,11208,11209,11210,11316,11317,11318,11319,11320,11321,11911,11912,11913,11914,11915,11916,11917,11922,11923,11924,11937,11938,11939,11942,11943,11944,11945,11946,11947,12045,12087,12460,12461,12668,12669,12671,12672,12674,12675,12677,12678,12680,12681,12683,12684,12686,12687,12689,12690,12692,12693,12695,12696,13048,13049,13050,13051,13052,13053,13054,13055,13056,13057,13058,13059,13060,13061,13062,13100,13101,13102,13103,13104,13105,13106,13107,13108,13109,13110,13111,13112,13113,13933,13934,13935,13986,13987,13988,13989,13990,13991,13992,13993,13994,13995,14000,14001,14663,14664,14665,14666,14667,14668,14669,14670,14716,14717,14718,14719,14720,14721,14722,14723,14887,14888,14889,14890,15566,15568	17	true
npc-family.highwayman	NPC	518	519	5	true
npc-family.man	NPC	3014	385,1118,3106,3107,3108,3109,3110,3261,3264,3265,3298,3652,4268,4269,4270,4271,4272,6776,6815,6818,6987,6988,6989,7281,7919,7920,9658,11057,11058,13679,13872,14920	17	true
npc-family.mugger	NPC	513	1461,6996,13282	17	true
npc-family.scorpion	NPC	3024	2479,2480,5242,13001,14940	17	true
npc-family.spider	NPC	3019	2478,4561,5238,8137,8138	17	true
npc-family.woman	NPC	3015	1119,1130,1131,1139,1140,1141,1142,3111,3112,3113,3268,3299,4958,6990,6991,6992,7921,7922,10728,11053,11054,14921	17	true
object-family.range.lumbridge-castle	OBJECT	114		4	true
object-family.rock.copper	OBJECT	10943	11161	3	true
object-family.tree.normal	OBJECT	1276	1277,1278,1279,1280	3	true
cache-item-family.burnt_meat.2146	ITEM	2146	2147	16	true
cache-item-family.fishing_explosive.6660	ITEM	6660	6664,18809	16	false
cache-item-family.goutweed.3261	ITEM	3261	4182,17314	16	false
cache-item-family.ice_cooler.6696	ITEM	6696	14031	16	false
cache-npc-family.evil_creature.1241	NPC	1241	1244,1247,1250,1253,1256,12477	16	false
cache-npc-family.koschei_the_deathless.3897	NPC	3897	3898,3899,3900,8152	17	false
cache-npc-family.loar_shade.1277	NPC	1277		16	false
cache-npc-family.naiatli.13838	NPC	13838		16	false
cache-npc-family.solus_dellagar.4962	NPC	4962	4930	17	false
