source_card_id	reward_kind	rule_id	description	target_card_ids
item.guam_leaf.249	FARMING_SEED	farming.herb.guam.clean	Unlocks the corresponding seed for this directly farmed herb; processing ingredients and unrelated Farming outputs are excluded.	item.guam_seed.5291
item.grimy_guam_leaf.199	FARMING_SEED	farming.herb.guam.grimy	Unlocks the corresponding seed for this directly farmed herb; processing ingredients and unrelated Farming outputs are excluded.	item.guam_seed.5291
item.marrentill.251	FARMING_SEED	farming.herb.marrentill.clean	Unlocks the corresponding seed for this directly farmed herb; processing ingredients and unrelated Farming outputs are excluded.	item.marrentill_seed.5292
item.grimy_marrentill.201	FARMING_SEED	farming.herb.marrentill.grimy	Unlocks the corresponding seed for this directly farmed herb; processing ingredients and unrelated Farming outputs are excluded.	item.marrentill_seed.5292
item.tarromin.253	FARMING_SEED	farming.herb.tarromin.clean	Unlocks the corresponding seed for this directly farmed herb; processing ingredients and unrelated Farming outputs are excluded.	item.tarromin_seed.5293
item.grimy_tarromin.203	FARMING_SEED	farming.herb.tarromin.grimy	Unlocks the corresponding seed for this directly farmed herb; processing ingredients and unrelated Farming outputs are excluded.	item.tarromin_seed.5293
item.harralander.255	FARMING_SEED	farming.herb.harralander.clean	Unlocks the corresponding seed for this directly farmed herb; processing ingredients and unrelated Farming outputs are excluded.	item.harralander_seed.5294
item.grimy_harralander.205	FARMING_SEED	farming.herb.harralander.grimy	Unlocks the corresponding seed for this directly farmed herb; processing ingredients and unrelated Farming outputs are excluded.	item.harralander_seed.5294
item.ranarr_weed.257	FARMING_SEED	farming.herb.ranarr.clean	Unlocks the corresponding seed for this directly farmed herb; processing ingredients and unrelated Farming outputs are excluded.	item.ranarr_seed.5295
item.grimy_ranarr_weed.207	FARMING_SEED	farming.herb.ranarr.grimy	Unlocks the corresponding seed for this directly farmed herb; processing ingredients and unrelated Farming outputs are excluded.	item.ranarr_seed.5295
item.toadflax.2998	FARMING_SEED	farming.herb.toadflax.clean	Unlocks the corresponding seed for this directly farmed herb; processing ingredients and unrelated Farming outputs are excluded.	item.toadflax_seed.5296
item.grimy_toadflax.3049	FARMING_SEED	farming.herb.toadflax.grimy	Unlocks the corresponding seed for this directly farmed herb; processing ingredients and unrelated Farming outputs are excluded.	item.toadflax_seed.5296
item.irit_leaf.259	FARMING_SEED	farming.herb.irit.clean	Unlocks the corresponding seed for this directly farmed herb; processing ingredients and unrelated Farming outputs are excluded.	item.irit_seed.5297
item.grimy_irit_leaf.209	FARMING_SEED	farming.herb.irit.grimy	Unlocks the corresponding seed for this directly farmed herb; processing ingredients and unrelated Farming outputs are excluded.	item.irit_seed.5297
item.avantoe.261	FARMING_SEED	farming.herb.avantoe.clean	Unlocks the corresponding seed for this directly farmed herb; processing ingredients and unrelated Farming outputs are excluded.	item.avantoe_seed.5298
item.grimy_avantoe.211	FARMING_SEED	farming.herb.avantoe.grimy	Unlocks the corresponding seed for this directly farmed herb; processing ingredients and unrelated Farming outputs are excluded.	item.avantoe_seed.5298
item.kwuarm.263	FARMING_SEED	farming.herb.kwuarm.clean	Unlocks the corresponding seed for this directly farmed herb; processing ingredients and unrelated Farming outputs are excluded.	item.kwuarm_seed.5299
item.grimy_kwuarm.213	FARMING_SEED	farming.herb.kwuarm.grimy	Unlocks the corresponding seed for this directly farmed herb; processing ingredients and unrelated Farming outputs are excluded.	item.kwuarm_seed.5299
item.snapdragon.3000	FARMING_SEED	farming.herb.snapdragon.clean	Unlocks the corresponding seed for this directly farmed herb; processing ingredients and unrelated Farming outputs are excluded.	item.snapdragon_seed.5300
item.grimy_snapdragon.3051	FARMING_SEED	farming.herb.snapdragon.grimy	Unlocks the corresponding seed for this directly farmed herb; processing ingredients and unrelated Farming outputs are excluded.	item.snapdragon_seed.5300
item.cadantine.265	FARMING_SEED	farming.herb.cadantine.clean	Unlocks the corresponding seed for this directly farmed herb; processing ingredients and unrelated Farming outputs are excluded.	item.cadantine_seed.5301
item.grimy_cadantine.215	FARMING_SEED	farming.herb.cadantine.grimy	Unlocks the corresponding seed for this directly farmed herb; processing ingredients and unrelated Farming outputs are excluded.	item.cadantine_seed.5301
item.lantadyme.2481	FARMING_SEED	farming.herb.lantadyme.clean	Unlocks the corresponding seed for this directly farmed herb; processing ingredients and unrelated Farming outputs are excluded.	item.lantadyme_seed.5302
item.grimy_lantadyme.2485	FARMING_SEED	farming.herb.lantadyme.grimy	Unlocks the corresponding seed for this directly farmed herb; processing ingredients and unrelated Farming outputs are excluded.	item.lantadyme_seed.5302
item.dwarf_weed.267	FARMING_SEED	farming.herb.dwarf_weed.clean	Unlocks the corresponding seed for this directly farmed herb; processing ingredients and unrelated Farming outputs are excluded.	item.dwarf_weed_seed.5303
item.grimy_dwarf_weed.217	FARMING_SEED	farming.herb.dwarf_weed.grimy	Unlocks the corresponding seed for this directly farmed herb; processing ingredients and unrelated Farming outputs are excluded.	item.dwarf_weed_seed.5303
item.torstol.269	FARMING_SEED	farming.herb.torstol.clean	Unlocks the corresponding seed for this directly farmed herb; processing ingredients and unrelated Farming outputs are excluded.	item.torstol_seed.5304
item.grimy_torstol.219	FARMING_SEED	farming.herb.torstol.grimy	Unlocks the corresponding seed for this directly farmed herb; processing ingredients and unrelated Farming outputs are excluded.	item.torstol_seed.5304
item.huasca.30097	FARMING_SEED	farming.herb.huasca.clean	Unlocks the corresponding seed for this directly farmed herb; processing ingredients and unrelated Farming outputs are excluded.	item.huasca_seed.30088
item.grimy_huasca.30094	FARMING_SEED	farming.herb.huasca.grimy	Unlocks the corresponding seed for this directly farmed herb; processing ingredients and unrelated Farming outputs are excluded.	item.huasca_seed.30088
item.grimy_noxifer.20901	FARMING_SEED	farming.raid_herb.noxifer	Unlocks the corresponding seed for this directly harvested Chambers of Xeric herb.	item.noxifer_seed.20903
item.grimy_golpar.20904	FARMING_SEED	farming.raid_herb.golpar	Unlocks the corresponding seed for this directly harvested Chambers of Xeric herb.	item.golpar_seed.20906
item.grimy_buchu_leaf.20907	FARMING_SEED	farming.raid_herb.buchu	Unlocks the corresponding seed for this directly harvested Chambers of Xeric herb.	item.buchu_seed.20909
item.potato.1942	FARMING_SEED	farming.allotment.potato	Unlocks the corresponding seed or spore for this direct primary Farming harvest; secondary by-products and unrelated patch outputs are excluded.	item.potato_seed.5318
item.onion.1957	FARMING_SEED	farming.allotment.onion	Unlocks the corresponding seed or spore for this direct primary Farming harvest; secondary by-products and unrelated patch outputs are excluded.	item.onion_seed.5319
item.cabbage.1965	FARMING_SEED	farming.allotment.cabbage	Unlocks the corresponding seed or spore for this direct primary Farming harvest; secondary by-products and unrelated patch outputs are excluded.	item.cabbage_seed.5324
item.tomato.1982	FARMING_SEED	farming.allotment.tomato	Unlocks the corresponding seed or spore for this direct primary Farming harvest; secondary by-products and unrelated patch outputs are excluded.	item.tomato_seed.5322
item.sweetcorn.5986	FARMING_SEED	farming.allotment.sweetcorn	Unlocks the corresponding seed or spore for this direct primary Farming harvest; secondary by-products and unrelated patch outputs are excluded.	item.sweetcorn_seed.5320
item.strawberry.5504	FARMING_SEED	farming.allotment.strawberry	Unlocks the corresponding seed or spore for this direct primary Farming harvest; secondary by-products and unrelated patch outputs are excluded.	item.strawberry_seed.5323
item.watermelon.5982	FARMING_SEED	farming.allotment.watermelon	Unlocks the corresponding seed or spore for this direct primary Farming harvest; secondary by-products and unrelated patch outputs are excluded.	item.watermelon_seed.5321
item.snape_grass.231	FARMING_SEED	farming.allotment.snape_grass	Unlocks the corresponding seed or spore for this direct primary Farming harvest; secondary by-products and unrelated patch outputs are excluded.	item.snape_grass_seed.22879
item.marigolds.6010	FARMING_SEED	farming.flower.marigold	Unlocks the corresponding seed or spore for this direct primary Farming harvest; secondary by-products and unrelated patch outputs are excluded.	item.marigold_seed.5096
item.rosemary.6014	FARMING_SEED	farming.flower.rosemary	Unlocks the corresponding seed or spore for this direct primary Farming harvest; secondary by-products and unrelated patch outputs are excluded.	item.rosemary_seed.5097
item.nasturtiums.6012	FARMING_SEED	farming.flower.nasturtium	Unlocks the corresponding seed or spore for this direct primary Farming harvest; secondary by-products and unrelated patch outputs are excluded.	item.nasturtium_seed.5098
item.woad_leaf.1793	FARMING_SEED	farming.flower.woad	Unlocks the corresponding seed or spore for this direct primary Farming harvest; secondary by-products and unrelated patch outputs are excluded.	item.woad_seed.5099
item.limpwurt_root.225	FARMING_SEED	farming.flower.limpwurt	Unlocks the corresponding seed or spore for this direct primary Farming harvest; secondary by-products and unrelated patch outputs are excluded.	item.limpwurt_seed.5100
item.white_lily.22932	FARMING_SEED	farming.flower.white_lily	Unlocks the corresponding seed or spore for this direct primary Farming harvest; secondary by-products and unrelated patch outputs are excluded.	item.white_lily_seed.22887
item.barley.6006	FARMING_SEED	farming.hops.barley	Unlocks the corresponding seed or spore for this direct primary Farming harvest; secondary by-products and unrelated patch outputs are excluded.	item.barley_seed.5305
item.hammerstone_hops.5994	FARMING_SEED	farming.hops.hammerstone	Unlocks the corresponding seed or spore for this direct primary Farming harvest; secondary by-products and unrelated patch outputs are excluded.	item.hammerstone_seed.5307
item.asgarnian_hops.5996	FARMING_SEED	farming.hops.asgarnian	Unlocks the corresponding seed or spore for this direct primary Farming harvest; secondary by-products and unrelated patch outputs are excluded.	item.asgarnian_seed.5308
item.jute_fibre.5931	FARMING_SEED	farming.hops.jute	Unlocks the corresponding seed or spore for this direct primary Farming harvest; secondary by-products and unrelated patch outputs are excluded.	item.jute_seed.5306
item.yanillian_hops.5998	FARMING_SEED	farming.hops.yanillian	Unlocks the corresponding seed or spore for this direct primary Farming harvest; secondary by-products and unrelated patch outputs are excluded.	item.yanillian_seed.5309
item.krandorian_hops.6000	FARMING_SEED	farming.hops.krandorian	Unlocks the corresponding seed or spore for this direct primary Farming harvest; secondary by-products and unrelated patch outputs are excluded.	item.krandorian_seed.5310
item.wildblood_hops.6002	FARMING_SEED	farming.hops.wildblood	Unlocks the corresponding seed or spore for this direct primary Farming harvest; secondary by-products and unrelated patch outputs are excluded.	item.wildblood_seed.5311
item.flax.1779	FARMING_SEED	farming.hops.flax	Unlocks the corresponding seed or spore for this direct primary Farming harvest; secondary by-products and unrelated patch outputs are excluded.	item.flax_seed.31541
item.hemp.31457	FARMING_SEED	farming.hops.hemp	Unlocks the corresponding seed or spore for this direct primary Farming harvest; secondary by-products and unrelated patch outputs are excluded.	item.hemp_seed.31543
item.cotton_boll.31460	FARMING_SEED	farming.hops.cotton	Unlocks the corresponding seed or spore for this direct primary Farming harvest; secondary by-products and unrelated patch outputs are excluded.	item.cotton_seed.31545
item.redberries.1951	FARMING_SEED	farming.bush.redberry	Unlocks the corresponding seed or spore for this direct primary Farming harvest; secondary by-products and unrelated patch outputs are excluded.	item.redberry_seed.5101
item.cadava_berries.753	FARMING_SEED	farming.bush.cadavaberry	Unlocks the corresponding seed or spore for this direct primary Farming harvest; secondary by-products and unrelated patch outputs are excluded.	item.cadavaberry_seed.5102
item.dwellberries.2126	FARMING_SEED	farming.bush.dwellberry	Unlocks the corresponding seed or spore for this direct primary Farming harvest; secondary by-products and unrelated patch outputs are excluded.	item.dwellberry_seed.5103
item.jangerberries.247	FARMING_SEED	farming.bush.jangerberry	Unlocks the corresponding seed or spore for this direct primary Farming harvest; secondary by-products and unrelated patch outputs are excluded.	item.jangerberry_seed.5104
item.white_berries.239	FARMING_SEED	farming.bush.whiteberry	Unlocks the corresponding seed or spore for this direct primary Farming harvest; secondary by-products and unrelated patch outputs are excluded.	item.whiteberry_seed.5105
item.poison_ivy_berries.6018	FARMING_SEED	farming.bush.poison_ivy	Unlocks the corresponding seed or spore for this direct primary Farming harvest; secondary by-products and unrelated patch outputs are excluded.	item.poison_ivy_seed.5106
item.cooking_apple.1955	FARMING_SEED	farming.fruit.apple	Unlocks the corresponding seed or spore for this direct primary Farming harvest; secondary by-products and unrelated patch outputs are excluded.	item.apple_tree_seed.5283
item.banana.1963	FARMING_SEED	farming.fruit.banana	Unlocks the corresponding seed or spore for this direct primary Farming harvest; secondary by-products and unrelated patch outputs are excluded.	item.banana_tree_seed.5284
item.orange.2108	FARMING_SEED	farming.fruit.orange	Unlocks the corresponding seed or spore for this direct primary Farming harvest; secondary by-products and unrelated patch outputs are excluded.	item.orange_tree_seed.5285
item.curry_leaf.5970	FARMING_SEED	farming.fruit.curry	Unlocks the corresponding seed or spore for this direct primary Farming harvest; secondary by-products and unrelated patch outputs are excluded.	item.curry_tree_seed.5286
item.pineapple.2114	FARMING_SEED	farming.fruit.pineapple	Unlocks the corresponding seed or spore for this direct primary Farming harvest; secondary by-products and unrelated patch outputs are excluded.	item.pineapple_seed.5287
item.papaya_fruit.5972	FARMING_SEED	farming.fruit.papaya	Unlocks the corresponding seed or spore for this direct primary Farming harvest; secondary by-products and unrelated patch outputs are excluded.	item.papaya_tree_seed.5288
item.coconut.5974	FARMING_SEED	farming.fruit.coconut	Unlocks the corresponding seed or spore for this direct primary Farming harvest; secondary by-products and unrelated patch outputs are excluded.	item.palm_tree_seed.5289
item.dragonfruit.22929	FARMING_SEED	farming.fruit.dragonfruit	Unlocks the corresponding seed or spore for this direct primary Farming harvest; secondary by-products and unrelated patch outputs are excluded.	item.dragonfruit_tree_seed.22877
item.calquat_fruit.5980	FARMING_SEED	farming.special.calquat	Unlocks the corresponding seed or spore for this direct primary Farming harvest; secondary by-products and unrelated patch outputs are excluded.	item.calquat_tree_seed.5290
item.cactus_spine.6016	FARMING_SEED	farming.special.cactus	Unlocks the corresponding seed or spore for this direct primary Farming harvest; secondary by-products and unrelated patch outputs are excluded.	item.cactus_seed.5280
item.potato_cactus.3138	FARMING_SEED	farming.special.potato_cactus	Unlocks the corresponding seed or spore for this direct primary Farming harvest; secondary by-products and unrelated patch outputs are excluded.	item.potato_cactus_seed.22873
item.mushroom.6004	FARMING_SEED	farming.special.mushroom	Unlocks the corresponding seed or spore for this direct primary Farming harvest; secondary by-products and unrelated patch outputs are excluded.	item.mushroom_spore.5282
item.cave_nightshade.2398	FARMING_SEED	farming.special.belladonna	Unlocks the corresponding seed or spore for this direct primary Farming harvest; secondary by-products and unrelated patch outputs are excluded.	item.belladonna_seed.5281
item.giant_seaweed.21504	FARMING_SEED	farming.special.giant_seaweed	Unlocks the corresponding seed or spore for this direct primary Farming harvest; secondary by-products and unrelated patch outputs are excluded.	item.seaweed_spore.21490
item.grapes.1987	FARMING_SEED	farming.special.grapes	Unlocks the corresponding seed or spore for this direct primary Farming harvest; secondary by-products and unrelated patch outputs are excluded.	item.grape_seed.13657
item.celastrus_bark.22935	FARMING_SEED	farming.special.celastrus	Unlocks the corresponding seed or spore for this direct primary Farming harvest; secondary by-products and unrelated patch outputs are excluded.	item.celastrus_seed.22869
item.golovanova_fruit.13426	FARMING_SEED	farming.tithe.golovanova	Unlocks the corresponding seed or spore for this direct primary Farming harvest; secondary by-products and unrelated patch outputs are excluded.	item.golovanova_seed.13423
item.bologano_fruit.13427	FARMING_SEED	farming.tithe.bologano	Unlocks the corresponding seed or spore for this direct primary Farming harvest; secondary by-products and unrelated patch outputs are excluded.	item.bologano_seed.13424
item.logavano_fruit.13428	FARMING_SEED	farming.tithe.logavano	Unlocks the corresponding seed or spore for this direct primary Farming harvest; secondary by-products and unrelated patch outputs are excluded.	item.logavano_seed.13425
item.oak_logs.1521	FARMING_SEED	farming.tree.oak	Unlocks the corresponding seed or spore for this direct primary Farming harvest; secondary by-products and unrelated patch outputs are excluded.	item.acorn.5312
item.willow_logs.1519	FARMING_SEED	farming.tree.willow	Unlocks the corresponding seed or spore for this direct primary Farming harvest; secondary by-products and unrelated patch outputs are excluded.	item.willow_seed.5313
item.maple_logs.1517	FARMING_SEED	farming.tree.maple	Unlocks the corresponding seed or spore for this direct primary Farming harvest; secondary by-products and unrelated patch outputs are excluded.	item.maple_seed.5314
item.yew_logs.1515	FARMING_SEED	farming.tree.yew	Unlocks the corresponding seed or spore for this direct primary Farming harvest; secondary by-products and unrelated patch outputs are excluded.	item.yew_seed.5315
item.magic_logs.1513	FARMING_SEED	farming.tree.magic	Unlocks the corresponding seed or spore for this direct primary Farming harvest; secondary by-products and unrelated patch outputs are excluded.	item.magic_seed.5316
item.teak_logs.6333	FARMING_SEED	farming.tree.teak	Unlocks the corresponding seed or spore for this direct primary Farming harvest; secondary by-products and unrelated patch outputs are excluded.	item.teak_seed.21486
item.mahogany_logs.6332	FARMING_SEED	farming.tree.mahogany	Unlocks the corresponding seed or spore for this direct primary Farming harvest; secondary by-products and unrelated patch outputs are excluded.	item.mahogany_seed.21488
item.redwood_logs.19669	FARMING_SEED	farming.tree.redwood	Unlocks the corresponding seed or spore for this direct primary Farming harvest; secondary by-products and unrelated patch outputs are excluded.	item.redwood_tree_seed.22871
item.camphor_logs.32904	FARMING_SEED	farming.tree.camphor	Unlocks the corresponding seed or spore for this direct primary Farming harvest; secondary by-products and unrelated patch outputs are excluded.	item.camphor_seed.31547
item.ironwood_logs.32907	FARMING_SEED	farming.tree.ironwood	Unlocks the corresponding seed or spore for this direct primary Farming harvest; secondary by-products and unrelated patch outputs are excluded.	item.ironwood_seed.31549
item.rosewood_logs.32910	FARMING_SEED	farming.tree.rosewood	Unlocks the corresponding seed or spore for this direct primary Farming harvest; secondary by-products and unrelated patch outputs are excluded.	item.rosewood_seed.31551
item.bronze_set_lg.12960	PACKAGE_CONTENTS	package.metal.bronze.base.lg	Unlocks the canonical component cards contained in this Grand Exchange item-set package; the package itself does not imply unrelated variants or upgrades.	item.bronze_full_helm|item.bronze_platebody|item.bronze_platelegs|item.bronze_kiteshield
item.bronze_trimmed_set_lg.12964	PACKAGE_CONTENTS	package.metal.bronze.trimmed.lg	Unlocks the canonical component cards contained in this Grand Exchange item-set package; the package itself does not imply unrelated variants or upgrades.	item.bronze_full_helm|item.bronze_platebody|item.bronze_platelegs|item.bronze_kiteshield
item.bronze_gold_trimmed_set_lg.12968	PACKAGE_CONTENTS	package.metal.bronze.gold_trimmed.lg	Unlocks the canonical component cards contained in this Grand Exchange item-set package; the package itself does not imply unrelated variants or upgrades.	item.bronze_full_helm|item.bronze_platebody|item.bronze_platelegs|item.bronze_kiteshield
item.bronze_set_sk.12962	PACKAGE_CONTENTS	package.metal.bronze.base.sk	Unlocks the canonical component cards contained in this Grand Exchange item-set package; the package itself does not imply unrelated variants or upgrades.	item.bronze_full_helm|item.bronze_platebody|item.bronze_plateskirt.1087|item.bronze_kiteshield
item.bronze_trimmed_set_sk.12966	PACKAGE_CONTENTS	package.metal.bronze.trimmed.sk	Unlocks the canonical component cards contained in this Grand Exchange item-set package; the package itself does not imply unrelated variants or upgrades.	item.bronze_full_helm|item.bronze_platebody|item.bronze_plateskirt.1087|item.bronze_kiteshield
item.bronze_gold_trimmed_set_sk.12970	PACKAGE_CONTENTS	package.metal.bronze.gold_trimmed.sk	Unlocks the canonical component cards contained in this Grand Exchange item-set package; the package itself does not imply unrelated variants or upgrades.	item.bronze_full_helm|item.bronze_platebody|item.bronze_plateskirt.1087|item.bronze_kiteshield
item.iron_set_lg.12972	PACKAGE_CONTENTS	package.metal.iron.base.lg	Unlocks the canonical component cards contained in this Grand Exchange item-set package; the package itself does not imply unrelated variants or upgrades.	item.iron_full_helm|item.iron_platebody|item.iron_platelegs|item.iron_kiteshield
item.iron_trimmed_set_lg.12976	PACKAGE_CONTENTS	package.metal.iron.trimmed.lg	Unlocks the canonical component cards contained in this Grand Exchange item-set package; the package itself does not imply unrelated variants or upgrades.	item.iron_full_helm|item.iron_platebody|item.iron_platelegs|item.iron_kiteshield
item.iron_gold_trimmed_set_lg.12980	PACKAGE_CONTENTS	package.metal.iron.gold_trimmed.lg	Unlocks the canonical component cards contained in this Grand Exchange item-set package; the package itself does not imply unrelated variants or upgrades.	item.iron_full_helm|item.iron_platebody|item.iron_platelegs|item.iron_kiteshield
item.iron_set_sk.12974	PACKAGE_CONTENTS	package.metal.iron.base.sk	Unlocks the canonical component cards contained in this Grand Exchange item-set package; the package itself does not imply unrelated variants or upgrades.	item.iron_full_helm|item.iron_platebody|item.iron_plateskirt.1081|item.iron_kiteshield
item.iron_trimmed_set_sk.12978	PACKAGE_CONTENTS	package.metal.iron.trimmed.sk	Unlocks the canonical component cards contained in this Grand Exchange item-set package; the package itself does not imply unrelated variants or upgrades.	item.iron_full_helm|item.iron_platebody|item.iron_plateskirt.1081|item.iron_kiteshield
item.iron_gold_trimmed_set_sk.12982	PACKAGE_CONTENTS	package.metal.iron.gold_trimmed.sk	Unlocks the canonical component cards contained in this Grand Exchange item-set package; the package itself does not imply unrelated variants or upgrades.	item.iron_full_helm|item.iron_platebody|item.iron_plateskirt.1081|item.iron_kiteshield
item.steel_set_lg.12984	PACKAGE_CONTENTS	package.metal.steel.base.lg	Unlocks the canonical component cards contained in this Grand Exchange item-set package; the package itself does not imply unrelated variants or upgrades.	item.steel-full-helm|item.steel-platebody|item.steel-platelegs|item.steel-kiteshield
item.steel_trimmed_set_lg.20376	PACKAGE_CONTENTS	package.metal.steel.trimmed.lg	Unlocks the canonical component cards contained in this Grand Exchange item-set package; the package itself does not imply unrelated variants or upgrades.	item.steel-full-helm|item.steel-platebody|item.steel-platelegs|item.steel-kiteshield
item.steel_gold_trimmed_set_lg.20382	PACKAGE_CONTENTS	package.metal.steel.gold_trimmed.lg	Unlocks the canonical component cards contained in this Grand Exchange item-set package; the package itself does not imply unrelated variants or upgrades.	item.steel-full-helm|item.steel-platebody|item.steel-platelegs|item.steel-kiteshield
item.steel_set_sk.12986	PACKAGE_CONTENTS	package.metal.steel.base.sk	Unlocks the canonical component cards contained in this Grand Exchange item-set package; the package itself does not imply unrelated variants or upgrades.	item.steel-full-helm|item.steel-platebody|item.steel_plateskirt.1083|item.steel-kiteshield
item.steel_trimmed_set_sk.20379	PACKAGE_CONTENTS	package.metal.steel.trimmed.sk	Unlocks the canonical component cards contained in this Grand Exchange item-set package; the package itself does not imply unrelated variants or upgrades.	item.steel-full-helm|item.steel-platebody|item.steel_plateskirt.1083|item.steel-kiteshield
item.steel_gold_trimmed_set_sk.20385	PACKAGE_CONTENTS	package.metal.steel.gold_trimmed.sk	Unlocks the canonical component cards contained in this Grand Exchange item-set package; the package itself does not imply unrelated variants or upgrades.	item.steel-full-helm|item.steel-platebody|item.steel_plateskirt.1083|item.steel-kiteshield
item.black_set_lg.12988	PACKAGE_CONTENTS	package.metal.black.base.lg	Unlocks the canonical component cards contained in this Grand Exchange item-set package; the package itself does not imply unrelated variants or upgrades.	item.black_full_helm.1165|item.black_platebody.1125|item.black_platelegs.1077|item.black_kiteshield.1195
item.black_trimmed_set_lg.12992	PACKAGE_CONTENTS	package.metal.black.trimmed.lg	Unlocks the canonical component cards contained in this Grand Exchange item-set package; the package itself does not imply unrelated variants or upgrades.	item.black_full_helm.1165|item.black_platebody.1125|item.black_platelegs.1077|item.black_kiteshield.1195
item.black_gold_trimmed_set_lg.12996	PACKAGE_CONTENTS	package.metal.black.gold_trimmed.lg	Unlocks the canonical component cards contained in this Grand Exchange item-set package; the package itself does not imply unrelated variants or upgrades.	item.black_full_helm.1165|item.black_platebody.1125|item.black_platelegs.1077|item.black_kiteshield.1195
item.black_set_sk.12990	PACKAGE_CONTENTS	package.metal.black.base.sk	Unlocks the canonical component cards contained in this Grand Exchange item-set package; the package itself does not imply unrelated variants or upgrades.	item.black_full_helm.1165|item.black_platebody.1125|item.black_plateskirt.1089|item.black_kiteshield.1195
item.black_trimmed_set_sk.12994	PACKAGE_CONTENTS	package.metal.black.trimmed.sk	Unlocks the canonical component cards contained in this Grand Exchange item-set package; the package itself does not imply unrelated variants or upgrades.	item.black_full_helm.1165|item.black_platebody.1125|item.black_plateskirt.1089|item.black_kiteshield.1195
item.black_gold_trimmed_set_sk.12998	PACKAGE_CONTENTS	package.metal.black.gold_trimmed.sk	Unlocks the canonical component cards contained in this Grand Exchange item-set package; the package itself does not imply unrelated variants or upgrades.	item.black_full_helm.1165|item.black_platebody.1125|item.black_plateskirt.1089|item.black_kiteshield.1195
item.mithril_set_lg.13000	PACKAGE_CONTENTS	package.metal.mithril.base.lg	Unlocks the canonical component cards contained in this Grand Exchange item-set package; the package itself does not imply unrelated variants or upgrades.	item.mithril-full-helm|item.mithril-platebody|item.mithril-platelegs|item.mithril-kiteshield
item.mithril_trimmed_set_lg.13004	PACKAGE_CONTENTS	package.metal.mithril.trimmed.lg	Unlocks the canonical component cards contained in this Grand Exchange item-set package; the package itself does not imply unrelated variants or upgrades.	item.mithril-full-helm|item.mithril-platebody|item.mithril-platelegs|item.mithril-kiteshield
item.mithril_gold_trimmed_set_lg.13008	PACKAGE_CONTENTS	package.metal.mithril.gold_trimmed.lg	Unlocks the canonical component cards contained in this Grand Exchange item-set package; the package itself does not imply unrelated variants or upgrades.	item.mithril-full-helm|item.mithril-platebody|item.mithril-platelegs|item.mithril-kiteshield
item.mithril_set_sk.13002	PACKAGE_CONTENTS	package.metal.mithril.base.sk	Unlocks the canonical component cards contained in this Grand Exchange item-set package; the package itself does not imply unrelated variants or upgrades.	item.mithril-full-helm|item.mithril-platebody|item.mithril_plateskirt.1085|item.mithril-kiteshield
item.mithril_trimmed_set_sk.13006	PACKAGE_CONTENTS	package.metal.mithril.trimmed.sk	Unlocks the canonical component cards contained in this Grand Exchange item-set package; the package itself does not imply unrelated variants or upgrades.	item.mithril-full-helm|item.mithril-platebody|item.mithril_plateskirt.1085|item.mithril-kiteshield
item.mithril_gold_trimmed_set_sk.13010	PACKAGE_CONTENTS	package.metal.mithril.gold_trimmed.sk	Unlocks the canonical component cards contained in this Grand Exchange item-set package; the package itself does not imply unrelated variants or upgrades.	item.mithril-full-helm|item.mithril-platebody|item.mithril_plateskirt.1085|item.mithril-kiteshield
item.adamant_set_lg.13012	PACKAGE_CONTENTS	package.metal.adamant.base.lg	Unlocks the canonical component cards contained in this Grand Exchange item-set package; the package itself does not imply unrelated variants or upgrades.	item.adamant-full-helm|item.adamant-platebody|item.adamant-platelegs|item.adamant-kiteshield
item.adamant_trimmed_set_lg.13016	PACKAGE_CONTENTS	package.metal.adamant.trimmed.lg	Unlocks the canonical component cards contained in this Grand Exchange item-set package; the package itself does not imply unrelated variants or upgrades.	item.adamant-full-helm|item.adamant-platebody|item.adamant-platelegs|item.adamant-kiteshield
item.adamant_gold_trimmed_set_lg.13020	PACKAGE_CONTENTS	package.metal.adamant.gold_trimmed.lg	Unlocks the canonical component cards contained in this Grand Exchange item-set package; the package itself does not imply unrelated variants or upgrades.	item.adamant-full-helm|item.adamant-platebody|item.adamant-platelegs|item.adamant-kiteshield
item.adamant_set_sk.13014	PACKAGE_CONTENTS	package.metal.adamant.base.sk	Unlocks the canonical component cards contained in this Grand Exchange item-set package; the package itself does not imply unrelated variants or upgrades.	item.adamant-full-helm|item.adamant-platebody|item.adamant_plateskirt.1091|item.adamant-kiteshield
item.adamant_trimmed_set_sk.13018	PACKAGE_CONTENTS	package.metal.adamant.trimmed.sk	Unlocks the canonical component cards contained in this Grand Exchange item-set package; the package itself does not imply unrelated variants or upgrades.	item.adamant-full-helm|item.adamant-platebody|item.adamant_plateskirt.1091|item.adamant-kiteshield
item.adamant_gold_trimmed_set_sk.13022	PACKAGE_CONTENTS	package.metal.adamant.gold_trimmed.sk	Unlocks the canonical component cards contained in this Grand Exchange item-set package; the package itself does not imply unrelated variants or upgrades.	item.adamant-full-helm|item.adamant-platebody|item.adamant_plateskirt.1091|item.adamant-kiteshield
item.rune_armour_set_lg.13024	PACKAGE_CONTENTS	package.metal.rune.base.lg	Unlocks the canonical component cards contained in this Grand Exchange item-set package; the package itself does not imply unrelated variants or upgrades.	item.rune-full-helm|item.rune-platebody|item.rune-platelegs|item.rune-kiteshield
item.rune_trimmed_set_lg.13028	PACKAGE_CONTENTS	package.metal.rune.trimmed.lg	Unlocks the canonical component cards contained in this Grand Exchange item-set package; the package itself does not imply unrelated variants or upgrades.	item.rune-full-helm|item.rune-platebody|item.rune-platelegs|item.rune-kiteshield
item.rune_gold_trimmed_set_lg.13032	PACKAGE_CONTENTS	package.metal.rune.gold_trimmed.lg	Unlocks the canonical component cards contained in this Grand Exchange item-set package; the package itself does not imply unrelated variants or upgrades.	item.rune-full-helm|item.rune-platebody|item.rune-platelegs|item.rune-kiteshield
item.rune_armour_set_sk.13026	PACKAGE_CONTENTS	package.metal.rune.base.sk	Unlocks the canonical component cards contained in this Grand Exchange item-set package; the package itself does not imply unrelated variants or upgrades.	item.rune-full-helm|item.rune-platebody|item.rune_plateskirt.1093|item.rune-kiteshield
item.rune_trimmed_set_sk.13030	PACKAGE_CONTENTS	package.metal.rune.trimmed.sk	Unlocks the canonical component cards contained in this Grand Exchange item-set package; the package itself does not imply unrelated variants or upgrades.	item.rune-full-helm|item.rune-platebody|item.rune_plateskirt.1093|item.rune-kiteshield
item.rune_gold_trimmed_set_sk.13034	PACKAGE_CONTENTS	package.metal.rune.gold_trimmed.sk	Unlocks the canonical component cards contained in this Grand Exchange item-set package; the package itself does not imply unrelated variants or upgrades.	item.rune-full-helm|item.rune-platebody|item.rune_plateskirt.1093|item.rune-kiteshield
item.saradomin_armour_set_lg.13040	PACKAGE_CONTENTS	package.rune_god.saradomin.lg	Unlocks the canonical component cards contained in this Grand Exchange item-set package; the package itself does not imply unrelated variants or upgrades.	item.saradomin_full_helm.2665|item.saradomin_platebody.2661|item.saradomin_platelegs.2663|item.saradomin_kiteshield.2667
item.saradomin_armour_set_sk.13042	PACKAGE_CONTENTS	package.rune_god.saradomin.sk	Unlocks the canonical component cards contained in this Grand Exchange item-set package; the package itself does not imply unrelated variants or upgrades.	item.saradomin_full_helm.2665|item.saradomin_platebody.2661|item.saradomin_plateskirt.3479|item.saradomin_kiteshield.2667
item.zamorak_armour_set_lg.13044	PACKAGE_CONTENTS	package.rune_god.zamorak.lg	Unlocks the canonical component cards contained in this Grand Exchange item-set package; the package itself does not imply unrelated variants or upgrades.	item.zamorak_full_helm.2657|item.zamorak_platebody.2653|item.zamorak_platelegs.2655|item.zamorak_kiteshield.2659
item.zamorak_armour_set_sk.13046	PACKAGE_CONTENTS	package.rune_god.zamorak.sk	Unlocks the canonical component cards contained in this Grand Exchange item-set package; the package itself does not imply unrelated variants or upgrades.	item.zamorak_full_helm.2657|item.zamorak_platebody.2653|item.zamorak_plateskirt.3478|item.zamorak_kiteshield.2659
item.guthix_armour_set_lg.13048	PACKAGE_CONTENTS	package.rune_god.guthix.lg	Unlocks the canonical component cards contained in this Grand Exchange item-set package; the package itself does not imply unrelated variants or upgrades.	item.guthix_full_helm.2673|item.guthix_platebody.2669|item.guthix_platelegs.2671|item.guthix_kiteshield.2675
item.guthix_armour_set_sk.13050	PACKAGE_CONTENTS	package.rune_god.guthix.sk	Unlocks the canonical component cards contained in this Grand Exchange item-set package; the package itself does not imply unrelated variants or upgrades.	item.guthix_full_helm.2673|item.guthix_platebody.2669|item.guthix_plateskirt.3480|item.guthix_kiteshield.2675
item.armadyl_rune_armour_set_lg.13052	PACKAGE_CONTENTS	package.rune_god.armadyl.lg	Unlocks the canonical component cards contained in this Grand Exchange item-set package; the package itself does not imply unrelated variants or upgrades.	item.armadyl_full_helm.12476|item.armadyl_platebody.12470|item.armadyl_platelegs.12472|item.armadyl_kiteshield.12478
item.armadyl_rune_armour_set_sk.13054	PACKAGE_CONTENTS	package.rune_god.armadyl.sk	Unlocks the canonical component cards contained in this Grand Exchange item-set package; the package itself does not imply unrelated variants or upgrades.	item.armadyl_full_helm.12476|item.armadyl_platebody.12470|item.armadyl_plateskirt.12474|item.armadyl_kiteshield.12478
item.bandos_rune_armour_set_lg.13056	PACKAGE_CONTENTS	package.rune_god.bandos.lg	Unlocks the canonical component cards contained in this Grand Exchange item-set package; the package itself does not imply unrelated variants or upgrades.	item.bandos_full_helm.12486|item.bandos_platebody.12480|item.bandos_platelegs.12482|item.bandos_kiteshield.12488
item.bandos_rune_armour_set_sk.13058	PACKAGE_CONTENTS	package.rune_god.bandos.sk	Unlocks the canonical component cards contained in this Grand Exchange item-set package; the package itself does not imply unrelated variants or upgrades.	item.bandos_full_helm.12486|item.bandos_platebody.12480|item.bandos_plateskirt.12484|item.bandos_kiteshield.12488
item.ancient_rune_armour_set_lg.13060	PACKAGE_CONTENTS	package.rune_god.ancient.lg	Unlocks the canonical component cards contained in this Grand Exchange item-set package; the package itself does not imply unrelated variants or upgrades.	item.ancient_full_helm.12466|item.ancient_platebody.12460|item.ancient_platelegs.12462|item.ancient_kiteshield.12468
item.ancient_rune_armour_set_sk.13062	PACKAGE_CONTENTS	package.rune_god.ancient.sk	Unlocks the canonical component cards contained in this Grand Exchange item-set package; the package itself does not imply unrelated variants or upgrades.	item.ancient_full_helm.12466|item.ancient_platebody.12460|item.ancient_plateskirt.12464|item.ancient_kiteshield.12468
item.gilded_armour_set_lg.13036	PACKAGE_CONTENTS	package.gilded.lg	Unlocks the canonical component cards contained in this Grand Exchange item-set package; the package itself does not imply unrelated variants or upgrades.	item.gilded_full_helm.3486|item.gilded_platebody.3481|item.gilded_platelegs.3483|item.gilded_kiteshield.3488
item.dragon_armour_set_lg.21882	PACKAGE_CONTENTS	package.dragon.lg	Unlocks the canonical component cards contained in this Grand Exchange item-set package; the package itself does not imply unrelated variants or upgrades.	item.dragon_full_helm.11335|item.dragon_platebody.21892|item.dragon_platelegs.4087|item.dragon_kiteshield.21895
item.gilded_armour_set_sk.13038	PACKAGE_CONTENTS	package.gilded.sk	Unlocks the canonical component cards contained in this Grand Exchange item-set package; the package itself does not imply unrelated variants or upgrades.	item.gilded_full_helm.3486|item.gilded_platebody.3481|item.gilded_plateskirt.3485|item.gilded_kiteshield.3488
item.dragon_armour_set_sk.21885	PACKAGE_CONTENTS	package.dragon.sk	Unlocks the canonical component cards contained in this Grand Exchange item-set package; the package itself does not imply unrelated variants or upgrades.	item.dragon_full_helm.11335|item.dragon_platebody.21892|item.dragon_plateskirt.4585|item.dragon_kiteshield.21895
item.ahrim_s_armour_set.12881	PACKAGE_CONTENTS	package.ahrim_s_armour_set	Unlocks the canonical component cards contained in this Grand Exchange item-set package; the package itself does not imply unrelated variants or upgrades.	item.ahrim_s_hood.4708|item.ahrim_s_robetop.4712|item.ahrim_s_robeskirt.4714|item.ahrim_s_staff.4710
item.dharok_s_armour_set.12877	PACKAGE_CONTENTS	package.dharok_s_armour_set	Unlocks the canonical component cards contained in this Grand Exchange item-set package; the package itself does not imply unrelated variants or upgrades.	item.dharok_s_helm.4716|item.dharok_s_platebody.4720|item.dharok_s_platelegs.4722|item.dharok_s_greataxe.4718
item.guthan_s_armour_set.12873	PACKAGE_CONTENTS	package.guthan_s_armour_set	Unlocks the canonical component cards contained in this Grand Exchange item-set package; the package itself does not imply unrelated variants or upgrades.	item.guthan_s_helm.4724|item.guthan_s_platebody.4728|item.guthan_s_chainskirt.4730|item.guthan_s_warspear.4726
item.karil_s_armour_set.12883	PACKAGE_CONTENTS	package.karil_s_armour_set	Unlocks the canonical component cards contained in this Grand Exchange item-set package; the package itself does not imply unrelated variants or upgrades.	item.karil_s_coif.4732|item.karil_s_leathertop.4736|item.karil_s_leatherskirt.4738|item.karil_s_crossbow.4734
item.torag_s_armour_set.12879	PACKAGE_CONTENTS	package.torag_s_armour_set	Unlocks the canonical component cards contained in this Grand Exchange item-set package; the package itself does not imply unrelated variants or upgrades.	item.torag_s_helm.4745|item.torag_s_platebody.4749|item.torag_s_platelegs.4751|item.torag_s_hammers.4747
item.verac_s_armour_set.12875	PACKAGE_CONTENTS	package.verac_s_armour_set	Unlocks the canonical component cards contained in this Grand Exchange item-set package; the package itself does not imply unrelated variants or upgrades.	item.verac_s_helm.4753|item.verac_s_brassard.4757|item.verac_s_plateskirt.4759|item.verac_s_flail.4755
item.ancestral_robes_set.21049	PACKAGE_CONTENTS	package.ancestral_robes_set	Unlocks the canonical component cards contained in this Grand Exchange item-set package; the package itself does not imply unrelated variants or upgrades.	item.ancestral_hat.21018|item.ancestral_robe_top.21021|item.ancestral_robe_bottom.21024
item.dagon_hai_robes_set.24333	PACKAGE_CONTENTS	package.dagon_hai_robes_set	Unlocks the canonical component cards contained in this Grand Exchange item-set package; the package itself does not imply unrelated variants or upgrades.	item.dagon_hai_hat.24288|item.dagon_hai_robe_top.24291|item.dagon_hai_robe_bottom.24294
item.dragonstone_armour_set.23667	PACKAGE_CONTENTS	package.dragonstone_armour_set	Unlocks the canonical component cards contained in this Grand Exchange item-set package; the package itself does not imply unrelated variants or upgrades.	item.dragonstone_full_helm.24034|item.dragonstone_platebody.24037|item.dragonstone_platelegs.24040|item.dragonstone_boots.24043|item.dragonstone_gauntlets.24046
item.dwarf_cannon_set.12863	PACKAGE_CONTENTS	package.dwarf_cannon_set	Unlocks the canonical component cards contained in this Grand Exchange item-set package; the package itself does not imply unrelated variants or upgrades.	item.cannon_base.6|item.cannon_stand.8|item.cannon_barrels.10|item.cannon_furnace.12
item.blood_moon_armour_set.31136	PACKAGE_CONTENTS	package.blood_moon_armour_set	Unlocks the canonical component cards contained in this Grand Exchange item-set package; the package itself does not imply unrelated variants or upgrades.	item.blood_moon_helm.29028|item.blood_moon_chestplate.29022|item.blood_moon_tassets.29025|item.dual_macuahuitl.28997
item.blue_moon_armour_set.31139	PACKAGE_CONTENTS	package.blue_moon_armour_set	Unlocks the canonical component cards contained in this Grand Exchange item-set package; the package itself does not imply unrelated variants or upgrades.	item.blue_moon_helm.29019|item.blue_moon_chestplate.29013|item.blue_moon_tassets.29016|item.blue_moon_spear.28988
item.eclipse_moon_armour_set.31142	PACKAGE_CONTENTS	package.eclipse_moon_armour_set	Unlocks the canonical component cards contained in this Grand Exchange item-set package; the package itself does not imply unrelated variants or upgrades.	item.eclipse_moon_helm.29010|item.eclipse_moon_chestplate.29004|item.eclipse_moon_tassets.29007|item.eclipse_atlatl.29000
item.oathplate_armour_set.30744	PACKAGE_CONTENTS	package.oathplate_armour_set	Unlocks the canonical component cards contained in this Grand Exchange item-set package; the package itself does not imply unrelated variants or upgrades.	item.oathplate_helm.30750|item.oathplate_chest.30753|item.oathplate_legs.30756
item.torva_armour_set.31145	PACKAGE_CONTENTS	package.torva_armour_set	Unlocks the canonical component cards contained in this Grand Exchange item-set package; the package itself does not imply unrelated variants or upgrades.	item.torva_full_helm.26382|item.torva_platebody.26384|item.torva_platelegs.26386
item.virtus_armour_set.31148	PACKAGE_CONTENTS	package.virtus_armour_set	Unlocks the canonical component cards contained in this Grand Exchange item-set package; the package itself does not imply unrelated variants or upgrades.	item.virtus_mask.26241|item.virtus_robe_top.26243|item.virtus_robe_bottom.26245
item.rock_shell_armour_set.31151	PACKAGE_CONTENTS	package.rock_shell_armour_set	Unlocks the canonical component cards contained in this Grand Exchange item-set package; the package itself does not imply unrelated variants or upgrades.	item.rock_shell_helm.6128|item.rock_shell_plate.6129|item.rock_shell_legs.6130|item.rock_shell_boots.6145|item.rock_shell_gloves.6151
item.skeletal_armour_set.31154	PACKAGE_CONTENTS	package.skeletal_armour_set	Unlocks the canonical component cards contained in this Grand Exchange item-set package; the package itself does not imply unrelated variants or upgrades.	item.skeletal_helm.6137|item.skeletal_top.6139|item.skeletal_bottoms.6141|item.skeletal_boots.6147|item.skeletal_gloves.6153
item.spined_armour_set.31157	PACKAGE_CONTENTS	package.spined_armour_set	Unlocks the canonical component cards contained in this Grand Exchange item-set package; the package itself does not imply unrelated variants or upgrades.	item.spined_helm.6131|item.spined_body.6133|item.spined_chaps.6135|item.spined_boots.6143|item.spined_gloves.6149
item.swampbark_armour_set.31160	PACKAGE_CONTENTS	package.swampbark_armour_set	Unlocks the canonical component cards contained in this Grand Exchange item-set package; the package itself does not imply unrelated variants or upgrades.	item.swampbark_helm.25398|item.swampbark_body.25389|item.swampbark_legs.25401|item.swampbark_boots.25395|item.swampbark_gauntlets.25392
item.bloodbark_armour_set.31163	PACKAGE_CONTENTS	package.bloodbark_armour_set	Unlocks the canonical component cards contained in this Grand Exchange item-set package; the package itself does not imply unrelated variants or upgrades.	item.bloodbark_helm.25413|item.bloodbark_body.25404|item.bloodbark_legs.25416|item.bloodbark_boots.25410|item.bloodbark_gauntlets.25407
item.mixed_hide_armour_set.31166	PACKAGE_CONTENTS	package.mixed_hide_armour_set	Unlocks the canonical component cards contained in this Grand Exchange item-set package; the package itself does not imply unrelated variants or upgrades.	item.mixed_hide_top.29280|item.mixed_hide_legs.29283|item.mixed_hide_boots.29286|item.mixed_hide_cape.29289
item.hueycoatl_hide_armour_set.31169	PACKAGE_CONTENTS	package.hueycoatl_hide_armour_set	Unlocks the canonical component cards contained in this Grand Exchange item-set package; the package itself does not imply unrelated variants or upgrades.	item.hueycoatl_hide_coif.30073|item.hueycoatl_hide_body.30076|item.hueycoatl_hide_chaps.30079|item.hueycoatl_hide_vambraces.30082
item.combat_potion_set.13064	PACKAGE_CONTENTS	package.combat_potion_set	Unlocks the canonical component cards contained in this Grand Exchange item-set package; the package itself does not imply unrelated variants or upgrades.	item.attack_potion.125|item.strength_potion.119|item.defence_potion.137
item.super_potion_set.13066	PACKAGE_CONTENTS	package.super_potion_set	Unlocks the canonical component cards contained in this Grand Exchange item-set package; the package itself does not imply unrelated variants or upgrades.	item.super_attack_4.2436|item.super_strength_4.2440|item.super_defence_4.2442
item.green_dragonhide_set.12865	PACKAGE_CONTENTS	package.green_dragonhide_set	Unlocks the canonical component cards contained in this Grand Exchange item-set package; the package itself does not imply unrelated variants or upgrades.	item.green_d_hide_body.1135|item.green_d_hide_chaps.1099|item.green_d_hide_vambraces.1065
item.blue_dragonhide_set.12867	PACKAGE_CONTENTS	package.blue_dragonhide_set	Unlocks the canonical component cards contained in this Grand Exchange item-set package; the package itself does not imply unrelated variants or upgrades.	item.blue_d_hide_body.2499|item.blue_d_hide_chaps.2493|item.blue_d_hide_vambraces.2487
item.red_dragonhide_set.12869	PACKAGE_CONTENTS	package.red_dragonhide_set	Unlocks the canonical component cards contained in this Grand Exchange item-set package; the package itself does not imply unrelated variants or upgrades.	item.red_d_hide_body.2501|item.red_d_hide_chaps.2495|item.red_d_hide_vambraces.2489
item.black_dragonhide_set.12871	PACKAGE_CONTENTS	package.black_dragonhide_set	Unlocks the canonical component cards contained in this Grand Exchange item-set package; the package itself does not imply unrelated variants or upgrades.	item.black_d_hide_body.2503|item.black_d_hide_chaps.2497|item.black_d_hide_vambraces.2491
item.saradomin_dragonhide_set.13163	PACKAGE_CONTENTS	package.saradomin_dragonhide_set	Unlocks the canonical component cards contained in this Grand Exchange item-set package; the package itself does not imply unrelated variants or upgrades.	item.saradomin_coif.10390|item.saradomin_d_hide_body.10386|item.saradomin_chaps.10388|item.saradomin_bracers.10384
item.guthix_dragonhide_set.13165	PACKAGE_CONTENTS	package.guthix_dragonhide_set	Unlocks the canonical component cards contained in this Grand Exchange item-set package; the package itself does not imply unrelated variants or upgrades.	item.guthix_coif.10382|item.guthix_d_hide_body.10378|item.guthix_chaps.10380|item.guthix_bracers.10376
item.bandos_dragonhide_set.13167	PACKAGE_CONTENTS	package.bandos_dragonhide_set	Unlocks the canonical component cards contained in this Grand Exchange item-set package; the package itself does not imply unrelated variants or upgrades.	item.bandos_coif.12504|item.bandos_d_hide_body.12500|item.bandos_chaps.12502|item.bandos_bracers.12498
item.armadyl_dragonhide_set.13169	PACKAGE_CONTENTS	package.armadyl_dragonhide_set	Unlocks the canonical component cards contained in this Grand Exchange item-set package; the package itself does not imply unrelated variants or upgrades.	item.armadyl_coif.12512|item.armadyl_d_hide_body.12508|item.armadyl_chaps.12510|item.armadyl_bracers.12506
item.ancient_dragonhide_set.13171	PACKAGE_CONTENTS	package.ancient_dragonhide_set	Unlocks the canonical component cards contained in this Grand Exchange item-set package; the package itself does not imply unrelated variants or upgrades.	item.ancient_coif.12496|item.ancient_d_hide_body.12492|item.ancient_chaps.12494|item.ancient_bracers.12490
item.zamorak_dragonhide_set.13161	PACKAGE_CONTENTS	package.zamorak_dragonhide_set	Unlocks the canonical component cards contained in this Grand Exchange item-set package; the package itself does not imply unrelated variants or upgrades.	item.zamorak_coif.10374|item.zamorak_d_hide_body.10370|item.zamorak_chaps.10372|item.zamorak_bracers.10368
item.gilded_dragonhide_set.23124	PACKAGE_CONTENTS	package.gilded_dragonhide_set	Unlocks the canonical component cards contained in this Grand Exchange item-set package; the package itself does not imply unrelated variants or upgrades.	item.gilded_coif.23258|item.gilded_d_hide_body.23264|item.gilded_d_hide_chaps.23267|item.gilded_d_hide_vambraces.23261
item.holy_book_page_set.13149	PACKAGE_CONTENTS	package.holy_book_page_set	Unlocks the canonical component cards contained in this Grand Exchange item-set package; the package itself does not imply unrelated variants or upgrades.	item.saradomin_page_1.3827|item.saradomin_page_2.3828|item.saradomin_page_3.3829|item.saradomin_page_4.3830
item.unholy_book_page_set.13151	PACKAGE_CONTENTS	package.unholy_book_page_set	Unlocks the canonical component cards contained in this Grand Exchange item-set package; the package itself does not imply unrelated variants or upgrades.	item.zamorak_page_1.3831|item.zamorak_page_2.3832|item.zamorak_page_3.3833|item.zamorak_page_4.3834
item.book_of_balance_page_set.13153	PACKAGE_CONTENTS	package.book_of_balance_page_set	Unlocks the canonical component cards contained in this Grand Exchange item-set package; the package itself does not imply unrelated variants or upgrades.	item.guthix_page_1.3835|item.guthix_page_2.3836|item.guthix_page_3.3837|item.guthix_page_4.3838
item.book_of_war_page_set.13155	PACKAGE_CONTENTS	package.book_of_war_page_set	Unlocks the canonical component cards contained in this Grand Exchange item-set package; the package itself does not imply unrelated variants or upgrades.	item.bandos_page_1.12613|item.bandos_page_2.12614|item.bandos_page_3.12615|item.bandos_page_4.12616
item.book_of_law_page_set.13157	PACKAGE_CONTENTS	package.book_of_law_page_set	Unlocks the canonical component cards contained in this Grand Exchange item-set package; the package itself does not imply unrelated variants or upgrades.	item.armadyl_page_1.12617|item.armadyl_page_2.12618|item.armadyl_page_3.12619|item.armadyl_page_4.12620
item.book_of_darkness_page_set.13159	PACKAGE_CONTENTS	package.book_of_darkness_page_set	Unlocks the canonical component cards contained in this Grand Exchange item-set package; the package itself does not imply unrelated variants or upgrades.	item.ancient_page_1.12621|item.ancient_page_2.12622|item.ancient_page_3.12623|item.ancient_page_4.12624
item.mystic_set_light.23110	PACKAGE_CONTENTS	package.mystic_set_light	Unlocks the canonical component cards contained in this Grand Exchange item-set package; the package itself does not imply unrelated variants or upgrades.	item.mystic_hat_light.4109|item.mystic_robe_top_light.4111|item.mystic_robe_bottom_light.4113|item.mystic_gloves_light.4115|item.mystic_boots_light.4117
item.mystic_set_blue.23113	PACKAGE_CONTENTS	package.mystic_set_blue	Unlocks the canonical component cards contained in this Grand Exchange item-set package; the package itself does not imply unrelated variants or upgrades.	item.mystic_hat.4089|item.mystic_robe_top.4091|item.mystic_robe_bottom.4093|item.mystic_gloves.4095|item.mystic_boots.4097
item.mystic_set_dark.23116	PACKAGE_CONTENTS	package.mystic_set_dark	Unlocks the canonical component cards contained in this Grand Exchange item-set package; the package itself does not imply unrelated variants or upgrades.	item.mystic_hat_dark.4099|item.mystic_robe_top_dark.4101|item.mystic_robe_bottom_dark.4103|item.mystic_gloves_dark.4105|item.mystic_boots_dark.4107
item.mystic_set_dusk.23119	PACKAGE_CONTENTS	package.mystic_set_dusk	Unlocks the canonical component cards contained in this Grand Exchange item-set package; the package itself does not imply unrelated variants or upgrades.	item.mystic_hat_dusk.23047|item.mystic_robe_top_dusk.23050|item.mystic_robe_bottom_dusk.23053|item.mystic_gloves_dusk.23056|item.mystic_boots_dusk.23059
item.obsidian_armour_set.21279	PACKAGE_CONTENTS	package.obsidian_armour_set	Unlocks the canonical component cards contained in this Grand Exchange item-set package; the package itself does not imply unrelated variants or upgrades.	item.obsidian_helmet.21298|item.obsidian_platebody.21301|item.obsidian_platelegs.21304
item.justiciar_armour_set.22438	PACKAGE_CONTENTS	package.justiciar_armour_set	Unlocks the canonical component cards contained in this Grand Exchange item-set package; the package itself does not imply unrelated variants or upgrades.	item.justiciar_faceguard.22326|item.justiciar_chestguard.22327|item.justiciar_legguards.22328
item.inquisitor_s_armour_set.24488	PACKAGE_CONTENTS	package.inquisitor_s_armour_set	Unlocks the canonical component cards contained in this Grand Exchange item-set package; the package itself does not imply unrelated variants or upgrades.	item.inquisitor_s_great_helm.24419|item.inquisitor_s_hauberk.24420|item.inquisitor_s_plateskirt.24421
item.masori_armour_set_f.27355	PACKAGE_CONTENTS	package.masori_armour_set_f	Unlocks the canonical component cards contained in this Grand Exchange item-set package; the package itself does not imply unrelated variants or upgrades.	item.masori_mask_f.27235|item.masori_body_f.27238|item.masori_chaps_f.27241
item.sunfire_fanatic_armour_set.29424	PACKAGE_CONTENTS	package.sunfire_fanatic_armour_set	Unlocks the canonical component cards contained in this Grand Exchange item-set package; the package itself does not imply unrelated variants or upgrades.	item.sunfire_fanatic_helm.28933|item.sunfire_fanatic_cuirass.28936|item.sunfire_fanatic_chausses.28939
item.copper_ore	MATERIAL_CONVERSION	material.metal.copper_to_bronze	Unlocks the directly corresponding processing material; catalysts, fuel and unrelated recipe inputs are excluded.	item.bronze-bar
item.tin_ore.438	MATERIAL_CONVERSION	material.metal.tin_to_bronze	Unlocks the directly corresponding processing material; catalysts, fuel and unrelated recipe inputs are excluded.	item.bronze-bar
item.bronze-bar	MATERIAL_CONVERSION	material.metal.bronze_to_ores	Unlocks the directly corresponding processing material; catalysts, fuel and unrelated recipe inputs are excluded.	item.copper_ore|item.tin_ore.438
item.iron-ore	MATERIAL_CONVERSION	material.metal.iron_ore_to_bar	Unlocks the directly corresponding processing material; catalysts, fuel and unrelated recipe inputs are excluded.	item.iron-bar
item.iron-bar	MATERIAL_CONVERSION	material.metal.iron_bar_to_ore	Unlocks the directly corresponding processing material; catalysts, fuel and unrelated recipe inputs are excluded.	item.iron-ore
item.mithril-ore	MATERIAL_CONVERSION	material.metal.mithril_ore_to_bar	Unlocks the directly corresponding processing material; catalysts, fuel and unrelated recipe inputs are excluded.	item.mithril-bar
item.mithril-bar	MATERIAL_CONVERSION	material.metal.mithril_bar_to_ore	Unlocks the directly corresponding processing material; catalysts, fuel and unrelated recipe inputs are excluded.	item.mithril-ore
item.adamantite-ore	MATERIAL_CONVERSION	material.metal.adamant_ore_to_bar	Unlocks the directly corresponding processing material; catalysts, fuel and unrelated recipe inputs are excluded.	item.adamantite-bar
item.adamantite-bar	MATERIAL_CONVERSION	material.metal.adamant_bar_to_ore	Unlocks the directly corresponding processing material; catalysts, fuel and unrelated recipe inputs are excluded.	item.adamantite-ore
item.runite-ore	MATERIAL_CONVERSION	material.metal.rune_ore_to_bar	Unlocks the directly corresponding processing material; catalysts, fuel and unrelated recipe inputs are excluded.	item.runite-bar
item.runite-bar	MATERIAL_CONVERSION	material.metal.rune_bar_to_ore	Unlocks the directly corresponding processing material; catalysts, fuel and unrelated recipe inputs are excluded.	item.runite-ore
item.silver-ore	MATERIAL_CONVERSION	material.metal.silver_ore_to_bar	Unlocks the directly corresponding processing material; catalysts, fuel and unrelated recipe inputs are excluded.	item.silver-bar
item.silver-bar	MATERIAL_CONVERSION	material.metal.silver_bar_to_ore	Unlocks the directly corresponding processing material; catalysts, fuel and unrelated recipe inputs are excluded.	item.silver-ore
item.gold-ore	MATERIAL_CONVERSION	material.metal.gold_ore_to_bar	Unlocks the directly corresponding processing material; catalysts, fuel and unrelated recipe inputs are excluded.	item.gold-bar
item.gold-bar	MATERIAL_CONVERSION	material.metal.gold_bar_to_ore	Unlocks the directly corresponding processing material; catalysts, fuel and unrelated recipe inputs are excluded.	item.gold-ore
item.blurite_ore.668	MATERIAL_CONVERSION	material.metal.blurite_ore_to_bar	Unlocks the directly corresponding processing material; catalysts, fuel and unrelated recipe inputs are excluded.	item.blurite_bar.9467
item.blurite_bar.9467	MATERIAL_CONVERSION	material.metal.blurite_bar_to_ore	Unlocks the directly corresponding processing material; catalysts, fuel and unrelated recipe inputs are excluded.	item.blurite_ore.668
item.lovakite_ore.13356	MATERIAL_CONVERSION	material.metal.lovakite_ore_to_bar	Unlocks the directly corresponding processing material; catalysts, fuel and unrelated recipe inputs are excluded.	item.lovakite_bar.13354
item.lovakite_bar.13354	MATERIAL_CONVERSION	material.metal.lovakite_bar_to_ore	Unlocks the directly corresponding processing material; catalysts, fuel and unrelated recipe inputs are excluded.	item.lovakite_ore.13356
item.steel-bar	MATERIAL_CONVERSION	material.metal.steel_bar_to_iron	Unlocks the directly corresponding processing material; catalysts, fuel and unrelated recipe inputs are excluded.	item.iron-ore
item.uncut-sapphire	MATERIAL_CONVERSION	material.gem.sapphire_uncut_to_cut	Unlocks the directly corresponding processing material; catalysts, fuel and unrelated recipe inputs are excluded.	item.sapphire
item.sapphire	MATERIAL_CONVERSION	material.gem.sapphire_cut_to_uncut	Unlocks the directly corresponding processing material; catalysts, fuel and unrelated recipe inputs are excluded.	item.uncut-sapphire
item.uncut-emerald	MATERIAL_CONVERSION	material.gem.emerald_uncut_to_cut	Unlocks the directly corresponding processing material; catalysts, fuel and unrelated recipe inputs are excluded.	item.emerald
item.emerald	MATERIAL_CONVERSION	material.gem.emerald_cut_to_uncut	Unlocks the directly corresponding processing material; catalysts, fuel and unrelated recipe inputs are excluded.	item.uncut-emerald
item.uncut-ruby	MATERIAL_CONVERSION	material.gem.ruby_uncut_to_cut	Unlocks the directly corresponding processing material; catalysts, fuel and unrelated recipe inputs are excluded.	item.ruby
item.ruby	MATERIAL_CONVERSION	material.gem.ruby_cut_to_uncut	Unlocks the directly corresponding processing material; catalysts, fuel and unrelated recipe inputs are excluded.	item.uncut-ruby
item.uncut-diamond	MATERIAL_CONVERSION	material.gem.diamond_uncut_to_cut	Unlocks the directly corresponding processing material; catalysts, fuel and unrelated recipe inputs are excluded.	item.diamond
item.diamond	MATERIAL_CONVERSION	material.gem.diamond_cut_to_uncut	Unlocks the directly corresponding processing material; catalysts, fuel and unrelated recipe inputs are excluded.	item.uncut-diamond
item.uncut_dragonstone.1631	MATERIAL_CONVERSION	material.gem.dragonstone_uncut_to_cut	Unlocks the directly corresponding processing material; catalysts, fuel and unrelated recipe inputs are excluded.	item.dragonstone.1615
item.dragonstone.1615	MATERIAL_CONVERSION	material.gem.dragonstone_cut_to_uncut	Unlocks the directly corresponding processing material; catalysts, fuel and unrelated recipe inputs are excluded.	item.uncut_dragonstone.1631
item.uncut_onyx.6571	MATERIAL_CONVERSION	material.gem.onyx_uncut_to_cut	Unlocks the directly corresponding processing material; catalysts, fuel and unrelated recipe inputs are excluded.	item.onyx.6573
item.onyx.6573	MATERIAL_CONVERSION	material.gem.onyx_cut_to_uncut	Unlocks the directly corresponding processing material; catalysts, fuel and unrelated recipe inputs are excluded.	item.uncut_onyx.6571
item.uncut_zenyte.19496	MATERIAL_CONVERSION	material.gem.zenyte_uncut_to_cut	Unlocks the directly corresponding processing material; catalysts, fuel and unrelated recipe inputs are excluded.	item.zenyte.19493
item.zenyte.19493	MATERIAL_CONVERSION	material.gem.zenyte_cut_to_uncut	Unlocks the directly corresponding processing material; catalysts, fuel and unrelated recipe inputs are excluded.	item.uncut_zenyte.19496
item.logs	MATERIAL_CONVERSION	material.plank.regular_log_to_plank	Unlocks the directly corresponding processing material; catalysts, fuel and unrelated recipe inputs are excluded.	item.plank.960
item.plank.960	MATERIAL_CONVERSION	material.plank.regular_plank_to_log	Unlocks the directly corresponding processing material; catalysts, fuel and unrelated recipe inputs are excluded.	item.logs
item.oak_logs.1521	MATERIAL_CONVERSION	material.plank.oak_log_to_plank	Unlocks the directly corresponding processing material; catalysts, fuel and unrelated recipe inputs are excluded.	item.oak_plank.8778
item.oak_plank.8778	MATERIAL_CONVERSION	material.plank.oak_plank_to_log	Unlocks the directly corresponding processing material; catalysts, fuel and unrelated recipe inputs are excluded.	item.oak_logs.1521
item.teak_logs.6333	MATERIAL_CONVERSION	material.plank.teak_log_to_plank	Unlocks the directly corresponding processing material; catalysts, fuel and unrelated recipe inputs are excluded.	item.teak_plank.8780
item.teak_plank.8780	MATERIAL_CONVERSION	material.plank.teak_plank_to_log	Unlocks the directly corresponding processing material; catalysts, fuel and unrelated recipe inputs are excluded.	item.teak_logs.6333
item.mahogany_logs.6332	MATERIAL_CONVERSION	material.plank.mahogany_log_to_plank	Unlocks the directly corresponding processing material; catalysts, fuel and unrelated recipe inputs are excluded.	item.mahogany_plank.8782
item.mahogany_plank.8782	MATERIAL_CONVERSION	material.plank.mahogany_plank_to_log	Unlocks the directly corresponding processing material; catalysts, fuel and unrelated recipe inputs are excluded.	item.mahogany_logs.6332
item.camphor_logs.32904	MATERIAL_CONVERSION	material.plank.camphor_log_to_plank	Unlocks the directly corresponding processing material; catalysts, fuel and unrelated recipe inputs are excluded.	item.camphor_plank.31432
item.camphor_plank.31432	MATERIAL_CONVERSION	material.plank.camphor_plank_to_log	Unlocks the directly corresponding processing material; catalysts, fuel and unrelated recipe inputs are excluded.	item.camphor_logs.32904
item.ironwood_logs.32907	MATERIAL_CONVERSION	material.plank.ironwood_log_to_plank	Unlocks the directly corresponding processing material; catalysts, fuel and unrelated recipe inputs are excluded.	item.ironwood_plank.31435
item.ironwood_plank.31435	MATERIAL_CONVERSION	material.plank.ironwood_plank_to_log	Unlocks the directly corresponding processing material; catalysts, fuel and unrelated recipe inputs are excluded.	item.ironwood_logs.32907
item.rosewood_logs.32910	MATERIAL_CONVERSION	material.plank.rosewood_log_to_plank	Unlocks the directly corresponding processing material; catalysts, fuel and unrelated recipe inputs are excluded.	item.rosewood_plank.31438
item.rosewood_plank.31438	MATERIAL_CONVERSION	material.plank.rosewood_plank_to_log	Unlocks the directly corresponding processing material; catalysts, fuel and unrelated recipe inputs are excluded.	item.rosewood_logs.32910
item.cowhide.1739	MATERIAL_CONVERSION	material.hide.cowhide_to_leather	Unlocks the directly corresponding processing material; catalysts, fuel and unrelated recipe inputs are excluded.	item.leather.1741|item.hard_leather.1743
item.leather.1741	MATERIAL_CONVERSION	material.hide.leather_to_cowhide	Unlocks the directly corresponding processing material; catalysts, fuel and unrelated recipe inputs are excluded.	item.cowhide.1739
item.hard_leather.1743	MATERIAL_CONVERSION	material.hide.hard_leather_to_cowhide	Unlocks the directly corresponding processing material; catalysts, fuel and unrelated recipe inputs are excluded.	item.cowhide.1739
item.green_dragonhide.1753	MATERIAL_CONVERSION	material.hide.green_hide_to_leather	Unlocks the directly corresponding processing material; catalysts, fuel and unrelated recipe inputs are excluded.	item.green_dragon_leather.1745
item.green_dragon_leather.1745	MATERIAL_CONVERSION	material.hide.green_leather_to_hide	Unlocks the directly corresponding processing material; catalysts, fuel and unrelated recipe inputs are excluded.	item.green_dragonhide.1753
item.blue_dragonhide.1751	MATERIAL_CONVERSION	material.hide.blue_hide_to_leather	Unlocks the directly corresponding processing material; catalysts, fuel and unrelated recipe inputs are excluded.	item.blue_dragon_leather.2505
item.blue_dragon_leather.2505	MATERIAL_CONVERSION	material.hide.blue_leather_to_hide	Unlocks the directly corresponding processing material; catalysts, fuel and unrelated recipe inputs are excluded.	item.blue_dragonhide.1751
item.red_dragonhide.1749	MATERIAL_CONVERSION	material.hide.red_hide_to_leather	Unlocks the directly corresponding processing material; catalysts, fuel and unrelated recipe inputs are excluded.	item.red_dragon_leather.2507
item.red_dragon_leather.2507	MATERIAL_CONVERSION	material.hide.red_leather_to_hide	Unlocks the directly corresponding processing material; catalysts, fuel and unrelated recipe inputs are excluded.	item.red_dragonhide.1749
item.black_dragonhide.1747	MATERIAL_CONVERSION	material.hide.black_hide_to_leather	Unlocks the directly corresponding processing material; catalysts, fuel and unrelated recipe inputs are excluded.	item.black_dragon_leather.2509
item.black_dragon_leather.2509	MATERIAL_CONVERSION	material.hide.black_leather_to_hide	Unlocks the directly corresponding processing material; catalysts, fuel and unrelated recipe inputs are excluded.	item.black_dragonhide.1747
item.flax.1779	MATERIAL_CONVERSION	material.processing.flax	Unlocks the directly corresponding processing material; catalysts, fuel and unrelated recipe inputs are excluded.	item.bow_string.1777|item.linen_yarn.31463
item.hemp.31457	MATERIAL_CONVERSION	material.processing.hemp	Unlocks the directly corresponding processing material; catalysts, fuel and unrelated recipe inputs are excluded.	item.hemp_yarn.31466
item.cotton_boll.31460	MATERIAL_CONVERSION	material.processing.cotton	Unlocks the directly corresponding processing material; catalysts, fuel and unrelated recipe inputs are excluded.	item.cotton_yarn.31469
item.wool.1737	MATERIAL_CONVERSION	material.processing.wool	Unlocks the directly corresponding processing material; catalysts, fuel and unrelated recipe inputs are excluded.	item.ball_of_wool.1759
item.clay.434	MATERIAL_CONVERSION	material.processing.clay	Unlocks the directly corresponding processing material; catalysts, fuel and unrelated recipe inputs are excluded.	item.soft_clay.1761
item.bow_string.1777	MATERIAL_CONVERSION	material.processing.bow_string_reverse	Unlocks the directly corresponding processing material; catalysts, fuel and unrelated recipe inputs are excluded.	item.flax.1779
item.linen_yarn.31463	MATERIAL_CONVERSION	material.processing.linen_yarn_reverse	Unlocks the directly corresponding processing material; catalysts, fuel and unrelated recipe inputs are excluded.	item.flax.1779
item.hemp_yarn.31466	MATERIAL_CONVERSION	material.processing.hemp_yarn_reverse	Unlocks the directly corresponding processing material; catalysts, fuel and unrelated recipe inputs are excluded.	item.hemp.31457
item.cotton_yarn.31469	MATERIAL_CONVERSION	material.processing.cotton_yarn_reverse	Unlocks the directly corresponding processing material; catalysts, fuel and unrelated recipe inputs are excluded.	item.cotton_boll.31460
item.ball_of_wool.1759	MATERIAL_CONVERSION	material.processing.ball_of_wool_reverse	Unlocks the directly corresponding processing material; catalysts, fuel and unrelated recipe inputs are excluded.	item.wool.1737
item.soft_clay.1761	MATERIAL_CONVERSION	material.processing.soft_clay_reverse	Unlocks the directly corresponding processing material; catalysts, fuel and unrelated recipe inputs are excluded.	item.clay.434
npc.tz_kek.2191	ENCOUNTER_TIER_CASCADE	encounter.fight_caves.tz_kek	Unlocks only strictly lower-combat NPC cards in the reviewed fight caves ladder; equal-level peers, other encounters and recursive rewards are excluded.	npc.tz_kih.2189
npc.tok_xil.141	ENCOUNTER_TIER_CASCADE	encounter.fight_caves.tok_xil	Unlocks only strictly lower-combat NPC cards in the reviewed fight caves ladder; equal-level peers, other encounters and recursive rewards are excluded.	npc.tz_kih.2189|npc.tz_kek.2191
npc.yt_hurkot.3128	ENCOUNTER_TIER_CASCADE	encounter.fight_caves.yt_hurkot	Unlocks only strictly lower-combat NPC cards in the reviewed fight caves ladder; equal-level peers, other encounters and recursive rewards are excluded.	npc.tz_kih.2189|npc.tz_kek.2191|npc.tok_xil.141
npc.yt_mejkot.3123	ENCOUNTER_TIER_CASCADE	encounter.fight_caves.yt_mejkot	Unlocks only strictly lower-combat NPC cards in the reviewed fight caves ladder; equal-level peers, other encounters and recursive rewards are excluded.	npc.tz_kih.2189|npc.tz_kek.2191|npc.tok_xil.141|npc.yt_hurkot.3128
npc.ket_zek.3125	ENCOUNTER_TIER_CASCADE	encounter.fight_caves.ket_zek	Unlocks only strictly lower-combat NPC cards in the reviewed fight caves ladder; equal-level peers, other encounters and recursive rewards are excluded.	npc.tz_kih.2189|npc.tz_kek.2191|npc.tok_xil.141|npc.yt_hurkot.3128|npc.yt_mejkot.3123
npc.tztok_jad.3127	ENCOUNTER_TIER_CASCADE	encounter.fight_caves.tztok_jad	Unlocks only strictly lower-combat NPC cards in the reviewed fight caves ladder; equal-level peers, other encounters and recursive rewards are excluded.	npc.tz_kih.2189|npc.tz_kek.2191|npc.tok_xil.141|npc.yt_hurkot.3128|npc.yt_mejkot.3123|npc.ket_zek.3125
npc.jal_akrek_ket.7696	ENCOUNTER_TIER_CASCADE	encounter.inferno.jal_akrek_ket	Unlocks only strictly lower-combat NPC cards in the reviewed inferno ladder; equal-level peers, other encounters and recursive rewards are excluded.	npc.jal_nib.7691
npc.jal_akrek_mej.7694	ENCOUNTER_TIER_CASCADE	encounter.inferno.jal_akrek_mej	Unlocks only strictly lower-combat NPC cards in the reviewed inferno ladder; equal-level peers, other encounters and recursive rewards are excluded.	npc.jal_nib.7691
npc.jal_akrek_xil.7695	ENCOUNTER_TIER_CASCADE	encounter.inferno.jal_akrek_xil	Unlocks only strictly lower-combat NPC cards in the reviewed inferno ladder; equal-level peers, other encounters and recursive rewards are excluded.	npc.jal_nib.7691
npc.jal_mejrah.7692	ENCOUNTER_TIER_CASCADE	encounter.inferno.jal_mejrah	Unlocks only strictly lower-combat NPC cards in the reviewed inferno ladder; equal-level peers, other encounters and recursive rewards are excluded.	npc.jal_nib.7691|npc.jal_akrek_ket.7696|npc.jal_akrek_mej.7694|npc.jal_akrek_xil.7695
npc.yt_hurkot.3128	ENCOUNTER_TIER_CASCADE	encounter.inferno.yt_hurkot	Unlocks only strictly lower-combat NPC cards in the reviewed inferno ladder; equal-level peers, other encounters and recursive rewards are excluded.	npc.jal_nib.7691|npc.jal_akrek_ket.7696|npc.jal_akrek_mej.7694|npc.jal_akrek_xil.7695|npc.jal_mejrah.7692
npc.jal_ak.7693	ENCOUNTER_TIER_CASCADE	encounter.inferno.jal_ak	Unlocks only strictly lower-combat NPC cards in the reviewed inferno ladder; equal-level peers, other encounters and recursive rewards are excluded.	npc.jal_nib.7691|npc.jal_akrek_ket.7696|npc.jal_akrek_mej.7694|npc.jal_akrek_xil.7695|npc.jal_mejrah.7692|npc.yt_hurkot.3128
npc.jal_imkot.7697	ENCOUNTER_TIER_CASCADE	encounter.inferno.jal_imkot	Unlocks only strictly lower-combat NPC cards in the reviewed inferno ladder; equal-level peers, other encounters and recursive rewards are excluded.	npc.jal_nib.7691|npc.jal_akrek_ket.7696|npc.jal_akrek_mej.7694|npc.jal_akrek_xil.7695|npc.jal_mejrah.7692|npc.yt_hurkot.3128|npc.jal_ak.7693
npc.jal_mejjak.7708	ENCOUNTER_TIER_CASCADE	encounter.inferno.jal_mejjak	Unlocks only strictly lower-combat NPC cards in the reviewed inferno ladder; equal-level peers, other encounters and recursive rewards are excluded.	npc.jal_nib.7691|npc.jal_akrek_ket.7696|npc.jal_akrek_mej.7694|npc.jal_akrek_xil.7695|npc.jal_mejrah.7692|npc.yt_hurkot.3128|npc.jal_ak.7693|npc.jal_imkot.7697
npc.jal_xil.7698	ENCOUNTER_TIER_CASCADE	encounter.inferno.jal_xil	Unlocks only strictly lower-combat NPC cards in the reviewed inferno ladder; equal-level peers, other encounters and recursive rewards are excluded.	npc.jal_nib.7691|npc.jal_akrek_ket.7696|npc.jal_akrek_mej.7694|npc.jal_akrek_xil.7695|npc.jal_mejrah.7692|npc.yt_hurkot.3128|npc.jal_ak.7693|npc.jal_imkot.7697|npc.jal_mejjak.7708
npc.jal_zek.7699	ENCOUNTER_TIER_CASCADE	encounter.inferno.jal_zek	Unlocks only strictly lower-combat NPC cards in the reviewed inferno ladder; equal-level peers, other encounters and recursive rewards are excluded.	npc.jal_nib.7691|npc.jal_akrek_ket.7696|npc.jal_akrek_mej.7694|npc.jal_akrek_xil.7695|npc.jal_mejrah.7692|npc.yt_hurkot.3128|npc.jal_ak.7693|npc.jal_imkot.7697|npc.jal_mejjak.7708|npc.jal_xil.7698
npc.jaltok_jad.7700	ENCOUNTER_TIER_CASCADE	encounter.inferno.jaltok_jad	Unlocks only strictly lower-combat NPC cards in the reviewed inferno ladder; equal-level peers, other encounters and recursive rewards are excluded.	npc.jal_nib.7691|npc.jal_akrek_ket.7696|npc.jal_akrek_mej.7694|npc.jal_akrek_xil.7695|npc.jal_mejrah.7692|npc.yt_hurkot.3128|npc.jal_ak.7693|npc.jal_imkot.7697|npc.jal_mejjak.7708|npc.jal_xil.7698|npc.jal_zek.7699
npc.tzkal_zuk.7706	ENCOUNTER_TIER_CASCADE	encounter.inferno.tzkal_zuk	Unlocks only strictly lower-combat NPC cards in the reviewed inferno ladder; equal-level peers, other encounters and recursive rewards are excluded.	npc.jal_nib.7691|npc.jal_akrek_ket.7696|npc.jal_akrek_mej.7694|npc.jal_akrek_xil.7695|npc.jal_mejrah.7692|npc.yt_hurkot.3128|npc.jal_ak.7693|npc.jal_imkot.7697|npc.jal_mejjak.7708|npc.jal_xil.7698|npc.jal_zek.7699|npc.jaltok_jad.7700
npc.fremennik_warband_archer.12814	ENCOUNTER_TIER_CASCADE	encounter.fortis_colosseum.fremennik_warband_archer	Unlocks only strictly lower-combat NPC cards in the reviewed fortis colosseum ladder; equal-level peers, other encounters and recursive rewards are excluded.	npc.fremennik_warband_berserker.12816
npc.fremennik_warband_seer.12815	ENCOUNTER_TIER_CASCADE	encounter.fortis_colosseum.fremennik_warband_seer	Unlocks only strictly lower-combat NPC cards in the reviewed fortis colosseum ladder; equal-level peers, other encounters and recursive rewards are excluded.	npc.fremennik_warband_berserker.12816
npc.serpent_shaman.12811	ENCOUNTER_TIER_CASCADE	encounter.fortis_colosseum.serpent_shaman	Unlocks only strictly lower-combat NPC cards in the reviewed fortis colosseum ladder; equal-level peers, other encounters and recursive rewards are excluded.	npc.fremennik_warband_berserker.12816|npc.fremennik_warband_archer.12814|npc.fremennik_warband_seer.12815
npc.jaguar_warrior.12810	ENCOUNTER_TIER_CASCADE	encounter.fortis_colosseum.jaguar_warrior	Unlocks only strictly lower-combat NPC cards in the reviewed fortis colosseum ladder; equal-level peers, other encounters and recursive rewards are excluded.	npc.fremennik_warband_berserker.12816|npc.fremennik_warband_archer.12814|npc.fremennik_warband_seer.12815|npc.serpent_shaman.12811
npc.shockwave_colossus.12819	ENCOUNTER_TIER_CASCADE	encounter.fortis_colosseum.shockwave_colossus	Unlocks only strictly lower-combat NPC cards in the reviewed fortis colosseum ladder; equal-level peers, other encounters and recursive rewards are excluded.	npc.fremennik_warband_berserker.12816|npc.fremennik_warband_archer.12814|npc.fremennik_warband_seer.12815|npc.serpent_shaman.12811|npc.jaguar_warrior.12810
npc.javelin_colossus.12817	ENCOUNTER_TIER_CASCADE	encounter.fortis_colosseum.javelin_colossus	Unlocks only strictly lower-combat NPC cards in the reviewed fortis colosseum ladder; equal-level peers, other encounters and recursive rewards are excluded.	npc.fremennik_warband_berserker.12816|npc.fremennik_warband_archer.12814|npc.fremennik_warband_seer.12815|npc.serpent_shaman.12811|npc.jaguar_warrior.12810|npc.shockwave_colossus.12819
npc.minotaur.2481	ENCOUNTER_TIER_CASCADE	encounter.fortis_colosseum.minotaur	Unlocks only strictly lower-combat NPC cards in the reviewed fortis colosseum ladder; equal-level peers, other encounters and recursive rewards are excluded.	npc.fremennik_warband_berserker.12816|npc.fremennik_warband_archer.12814|npc.fremennik_warband_seer.12815|npc.serpent_shaman.12811|npc.jaguar_warrior.12810|npc.shockwave_colossus.12819|npc.javelin_colossus.12817
npc.manticore.12818	ENCOUNTER_TIER_CASCADE	encounter.fortis_colosseum.manticore	Unlocks only strictly lower-combat NPC cards in the reviewed fortis colosseum ladder; equal-level peers, other encounters and recursive rewards are excluded.	npc.fremennik_warband_berserker.12816|npc.fremennik_warband_archer.12814|npc.fremennik_warband_seer.12815|npc.serpent_shaman.12811|npc.jaguar_warrior.12810|npc.shockwave_colossus.12819|npc.javelin_colossus.12817|npc.minotaur.2481
npc.sol_heredit.12821	ENCOUNTER_TIER_CASCADE	encounter.fortis_colosseum.sol_heredit	Unlocks only strictly lower-combat NPC cards in the reviewed fortis colosseum ladder; equal-level peers, other encounters and recursive rewards are excluded.	npc.fremennik_warband_berserker.12816|npc.fremennik_warband_archer.12814|npc.fremennik_warband_seer.12815|npc.serpent_shaman.12811|npc.jaguar_warrior.12810|npc.shockwave_colossus.12819|npc.javelin_colossus.12817|npc.minotaur.2481|npc.manticore.12818
item.grimy_avantoe.211	MATERIAL_CONVERSION	material.herb.avantoe.forward	Links the clean and grimy forms of the same herb; no unrelated herb or potion state is granted.	item.avantoe.261
item.avantoe.261	MATERIAL_CONVERSION	material.herb.avantoe.reverse	Links the clean and grimy forms of the same herb; no unrelated herb or potion state is granted.	item.grimy_avantoe.211
item.grimy_cadantine.215	MATERIAL_CONVERSION	material.herb.cadantine.forward	Links the clean and grimy forms of the same herb; no unrelated herb or potion state is granted.	item.cadantine.265
item.cadantine.265	MATERIAL_CONVERSION	material.herb.cadantine.reverse	Links the clean and grimy forms of the same herb; no unrelated herb or potion state is granted.	item.grimy_cadantine.215
item.grimy_dwarf_weed.217	MATERIAL_CONVERSION	material.herb.dwarf_weed.forward	Links the clean and grimy forms of the same herb; no unrelated herb or potion state is granted.	item.dwarf_weed.267
item.dwarf_weed.267	MATERIAL_CONVERSION	material.herb.dwarf_weed.reverse	Links the clean and grimy forms of the same herb; no unrelated herb or potion state is granted.	item.grimy_dwarf_weed.217
item.grimy_guam_leaf.199	MATERIAL_CONVERSION	material.herb.guam_leaf.forward	Links the clean and grimy forms of the same herb; no unrelated herb or potion state is granted.	item.guam_leaf.249
item.guam_leaf.249	MATERIAL_CONVERSION	material.herb.guam_leaf.reverse	Links the clean and grimy forms of the same herb; no unrelated herb or potion state is granted.	item.grimy_guam_leaf.199
item.grimy_harralander.205	MATERIAL_CONVERSION	material.herb.harralander.forward	Links the clean and grimy forms of the same herb; no unrelated herb or potion state is granted.	item.harralander.255
item.harralander.255	MATERIAL_CONVERSION	material.herb.harralander.reverse	Links the clean and grimy forms of the same herb; no unrelated herb or potion state is granted.	item.grimy_harralander.205
item.grimy_huasca.30094	MATERIAL_CONVERSION	material.herb.huasca.forward	Links the clean and grimy forms of the same herb; no unrelated herb or potion state is granted.	item.huasca.30097
item.huasca.30097	MATERIAL_CONVERSION	material.herb.huasca.reverse	Links the clean and grimy forms of the same herb; no unrelated herb or potion state is granted.	item.grimy_huasca.30094
item.grimy_irit_leaf.209	MATERIAL_CONVERSION	material.herb.irit_leaf.forward	Links the clean and grimy forms of the same herb; no unrelated herb or potion state is granted.	item.irit_leaf.259
item.irit_leaf.259	MATERIAL_CONVERSION	material.herb.irit_leaf.reverse	Links the clean and grimy forms of the same herb; no unrelated herb or potion state is granted.	item.grimy_irit_leaf.209
item.grimy_kwuarm.213	MATERIAL_CONVERSION	material.herb.kwuarm.forward	Links the clean and grimy forms of the same herb; no unrelated herb or potion state is granted.	item.kwuarm.263
item.kwuarm.263	MATERIAL_CONVERSION	material.herb.kwuarm.reverse	Links the clean and grimy forms of the same herb; no unrelated herb or potion state is granted.	item.grimy_kwuarm.213
item.grimy_lantadyme.2485	MATERIAL_CONVERSION	material.herb.lantadyme.forward	Links the clean and grimy forms of the same herb; no unrelated herb or potion state is granted.	item.lantadyme.2481
item.lantadyme.2481	MATERIAL_CONVERSION	material.herb.lantadyme.reverse	Links the clean and grimy forms of the same herb; no unrelated herb or potion state is granted.	item.grimy_lantadyme.2485
item.grimy_marrentill.201	MATERIAL_CONVERSION	material.herb.marrentill.forward	Links the clean and grimy forms of the same herb; no unrelated herb or potion state is granted.	item.marrentill.251
item.marrentill.251	MATERIAL_CONVERSION	material.herb.marrentill.reverse	Links the clean and grimy forms of the same herb; no unrelated herb or potion state is granted.	item.grimy_marrentill.201
item.grimy_ranarr_weed.207	MATERIAL_CONVERSION	material.herb.ranarr_weed.forward	Links the clean and grimy forms of the same herb; no unrelated herb or potion state is granted.	item.ranarr_weed.257
item.ranarr_weed.257	MATERIAL_CONVERSION	material.herb.ranarr_weed.reverse	Links the clean and grimy forms of the same herb; no unrelated herb or potion state is granted.	item.grimy_ranarr_weed.207
item.grimy_snapdragon.3051	MATERIAL_CONVERSION	material.herb.snapdragon.forward	Links the clean and grimy forms of the same herb; no unrelated herb or potion state is granted.	item.snapdragon.3000
item.snapdragon.3000	MATERIAL_CONVERSION	material.herb.snapdragon.reverse	Links the clean and grimy forms of the same herb; no unrelated herb or potion state is granted.	item.grimy_snapdragon.3051
item.grimy_tarromin.203	MATERIAL_CONVERSION	material.herb.tarromin.forward	Links the clean and grimy forms of the same herb; no unrelated herb or potion state is granted.	item.tarromin.253
item.tarromin.253	MATERIAL_CONVERSION	material.herb.tarromin.reverse	Links the clean and grimy forms of the same herb; no unrelated herb or potion state is granted.	item.grimy_tarromin.203
item.grimy_toadflax.3049	MATERIAL_CONVERSION	material.herb.toadflax.forward	Links the clean and grimy forms of the same herb; no unrelated herb or potion state is granted.	item.toadflax.2998
item.toadflax.2998	MATERIAL_CONVERSION	material.herb.toadflax.reverse	Links the clean and grimy forms of the same herb; no unrelated herb or potion state is granted.	item.grimy_toadflax.3049
item.grimy_torstol.219	MATERIAL_CONVERSION	material.herb.torstol.forward	Links the clean and grimy forms of the same herb; no unrelated herb or potion state is granted.	item.torstol.269
item.torstol.269	MATERIAL_CONVERSION	material.herb.torstol.reverse	Links the clean and grimy forms of the same herb; no unrelated herb or potion state is granted.	item.grimy_torstol.219
item.raw_admiral_pie.7196	MATERIAL_CONVERSION	material.cooking.admiral_pie.forward	Links the directly cooked and raw forms of the same food; ingredients, burnt states and ambiguous recipes are excluded.	item.admiral_pie.7198
item.admiral_pie.7198	MATERIAL_CONVERSION	material.cooking.admiral_pie.reverse	Links the directly cooked and raw forms of the same food; ingredients, burnt states and ambiguous recipes are excluded.	item.raw_admiral_pie.7196
item.raw_anchovies	MATERIAL_CONVERSION	material.cooking.anchovies.forward	Links the directly cooked and raw forms of the same food; ingredients, burnt states and ambiguous recipes are excluded.	item.anchovies
item.anchovies	MATERIAL_CONVERSION	material.cooking.anchovies.reverse	Links the directly cooked and raw forms of the same food; ingredients, burnt states and ambiguous recipes are excluded.	item.raw_anchovies
item.raw_anglerfish.13439	MATERIAL_CONVERSION	material.cooking.anglerfish.forward	Links the directly cooked and raw forms of the same food; ingredients, burnt states and ambiguous recipes are excluded.	item.anglerfish.13441
item.anglerfish.13441	MATERIAL_CONVERSION	material.cooking.anglerfish.reverse	Links the directly cooked and raw forms of the same food; ingredients, burnt states and ambiguous recipes are excluded.	item.raw_anglerfish.13439
item.raw_barb_tailed_kebbit.29101	MATERIAL_CONVERSION	material.cooking.barb_tailed_kebbit.forward	Links the directly cooked and raw forms of the same food; ingredients, burnt states and ambiguous recipes are excluded.	item.cooked_barb_tailed_kebbit.29131
item.cooked_barb_tailed_kebbit.29131	MATERIAL_CONVERSION	material.cooking.barb_tailed_kebbit.reverse	Links the directly cooked and raw forms of the same food; ingredients, burnt states and ambiguous recipes are excluded.	item.raw_barb_tailed_kebbit.29101
item.raw_bass.363	MATERIAL_CONVERSION	material.cooking.bass.forward	Links the directly cooked and raw forms of the same food; ingredients, burnt states and ambiguous recipes are excluded.	item.bass.365
item.bass.365	MATERIAL_CONVERSION	material.cooking.bass.reverse	Links the directly cooked and raw forms of the same food; ingredients, burnt states and ambiguous recipes are excluded.	item.raw_bass.363
item.raw_blue_crab_meat.31692	MATERIAL_CONVERSION	material.cooking.blue_crab_meat.forward	Links the directly cooked and raw forms of the same food; ingredients, burnt states and ambiguous recipes are excluded.	item.blue_crab_meat.31695
item.blue_crab_meat.31695	MATERIAL_CONVERSION	material.cooking.blue_crab_meat.reverse	Links the directly cooked and raw forms of the same food; ingredients, burnt states and ambiguous recipes are excluded.	item.raw_blue_crab_meat.31692
item.raw_bluefin.32341	MATERIAL_CONVERSION	material.cooking.bluefin.forward	Links the directly cooked and raw forms of the same food; ingredients, burnt states and ambiguous recipes are excluded.	item.bluefin.32344
item.bluefin.32344	MATERIAL_CONVERSION	material.cooking.bluefin.reverse	Links the directly cooked and raw forms of the same food; ingredients, burnt states and ambiguous recipes are excluded.	item.raw_bluefin.32341
item.raw_brawk_fish_3.20861	MATERIAL_CONVERSION	material.cooking.brawk_fish_3.forward	Links the directly cooked and raw forms of the same food; ingredients, burnt states and ambiguous recipes are excluded.	item.brawk_fish_3.20862
item.brawk_fish_3.20862	MATERIAL_CONVERSION	material.cooking.brawk_fish_3.reverse	Links the directly cooked and raw forms of the same food; ingredients, burnt states and ambiguous recipes are excluded.	item.raw_brawk_fish_3.20861
item.raw_bream.29216	MATERIAL_CONVERSION	material.cooking.bream.forward	Links the directly cooked and raw forms of the same food; ingredients, burnt states and ambiguous recipes are excluded.	item.cooked_bream.29217
item.cooked_bream.29217	MATERIAL_CONVERSION	material.cooking.bream.reverse	Links the directly cooked and raw forms of the same food; ingredients, burnt states and ambiguous recipes are excluded.	item.raw_bream.29216
item.raw_cave_eel.5001	MATERIAL_CONVERSION	material.cooking.cave_eel.forward	Links the directly cooked and raw forms of the same food; ingredients, burnt states and ambiguous recipes are excluded.	item.cave_eel.5003
item.cave_eel.5003	MATERIAL_CONVERSION	material.cooking.cave_eel.reverse	Links the directly cooked and raw forms of the same food; ingredients, burnt states and ambiguous recipes are excluded.	item.raw_cave_eel.5001
item.raw_chicken	MATERIAL_CONVERSION	material.cooking.chicken.forward	Links the directly cooked and raw forms of the same food; ingredients, burnt states and ambiguous recipes are excluded.	item.cooked_chicken
item.cooked_chicken	MATERIAL_CONVERSION	material.cooking.chicken.reverse	Links the directly cooked and raw forms of the same food; ingredients, burnt states and ambiguous recipes are excluded.	item.raw_chicken
item.raw_chompy.2876	MATERIAL_CONVERSION	material.cooking.chompy.forward	Links the directly cooked and raw forms of the same food; ingredients, burnt states and ambiguous recipes are excluded.	item.cooked_chompy.2878
item.cooked_chompy.2878	MATERIAL_CONVERSION	material.cooking.chompy.reverse	Links the directly cooked and raw forms of the same food; ingredients, burnt states and ambiguous recipes are excluded.	item.raw_chompy.2876
item.raw_cod.341	MATERIAL_CONVERSION	material.cooking.cod.forward	Links the directly cooked and raw forms of the same food; ingredients, burnt states and ambiguous recipes are excluded.	item.cod.339
item.cod.339	MATERIAL_CONVERSION	material.cooking.cod.reverse	Links the directly cooked and raw forms of the same food; ingredients, burnt states and ambiguous recipes are excluded.	item.raw_cod.341
item.raw_dark_crab.11934	MATERIAL_CONVERSION	material.cooking.dark_crab.forward	Links the directly cooked and raw forms of the same food; ingredients, burnt states and ambiguous recipes are excluded.	item.dark_crab.11936
item.dark_crab.11936	MATERIAL_CONVERSION	material.cooking.dark_crab.reverse	Links the directly cooked and raw forms of the same food; ingredients, burnt states and ambiguous recipes are excluded.	item.raw_dark_crab.11934
item.raw_dashing_kebbit.29107	MATERIAL_CONVERSION	material.cooking.dashing_kebbit.forward	Links the directly cooked and raw forms of the same food; ingredients, burnt states and ambiguous recipes are excluded.	item.cooked_dashing_kebbit.29134
item.cooked_dashing_kebbit.29134	MATERIAL_CONVERSION	material.cooking.dashing_kebbit.reverse	Links the directly cooked and raw forms of the same food; ingredients, burnt states and ambiguous recipes are excluded.	item.raw_dashing_kebbit.29107
item.raw_fish_pie.7186	MATERIAL_CONVERSION	material.cooking.fish_pie.forward	Links the directly cooked and raw forms of the same food; ingredients, burnt states and ambiguous recipes are excluded.	item.fish_pie.7188
item.fish_pie.7188	MATERIAL_CONVERSION	material.cooking.fish_pie.reverse	Links the directly cooked and raw forms of the same food; ingredients, burnt states and ambiguous recipes are excluded.	item.raw_fish_pie.7186
item.raw_fishcake.7529	MATERIAL_CONVERSION	material.cooking.fishcake.forward	Links the directly cooked and raw forms of the same food; ingredients, burnt states and ambiguous recipes are excluded.	item.cooked_fishcake.7530
item.cooked_fishcake.7530	MATERIAL_CONVERSION	material.cooking.fishcake.reverse	Links the directly cooked and raw forms of the same food; ingredients, burnt states and ambiguous recipes are excluded.	item.raw_fishcake.7529
item.raw_fishlike_thing.6200	MATERIAL_CONVERSION	material.cooking.fishlike_thing.forward	Links the directly cooked and raw forms of the same food; ingredients, burnt states and ambiguous recipes are excluded.	item.fishlike_thing.6202
item.fishlike_thing.6202	MATERIAL_CONVERSION	material.cooking.fishlike_thing.reverse	Links the directly cooked and raw forms of the same food; ingredients, burnt states and ambiguous recipes are excluded.	item.raw_fishlike_thing.6200
item.raw_garden_pie.7176	MATERIAL_CONVERSION	material.cooking.garden_pie.forward	Links the directly cooked and raw forms of the same food; ingredients, burnt states and ambiguous recipes are excluded.	item.garden_pie.7178
item.garden_pie.7178	MATERIAL_CONVERSION	material.cooking.garden_pie.reverse	Links the directly cooked and raw forms of the same food; ingredients, burnt states and ambiguous recipes are excluded.	item.raw_garden_pie.7176
item.raw_giant_carp.338	MATERIAL_CONVERSION	material.cooking.giant_carp.forward	Links the directly cooked and raw forms of the same food; ingredients, burnt states and ambiguous recipes are excluded.	item.giant_carp.337
item.giant_carp.337	MATERIAL_CONVERSION	material.cooking.giant_carp.reverse	Links the directly cooked and raw forms of the same food; ingredients, burnt states and ambiguous recipes are excluded.	item.raw_giant_carp.338
item.raw_giant_krill.32309	MATERIAL_CONVERSION	material.cooking.giant_krill.forward	Links the directly cooked and raw forms of the same food; ingredients, burnt states and ambiguous recipes are excluded.	item.giant_krill.32312
item.giant_krill.32312	MATERIAL_CONVERSION	material.cooking.giant_krill.reverse	Links the directly cooked and raw forms of the same food; ingredients, burnt states and ambiguous recipes are excluded.	item.raw_giant_krill.32309
item.raw_giral_bat_2.20874	MATERIAL_CONVERSION	material.cooking.giral_bat_2.forward	Links the directly cooked and raw forms of the same food; ingredients, burnt states and ambiguous recipes are excluded.	item.giral_bat_2.20875
item.giral_bat_2.20875	MATERIAL_CONVERSION	material.cooking.giral_bat_2.reverse	Links the directly cooked and raw forms of the same food; ingredients, burnt states and ambiguous recipes are excluded.	item.raw_giral_bat_2.20874
item.raw_graahk.29119	MATERIAL_CONVERSION	material.cooking.graahk.forward	Links the directly cooked and raw forms of the same food; ingredients, burnt states and ambiguous recipes are excluded.	item.cooked_graahk.29149
item.cooked_graahk.29149	MATERIAL_CONVERSION	material.cooking.graahk.reverse	Links the directly cooked and raw forms of the same food; ingredients, burnt states and ambiguous recipes are excluded.	item.raw_graahk.29119
item.raw_guanic_bat_0.20870	MATERIAL_CONVERSION	material.cooking.guanic_bat_0.forward	Links the directly cooked and raw forms of the same food; ingredients, burnt states and ambiguous recipes are excluded.	item.guanic_bat_0.20871
item.guanic_bat_0.20871	MATERIAL_CONVERSION	material.cooking.guanic_bat_0.reverse	Links the directly cooked and raw forms of the same food; ingredients, burnt states and ambiguous recipes are excluded.	item.raw_guanic_bat_0.20870
item.raw_haddock.32317	MATERIAL_CONVERSION	material.cooking.haddock.forward	Links the directly cooked and raw forms of the same food; ingredients, burnt states and ambiguous recipes are excluded.	item.haddock.32320
item.haddock.32320	MATERIAL_CONVERSION	material.cooking.haddock.reverse	Links the directly cooked and raw forms of the same food; ingredients, burnt states and ambiguous recipes are excluded.	item.raw_haddock.32317
item.raw_halibut.32333	MATERIAL_CONVERSION	material.cooking.halibut.forward	Links the directly cooked and raw forms of the same food; ingredients, burnt states and ambiguous recipes are excluded.	item.halibut.32336
item.halibut.32336	MATERIAL_CONVERSION	material.cooking.halibut.reverse	Links the directly cooked and raw forms of the same food; ingredients, burnt states and ambiguous recipes are excluded.	item.raw_halibut.32333
item.raw_harpoonfish.25564	MATERIAL_CONVERSION	material.cooking.harpoonfish.forward	Links the directly cooked and raw forms of the same food; ingredients, burnt states and ambiguous recipes are excluded.	item.harpoonfish.25565
item.harpoonfish.25565	MATERIAL_CONVERSION	material.cooking.harpoonfish.reverse	Links the directly cooked and raw forms of the same food; ingredients, burnt states and ambiguous recipes are excluded.	item.raw_harpoonfish.25564
item.raw_herring	MATERIAL_CONVERSION	material.cooking.herring.forward	Links the directly cooked and raw forms of the same food; ingredients, burnt states and ambiguous recipes are excluded.	item.herring
item.herring	MATERIAL_CONVERSION	material.cooking.herring.reverse	Links the directly cooked and raw forms of the same food; ingredients, burnt states and ambiguous recipes are excluded.	item.raw_herring
item.raw_jubbly.7566	MATERIAL_CONVERSION	material.cooking.jubbly.forward	Links the directly cooked and raw forms of the same food; ingredients, burnt states and ambiguous recipes are excluded.	item.cooked_jubbly.7568
item.cooked_jubbly.7568	MATERIAL_CONVERSION	material.cooking.jubbly.reverse	Links the directly cooked and raw forms of the same food; ingredients, burnt states and ambiguous recipes are excluded.	item.raw_jubbly.7566
item.raw_jumbo_squid.31561	MATERIAL_CONVERSION	material.cooking.jumbo_squid.forward	Links the directly cooked and raw forms of the same food; ingredients, burnt states and ambiguous recipes are excluded.	item.jumbo_squid.31564
item.jumbo_squid.31564	MATERIAL_CONVERSION	material.cooking.jumbo_squid.reverse	Links the directly cooked and raw forms of the same food; ingredients, burnt states and ambiguous recipes are excluded.	item.raw_jumbo_squid.31561
item.raw_karambwan.3142	MATERIAL_CONVERSION	material.cooking.karambwan.forward	Links the directly cooked and raw forms of the same food; ingredients, burnt states and ambiguous recipes are excluded.	item.cooked_karambwan.3144
item.cooked_karambwan.3144	MATERIAL_CONVERSION	material.cooking.karambwan.reverse	Links the directly cooked and raw forms of the same food; ingredients, burnt states and ambiguous recipes are excluded.	item.raw_karambwan.3142
item.raw_kryket_bat_4.20878	MATERIAL_CONVERSION	material.cooking.kryket_bat_4.forward	Links the directly cooked and raw forms of the same food; ingredients, burnt states and ambiguous recipes are excluded.	item.kryket_bat_4.20879
item.kryket_bat_4.20879	MATERIAL_CONVERSION	material.cooking.kryket_bat_4.reverse	Links the directly cooked and raw forms of the same food; ingredients, burnt states and ambiguous recipes are excluded.	item.raw_kryket_bat_4.20878
item.raw_kyatt.29125	MATERIAL_CONVERSION	material.cooking.kyatt.forward	Links the directly cooked and raw forms of the same food; ingredients, burnt states and ambiguous recipes are excluded.	item.cooked_kyatt.29152
item.cooked_kyatt.29152	MATERIAL_CONVERSION	material.cooking.kyatt.reverse	Links the directly cooked and raw forms of the same food; ingredients, burnt states and ambiguous recipes are excluded.	item.raw_kyatt.29125
item.raw_kyren_fish_6.20867	MATERIAL_CONVERSION	material.cooking.kyren_fish_6.forward	Links the directly cooked and raw forms of the same food; ingredients, burnt states and ambiguous recipes are excluded.	item.kyren_fish_6.20868
item.kyren_fish_6.20868	MATERIAL_CONVERSION	material.cooking.kyren_fish_6.reverse	Links the directly cooked and raw forms of the same food; ingredients, burnt states and ambiguous recipes are excluded.	item.raw_kyren_fish_6.20867
item.raw_larupia.29122	MATERIAL_CONVERSION	material.cooking.larupia.forward	Links the directly cooked and raw forms of the same food; ingredients, burnt states and ambiguous recipes are excluded.	item.cooked_larupia.29146
item.cooked_larupia.29146	MATERIAL_CONVERSION	material.cooking.larupia.reverse	Links the directly cooked and raw forms of the same food; ingredients, burnt states and ambiguous recipes are excluded.	item.raw_larupia.29122
item.raw_lava_eel.2148	MATERIAL_CONVERSION	material.cooking.lava_eel.forward	Links the directly cooked and raw forms of the same food; ingredients, burnt states and ambiguous recipes are excluded.	item.lava_eel.2149
item.lava_eel.2149	MATERIAL_CONVERSION	material.cooking.lava_eel.reverse	Links the directly cooked and raw forms of the same food; ingredients, burnt states and ambiguous recipes are excluded.	item.raw_lava_eel.2148
item.raw_leckish_fish_2.20859	MATERIAL_CONVERSION	material.cooking.leckish_fish_2.forward	Links the directly cooked and raw forms of the same food; ingredients, burnt states and ambiguous recipes are excluded.	item.leckish_fish_2.20860
item.leckish_fish_2.20860	MATERIAL_CONVERSION	material.cooking.leckish_fish_2.reverse	Links the directly cooked and raw forms of the same food; ingredients, burnt states and ambiguous recipes are excluded.	item.raw_leckish_fish_2.20859
item.raw-lobster	MATERIAL_CONVERSION	material.cooking.lobster.forward	Links the directly cooked and raw forms of the same food; ingredients, burnt states and ambiguous recipes are excluded.	item.lobster
item.lobster	MATERIAL_CONVERSION	material.cooking.lobster.reverse	Links the directly cooked and raw forms of the same food; ingredients, burnt states and ambiguous recipes are excluded.	item.raw-lobster
item.raw_mackerel.353	MATERIAL_CONVERSION	material.cooking.mackerel.forward	Links the directly cooked and raw forms of the same food; ingredients, burnt states and ambiguous recipes are excluded.	item.mackerel.355
item.mackerel.355	MATERIAL_CONVERSION	material.cooking.mackerel.reverse	Links the directly cooked and raw forms of the same food; ingredients, burnt states and ambiguous recipes are excluded.	item.raw_mackerel.353
item.raw_manta_ray.389	MATERIAL_CONVERSION	material.cooking.manta_ray.forward	Links the directly cooked and raw forms of the same food; ingredients, burnt states and ambiguous recipes are excluded.	item.manta_ray.391
item.manta_ray.391	MATERIAL_CONVERSION	material.cooking.manta_ray.reverse	Links the directly cooked and raw forms of the same food; ingredients, burnt states and ambiguous recipes are excluded.	item.raw_manta_ray.389
item.raw_marlin.32349	MATERIAL_CONVERSION	material.cooking.marlin.forward	Links the directly cooked and raw forms of the same food; ingredients, burnt states and ambiguous recipes are excluded.	item.marlin.32352
item.marlin.32352	MATERIAL_CONVERSION	material.cooking.marlin.reverse	Links the directly cooked and raw forms of the same food; ingredients, burnt states and ambiguous recipes are excluded.	item.raw_marlin.32349
item.raw_monkfish.7944	MATERIAL_CONVERSION	material.cooking.monkfish.forward	Links the directly cooked and raw forms of the same food; ingredients, burnt states and ambiguous recipes are excluded.	item.monkfish.7946
item.monkfish.7946	MATERIAL_CONVERSION	material.cooking.monkfish.reverse	Links the directly cooked and raw forms of the same food; ingredients, burnt states and ambiguous recipes are excluded.	item.raw_monkfish.7944
item.raw_moonlight_antelope.29113	MATERIAL_CONVERSION	material.cooking.moonlight_antelope.forward	Links the directly cooked and raw forms of the same food; ingredients, burnt states and ambiguous recipes are excluded.	item.cooked_moonlight_antelope.29143
item.cooked_moonlight_antelope.29143	MATERIAL_CONVERSION	material.cooking.moonlight_antelope.reverse	Links the directly cooked and raw forms of the same food; ingredients, burnt states and ambiguous recipes are excluded.	item.raw_moonlight_antelope.29113
item.raw_moss_lizard.29076	MATERIAL_CONVERSION	material.cooking.moss_lizard.forward	Links the directly cooked and raw forms of the same food; ingredients, burnt states and ambiguous recipes are excluded.	item.cooked_moss_lizard.29077
item.cooked_moss_lizard.29077	MATERIAL_CONVERSION	material.cooking.moss_lizard.reverse	Links the directly cooked and raw forms of the same food; ingredients, burnt states and ambiguous recipes are excluded.	item.raw_moss_lizard.29076
item.raw_mud_pie.7168	MATERIAL_CONVERSION	material.cooking.mud_pie.forward	Links the directly cooked and raw forms of the same food; ingredients, burnt states and ambiguous recipes are excluded.	item.mud_pie.7170
item.mud_pie.7170	MATERIAL_CONVERSION	material.cooking.mud_pie.reverse	Links the directly cooked and raw forms of the same food; ingredients, burnt states and ambiguous recipes are excluded.	item.raw_mud_pie.7168
item.raw_murng_bat_5.20880	MATERIAL_CONVERSION	material.cooking.murng_bat_5.forward	Links the directly cooked and raw forms of the same food; ingredients, burnt states and ambiguous recipes are excluded.	item.murng_bat_5.20881
item.murng_bat_5.20881	MATERIAL_CONVERSION	material.cooking.murng_bat_5.reverse	Links the directly cooked and raw forms of the same food; ingredients, burnt states and ambiguous recipes are excluded.	item.raw_murng_bat_5.20880
item.raw_mycil_fish_4.20863	MATERIAL_CONVERSION	material.cooking.mycil_fish_4.forward	Links the directly cooked and raw forms of the same food; ingredients, burnt states and ambiguous recipes are excluded.	item.mycil_fish_4.20864
item.mycil_fish_4.20864	MATERIAL_CONVERSION	material.cooking.mycil_fish_4.reverse	Links the directly cooked and raw forms of the same food; ingredients, burnt states and ambiguous recipes are excluded.	item.raw_mycil_fish_4.20863
item.raw_mystery_meat.24782	MATERIAL_CONVERSION	material.cooking.mystery_meat.forward	Links the directly cooked and raw forms of the same food; ingredients, burnt states and ambiguous recipes are excluded.	item.cooked_mystery_meat.24785
item.cooked_mystery_meat.24785	MATERIAL_CONVERSION	material.cooking.mystery_meat.reverse	Links the directly cooked and raw forms of the same food; ingredients, burnt states and ambiguous recipes are excluded.	item.raw_mystery_meat.24782
item.raw_phluxia_bat_3.20876	MATERIAL_CONVERSION	material.cooking.phluxia_bat_3.forward	Links the directly cooked and raw forms of the same food; ingredients, burnt states and ambiguous recipes are excluded.	item.phluxia_bat_3.20877
item.phluxia_bat_3.20877	MATERIAL_CONVERSION	material.cooking.phluxia_bat_3.reverse	Links the directly cooked and raw forms of the same food; ingredients, burnt states and ambiguous recipes are excluded.	item.raw_phluxia_bat_3.20876
item.raw-pike	MATERIAL_CONVERSION	material.cooking.pike.forward	Links the directly cooked and raw forms of the same food; ingredients, burnt states and ambiguous recipes are excluded.	item.pike
item.pike	MATERIAL_CONVERSION	material.cooking.pike.reverse	Links the directly cooked and raw forms of the same food; ingredients, burnt states and ambiguous recipes are excluded.	item.raw-pike
item.raw_prael_bat_1.20872	MATERIAL_CONVERSION	material.cooking.prael_bat_1.forward	Links the directly cooked and raw forms of the same food; ingredients, burnt states and ambiguous recipes are excluded.	item.prael_bat_1.20873
item.prael_bat_1.20873	MATERIAL_CONVERSION	material.cooking.prael_bat_1.reverse	Links the directly cooked and raw forms of the same food; ingredients, burnt states and ambiguous recipes are excluded.	item.raw_prael_bat_1.20872
item.raw_psykk_bat_6.20882	MATERIAL_CONVERSION	material.cooking.psykk_bat_6.forward	Links the directly cooked and raw forms of the same food; ingredients, burnt states and ambiguous recipes are excluded.	item.psykk_bat_6.20883
item.psykk_bat_6.20883	MATERIAL_CONVERSION	material.cooking.psykk_bat_6.reverse	Links the directly cooked and raw forms of the same food; ingredients, burnt states and ambiguous recipes are excluded.	item.raw_psykk_bat_6.20882
item.raw_pyre_fox.29110	MATERIAL_CONVERSION	material.cooking.pyre_fox.forward	Links the directly cooked and raw forms of the same food; ingredients, burnt states and ambiguous recipes are excluded.	item.cooked_pyre_fox.29137
item.cooked_pyre_fox.29137	MATERIAL_CONVERSION	material.cooking.pyre_fox.reverse	Links the directly cooked and raw forms of the same food; ingredients, burnt states and ambiguous recipes are excluded.	item.raw_pyre_fox.29110
item.raw_pysk_fish_0.20855	MATERIAL_CONVERSION	material.cooking.pysk_fish_0.forward	Links the directly cooked and raw forms of the same food; ingredients, burnt states and ambiguous recipes are excluded.	item.pysk_fish_0.20856
item.pysk_fish_0.20856	MATERIAL_CONVERSION	material.cooking.pysk_fish_0.reverse	Links the directly cooked and raw forms of the same food; ingredients, burnt states and ambiguous recipes are excluded.	item.raw_pysk_fish_0.20855
item.raw_rabbit.3226	MATERIAL_CONVERSION	material.cooking.rabbit.forward	Links the directly cooked and raw forms of the same food; ingredients, burnt states and ambiguous recipes are excluded.	item.cooked_rabbit.3228
item.cooked_rabbit.3228	MATERIAL_CONVERSION	material.cooking.rabbit.reverse	Links the directly cooked and raw forms of the same food; ingredients, burnt states and ambiguous recipes are excluded.	item.raw_rabbit.3226
item.raw_rainbow_crab_meat.31700	MATERIAL_CONVERSION	material.cooking.rainbow_crab_meat.forward	Links the directly cooked and raw forms of the same food; ingredients, burnt states and ambiguous recipes are excluded.	item.rainbow_crab_meat.31703
item.rainbow_crab_meat.31703	MATERIAL_CONVERSION	material.cooking.rainbow_crab_meat.reverse	Links the directly cooked and raw forms of the same food; ingredients, burnt states and ambiguous recipes are excluded.	item.raw_rainbow_crab_meat.31700
item.raw_rainbow_fish.10138	MATERIAL_CONVERSION	material.cooking.rainbow_fish.forward	Links the directly cooked and raw forms of the same food; ingredients, burnt states and ambiguous recipes are excluded.	item.rainbow_fish.10136
item.rainbow_fish.10136	MATERIAL_CONVERSION	material.cooking.rainbow_fish.reverse	Links the directly cooked and raw forms of the same food; ingredients, burnt states and ambiguous recipes are excluded.	item.raw_rainbow_fish.10138
item.raw_red_crab_meat.31686	MATERIAL_CONVERSION	material.cooking.red_crab_meat.forward	Links the directly cooked and raw forms of the same food; ingredients, burnt states and ambiguous recipes are excluded.	item.red_crab_meat.31689
item.red_crab_meat.31689	MATERIAL_CONVERSION	material.cooking.red_crab_meat.reverse	Links the directly cooked and raw forms of the same food; ingredients, burnt states and ambiguous recipes are excluded.	item.raw_red_crab_meat.31686
item.raw_roqed_fish_5.20865	MATERIAL_CONVERSION	material.cooking.roqed_fish_5.forward	Links the directly cooked and raw forms of the same food; ingredients, burnt states and ambiguous recipes are excluded.	item.roqed_fish_5.20866
item.roqed_fish_5.20866	MATERIAL_CONVERSION	material.cooking.roqed_fish_5.reverse	Links the directly cooked and raw forms of the same food; ingredients, burnt states and ambiguous recipes are excluded.	item.raw_roqed_fish_5.20865
item.raw_salmon	MATERIAL_CONVERSION	material.cooking.salmon.forward	Links the directly cooked and raw forms of the same food; ingredients, burnt states and ambiguous recipes are excluded.	item.salmon
item.salmon	MATERIAL_CONVERSION	material.cooking.salmon.reverse	Links the directly cooked and raw forms of the same food; ingredients, burnt states and ambiguous recipes are excluded.	item.raw_salmon
item.raw_sardine	MATERIAL_CONVERSION	material.cooking.sardine.forward	Links the directly cooked and raw forms of the same food; ingredients, burnt states and ambiguous recipes are excluded.	item.sardine
item.sardine	MATERIAL_CONVERSION	material.cooking.sardine.reverse	Links the directly cooked and raw forms of the same food; ingredients, burnt states and ambiguous recipes are excluded.	item.raw_sardine
item.raw_sea_turtle.395	MATERIAL_CONVERSION	material.cooking.sea_turtle.forward	Links the directly cooked and raw forms of the same food; ingredients, burnt states and ambiguous recipes are excluded.	item.sea_turtle.397
item.sea_turtle.397	MATERIAL_CONVERSION	material.cooking.sea_turtle.reverse	Links the directly cooked and raw forms of the same food; ingredients, burnt states and ambiguous recipes are excluded.	item.raw_sea_turtle.395
item.raw_shark.383	MATERIAL_CONVERSION	material.cooking.shark.forward	Links the directly cooked and raw forms of the same food; ingredients, burnt states and ambiguous recipes are excluded.	item.shark.385
item.shark.385	MATERIAL_CONVERSION	material.cooking.shark.reverse	Links the directly cooked and raw forms of the same food; ingredients, burnt states and ambiguous recipes are excluded.	item.raw_shark.383
item.raw_shrimps	MATERIAL_CONVERSION	material.cooking.shrimps.forward	Links the directly cooked and raw forms of the same food; ingredients, burnt states and ambiguous recipes are excluded.	item.shrimps
item.shrimps	MATERIAL_CONVERSION	material.cooking.shrimps.reverse	Links the directly cooked and raw forms of the same food; ingredients, burnt states and ambiguous recipes are excluded.	item.raw_shrimps
item.raw_slimy_eel.3379	MATERIAL_CONVERSION	material.cooking.slimy_eel.forward	Links the directly cooked and raw forms of the same food; ingredients, burnt states and ambiguous recipes are excluded.	item.cooked_slimy_eel.3381
item.cooked_slimy_eel.3381	MATERIAL_CONVERSION	material.cooking.slimy_eel.reverse	Links the directly cooked and raw forms of the same food; ingredients, burnt states and ambiguous recipes are excluded.	item.raw_slimy_eel.3379
item.raw_stuffed_snake.7577	MATERIAL_CONVERSION	material.cooking.stuffed_snake.forward	Links the directly cooked and raw forms of the same food; ingredients, burnt states and ambiguous recipes are excluded.	item.stuffed_snake.7579
item.stuffed_snake.7579	MATERIAL_CONVERSION	material.cooking.stuffed_snake.reverse	Links the directly cooked and raw forms of the same food; ingredients, burnt states and ambiguous recipes are excluded.	item.raw_stuffed_snake.7577
item.raw_summer_pie.7216	MATERIAL_CONVERSION	material.cooking.summer_pie.forward	Links the directly cooked and raw forms of the same food; ingredients, burnt states and ambiguous recipes are excluded.	item.summer_pie.7218
item.summer_pie.7218	MATERIAL_CONVERSION	material.cooking.summer_pie.reverse	Links the directly cooked and raw forms of the same food; ingredients, burnt states and ambiguous recipes are excluded.	item.raw_summer_pie.7216
item.raw_sunlight_antelope.29116	MATERIAL_CONVERSION	material.cooking.sunlight_antelope.forward	Links the directly cooked and raw forms of the same food; ingredients, burnt states and ambiguous recipes are excluded.	item.cooked_sunlight_antelope.29140
item.cooked_sunlight_antelope.29140	MATERIAL_CONVERSION	material.cooking.sunlight_antelope.reverse	Links the directly cooked and raw forms of the same food; ingredients, burnt states and ambiguous recipes are excluded.	item.raw_sunlight_antelope.29116
item.raw_suphi_fish_1.20857	MATERIAL_CONVERSION	material.cooking.suphi_fish_1.forward	Links the directly cooked and raw forms of the same food; ingredients, burnt states and ambiguous recipes are excluded.	item.suphi_fish_1.20858
item.suphi_fish_1.20858	MATERIAL_CONVERSION	material.cooking.suphi_fish_1.reverse	Links the directly cooked and raw forms of the same food; ingredients, burnt states and ambiguous recipes are excluded.	item.raw_suphi_fish_1.20857
item.raw_swamp_paste.1940	MATERIAL_CONVERSION	material.cooking.swamp_paste.forward	Links the directly cooked and raw forms of the same food; ingredients, burnt states and ambiguous recipes are excluded.	item.swamp_paste.1941
item.swamp_paste.1941	MATERIAL_CONVERSION	material.cooking.swamp_paste.reverse	Links the directly cooked and raw forms of the same food; ingredients, burnt states and ambiguous recipes are excluded.	item.raw_swamp_paste.1940
item.raw-swordfish	MATERIAL_CONVERSION	material.cooking.swordfish.forward	Links the directly cooked and raw forms of the same food; ingredients, burnt states and ambiguous recipes are excluded.	item.swordfish
item.swordfish	MATERIAL_CONVERSION	material.cooking.swordfish.reverse	Links the directly cooked and raw forms of the same food; ingredients, burnt states and ambiguous recipes are excluded.	item.raw-swordfish
item.raw_swordtip_squid.31553	MATERIAL_CONVERSION	material.cooking.swordtip_squid.forward	Links the directly cooked and raw forms of the same food; ingredients, burnt states and ambiguous recipes are excluded.	item.swordtip_squid.31556
item.swordtip_squid.31556	MATERIAL_CONVERSION	material.cooking.swordtip_squid.reverse	Links the directly cooked and raw forms of the same food; ingredients, burnt states and ambiguous recipes are excluded.	item.raw_swordtip_squid.31553
item.raw_t_bone_steak.33106	MATERIAL_CONVERSION	material.cooking.t_bone_steak.forward	Links the directly cooked and raw forms of the same food; ingredients, burnt states and ambiguous recipes are excluded.	item.cooked_t_bone_steak.33109
item.cooked_t_bone_steak.33109	MATERIAL_CONVERSION	material.cooking.t_bone_steak.reverse	Links the directly cooked and raw forms of the same food; ingredients, burnt states and ambiguous recipes are excluded.	item.raw_t_bone_steak.33106
item.raw_trout	MATERIAL_CONVERSION	material.cooking.trout.forward	Links the directly cooked and raw forms of the same food; ingredients, burnt states and ambiguous recipes are excluded.	item.trout
item.trout	MATERIAL_CONVERSION	material.cooking.trout.reverse	Links the directly cooked and raw forms of the same food; ingredients, burnt states and ambiguous recipes are excluded.	item.raw_trout
item.raw-tuna	MATERIAL_CONVERSION	material.cooking.tuna.forward	Links the directly cooked and raw forms of the same food; ingredients, burnt states and ambiguous recipes are excluded.	item.tuna
item.tuna	MATERIAL_CONVERSION	material.cooking.tuna.reverse	Links the directly cooked and raw forms of the same food; ingredients, burnt states and ambiguous recipes are excluded.	item.raw-tuna
item.raw_ugthanki_meat.1859	MATERIAL_CONVERSION	material.cooking.ugthanki_meat.forward	Links the directly cooked and raw forms of the same food; ingredients, burnt states and ambiguous recipes are excluded.	item.ugthanki_meat.1861
item.ugthanki_meat.1861	MATERIAL_CONVERSION	material.cooking.ugthanki_meat.reverse	Links the directly cooked and raw forms of the same food; ingredients, burnt states and ambiguous recipes are excluded.	item.raw_ugthanki_meat.1859
item.raw_wild_kebbit.29104	MATERIAL_CONVERSION	material.cooking.wild_kebbit.forward	Links the directly cooked and raw forms of the same food; ingredients, burnt states and ambiguous recipes are excluded.	item.cooked_wild_kebbit.29128
item.cooked_wild_kebbit.29128	MATERIAL_CONVERSION	material.cooking.wild_kebbit.reverse	Links the directly cooked and raw forms of the same food; ingredients, burnt states and ambiguous recipes are excluded.	item.raw_wild_kebbit.29104
item.raw_wild_pie.7206	MATERIAL_CONVERSION	material.cooking.wild_pie.forward	Links the directly cooked and raw forms of the same food; ingredients, burnt states and ambiguous recipes are excluded.	item.wild_pie.7208
item.wild_pie.7208	MATERIAL_CONVERSION	material.cooking.wild_pie.reverse	Links the directly cooked and raw forms of the same food; ingredients, burnt states and ambiguous recipes are excluded.	item.raw_wild_pie.7206
item.raw_yellowfin.32325	MATERIAL_CONVERSION	material.cooking.yellowfin.forward	Links the directly cooked and raw forms of the same food; ingredients, burnt states and ambiguous recipes are excluded.	item.yellowfin.32328
item.yellowfin.32328	MATERIAL_CONVERSION	material.cooking.yellowfin.reverse	Links the directly cooked and raw forms of the same food; ingredients, burnt states and ambiguous recipes are excluded.	item.raw_yellowfin.32325
item.adamant_crossbow_u.9463	MATERIAL_CONVERSION	material.stringing.adamant_crossbow.forward	Links the directly unstrung and strung forms of the same item; generic string materials are not granted.	item.adamant_crossbow.9183
item.adamant_crossbow.9183	MATERIAL_CONVERSION	material.stringing.adamant_crossbow.reverse	Links the directly unstrung and strung forms of the same item; generic string materials are not granted.	item.adamant_crossbow_u.9463
item.bronze_crossbow_u.9454	MATERIAL_CONVERSION	material.stringing.bronze_crossbow.forward	Links the directly unstrung and strung forms of the same item; generic string materials are not granted.	item.bronze-crossbow
item.bronze-crossbow	MATERIAL_CONVERSION	material.stringing.bronze_crossbow.reverse	Links the directly unstrung and strung forms of the same item; generic string materials are not granted.	item.bronze_crossbow_u.9454
item.diamond_amulet_u.1681	MATERIAL_CONVERSION	material.stringing.diamond_amulet.forward	Links the directly unstrung and strung forms of the same item; generic string materials are not granted.	item.diamond_amulet.1700
item.diamond_amulet.1700	MATERIAL_CONVERSION	material.stringing.diamond_amulet.reverse	Links the directly unstrung and strung forms of the same item; generic string materials are not granted.	item.diamond_amulet_u.1681
item.dragon_crossbow_u.21921	MATERIAL_CONVERSION	material.stringing.dragon_crossbow.forward	Links the directly unstrung and strung forms of the same item; generic string materials are not granted.	item.dragon_crossbow.21902
item.dragon_crossbow.21902	MATERIAL_CONVERSION	material.stringing.dragon_crossbow.reverse	Links the directly unstrung and strung forms of the same item; generic string materials are not granted.	item.dragon_crossbow_u.21921
item.dragonstone_amulet_u.1683	MATERIAL_CONVERSION	material.stringing.dragonstone_amulet.forward	Links the directly unstrung and strung forms of the same item; generic string materials are not granted.	item.dragonstone_amulet.1702
item.dragonstone_amulet.1702	MATERIAL_CONVERSION	material.stringing.dragonstone_amulet.reverse	Links the directly unstrung and strung forms of the same item; generic string materials are not granted.	item.dragonstone_amulet_u.1683
item.emerald_amulet_u.1677	MATERIAL_CONVERSION	material.stringing.emerald_amulet.forward	Links the directly unstrung and strung forms of the same item; generic string materials are not granted.	item.emerald_amulet.1696
item.emerald_amulet.1696	MATERIAL_CONVERSION	material.stringing.emerald_amulet.reverse	Links the directly unstrung and strung forms of the same item; generic string materials are not granted.	item.emerald_amulet_u.1677
item.gold_amulet_u.1673	MATERIAL_CONVERSION	material.stringing.gold_amulet.forward	Links the directly unstrung and strung forms of the same item; generic string materials are not granted.	item.gold_amulet.1692
item.gold_amulet.1692	MATERIAL_CONVERSION	material.stringing.gold_amulet.reverse	Links the directly unstrung and strung forms of the same item; generic string materials are not granted.	item.gold_amulet_u.1673
item.iron_crossbow_u.9457	MATERIAL_CONVERSION	material.stringing.iron_crossbow.forward	Links the directly unstrung and strung forms of the same item; generic string materials are not granted.	item.iron-crossbow
item.iron-crossbow	MATERIAL_CONVERSION	material.stringing.iron_crossbow.reverse	Links the directly unstrung and strung forms of the same item; generic string materials are not granted.	item.iron_crossbow_u.9457
item.jade_amulet_u.21102	MATERIAL_CONVERSION	material.stringing.jade_amulet.forward	Links the directly unstrung and strung forms of the same item; generic string materials are not granted.	item.jade_amulet.21111
item.jade_amulet.21111	MATERIAL_CONVERSION	material.stringing.jade_amulet.reverse	Links the directly unstrung and strung forms of the same item; generic string materials are not granted.	item.jade_amulet_u.21102
item.longbow_u.48	MATERIAL_CONVERSION	material.stringing.longbow.forward	Links the directly unstrung and strung forms of the same item; generic string materials are not granted.	item.longbow
item.longbow	MATERIAL_CONVERSION	material.stringing.longbow.reverse	Links the directly unstrung and strung forms of the same item; generic string materials are not granted.	item.longbow_u.48
item.magic_longbow_u.70	MATERIAL_CONVERSION	material.stringing.magic_longbow.forward	Links the directly unstrung and strung forms of the same item; generic string materials are not granted.	item.magic_longbow.859
item.magic_longbow.859	MATERIAL_CONVERSION	material.stringing.magic_longbow.reverse	Links the directly unstrung and strung forms of the same item; generic string materials are not granted.	item.magic_longbow_u.70
item.magic_shortbow_u.72	MATERIAL_CONVERSION	material.stringing.magic_shortbow.forward	Links the directly unstrung and strung forms of the same item; generic string materials are not granted.	item.magic_shortbow.861
item.magic_shortbow.861	MATERIAL_CONVERSION	material.stringing.magic_shortbow.reverse	Links the directly unstrung and strung forms of the same item; generic string materials are not granted.	item.magic_shortbow_u.72
item.maple_longbow_u.62	MATERIAL_CONVERSION	material.stringing.maple_longbow.forward	Links the directly unstrung and strung forms of the same item; generic string materials are not granted.	item.maple-longbow
item.maple-longbow	MATERIAL_CONVERSION	material.stringing.maple_longbow.reverse	Links the directly unstrung and strung forms of the same item; generic string materials are not granted.	item.maple_longbow_u.62
item.maple_shortbow_u.64	MATERIAL_CONVERSION	material.stringing.maple_shortbow.forward	Links the directly unstrung and strung forms of the same item; generic string materials are not granted.	item.maple-shortbow
item.maple-shortbow	MATERIAL_CONVERSION	material.stringing.maple_shortbow.reverse	Links the directly unstrung and strung forms of the same item; generic string materials are not granted.	item.maple_shortbow_u.64
item.mithril_crossbow_u.9461	MATERIAL_CONVERSION	material.stringing.mithril_crossbow.forward	Links the directly unstrung and strung forms of the same item; generic string materials are not granted.	item.mithril_crossbow.9181
item.mithril_crossbow.9181	MATERIAL_CONVERSION	material.stringing.mithril_crossbow.reverse	Links the directly unstrung and strung forms of the same item; generic string materials are not granted.	item.mithril_crossbow_u.9461
item.oak_longbow_u.56	MATERIAL_CONVERSION	material.stringing.oak_longbow.forward	Links the directly unstrung and strung forms of the same item; generic string materials are not granted.	item.oak-longbow
item.oak-longbow	MATERIAL_CONVERSION	material.stringing.oak_longbow.reverse	Links the directly unstrung and strung forms of the same item; generic string materials are not granted.	item.oak_longbow_u.56
item.oak_shortbow_u.54	MATERIAL_CONVERSION	material.stringing.oak_shortbow.forward	Links the directly unstrung and strung forms of the same item; generic string materials are not granted.	item.oak_shortbow
item.oak_shortbow	MATERIAL_CONVERSION	material.stringing.oak_shortbow.reverse	Links the directly unstrung and strung forms of the same item; generic string materials are not granted.	item.oak_shortbow_u.54
item.onyx_amulet_u.6579	MATERIAL_CONVERSION	material.stringing.onyx_amulet.forward	Links the directly unstrung and strung forms of the same item; generic string materials are not granted.	item.onyx_amulet.6581
item.onyx_amulet.6581	MATERIAL_CONVERSION	material.stringing.onyx_amulet.reverse	Links the directly unstrung and strung forms of the same item; generic string materials are not granted.	item.onyx_amulet_u.6579
item.opal_amulet_u.21099	MATERIAL_CONVERSION	material.stringing.opal_amulet.forward	Links the directly unstrung and strung forms of the same item; generic string materials are not granted.	item.opal_amulet.21108
item.opal_amulet.21108	MATERIAL_CONVERSION	material.stringing.opal_amulet.reverse	Links the directly unstrung and strung forms of the same item; generic string materials are not granted.	item.opal_amulet_u.21099
item.ruby_amulet_u.1679	MATERIAL_CONVERSION	material.stringing.ruby_amulet.forward	Links the directly unstrung and strung forms of the same item; generic string materials are not granted.	item.ruby_amulet.1698
item.ruby_amulet.1698	MATERIAL_CONVERSION	material.stringing.ruby_amulet.reverse	Links the directly unstrung and strung forms of the same item; generic string materials are not granted.	item.ruby_amulet_u.1679
item.sapphire_amulet_u.1675	MATERIAL_CONVERSION	material.stringing.sapphire_amulet.forward	Links the directly unstrung and strung forms of the same item; generic string materials are not granted.	item.sapphire_amulet.1694
item.sapphire_amulet.1694	MATERIAL_CONVERSION	material.stringing.sapphire_amulet.reverse	Links the directly unstrung and strung forms of the same item; generic string materials are not granted.	item.sapphire_amulet_u.1675
item.shortbow_u.50	MATERIAL_CONVERSION	material.stringing.shortbow.forward	Links the directly unstrung and strung forms of the same item; generic string materials are not granted.	item.shortbow
item.shortbow	MATERIAL_CONVERSION	material.stringing.shortbow.reverse	Links the directly unstrung and strung forms of the same item; generic string materials are not granted.	item.shortbow_u.50
item.steel_crossbow_u.9459	MATERIAL_CONVERSION	material.stringing.steel_crossbow.forward	Links the directly unstrung and strung forms of the same item; generic string materials are not granted.	item.steel-crossbow
item.steel-crossbow	MATERIAL_CONVERSION	material.stringing.steel_crossbow.reverse	Links the directly unstrung and strung forms of the same item; generic string materials are not granted.	item.steel_crossbow_u.9459
item.topaz_amulet_u.21105	MATERIAL_CONVERSION	material.stringing.topaz_amulet.forward	Links the directly unstrung and strung forms of the same item; generic string materials are not granted.	item.topaz_amulet.21114
item.topaz_amulet.21114	MATERIAL_CONVERSION	material.stringing.topaz_amulet.reverse	Links the directly unstrung and strung forms of the same item; generic string materials are not granted.	item.topaz_amulet_u.21105
item.willow_longbow_u.58	MATERIAL_CONVERSION	material.stringing.willow_longbow.forward	Links the directly unstrung and strung forms of the same item; generic string materials are not granted.	item.willow-longbow
item.willow-longbow	MATERIAL_CONVERSION	material.stringing.willow_longbow.reverse	Links the directly unstrung and strung forms of the same item; generic string materials are not granted.	item.willow_longbow_u.58
item.willow_shortbow_u.60	MATERIAL_CONVERSION	material.stringing.willow_shortbow.forward	Links the directly unstrung and strung forms of the same item; generic string materials are not granted.	item.willow_shortbow
item.willow_shortbow	MATERIAL_CONVERSION	material.stringing.willow_shortbow.reverse	Links the directly unstrung and strung forms of the same item; generic string materials are not granted.	item.willow_shortbow_u.60
item.yew_longbow_u.66	MATERIAL_CONVERSION	material.stringing.yew_longbow.forward	Links the directly unstrung and strung forms of the same item; generic string materials are not granted.	item.yew_longbow.855
item.yew_longbow.855	MATERIAL_CONVERSION	material.stringing.yew_longbow.reverse	Links the directly unstrung and strung forms of the same item; generic string materials are not granted.	item.yew_longbow_u.66
item.yew_shortbow_u.68	MATERIAL_CONVERSION	material.stringing.yew_shortbow.forward	Links the directly unstrung and strung forms of the same item; generic string materials are not granted.	item.yew_shortbow.857
item.yew_shortbow.857	MATERIAL_CONVERSION	material.stringing.yew_shortbow.reverse	Links the directly unstrung and strung forms of the same item; generic string materials are not granted.	item.yew_shortbow_u.68
item.zenyte_amulet_u.19501	MATERIAL_CONVERSION	material.stringing.zenyte_amulet.forward	Links the directly unstrung and strung forms of the same item; generic string materials are not granted.	item.zenyte_amulet.19541
item.zenyte_amulet.19541	MATERIAL_CONVERSION	material.stringing.zenyte_amulet.reverse	Links the directly unstrung and strung forms of the same item; generic string materials are not granted.	item.zenyte_amulet_u.19501
item.unstrung_symbol.1714	MATERIAL_CONVERSION	material.stringing.holy_symbol.forward	Links the directly unstrung and strung silver-symbol stages; wool is not granted.	item.unblessed_symbol.1716
item.unblessed_symbol.1716	MATERIAL_CONVERSION	material.stringing.holy_symbol.reverse	Links the directly unstrung and strung silver-symbol stages; wool is not granted.	item.unstrung_symbol.1714
item.unstrung_emblem.1720	MATERIAL_CONVERSION	material.stringing.unholy_symbol.forward	Links the directly unstrung and strung silver-emblem stages; wool is not granted.	item.unpowered_symbol.1722
item.unpowered_symbol.1722	MATERIAL_CONVERSION	material.stringing.unholy_symbol.reverse	Links the directly unstrung and strung silver-emblem stages; wool is not granted.	item.unstrung_emblem.1720
item.bronze_dart_tip.819	MATERIAL_CONVERSION	material.ammunition.dart.bronze.forward	Links a dart tip with the corresponding finished dart; feathers are not granted.	item.bronze_dart.806
item.bronze_dart.806	MATERIAL_CONVERSION	material.ammunition.dart.bronze.reverse	Links a dart tip with the corresponding finished dart; feathers are not granted.	item.bronze_dart_tip.819
item.bronze_javelin_tips.19570	MATERIAL_CONVERSION	material.ammunition.javelin.bronze.forward	Links javelin tips with the corresponding finished javelin; shafts are not granted.	item.bronze_javelin.825
item.bronze_javelin.825	MATERIAL_CONVERSION	material.ammunition.javelin.bronze.reverse	Links javelin tips with the corresponding finished javelin; shafts are not granted.	item.bronze_javelin_tips.19570
item.iron_dart_tip.820	MATERIAL_CONVERSION	material.ammunition.dart.iron.forward	Links a dart tip with the corresponding finished dart; feathers are not granted.	item.iron_dart.807
item.iron_dart.807	MATERIAL_CONVERSION	material.ammunition.dart.iron.reverse	Links a dart tip with the corresponding finished dart; feathers are not granted.	item.iron_dart_tip.820
item.iron_javelin_tips.19572	MATERIAL_CONVERSION	material.ammunition.javelin.iron.forward	Links javelin tips with the corresponding finished javelin; shafts are not granted.	item.iron_javelin.826
item.iron_javelin.826	MATERIAL_CONVERSION	material.ammunition.javelin.iron.reverse	Links javelin tips with the corresponding finished javelin; shafts are not granted.	item.iron_javelin_tips.19572
item.steel_dart_tip.821	MATERIAL_CONVERSION	material.ammunition.dart.steel.forward	Links a dart tip with the corresponding finished dart; feathers are not granted.	item.steel_dart.808
item.steel_dart.808	MATERIAL_CONVERSION	material.ammunition.dart.steel.reverse	Links a dart tip with the corresponding finished dart; feathers are not granted.	item.steel_dart_tip.821
item.steel_javelin_tips.19574	MATERIAL_CONVERSION	material.ammunition.javelin.steel.forward	Links javelin tips with the corresponding finished javelin; shafts are not granted.	item.steel_javelin.827
item.steel_javelin.827	MATERIAL_CONVERSION	material.ammunition.javelin.steel.reverse	Links javelin tips with the corresponding finished javelin; shafts are not granted.	item.steel_javelin_tips.19574
item.mithril_dart_tip.822	MATERIAL_CONVERSION	material.ammunition.dart.mithril.forward	Links a dart tip with the corresponding finished dart; feathers are not granted.	item.mithril_dart.809
item.mithril_dart.809	MATERIAL_CONVERSION	material.ammunition.dart.mithril.reverse	Links a dart tip with the corresponding finished dart; feathers are not granted.	item.mithril_dart_tip.822
item.mithril_javelin_tips.19576	MATERIAL_CONVERSION	material.ammunition.javelin.mithril.forward	Links javelin tips with the corresponding finished javelin; shafts are not granted.	item.mithril_javelin.828
item.mithril_javelin.828	MATERIAL_CONVERSION	material.ammunition.javelin.mithril.reverse	Links javelin tips with the corresponding finished javelin; shafts are not granted.	item.mithril_javelin_tips.19576
item.adamant_dart_tip.823	MATERIAL_CONVERSION	material.ammunition.dart.adamant.forward	Links a dart tip with the corresponding finished dart; feathers are not granted.	item.adamant_dart.810
item.adamant_dart.810	MATERIAL_CONVERSION	material.ammunition.dart.adamant.reverse	Links a dart tip with the corresponding finished dart; feathers are not granted.	item.adamant_dart_tip.823
item.adamant_javelin_tips.19578	MATERIAL_CONVERSION	material.ammunition.javelin.adamant.forward	Links javelin tips with the corresponding finished javelin; shafts are not granted.	item.adamant_javelin.829
item.adamant_javelin.829	MATERIAL_CONVERSION	material.ammunition.javelin.adamant.reverse	Links javelin tips with the corresponding finished javelin; shafts are not granted.	item.adamant_javelin_tips.19578
item.rune_dart_tip.824	MATERIAL_CONVERSION	material.ammunition.dart.rune.forward	Links a dart tip with the corresponding finished dart; feathers are not granted.	item.rune_dart.811
item.rune_dart.811	MATERIAL_CONVERSION	material.ammunition.dart.rune.reverse	Links a dart tip with the corresponding finished dart; feathers are not granted.	item.rune_dart_tip.824
item.rune_javelin_tips.19580	MATERIAL_CONVERSION	material.ammunition.javelin.rune.forward	Links javelin tips with the corresponding finished javelin; shafts are not granted.	item.rune_javelin.830
item.rune_javelin.830	MATERIAL_CONVERSION	material.ammunition.javelin.rune.reverse	Links javelin tips with the corresponding finished javelin; shafts are not granted.	item.rune_javelin_tips.19580
item.dragon_dart_tip.11232	MATERIAL_CONVERSION	material.ammunition.dart.dragon.forward	Links a dart tip with the corresponding finished dart; feathers are not granted.	item.dragon_dart.11230
item.dragon_dart.11230	MATERIAL_CONVERSION	material.ammunition.dart.dragon.reverse	Links a dart tip with the corresponding finished dart; feathers are not granted.	item.dragon_dart_tip.11232
item.dragon_javelin_tips.19582	MATERIAL_CONVERSION	material.ammunition.javelin.dragon.forward	Links javelin tips with the corresponding finished javelin; shafts are not granted.	item.dragon_javelin.19484
item.dragon_javelin.19484	MATERIAL_CONVERSION	material.ammunition.javelin.dragon.reverse	Links javelin tips with the corresponding finished javelin; shafts are not granted.	item.dragon_javelin_tips.19582
item.amethyst_dart_tip.25853	MATERIAL_CONVERSION	material.ammunition.dart.amethyst.forward	Links a dart tip with the corresponding finished dart; feathers are not granted.	item.amethyst_dart.25849
item.amethyst_dart.25849	MATERIAL_CONVERSION	material.ammunition.dart.amethyst.reverse	Links a dart tip with the corresponding finished dart; feathers are not granted.	item.amethyst_dart_tip.25853
item.amethyst_javelin_tips.21352	MATERIAL_CONVERSION	material.ammunition.javelin.amethyst.forward	Links javelin tips with the corresponding finished javelin; shafts are not granted.	item.amethyst_javelin.21318
item.amethyst_javelin.21318	MATERIAL_CONVERSION	material.ammunition.javelin.amethyst.reverse	Links javelin tips with the corresponding finished javelin; shafts are not granted.	item.amethyst_javelin_tips.21352
item.bronze_arrowtips.39	MATERIAL_CONVERSION	material.ammunition.arrow.bronze.forward	Links arrowtips with the corresponding finished arrow; shafts and feathers are not granted.	item.bronze-arrow
item.bronze-arrow	MATERIAL_CONVERSION	material.ammunition.arrow.bronze.reverse	Links arrowtips with the corresponding finished arrow; shafts and feathers are not granted.	item.bronze_arrowtips.39
item.iron_arrowtips.40	MATERIAL_CONVERSION	material.ammunition.arrow.iron.forward	Links arrowtips with the corresponding finished arrow; shafts and feathers are not granted.	item.iron-arrow
item.iron-arrow	MATERIAL_CONVERSION	material.ammunition.arrow.iron.reverse	Links arrowtips with the corresponding finished arrow; shafts and feathers are not granted.	item.iron_arrowtips.40
item.steel_arrowtips.41	MATERIAL_CONVERSION	material.ammunition.arrow.steel.forward	Links arrowtips with the corresponding finished arrow; shafts and feathers are not granted.	item.steel-arrow
item.steel-arrow	MATERIAL_CONVERSION	material.ammunition.arrow.steel.reverse	Links arrowtips with the corresponding finished arrow; shafts and feathers are not granted.	item.steel_arrowtips.41
item.mithril_arrowtips.42	MATERIAL_CONVERSION	material.ammunition.arrow.mithril.forward	Links arrowtips with the corresponding finished arrow; shafts and feathers are not granted.	item.mithril-arrow
item.mithril-arrow	MATERIAL_CONVERSION	material.ammunition.arrow.mithril.reverse	Links arrowtips with the corresponding finished arrow; shafts and feathers are not granted.	item.mithril_arrowtips.42
item.adamant_arrowtips.43	MATERIAL_CONVERSION	material.ammunition.arrow.adamant.forward	Links arrowtips with the corresponding finished arrow; shafts and feathers are not granted.	item.adamant-arrow
item.adamant-arrow	MATERIAL_CONVERSION	material.ammunition.arrow.adamant.reverse	Links arrowtips with the corresponding finished arrow; shafts and feathers are not granted.	item.adamant_arrowtips.43
item.rune_arrowtips.44	MATERIAL_CONVERSION	material.ammunition.arrow.rune.forward	Links arrowtips with the corresponding finished arrow; shafts and feathers are not granted.	item.rune-arrow
item.rune-arrow	MATERIAL_CONVERSION	material.ammunition.arrow.rune.reverse	Links arrowtips with the corresponding finished arrow; shafts and feathers are not granted.	item.rune_arrowtips.44
item.dragon_arrowtips.11237	MATERIAL_CONVERSION	material.ammunition.arrow.dragon.forward	Links arrowtips with the corresponding finished arrow; shafts and feathers are not granted.	item.dragon_arrow.11212
item.dragon_arrow.11212	MATERIAL_CONVERSION	material.ammunition.arrow.dragon.reverse	Links arrowtips with the corresponding finished arrow; shafts and feathers are not granted.	item.dragon_arrowtips.11237
item.amethyst_arrowtips.21350	MATERIAL_CONVERSION	material.ammunition.arrow.amethyst.forward	Links arrowtips with the corresponding finished arrow; shafts and feathers are not granted.	item.amethyst_arrow.21326
item.amethyst_arrow.21326	MATERIAL_CONVERSION	material.ammunition.arrow.amethyst.reverse	Links arrowtips with the corresponding finished arrow; shafts and feathers are not granted.	item.amethyst_arrowtips.21350
item.broad_arrowheads.11874	MATERIAL_CONVERSION	material.ammunition.arrow.broad.forward	Links broad arrowheads with broad arrows; shafts and feathers are not granted.	item.broad_arrows.4150
item.broad_arrows.4150	MATERIAL_CONVERSION	material.ammunition.arrow.broad.reverse	Links broad arrowheads with broad arrows; shafts and feathers are not granted.	item.broad_arrowheads.11874
item.bronze_bolts_unf.9375	MATERIAL_CONVERSION	material.ammunition.bolt.bronze.forward	Links unfinished bolts with the corresponding finished bolts; feathers are not granted.	item.bronze_bolts.877
item.bronze_bolts.877	MATERIAL_CONVERSION	material.ammunition.bolt.bronze.reverse	Links unfinished bolts with the corresponding finished bolts; feathers are not granted.	item.bronze_bolts_unf.9375
item.iron_bolts_unf.9377	MATERIAL_CONVERSION	material.ammunition.bolt.iron.forward	Links unfinished bolts with the corresponding finished bolts; feathers are not granted.	item.iron_bolts.9140
item.iron_bolts.9140	MATERIAL_CONVERSION	material.ammunition.bolt.iron.reverse	Links unfinished bolts with the corresponding finished bolts; feathers are not granted.	item.iron_bolts_unf.9377
item.steel_bolts_unf.9378	MATERIAL_CONVERSION	material.ammunition.bolt.steel.forward	Links unfinished bolts with the corresponding finished bolts; feathers are not granted.	item.steel_bolts.9141
item.steel_bolts.9141	MATERIAL_CONVERSION	material.ammunition.bolt.steel.reverse	Links unfinished bolts with the corresponding finished bolts; feathers are not granted.	item.steel_bolts_unf.9378
item.mithril_bolts_unf.9379	MATERIAL_CONVERSION	material.ammunition.bolt.mithril.forward	Links unfinished bolts with the corresponding finished bolts; feathers are not granted.	item.mithril_bolts.9142
item.mithril_bolts.9142	MATERIAL_CONVERSION	material.ammunition.bolt.mithril.reverse	Links unfinished bolts with the corresponding finished bolts; feathers are not granted.	item.mithril_bolts_unf.9379
item.adamant_bolts_unf.9380	MATERIAL_CONVERSION	material.ammunition.bolt.adamant.forward	Links unfinished bolts with the corresponding finished bolts; feathers are not granted.	item.adamant_bolts.9143
item.adamant_bolts.9143	MATERIAL_CONVERSION	material.ammunition.bolt.adamant.reverse	Links unfinished bolts with the corresponding finished bolts; feathers are not granted.	item.adamant_bolts_unf.9380
item.runite_bolts_unf.9381	MATERIAL_CONVERSION	material.ammunition.bolt.runite.forward	Links unfinished bolts with the corresponding finished bolts; feathers are not granted.	item.runite_bolts.9144
item.runite_bolts.9144	MATERIAL_CONVERSION	material.ammunition.bolt.runite.reverse	Links unfinished bolts with the corresponding finished bolts; feathers are not granted.	item.runite_bolts_unf.9381
item.silver_bolts_unf.9382	MATERIAL_CONVERSION	material.ammunition.bolt.silver.forward	Links unfinished bolts with the corresponding finished bolts; feathers are not granted.	item.silver_bolts.9145
item.silver_bolts.9145	MATERIAL_CONVERSION	material.ammunition.bolt.silver.reverse	Links unfinished bolts with the corresponding finished bolts; feathers are not granted.	item.silver_bolts_unf.9382
item.dragon_bolts_unf.21930	MATERIAL_CONVERSION	material.ammunition.bolt.dragon.forward	Links unfinished bolts with the corresponding finished bolts; feathers are not granted.	item.dragon_bolts.21905
item.dragon_bolts.21905	MATERIAL_CONVERSION	material.ammunition.bolt.dragon.reverse	Links unfinished bolts with the corresponding finished bolts; feathers are not granted.	item.dragon_bolts_unf.21930
item.unfinished_broad_bolts.11876	MATERIAL_CONVERSION	material.ammunition.bolt.broad.forward	Links unfinished bolts with the corresponding finished bolts; feathers are not granted.	item.broad_bolts.11875
item.broad_bolts.11875	MATERIAL_CONVERSION	material.ammunition.bolt.broad.reverse	Links unfinished bolts with the corresponding finished bolts; feathers are not granted.	item.unfinished_broad_bolts.11876
item.bones.526	MATERIAL_CONVERSION	material.bonemeal.bones.forward	Links bones with their directly ground bonemeal form; unrelated bone tiers are not granted.	item.bonemeal.4255
item.bonemeal.4255	MATERIAL_CONVERSION	material.bonemeal.bones.reverse	Links bones with their directly ground bonemeal form; unrelated bone tiers are not granted.	item.bones.526
item.bat_bones.530	MATERIAL_CONVERSION	material.bonemeal.bat_bones.forward	Links bones with their directly ground bonemeal form; unrelated bone tiers are not granted.	item.bat_bonemeal.4256
item.bat_bonemeal.4256	MATERIAL_CONVERSION	material.bonemeal.bat_bones.reverse	Links bones with their directly ground bonemeal form; unrelated bone tiers are not granted.	item.bat_bones.530
item.big_bones.532	MATERIAL_CONVERSION	material.bonemeal.big_bones.forward	Links bones with their directly ground bonemeal form; unrelated bone tiers are not granted.	item.big_bonemeal.4257
item.big_bonemeal.4257	MATERIAL_CONVERSION	material.bonemeal.big_bones.reverse	Links bones with their directly ground bonemeal form; unrelated bone tiers are not granted.	item.big_bones.532
item.burnt_bones.528	MATERIAL_CONVERSION	material.bonemeal.burnt_bones.forward	Links bones with their directly ground bonemeal form; unrelated bone tiers are not granted.	item.burnt_bonemeal.4258
item.burnt_bonemeal.4258	MATERIAL_CONVERSION	material.bonemeal.burnt_bones.reverse	Links bones with their directly ground bonemeal form; unrelated bone tiers are not granted.	item.burnt_bones.528
item.burnt_jogre_bones.3127	MATERIAL_CONVERSION	material.bonemeal.burnt_jogre_bones.forward	Links bones with their directly ground bonemeal form; unrelated bone tiers are not granted.	item.burnt_jogre_bonemeal.4259
item.burnt_jogre_bonemeal.4259	MATERIAL_CONVERSION	material.bonemeal.burnt_jogre_bones.reverse	Links bones with their directly ground bonemeal form; unrelated bone tiers are not granted.	item.burnt_jogre_bones.3127
item.babydragon_bones.534	MATERIAL_CONVERSION	material.bonemeal.babydragon_bones.forward	Links bones with their directly ground bonemeal form; unrelated bone tiers are not granted.	item.baby_dragon_bonemeal.4260
item.baby_dragon_bonemeal.4260	MATERIAL_CONVERSION	material.bonemeal.babydragon_bones.reverse	Links bones with their directly ground bonemeal form; unrelated bone tiers are not granted.	item.babydragon_bones.534
item.dragon_bones.536	MATERIAL_CONVERSION	material.bonemeal.dragon_bones.forward	Links bones with their directly ground bonemeal form; unrelated bone tiers are not granted.	item.dragon_bonemeal.4261
item.dragon_bonemeal.4261	MATERIAL_CONVERSION	material.bonemeal.dragon_bones.reverse	Links bones with their directly ground bonemeal form; unrelated bone tiers are not granted.	item.dragon_bones.536
item.dagannoth_bones.6729	MATERIAL_CONVERSION	material.bonemeal.dagannoth_bones.forward	Links bones with their directly ground bonemeal form; unrelated bone tiers are not granted.	item.dagannoth_king_bonemeal.6728
item.dagannoth_king_bonemeal.6728	MATERIAL_CONVERSION	material.bonemeal.dagannoth_bones.reverse	Links bones with their directly ground bonemeal form; unrelated bone tiers are not granted.	item.dagannoth_bones.6729
item.drake_bones.22783	MATERIAL_CONVERSION	material.bonemeal.drake_bones.forward	Links bones with their directly ground bonemeal form; unrelated bone tiers are not granted.	item.drake_bonemeal.22756
item.drake_bonemeal.22756	MATERIAL_CONVERSION	material.bonemeal.drake_bones.reverse	Links bones with their directly ground bonemeal form; unrelated bone tiers are not granted.	item.drake_bones.22783
item.fayrg_bones.4830	MATERIAL_CONVERSION	material.bonemeal.fayrg_bones.forward	Links bones with their directly ground bonemeal form; unrelated bone tiers are not granted.	item.fayrg_bonemeal.4853
item.fayrg_bonemeal.4853	MATERIAL_CONVERSION	material.bonemeal.fayrg_bones.reverse	Links bones with their directly ground bonemeal form; unrelated bone tiers are not granted.	item.fayrg_bones.4830
item.frost_dragon_bones.31729	MATERIAL_CONVERSION	material.bonemeal.frost_dragon_bones.forward	Links bones with their directly ground bonemeal form; unrelated bone tiers are not granted.	item.frost_dragon_bonemeal.31335
item.frost_dragon_bonemeal.31335	MATERIAL_CONVERSION	material.bonemeal.frost_dragon_bones.reverse	Links bones with their directly ground bonemeal form; unrelated bone tiers are not granted.	item.frost_dragon_bones.31729
item.gorilla_bones.3181	MATERIAL_CONVERSION	material.bonemeal.gorilla_bones.forward	Links bones with their directly ground bonemeal form; unrelated bone tiers are not granted.	item.gorilla_bonemeal.4265
item.gorilla_bonemeal.4265	MATERIAL_CONVERSION	material.bonemeal.gorilla_bones.reverse	Links bones with their directly ground bonemeal form; unrelated bone tiers are not granted.	item.gorilla_bones.3181
item.bearded_gorilla_bones.3182	MATERIAL_CONVERSION	material.bonemeal.bearded_gorilla_bones.forward	Links bones with their directly ground bonemeal form; unrelated bone tiers are not granted.	item.bearded_gorilla_bonemeal.4266
item.bearded_gorilla_bonemeal.4266	MATERIAL_CONVERSION	material.bonemeal.bearded_gorilla_bones.reverse	Links bones with their directly ground bonemeal form; unrelated bone tiers are not granted.	item.bearded_gorilla_bones.3182
item.hydra_bones.22786	MATERIAL_CONVERSION	material.bonemeal.hydra_bones.forward	Links bones with their directly ground bonemeal form; unrelated bone tiers are not granted.	item.hydra_bonemeal.22758
item.hydra_bonemeal.22758	MATERIAL_CONVERSION	material.bonemeal.hydra_bones.reverse	Links bones with their directly ground bonemeal form; unrelated bone tiers are not granted.	item.hydra_bones.22786
item.jogre_bones.3125	MATERIAL_CONVERSION	material.bonemeal.jogre_bones.forward	Links bones with their directly ground bonemeal form; unrelated bone tiers are not granted.	item.jogre_bonemeal.4271
item.jogre_bonemeal.4271	MATERIAL_CONVERSION	material.bonemeal.jogre_bones.reverse	Links bones with their directly ground bonemeal form; unrelated bone tiers are not granted.	item.jogre_bones.3125
item.large_zombie_monkey_bones.3186	MATERIAL_CONVERSION	material.bonemeal.large_zombie_monkey_bones.forward	Links bones with their directly ground bonemeal form; unrelated bone tiers are not granted.	item.large_zombie_monkey_bonemeal.4269
item.large_zombie_monkey_bonemeal.4269	MATERIAL_CONVERSION	material.bonemeal.large_zombie_monkey_bones.reverse	Links bones with their directly ground bonemeal form; unrelated bone tiers are not granted.	item.large_zombie_monkey_bones.3186
item.lava_dragon_bones.11943	MATERIAL_CONVERSION	material.bonemeal.lava_dragon_bones.forward	Links bones with their directly ground bonemeal form; unrelated bone tiers are not granted.	item.lava_dragon_bonemeal.11922
item.lava_dragon_bonemeal.11922	MATERIAL_CONVERSION	material.bonemeal.lava_dragon_bones.reverse	Links bones with their directly ground bonemeal form; unrelated bone tiers are not granted.	item.lava_dragon_bones.11943
item.medium_ninja_monkey_bones.3180	MATERIAL_CONVERSION	material.bonemeal.medium_ninja_monkey_bones.forward	Links bones with their directly ground bonemeal form; unrelated bone tiers are not granted.	item.medium_ninja_bonemeal.4264
item.medium_ninja_bonemeal.4264	MATERIAL_CONVERSION	material.bonemeal.medium_ninja_monkey_bones.reverse	Links bones with their directly ground bonemeal form; unrelated bone tiers are not granted.	item.medium_ninja_monkey_bones.3180
item.monkey_bones.3183	MATERIAL_CONVERSION	material.bonemeal.monkey_bones.forward	Links bones with their directly ground bonemeal form; unrelated bone tiers are not granted.	item.monkey_bonemeal.4267
item.monkey_bonemeal.4267	MATERIAL_CONVERSION	material.bonemeal.monkey_bones.reverse	Links bones with their directly ground bonemeal form; unrelated bone tiers are not granted.	item.monkey_bones.3183
item.ourg_bones.4834	MATERIAL_CONVERSION	material.bonemeal.ourg_bones.forward	Links bones with their directly ground bonemeal form; unrelated bone tiers are not granted.	item.ourg_bonemeal.4855
item.ourg_bonemeal.4855	MATERIAL_CONVERSION	material.bonemeal.ourg_bones.reverse	Links bones with their directly ground bonemeal form; unrelated bone tiers are not granted.	item.ourg_bones.4834
item.raurg_bones.4832	MATERIAL_CONVERSION	material.bonemeal.raurg_bones.forward	Links bones with their directly ground bonemeal form; unrelated bone tiers are not granted.	item.raurg_bonemeal.4854
item.raurg_bonemeal.4854	MATERIAL_CONVERSION	material.bonemeal.raurg_bones.reverse	Links bones with their directly ground bonemeal form; unrelated bone tiers are not granted.	item.raurg_bones.4832
item.shaikahan_bones.3123	MATERIAL_CONVERSION	material.bonemeal.shaikahan_bones.forward	Links bones with their directly ground bonemeal form; unrelated bone tiers are not granted.	item.shaikahan_bonemeal.5615
item.shaikahan_bonemeal.5615	MATERIAL_CONVERSION	material.bonemeal.shaikahan_bones.reverse	Links bones with their directly ground bonemeal form; unrelated bone tiers are not granted.	item.shaikahan_bones.3123
item.small_ninja_monkey_bones.3179	MATERIAL_CONVERSION	material.bonemeal.small_ninja_monkey_bones.forward	Links bones with their directly ground bonemeal form; unrelated bone tiers are not granted.	item.small_ninja_bonemeal.4263
item.small_ninja_bonemeal.4263	MATERIAL_CONVERSION	material.bonemeal.small_ninja_monkey_bones.reverse	Links bones with their directly ground bonemeal form; unrelated bone tiers are not granted.	item.small_ninja_monkey_bones.3179
item.small_zombie_monkey_bones.3185	MATERIAL_CONVERSION	material.bonemeal.small_zombie_monkey_bones.forward	Links bones with their directly ground bonemeal form; unrelated bone tiers are not granted.	item.small_zombie_monkey_bonemeal.4268
item.small_zombie_monkey_bonemeal.4268	MATERIAL_CONVERSION	material.bonemeal.small_zombie_monkey_bones.reverse	Links bones with their directly ground bonemeal form; unrelated bone tiers are not granted.	item.small_zombie_monkey_bones.3185
item.strykewyrm_bones.31726	MATERIAL_CONVERSION	material.bonemeal.strykewyrm_bones.forward	Links bones with their directly ground bonemeal form; unrelated bone tiers are not granted.	item.strykewyrm_bonemeal.31333
item.strykewyrm_bonemeal.31333	MATERIAL_CONVERSION	material.bonemeal.strykewyrm_bones.reverse	Links bones with their directly ground bonemeal form; unrelated bone tiers are not granted.	item.strykewyrm_bones.31726
item.superior_dragon_bones.22124	MATERIAL_CONVERSION	material.bonemeal.superior_dragon_bones.forward	Links bones with their directly ground bonemeal form; unrelated bone tiers are not granted.	item.superior_dragon_bonemeal.22116
item.superior_dragon_bonemeal.22116	MATERIAL_CONVERSION	material.bonemeal.superior_dragon_bones.reverse	Links bones with their directly ground bonemeal form; unrelated bone tiers are not granted.	item.superior_dragon_bones.22124
item.wolf_bones.2859	MATERIAL_CONVERSION	material.bonemeal.wolf_bones.forward	Links bones with their directly ground bonemeal form; unrelated bone tiers are not granted.	item.wolf_bonemeal.4262
item.wolf_bonemeal.4262	MATERIAL_CONVERSION	material.bonemeal.wolf_bones.reverse	Links bones with their directly ground bonemeal form; unrelated bone tiers are not granted.	item.wolf_bones.2859
item.wyrm_bones.22780	MATERIAL_CONVERSION	material.bonemeal.wyrm_bones.forward	Links bones with their directly ground bonemeal form; unrelated bone tiers are not granted.	item.wyrm_bonemeal.22754
item.wyrm_bonemeal.22754	MATERIAL_CONVERSION	material.bonemeal.wyrm_bones.reverse	Links bones with their directly ground bonemeal form; unrelated bone tiers are not granted.	item.wyrm_bones.22780
item.wyvern_bones.6812	MATERIAL_CONVERSION	material.bonemeal.wyvern_bones.forward	Links bones with their directly ground bonemeal form; unrelated bone tiers are not granted.	item.wyvern_bonemeal.6810
item.wyvern_bonemeal.6810	MATERIAL_CONVERSION	material.bonemeal.wyvern_bones.reverse	Links bones with their directly ground bonemeal form; unrelated bone tiers are not granted.	item.wyvern_bones.6812
item.zogre_bones.4812	MATERIAL_CONVERSION	material.bonemeal.zogre_bones.forward	Links bones with their directly ground bonemeal form; unrelated bone tiers are not granted.	item.zogre_bonemeal.4852
item.zogre_bonemeal.4852	MATERIAL_CONVERSION	material.bonemeal.zogre_bones.reverse	Links bones with their directly ground bonemeal form; unrelated bone tiers are not granted.	item.zogre_bones.4812
item.alan_s_bones.30973	MATERIAL_CONVERSION	material.bonemeal.alan_s_bones.forward	Links bones with their directly ground bonemeal form; unrelated bone tiers are not granted.	item.alan_s_bonemeal.30975
item.alan_s_bonemeal.30975	MATERIAL_CONVERSION	material.bonemeal.alan_s_bones.reverse	Links bones with their directly ground bonemeal form; unrelated bone tiers are not granted.	item.alan_s_bones.30973
item.air_talisman.1438	MATERIAL_CONVERSION	material.runecraft.air.forward	Links a Runecraft talisman with its corresponding tiara; runes and essence are not granted.	item.air_tiara.5527
item.air_tiara.5527	MATERIAL_CONVERSION	material.runecraft.air.reverse	Links a Runecraft talisman with its corresponding tiara; runes and essence are not granted.	item.air_talisman.1438
item.blood_talisman.1450	MATERIAL_CONVERSION	material.runecraft.blood.forward	Links a Runecraft talisman with its corresponding tiara; runes and essence are not granted.	item.blood_tiara.5549
item.blood_tiara.5549	MATERIAL_CONVERSION	material.runecraft.blood.reverse	Links a Runecraft talisman with its corresponding tiara; runes and essence are not granted.	item.blood_talisman.1450
item.body_talisman.1446	MATERIAL_CONVERSION	material.runecraft.body.forward	Links a Runecraft talisman with its corresponding tiara; runes and essence are not granted.	item.body_tiara.5533
item.body_tiara.5533	MATERIAL_CONVERSION	material.runecraft.body.reverse	Links a Runecraft talisman with its corresponding tiara; runes and essence are not granted.	item.body_talisman.1446
item.catalytic_talisman.26798	MATERIAL_CONVERSION	material.runecraft.catalytic.forward	Links a Runecraft talisman with its corresponding tiara; runes and essence are not granted.	item.catalytic_tiara.26801
item.catalytic_tiara.26801	MATERIAL_CONVERSION	material.runecraft.catalytic.reverse	Links a Runecraft talisman with its corresponding tiara; runes and essence are not granted.	item.catalytic_talisman.26798
item.chaos_talisman.1452	MATERIAL_CONVERSION	material.runecraft.chaos.forward	Links a Runecraft talisman with its corresponding tiara; runes and essence are not granted.	item.chaos_tiara.5543
item.chaos_tiara.5543	MATERIAL_CONVERSION	material.runecraft.chaos.reverse	Links a Runecraft talisman with its corresponding tiara; runes and essence are not granted.	item.chaos_talisman.1452
item.cosmic_talisman.1454	MATERIAL_CONVERSION	material.runecraft.cosmic.forward	Links a Runecraft talisman with its corresponding tiara; runes and essence are not granted.	item.cosmic_tiara.5539
item.cosmic_tiara.5539	MATERIAL_CONVERSION	material.runecraft.cosmic.reverse	Links a Runecraft talisman with its corresponding tiara; runes and essence are not granted.	item.cosmic_talisman.1454
item.death_talisman.1456	MATERIAL_CONVERSION	material.runecraft.death.forward	Links a Runecraft talisman with its corresponding tiara; runes and essence are not granted.	item.death_tiara.5547
item.death_tiara.5547	MATERIAL_CONVERSION	material.runecraft.death.reverse	Links a Runecraft talisman with its corresponding tiara; runes and essence are not granted.	item.death_talisman.1456
item.earth_talisman.1440	MATERIAL_CONVERSION	material.runecraft.earth.forward	Links a Runecraft talisman with its corresponding tiara; runes and essence are not granted.	item.earth_tiara.5535
item.earth_tiara.5535	MATERIAL_CONVERSION	material.runecraft.earth.reverse	Links a Runecraft talisman with its corresponding tiara; runes and essence are not granted.	item.earth_talisman.1440
item.elemental_talisman.5516	MATERIAL_CONVERSION	material.runecraft.elemental.forward	Links a Runecraft talisman with its corresponding tiara; runes and essence are not granted.	item.elemental_tiara.26804
item.elemental_tiara.26804	MATERIAL_CONVERSION	material.runecraft.elemental.reverse	Links a Runecraft talisman with its corresponding tiara; runes and essence are not granted.	item.elemental_talisman.5516
item.fire_talisman.1442	MATERIAL_CONVERSION	material.runecraft.fire.forward	Links a Runecraft talisman with its corresponding tiara; runes and essence are not granted.	item.fire_tiara.5537
item.fire_tiara.5537	MATERIAL_CONVERSION	material.runecraft.fire.reverse	Links a Runecraft talisman with its corresponding tiara; runes and essence are not granted.	item.fire_talisman.1442
item.law_talisman.1458	MATERIAL_CONVERSION	material.runecraft.law.forward	Links a Runecraft talisman with its corresponding tiara; runes and essence are not granted.	item.law_tiara.5545
item.law_tiara.5545	MATERIAL_CONVERSION	material.runecraft.law.reverse	Links a Runecraft talisman with its corresponding tiara; runes and essence are not granted.	item.law_talisman.1458
item.mind_talisman.1448	MATERIAL_CONVERSION	material.runecraft.mind.forward	Links a Runecraft talisman with its corresponding tiara; runes and essence are not granted.	item.mind_tiara.5529
item.mind_tiara.5529	MATERIAL_CONVERSION	material.runecraft.mind.reverse	Links a Runecraft talisman with its corresponding tiara; runes and essence are not granted.	item.mind_talisman.1448
item.nature_talisman.1462	MATERIAL_CONVERSION	material.runecraft.nature.forward	Links a Runecraft talisman with its corresponding tiara; runes and essence are not granted.	item.nature_tiara.5541
item.nature_tiara.5541	MATERIAL_CONVERSION	material.runecraft.nature.reverse	Links a Runecraft talisman with its corresponding tiara; runes and essence are not granted.	item.nature_talisman.1462
item.water_talisman.1444	MATERIAL_CONVERSION	material.runecraft.water.forward	Links a Runecraft talisman with its corresponding tiara; runes and essence are not granted.	item.water_tiara.5531
item.water_tiara.5531	MATERIAL_CONVERSION	material.runecraft.water.reverse	Links a Runecraft talisman with its corresponding tiara; runes and essence are not granted.	item.water_talisman.1444
item.wrath_talisman.22118	MATERIAL_CONVERSION	material.runecraft.wrath.forward	Links a Runecraft talisman with its corresponding tiara; runes and essence are not granted.	item.wrath_tiara.22121
item.wrath_tiara.22121	MATERIAL_CONVERSION	material.runecraft.wrath.reverse	Links a Runecraft talisman with its corresponding tiara; runes and essence are not granted.	item.wrath_talisman.22118
item.chocolate_bar.1973	MATERIAL_CONVERSION	material.processing.chocolate.forward	Links two direct processing states of the same material; tools, containers and unrelated ingredients are excluded.	item.chocolate_dust.1975
item.chocolate_dust.1975	MATERIAL_CONVERSION	material.processing.chocolate.reverse	Links two direct processing states of the same material; tools, containers and unrelated ingredients are excluded.	item.chocolate_bar.1973
item.unicorn_horn.237	MATERIAL_CONVERSION	material.processing.unicorn_horn.forward	Links two direct processing states of the same material; tools, containers and unrelated ingredients are excluded.	item.unicorn_horn_dust.235
item.unicorn_horn_dust.235	MATERIAL_CONVERSION	material.processing.unicorn_horn.reverse	Links two direct processing states of the same material; tools, containers and unrelated ingredients are excluded.	item.unicorn_horn.237
item.blue_dragon_scale.243	MATERIAL_CONVERSION	material.processing.dragon_scale.forward	Links two direct processing states of the same material; tools, containers and unrelated ingredients are excluded.	item.dragon_scale_dust.241
item.dragon_scale_dust.241	MATERIAL_CONVERSION	material.processing.dragon_scale.reverse	Links two direct processing states of the same material; tools, containers and unrelated ingredients are excluded.	item.blue_dragon_scale.243
item.desert_goat_horn.9735	MATERIAL_CONVERSION	material.processing.goat_horn.forward	Links two direct processing states of the same material; tools, containers and unrelated ingredients are excluded.	item.goat_horn_dust.9736
item.goat_horn_dust.9736	MATERIAL_CONVERSION	material.processing.goat_horn.reverse	Links two direct processing states of the same material; tools, containers and unrelated ingredients are excluded.	item.desert_goat_horn.9735
item.kebbit_teeth.10109	MATERIAL_CONVERSION	material.processing.kebbit_teeth.forward	Links two direct processing states of the same material; tools, containers and unrelated ingredients are excluded.	item.kebbit_teeth_dust.10111
item.kebbit_teeth_dust.10111	MATERIAL_CONVERSION	material.processing.kebbit_teeth.reverse	Links two direct processing states of the same material; tools, containers and unrelated ingredients are excluded.	item.kebbit_teeth.10109
item.bird_nest.5070	MATERIAL_CONVERSION	material.processing.bird_nest.forward	Links two direct processing states of the same material; tools, containers and unrelated ingredients are excluded.	item.crushed_nest.6693
item.crushed_nest.6693	MATERIAL_CONVERSION	material.processing.bird_nest.reverse	Links two direct processing states of the same material; tools, containers and unrelated ingredients are excluded.	item.bird_nest.5070
item.seaweed.401	MATERIAL_CONVERSION	material.processing.seaweed.forward	Links two direct processing states of the same material; tools, containers and unrelated ingredients are excluded.	item.soda_ash.1781
item.soda_ash.1781	MATERIAL_CONVERSION	material.processing.seaweed.reverse	Links two direct processing states of the same material; tools, containers and unrelated ingredients are excluded.	item.seaweed.401
item.opal_bolts_e.9236	MATERIAL_CONVERSION	material.ammunition.enchanted_bolt.opal	An enchanted bolt foil unlocks its directly preceding tipped bolt state; the stronger enchanted state is not granted in reverse.	item.opal_bolts.879
item.opal_dragon_bolts_e.21932	MATERIAL_CONVERSION	material.ammunition.enchanted_dragon_bolt.opal	An enchanted dragon-bolt foil unlocks its directly preceding tipped dragon-bolt state; the stronger enchanted state is not granted in reverse.	item.opal_dragon_bolts.21955
item.jade_bolts_e.9237	MATERIAL_CONVERSION	material.ammunition.enchanted_bolt.jade	An enchanted bolt foil unlocks its directly preceding tipped bolt state; the stronger enchanted state is not granted in reverse.	item.jade_bolts.9335
item.jade_dragon_bolts_e.21934	MATERIAL_CONVERSION	material.ammunition.enchanted_dragon_bolt.jade	An enchanted dragon-bolt foil unlocks its directly preceding tipped dragon-bolt state; the stronger enchanted state is not granted in reverse.	item.jade_dragon_bolts.21957
item.pearl_bolts_e.9238	MATERIAL_CONVERSION	material.ammunition.enchanted_bolt.pearl	An enchanted bolt foil unlocks its directly preceding tipped bolt state; the stronger enchanted state is not granted in reverse.	item.pearl_bolts.880
item.pearl_dragon_bolts_e.21936	MATERIAL_CONVERSION	material.ammunition.enchanted_dragon_bolt.pearl	An enchanted dragon-bolt foil unlocks its directly preceding tipped dragon-bolt state; the stronger enchanted state is not granted in reverse.	item.pearl_dragon_bolts.21959
item.topaz_bolts_e.9239	MATERIAL_CONVERSION	material.ammunition.enchanted_bolt.topaz	An enchanted bolt foil unlocks its directly preceding tipped bolt state; the stronger enchanted state is not granted in reverse.	item.topaz_bolts.9336
item.topaz_dragon_bolts_e.21938	MATERIAL_CONVERSION	material.ammunition.enchanted_dragon_bolt.topaz	An enchanted dragon-bolt foil unlocks its directly preceding tipped dragon-bolt state; the stronger enchanted state is not granted in reverse.	item.topaz_dragon_bolts.21961
item.sapphire_bolts_e.9240	MATERIAL_CONVERSION	material.ammunition.enchanted_bolt.sapphire	An enchanted bolt foil unlocks its directly preceding tipped bolt state; the stronger enchanted state is not granted in reverse.	item.sapphire_bolts.9337
item.sapphire_dragon_bolts_e.21940	MATERIAL_CONVERSION	material.ammunition.enchanted_dragon_bolt.sapphire	An enchanted dragon-bolt foil unlocks its directly preceding tipped dragon-bolt state; the stronger enchanted state is not granted in reverse.	item.sapphire_dragon_bolts.21963
item.emerald_bolts_e.9241	MATERIAL_CONVERSION	material.ammunition.enchanted_bolt.emerald	An enchanted bolt foil unlocks its directly preceding tipped bolt state; the stronger enchanted state is not granted in reverse.	item.emerald_bolts.9338
item.emerald_dragon_bolts_e.21942	MATERIAL_CONVERSION	material.ammunition.enchanted_dragon_bolt.emerald	An enchanted dragon-bolt foil unlocks its directly preceding tipped dragon-bolt state; the stronger enchanted state is not granted in reverse.	item.emerald_dragon_bolts.21965
item.ruby_bolts_e.9242	MATERIAL_CONVERSION	material.ammunition.enchanted_bolt.ruby	An enchanted bolt foil unlocks its directly preceding tipped bolt state; the stronger enchanted state is not granted in reverse.	item.ruby_bolts.9339
item.ruby_dragon_bolts_e.21944	MATERIAL_CONVERSION	material.ammunition.enchanted_dragon_bolt.ruby	An enchanted dragon-bolt foil unlocks its directly preceding tipped dragon-bolt state; the stronger enchanted state is not granted in reverse.	item.ruby_dragon_bolts.21967
item.diamond_bolts_e.9243	MATERIAL_CONVERSION	material.ammunition.enchanted_bolt.diamond	An enchanted bolt foil unlocks its directly preceding tipped bolt state; the stronger enchanted state is not granted in reverse.	item.diamond_bolts.9340
item.diamond_dragon_bolts_e.21946	MATERIAL_CONVERSION	material.ammunition.enchanted_dragon_bolt.diamond	An enchanted dragon-bolt foil unlocks its directly preceding tipped dragon-bolt state; the stronger enchanted state is not granted in reverse.	item.diamond_dragon_bolts.21969
item.dragonstone_bolts_e.9244	MATERIAL_CONVERSION	material.ammunition.enchanted_bolt.dragonstone	An enchanted bolt foil unlocks its directly preceding tipped bolt state; the stronger enchanted state is not granted in reverse.	item.dragonstone_bolts.9341
item.dragonstone_dragon_bolts_e.21948	MATERIAL_CONVERSION	material.ammunition.enchanted_dragon_bolt.dragonstone	An enchanted dragon-bolt foil unlocks its directly preceding tipped dragon-bolt state; the stronger enchanted state is not granted in reverse.	item.dragonstone_dragon_bolts.21971
item.onyx_bolts_e.9245	MATERIAL_CONVERSION	material.ammunition.enchanted_bolt.onyx	An enchanted bolt foil unlocks its directly preceding tipped bolt state; the stronger enchanted state is not granted in reverse.	item.onyx_bolts.9342
item.onyx_dragon_bolts_e.21950	MATERIAL_CONVERSION	material.ammunition.enchanted_dragon_bolt.onyx	An enchanted dragon-bolt foil unlocks its directly preceding tipped dragon-bolt state; the stronger enchanted state is not granted in reverse.	item.onyx_dragon_bolts.21973
item.feather_pack.11881	PACKAGE_CONTENTS	package.fixed.feather	Unlocks the single canonical item contained by this deterministic merchant pack; random-output containers remain excluded.	item.feather.314
item.sandworms_pack.13432	PACKAGE_CONTENTS	package.fixed.sandworms	Unlocks the single canonical item contained by this deterministic merchant pack; random-output containers remain excluded.	item.sandworms.13431
item.soft_clay_pack.12009	PACKAGE_CONTENTS	package.fixed.soft_clay	Unlocks the single canonical item contained by this deterministic merchant pack; random-output containers remain excluded.	item.soft_clay.1761
item.amulet-of-magic	MATERIAL_CONVERSION	material.jewellery.amulet_of_magic	An enchanted jewellery foil unlocks its exact unenchanted precursor; the stronger enchanted item is not granted in reverse.	item.sapphire_amulet.1694
item.bracelet_of_clay.11074	MATERIAL_CONVERSION	material.jewellery.bracelet_of_clay	An enchanted jewellery foil unlocks its exact unenchanted precursor; the stronger enchanted item is not granted in reverse.	item.sapphire_bracelet.11071
item.games_necklace.3867	MATERIAL_CONVERSION	material.jewellery.games_necklace	An enchanted jewellery foil unlocks its exact unenchanted precursor; the stronger enchanted item is not granted in reverse.	item.sapphire-necklace
item.ring_of_recoil.2550	MATERIAL_CONVERSION	material.jewellery.ring_of_recoil	An enchanted jewellery foil unlocks its exact unenchanted precursor; the stronger enchanted item is not granted in reverse.	item.sapphire-ring
item.amulet-of-defence	MATERIAL_CONVERSION	material.jewellery.amulet_of_defence	An enchanted jewellery foil unlocks its exact unenchanted precursor; the stronger enchanted item is not granted in reverse.	item.emerald_amulet.1696
item.castle_wars_bracelet_3.11079	MATERIAL_CONVERSION	material.jewellery.castle_wars_bracelet	An enchanted jewellery foil unlocks its exact unenchanted precursor; the stronger enchanted item is not granted in reverse.	item.emerald_bracelet.11076
item.binding_necklace.5521	MATERIAL_CONVERSION	material.jewellery.binding_necklace	An enchanted jewellery foil unlocks its exact unenchanted precursor; the stronger enchanted item is not granted in reverse.	item.emerald-necklace
item.ring_of_dueling.2566	MATERIAL_CONVERSION	material.jewellery.ring_of_dueling	An enchanted jewellery foil unlocks its exact unenchanted precursor; the stronger enchanted item is not granted in reverse.	item.emerald-ring
item.amulet-of-strength	MATERIAL_CONVERSION	material.jewellery.amulet_of_strength	An enchanted jewellery foil unlocks its exact unenchanted precursor; the stronger enchanted item is not granted in reverse.	item.ruby_amulet.1698
item.inoculation_bracelet.11088	MATERIAL_CONVERSION	material.jewellery.inoculation_bracelet	An enchanted jewellery foil unlocks its exact unenchanted precursor; the stronger enchanted item is not granted in reverse.	item.ruby_bracelet.11085
item.digsite_pendant.11190	MATERIAL_CONVERSION	material.jewellery.digsite_pendant	An enchanted jewellery foil unlocks its exact unenchanted precursor; the stronger enchanted item is not granted in reverse.	item.ruby-necklace
item.ring_of_forging.2568	MATERIAL_CONVERSION	material.jewellery.ring_of_forging	An enchanted jewellery foil unlocks its exact unenchanted precursor; the stronger enchanted item is not granted in reverse.	item.ruby-ring
item.amulet_of_power.1731	MATERIAL_CONVERSION	material.jewellery.amulet_of_power	An enchanted jewellery foil unlocks its exact unenchanted precursor; the stronger enchanted item is not granted in reverse.	item.diamond_amulet.1700
item.abyssal_bracelet_5.11095	MATERIAL_CONVERSION	material.jewellery.abyssal_bracelet	An enchanted jewellery foil unlocks its exact unenchanted precursor; the stronger enchanted item is not granted in reverse.	item.diamond_bracelet.11092
item.phoenix_necklace.11090	MATERIAL_CONVERSION	material.jewellery.phoenix_necklace	An enchanted jewellery foil unlocks its exact unenchanted precursor; the stronger enchanted item is not granted in reverse.	item.diamond-necklace
item.ring_of_life.2570	MATERIAL_CONVERSION	material.jewellery.ring_of_life	An enchanted jewellery foil unlocks its exact unenchanted precursor; the stronger enchanted item is not granted in reverse.	item.diamond-ring
item.amulet_of_glory.1704	MATERIAL_CONVERSION	material.jewellery.amulet_of_glory	An enchanted jewellery foil unlocks its exact unenchanted precursor; the stronger enchanted item is not granted in reverse.	item.dragonstone_amulet.1702
item.combat_bracelet.11126	MATERIAL_CONVERSION	material.jewellery.combat_bracelet	An enchanted jewellery foil unlocks its exact unenchanted precursor; the stronger enchanted item is not granted in reverse.	item.dragonstone_bracelet.11115
item.skills_necklace.11113	MATERIAL_CONVERSION	material.jewellery.skills_necklace	An enchanted jewellery foil unlocks its exact unenchanted precursor; the stronger enchanted item is not granted in reverse.	item.dragon_necklace.1664
item.ring_of_wealth.2572	MATERIAL_CONVERSION	material.jewellery.ring_of_wealth	An enchanted jewellery foil unlocks its exact unenchanted precursor; the stronger enchanted item is not granted in reverse.	item.dragonstone_ring.1645
item.amulet_of_fury.6585	MATERIAL_CONVERSION	material.jewellery.amulet_of_fury	An enchanted jewellery foil unlocks its exact unenchanted precursor; the stronger enchanted item is not granted in reverse.	item.onyx_amulet.6581
item.regen_bracelet.11133	MATERIAL_CONVERSION	material.jewellery.regen_bracelet	An enchanted jewellery foil unlocks its exact unenchanted precursor; the stronger enchanted item is not granted in reverse.	item.onyx_bracelet.11130
item.berserker_necklace.11128	MATERIAL_CONVERSION	material.jewellery.berserker_necklace	An enchanted jewellery foil unlocks its exact unenchanted precursor; the stronger enchanted item is not granted in reverse.	item.onyx_necklace.6577
item.ring_of_stone.6583	MATERIAL_CONVERSION	material.jewellery.ring_of_stone	An enchanted jewellery foil unlocks its exact unenchanted precursor; the stronger enchanted item is not granted in reverse.	item.onyx_ring.6575
item.amulet_of_torture.19553	MATERIAL_CONVERSION	material.jewellery.amulet_of_torture	An enchanted jewellery foil unlocks its exact unenchanted precursor; the stronger enchanted item is not granted in reverse.	item.zenyte_amulet.19541
item.tormented_bracelet.19544	MATERIAL_CONVERSION	material.jewellery.tormented_bracelet	An enchanted jewellery foil unlocks its exact unenchanted precursor; the stronger enchanted item is not granted in reverse.	item.zenyte_bracelet.19492
item.necklace_of_anguish.19547	MATERIAL_CONVERSION	material.jewellery.necklace_of_anguish	An enchanted jewellery foil unlocks its exact unenchanted precursor; the stronger enchanted item is not granted in reverse.	item.zenyte_necklace.19535
item.ring_of_suffering.19550	MATERIAL_CONVERSION	material.jewellery.ring_of_suffering	An enchanted jewellery foil unlocks its exact unenchanted precursor; the stronger enchanted item is not granted in reverse.	item.zenyte_ring.19538
item.amulet_of_bounty.21160	MATERIAL_CONVERSION	material.jewellery.amulet_of_bounty	An enchanted jewellery foil unlocks its exact unenchanted precursor; the stronger enchanted item is not granted in reverse.	item.opal_amulet.21108
item.expeditious_bracelet.21177	MATERIAL_CONVERSION	material.jewellery.expeditious_bracelet	An enchanted jewellery foil unlocks its exact unenchanted precursor; the stronger enchanted item is not granted in reverse.	item.opal_bracelet.21117
item.dodgy_necklace.21143	MATERIAL_CONVERSION	material.jewellery.dodgy_necklace	An enchanted jewellery foil unlocks its exact unenchanted precursor; the stronger enchanted item is not granted in reverse.	item.opal_necklace.21090
item.ring_of_pursuit.21126	MATERIAL_CONVERSION	material.jewellery.ring_of_pursuit	An enchanted jewellery foil unlocks its exact unenchanted precursor; the stronger enchanted item is not granted in reverse.	item.opal_ring.21081
item.amulet_of_chemistry.21163	MATERIAL_CONVERSION	material.jewellery.amulet_of_chemistry	An enchanted jewellery foil unlocks its exact unenchanted precursor; the stronger enchanted item is not granted in reverse.	item.jade_amulet.21111
item.flamtaer_bracelet.21180	MATERIAL_CONVERSION	material.jewellery.flamtaer_bracelet	An enchanted jewellery foil unlocks its exact unenchanted precursor; the stronger enchanted item is not granted in reverse.	item.jade_bracelet.21120
item.necklace_of_passage_5.21146	MATERIAL_CONVERSION	material.jewellery.necklace_of_passage	An enchanted jewellery foil unlocks its exact unenchanted precursor; the stronger enchanted item is not granted in reverse.	item.jade_necklace.21093
item.ring_of_returning.21138	MATERIAL_CONVERSION	material.jewellery.ring_of_returning	An enchanted jewellery foil unlocks its exact unenchanted precursor; the stronger enchanted item is not granted in reverse.	item.jade_ring.21084
item.burning_amulet.21175	MATERIAL_CONVERSION	material.jewellery.burning_amulet	An enchanted jewellery foil unlocks its exact unenchanted precursor; the stronger enchanted item is not granted in reverse.	item.topaz_amulet.21114
item.bracelet_of_slaughter.21183	MATERIAL_CONVERSION	material.jewellery.bracelet_of_slaughter	An enchanted jewellery foil unlocks its exact unenchanted precursor; the stronger enchanted item is not granted in reverse.	item.topaz_bracelet.21123
item.necklace_of_faith.21157	MATERIAL_CONVERSION	material.jewellery.necklace_of_faith	An enchanted jewellery foil unlocks its exact unenchanted precursor; the stronger enchanted item is not granted in reverse.	item.topaz_necklace.21096
item.slayer_ring.11873	MATERIAL_CONVERSION	material.jewellery.slayer_ring	An enchanted jewellery foil unlocks its exact unenchanted precursor; the stronger enchanted item is not granted in reverse.	item.topaz_ring.21087
item.godsword_blade.11798	RECIPE_COMPONENTS	recipe.completion.godsword_blade	Unlocks the distinct direct components used to assemble Godsword blade; quantities, generic tools and unrelated upgrades are excluded.	item.godsword_shard_1.11818|item.godsword_shard_2.11820|item.godsword_shard_3.11822
item.armadyl_godsword.11802	RECIPE_COMPONENTS	recipe.completion.armadyl_godsword	Unlocks the distinct direct components used to assemble Armadyl godsword; quantities, generic tools and unrelated upgrades are excluded.	item.godsword_blade.11798|item.armadyl_hilt.11810
item.bandos_godsword.11804	RECIPE_COMPONENTS	recipe.completion.bandos_godsword	Unlocks the distinct direct components used to assemble Bandos godsword; quantities, generic tools and unrelated upgrades are excluded.	item.godsword_blade.11798|item.bandos_hilt.11812
item.saradomin_godsword.11806	RECIPE_COMPONENTS	recipe.completion.saradomin_godsword	Unlocks the distinct direct components used to assemble Saradomin godsword; quantities, generic tools and unrelated upgrades are excluded.	item.godsword_blade.11798|item.saradomin_hilt.11814
item.zamorak_godsword.11808	RECIPE_COMPONENTS	recipe.completion.zamorak_godsword	Unlocks the distinct direct components used to assemble Zamorak godsword; quantities, generic tools and unrelated upgrades are excluded.	item.godsword_blade.11798|item.zamorak_hilt.11816
item.ancient_godsword.26233	RECIPE_COMPONENTS	recipe.completion.ancient_godsword	Unlocks the distinct direct components used to assemble Ancient godsword; quantities, generic tools and unrelated upgrades are excluded.	item.godsword_blade.11798|item.ancient_hilt.26370
item.voidwaker.27690	RECIPE_COMPONENTS	recipe.completion.voidwaker	Unlocks the distinct direct components used to assemble Voidwaker; quantities, generic tools and unrelated upgrades are excluded.	item.voidwaker_blade.27684|item.voidwaker_hilt.27681|item.voidwaker_gem.27687
item.odium_ward.11926	RECIPE_COMPONENTS	recipe.completion.odium_ward	Unlocks the distinct direct components used to assemble Odium ward; quantities, generic tools and unrelated upgrades are excluded.	item.odium_shard_1.11928|item.odium_shard_2.11929|item.odium_shard_3.11930
item.malediction_ward.11924	RECIPE_COMPONENTS	recipe.completion.malediction_ward	Unlocks the distinct direct components used to assemble Malediction ward; quantities, generic tools and unrelated upgrades are excluded.	item.malediction_shard_1.11931|item.malediction_shard_2.11932|item.malediction_shard_3.11933
item.dragon_sq_shield.1187	RECIPE_COMPONENTS	recipe.completion.dragon_sq_shield	Unlocks the distinct direct components used to assemble Dragon sq shield; quantities, generic tools and unrelated upgrades are excluded.	item.shield_left_half.2366|item.shield_right_half.2368
item.crystal_key.989	RECIPE_COMPONENTS	recipe.completion.crystal_key	Unlocks the distinct direct components used to assemble Crystal key; quantities, generic tools and unrelated upgrades are excluded.	item.tooth_half_of_key.985|item.loop_half_of_key.987
item.light_ballista.19478	RECIPE_COMPONENTS	recipe.completion.light_ballista	Unlocks the distinct direct components used to assemble Light ballista; quantities, generic tools and unrelated upgrades are excluded.	item.light_frame.19586|item.ballista_limbs.19592|item.ballista_spring.19601|item.monkey_tail.19610
item.heavy_ballista.19481	RECIPE_COMPONENTS	recipe.completion.heavy_ballista	Unlocks the distinct direct components used to assemble Heavy ballista; quantities, generic tools and unrelated upgrades are excluded.	item.heavy_frame.19589|item.ballista_limbs.19592|item.ballista_spring.19601|item.monkey_tail.19610
item.holy_book.3840	RECIPE_COMPONENTS	recipe.completion.holy_book	Unlocks the distinct direct components used to assemble Holy book; quantities, generic tools and unrelated upgrades are excluded.	item.saradomin_page_1.3827|item.saradomin_page_2.3828|item.saradomin_page_3.3829|item.saradomin_page_4.3830
item.unholy_book.3842	RECIPE_COMPONENTS	recipe.completion.unholy_book	Unlocks the distinct direct components used to assemble Unholy book; quantities, generic tools and unrelated upgrades are excluded.	item.zamorak_page_1.3831|item.zamorak_page_2.3832|item.zamorak_page_3.3833|item.zamorak_page_4.3834
item.book_of_balance.3844	RECIPE_COMPONENTS	recipe.completion.book_of_balance	Unlocks the distinct direct components used to assemble Book of balance; quantities, generic tools and unrelated upgrades are excluded.	item.guthix_page_1.3835|item.guthix_page_2.3836|item.guthix_page_3.3837|item.guthix_page_4.3838
item.book_of_war.12608	RECIPE_COMPONENTS	recipe.completion.book_of_war	Unlocks the distinct direct components used to assemble Book of war; quantities, generic tools and unrelated upgrades are excluded.	item.bandos_page_1.12613|item.bandos_page_2.12614|item.bandos_page_3.12615|item.bandos_page_4.12616
item.book_of_law.12610	RECIPE_COMPONENTS	recipe.completion.book_of_law	Unlocks the distinct direct components used to assemble Book of law; quantities, generic tools and unrelated upgrades are excluded.	item.armadyl_page_1.12617|item.armadyl_page_2.12618|item.armadyl_page_3.12619|item.armadyl_page_4.12620
item.book_of_darkness.12612	RECIPE_COMPONENTS	recipe.completion.book_of_darkness	Unlocks the distinct direct components used to assemble Book of darkness; quantities, generic tools and unrelated upgrades are excluded.	item.ancient_page_1.12621|item.ancient_page_2.12622|item.ancient_page_3.12623|item.ancient_page_4.12624
item.coconut.5974	MATERIAL_CONVERSION	material.processing.coconut.forward	Links coconut with its directly extracted coconut-milk state; tools and containers are not granted.	item.coconut_milk.5935
item.coconut_milk.5935	MATERIAL_CONVERSION	material.processing.coconut.reverse	Links coconut with its directly extracted coconut-milk state; tools and containers are not granted.	item.coconut.5974
