card_id	value
item.10th_squad_sigil.4035	Drop|Wear
item.3rd_age_amulet.10344	Drop|Wear
item.3rd_age_axe.20011	Drop|Wield
item.3rd_age_bow.12424	Drop|Wield
item.3rd_age_cloak.12437	Drop|Wear
item.3rd_age_druidic_cloak.23345	Drop|Wear
item.3rd_age_druidic_robe_bottoms.23339	Drop|Wear
item.3rd_age_druidic_robe_top.23336	Drop|Wear
item.3rd_age_druidic_staff.23342	Drop|Wield
item.3rd_age_felling_axe.28226	Drop|Wield
item.3rd_age_full_helmet.10350	Drop|Wear
item.3rd_age_kiteshield.10352	Drop|Wield
item.3rd_age_longsword.12426	Drop|Wield
item.3rd_age_mage_hat.10342	Drop|Wear
item.3rd_age_pickaxe.20014	Drop|Wield
item.3rd_age_platebody.10348	Drop|Wear
item.3rd_age_platelegs.10346	Drop|Wear
item.3rd_age_plateskirt.23242	Drop|Wear
item.3rd_age_range_coif.10334	Drop|Wear
item.3rd_age_range_legs.10332	Drop|Wear
item.3rd_age_range_top.10330	Drop|Wear
item.3rd_age_robe.10340	Drop|Wear
item.3rd_age_robe_top.10338	Drop|Wear
item.3rd_age_vambraces.10336	Drop|Wear
item.3rd_age_wand.12422	Drop|Wield
item.a_jester_stick.10840	Drop|Wield
item.a_powdered_wig.10392	Drop|Wear
item.abyssal_ashes.25775	Drop|Scatter
item.abyssal_bludgeon.13263	Drop|Wield
item.abyssal_bracelet_5.11095	Drop|Wear
item.abyssal_dagger.13265	Drop|Wield
item.abyssal_dagger_bh.27861	Dismantle|Drop|Wield
item.abyssal_lantern.26822	Drop|Wield|Destroy|Extinguish|Inspect
item.abyssal_needle.26813	Drop|Inspect
item.abyssal_tentacle.12006	Check|Dissolve|Drop|Wield
item.abyssal_whip.4151	Drop|Wield
item.acatzin_s_axe.30989	Destroy|Inspect|Wield
item.accordion.31365	Destroy|Drop|Play
item.accumulation_charm.30682	Drop|Inspect
item.accumulator_max_cape.13337	Commune|Drop|Wear
item.accumulator_max_hood.13338	Drop|Wear
item.accursed_sceptre.27665	Check|Drop|Swap|Uncharge|Wield
item.accursed_sceptre_a.27679	Check|Drop|Swap|Uncharge|Wield
item.accursed_sceptre_au.27676	Dismantle|Drop|Swap|Wield
item.accursed_sceptre_u.27662	Dismantle|Drop|Swap|Wield
item.achey_tree_logs.2862	Drop
item.achievement_diary_cape.19476	Drop|Teleport|Trim|Wear
item.achievement_diary_hood.13070	Drop|Wear
item.acorn.5312	Drop
item.adamant-full-helm	Drop|Wear
item.adamant-kiteshield	Drop|Wear
item.adamant-platebody	Drop|Wear
item.adamant_arrowtips.43	Drop
item.adamant_axe.1357	Drop|Wield
item.adamant_battleaxe.1371	Drop|Wield
item.adamant_bolts.9143	Drop|Wield
item.adamant_bolts_unf.9380	Drop
item.adamant_boots.4129	Drop|Wear
item.adamant_brutal.4798	Drop|Wield
item.adamant_cane.12377	Drop|Wield
item.adamant_cannonball.31912	Drop
item.adamant_chainshot_cannonball.31926	Drop
item.adamant_claws.3100	Drop|Wear
item.adamant_crossbow.9183	Drop|Wield
item.adamant_crossbow_u.9463	Drop
item.adamant_dart.810	Drop|Wield
item.adamant_dart_tip.823	Drop
item.adamant_defender.8849	Drop|Wield
item.adamant_dragon_mask.23270	Drop|Wear
item.adamant_felling_axe.28211	Drop|Wield
item.adamant_fire_arrow.2538	Drop|Wield
item.adamant_gloves.7459	Drop|Wear
item.adamant_gold_trimmed_set_lg.13020	Drop
item.adamant_gold_trimmed_set_sk.13022	Drop
item.adamant_halberd.3200	Drop|Wield
item.adamant_hasta.11375	Drop|Wield
item.adamant_heraldic_helm.22159	Drop|Wear
item.adamant_incendiary_cannonball.31940	Drop
item.adamant_javelin.829	Drop|Wield
item.adamant_javelin_tips.19578	Drop
item.adamant_keel_parts.32011	Drop
item.adamant_knife.867	Drop|Wield
item.adamant_med_helm.1145	Drop|Wear
item.adamant_pickaxe.1271	Drop|Wield
item.adamant_plateskirt.1091	Drop|Wear
item.adamant_seeds.29458	Drop|Plant
item.adamant_set_lg.13012	Drop
item.adamant_set_sk.13014	Drop
item.adamant_spear.1245	Drop|Wield
item.adamant_staff_of_collection.30607	Create-book|Drop|Wield
item.adamant_thrownaxe.804	Drop|Wield
item.adamant_trimmed_set_lg.13016	Drop
item.adamant_trimmed_set_sk.13018	Drop
item.adamant_warhammer.1345	Drop|Wield
item.adamantite_limbs.9429	Drop
item.adamantite_nails.4823	Drop
item.adamantite_ore_fragment.21537	Drop
item.admiral_pie.7198	Drop|Eat
item.adventurer_s_boots_t1.27394	Drop|Wear
item.adventurer_s_boots_t2.27402	Drop|Wear
item.adventurer_s_boots_t3.27410	Drop|Wear
item.adventurer_s_cape.27442	Drop|Wear
item.adventurer_s_hood_t1.27392	Drop|Wear
item.adventurer_s_hood_t2.27400	Drop|Wear
item.adventurer_s_hood_t3.27408	Drop|Wear
item.adventurer_s_top_t1.27388	Drop|Wear
item.adventurer_s_top_t2.27396	Drop|Wear
item.adventurer_s_top_t3.27404	Drop|Wear
item.adventurer_s_trousers_t1.27390	Drop|Wear
item.adventurer_s_trousers_t2.27398	Drop|Wear
item.adventurer_s_trousers_t3.27406	Drop|Wear
item.adventurer_s_vambraces.27412	Drop|Wear
item.aether_catalyst.30771	Drop
item.aether_rune.30843	Drop
item.afro.12430	Drop|Wear
item.agility_cape.9771	Drop|Stamina Boost|Wear
item.agility_hood.9773	Drop|Wear
item.ahrim_s_armour_set.12881	Drop
item.ahrim_s_hood.4708	Check|Drop|Wear|Detach
item.ahrim_s_robeskirt.4714	Check|Drop|Wear|Detach
item.ahrim_s_robetop.4712	Check|Drop|Wear|Detach
item.ahrim_s_staff.4710	Check|Drop|Wield|Detach
item.air_battlestaff.1397	Drop|Wield
item.air_orb.573	Drop
item.air_talisman.1438	Drop|Locate
item.air_tiara.5527	Drop|Wear
item.airtight_pot.4436	Drop|Open
item.alan_s_blessed_bones.31075	Break-down|Drop
item.alan_s_bonemeal.30975	Drop|Empty
item.alan_s_bones.30973	Bury|Drop
item.albatross_feather.32826	Destroy
item.alchemist_gloves.29986	Drop|Wear
item.alchemist_labcoat.29978	Change|Drop|Wear
item.alchemist_pants.29982	Change|Drop|Wear
item.alchemist_s_amulet.29988	Charge|Check|Drop|Uncharge|Wear
item.aldarin_teleport.30149	Break|Drop|Revert
item.aldarium.29993	Drop
item.ale_of_the_gods.20056	Drop|Wield
item.ale_yeast.5767	Drop
item.amethyst.21347	Drop
item.amethyst_arrow.21326	Drop|Wield
item.amethyst_arrowtips.21350	Drop
item.amethyst_bolt_tips.21338	Drop
item.amethyst_broad_bolts.21316	Drop|Wield
item.amethyst_dart.25849	Drop|Wield
item.amethyst_dart_tip.25853	Drop
item.amethyst_fire_arrow.21328	Drop|Wield
item.amethyst_javelin.21318	Drop|Wield
item.amethyst_javelin_tips.21352	Drop
item.ammo_mould.4	Drop
item.amulet_mould.1595	Drop
item.amulet_of_avarice.22557	Drop|Wear
item.amulet_of_blood_fury.24780	Check|Drop|Revert|Wear
item.amulet_of_bounty.21160	Break|Check|Drop|Wear
item.amulet_of_chemistry.21163	Break|Drop|Options|Wear
item.amulet_of_eternal_glory.19707	Drop|Rub|Wear
item.amulet_of_fury.6585	Drop|Wear
item.amulet_of_glory.1704	Drop|Rub|Wear
item.amulet_of_nature.6040	Drop|Rub|Wear
item.amulet_of_power.1731	Drop|Wear
item.amulet_of_rancour.29801	Drop|Wear
item.amulet_of_rancour_s.29804	Drop|Revert|Wear
item.amulet_of_the_damned.12853	Check|Destroy|Drop|Wear
item.amulet_of_the_eye.26914	Destroy|Drop|Revert|Teleport|Wear
item.amulet_of_torture.19553	Drop|Wear
item.amy_s_saw.24880	Drop|Swap|Wield
item.amy_s_saw_off_hand.29774	Drop|Swap|Wield
item.amylase_crystal.12640	Drop
item.ana_in_a_barrel.1842	Drop|Look
item.ancestral_hat.21018	Drop|Wear
item.ancestral_robe_bottom.21024	Drop|Wear
item.ancestral_robe_top.21021	Drop|Wear
item.ancestral_robes_set.21049	Drop
item.anchovy_oil.11264	Drop|Empty
item.anchovy_pizza.2297	Drop|Eat
item.ancient_blessing.20235	Drop|Equip
item.ancient_bracers.12490	Drop|Wear
item.ancient_ceremonial_boots.26229	Drop|Wear
item.ancient_ceremonial_gloves.26227	Drop|Wear
item.ancient_ceremonial_legs.26223	Drop|Wear
item.ancient_ceremonial_mask.26225	Drop|Wear
item.ancient_ceremonial_top.26221	Drop|Wear
item.ancient_chaps.12494	Drop|Wear
item.ancient_cloak.12197	Drop|Wear
item.ancient_coif.12496	Drop|Wear
item.ancient_crozier.12199	Drop|Wield
item.ancient_crystal.21804	Drop
item.ancient_d_hide_body.12492	Drop|Wear
item.ancient_d_hide_boots.19921	Drop|Wear
item.ancient_d_hide_shield.23197	Drop|Wield
item.ancient_dragonhide_set.13171	Drop
item.ancient_effigy.22302	Drop
item.ancient_emblem.21807	Drop
item.ancient_essence.27616	Drop
item.ancient_full_helm.12466	Drop|Wear
item.ancient_godsword.26233	Dismantle|Drop|Wield
item.ancient_halo.24201	Drop|Wear
item.ancient_hilt.26370	Drop
item.ancient_kiteshield.12468	Drop|Wear
item.ancient_lamp.28409	Destroy|Rub
item.ancient_mace.11061	Drop|Wield
item.ancient_magicks_tablet.20430	Break|Drop
item.ancient_medallion.22299	Drop
item.ancient_mitre.12203	Drop|Wear
item.ancient_page_1.12621	Drop
item.ancient_page_2.12622	Drop
item.ancient_page_3.12623	Drop
item.ancient_page_4.12624	Drop
item.ancient_platebody.12460	Drop|Wear
item.ancient_platelegs.12462	Drop|Wear
item.ancient_plateskirt.12464	Drop|Wear
item.ancient_relic.22305	Drop
item.ancient_robe_legs.12195	Drop|Wear
item.ancient_robe_top.12193	Drop|Wear
item.ancient_rune_armour_set_lg.13060	Drop
item.ancient_rune_armour_set_sk.13062	Drop
item.ancient_sceptre.27624	Drop|Wield
item.ancient_staff.4675	Drop|Wield
item.ancient_statuette.21813	Drop
item.ancient_stole.12201	Drop|Wear
item.ancient_totem.21810	Drop
item.ancient_wyvern_shield.21633	Drop|Empty|Inspect|Wield
item.anger_battleaxe.7807	Drop|Wield
item.anger_mace.7808	Drop|Wield
item.anger_spear.7809	Drop|Wield
item.anger_sword.7806	Drop|Wield
item.angler_boots.13261	Drop|Wear
item.angler_hat.13258	Drop|Wear
item.angler_s_paint.32096	Drop
item.angler_top.13259	Drop|Wear
item.angler_waders.13260	Drop|Wear
item.anglerfish.13441	Drop|Eat
item.anguish_ornament_kit.22246	Drop
item.anima_infused_bark.28134	Drop
item.animals_bones.6904	Drop
item.ankou_gloves.20101	Drop|Wear
item.ankou_mask.20095	Drop|Wear
item.ankou_s_leggings.20104	Drop|Wear
item.ankou_socks.20107	Drop|Wear
item.ankou_top.20098	Drop|Wear
item.annakarl_teleport.12775	Break|Configure|Drop
item.anti_dragon_shield.1540	Drop|Wear
item.anti_odour_salt.31712	Drop
item.anti_venom_4.12905	Drink|Drop|Empty
item.anti_venom_4.12913	Drink|Drop|Empty
item.antidote_4.5943	Drink|Drop|Empty
item.antidote_4.5952	Drink|Drop|Empty
item.antidote_unf.5942	Drop|Empty
item.antidote_unf.5951	Drop|Empty
item.antique_lamp.4447	Destroy|Drop|Rub
item.antler_guard.31081	Drop|Wield
item.ape_atoll_teleport.19631	Break|Drop
item.apple_barrel.6094	Drop
item.apple_mush.5992	Drop|Empty
item.apple_pie.2323	Drop|Eat
item.apple_sapling.5496	Drop
item.apple_seedling.5480	Drop
item.apple_seedling_w.5488	Drop
item.apple_tree_seed.5283	Drop
item.apples_1.5378	Drop|Empty|Fill|Remove-one
item.apprentice_wand.6910	Drop|Wield
item.aquanite_hopper.32879	Drop|Wield
item.aquanite_tendon.32876	Drop|Inspect
item.aranea_boots.29806	Drop|Wear
item.araxyte_slayer_helmet.29816	Check|Disassemble|Drop|Wear
item.araxyte_slayer_helmet_i.29818	Check|Disassemble|Drop|Wear
item.araxyte_venom_sac.29784	Drop|Eat
item.arcane_prayer_scroll.21079	Drop|Read
item.arcane_sigil.12827	Drop
item.arcane_spirit_shield.12825	Drop|Wield
item.arceuus_banner.20251	Drop|Wield
item.arceuus_hood.20113	Drop|Wear
item.arceuus_library_teleport.19613	Break|Drop
item.arceuus_scarf.19943	Drop|Wear
item.archer_helm.3749	Drop|Wear
item.archer_icon.28298	Drop|Inspect
item.archers_ring.6733	Drop|Wear
item.archers_ring_i.11771	Drop|Uncharge|Wear
item.archery_ticket.1464	Drop
item.arclight.19675	Check|Drop|Wield
item.arctic_pine_logs.10810	Drop
item.arctic_pyre_logs.10808	Drop
item.ardougne_cloak_1.13121	Drop|Monastery Teleport|Wear
item.ardougne_cloak_2.13122	Drop|Farm Teleport|Monastery Teleport|Wear
item.ardougne_cloak_3.13123	Drop|Farm Teleport|Monastery Teleport|Wear
item.ardougne_cloak_4.13124	Drop|Farm Teleport|Monastery Teleport|Wear
item.ardougne_knight_helm.23785	Drop|Wear
item.ardougne_knight_platebody.23787	Drop|Wear
item.ardougne_knight_platelegs.23789	Drop|Wear
item.ardougne_max_cape.20760	Drop|Farm Teleport|Monastery Teleport|Wear
item.ardougne_max_hood.20764	Drop|Wear
item.ardougne_teleport.8011	Break|Drop
item.arena_book.6891	Destroy|Drop|Read
item.arkan_blade.30955	Drop|Wield
item.armadyl_bracers.12506	Drop|Wear
item.armadyl_chainskirt.11830	Drop|Wear
item.armadyl_chaps.12510	Drop|Wear
item.armadyl_chestplate.11828	Drop|Wear
item.armadyl_cloak.12261	Drop|Wear
item.armadyl_coif.12512	Drop|Wear
item.armadyl_crossbow.11785	Drop|Wield
item.armadyl_crozier.12263	Drop|Wield
item.armadyl_d_hide_body.12508	Drop|Wear
item.armadyl_d_hide_boots.19930	Drop|Wear
item.armadyl_d_hide_shield.23200	Drop|Wield
item.armadyl_dragonhide_set.13169	Drop
item.armadyl_full_helm.12476	Drop|Wear
item.armadyl_godsword.11802	Dismantle|Drop|Kill Area|Wield
item.armadyl_godsword_ornament_kit.20068	Drop
item.armadyl_halo.24192	Drop|Wear
item.armadyl_helmet.11826	Drop|Wear
item.armadyl_hilt.11810	Drop
item.armadyl_kiteshield.12478	Drop|Wear
item.armadyl_mitre.12259	Drop|Wear
item.armadyl_page_1.12617	Drop
item.armadyl_page_2.12618	Drop
item.armadyl_page_3.12619	Drop
item.armadyl_page_4.12620	Drop
item.armadyl_pendant.87	Drop|Wear
item.armadyl_platebody.12470	Drop|Wear
item.armadyl_platelegs.12472	Drop|Wear
item.armadyl_plateskirt.12474	Drop|Wear
item.armadyl_robe_legs.12255	Drop|Wear
item.armadyl_robe_top.12253	Drop|Wear
item.armadyl_rune_armour_set_lg.13052	Drop
item.armadyl_rune_armour_set_sk.13054	Drop
item.armadyl_stole.12257	Drop|Wear
item.armadylean_plate.27269	Drop
item.armoured_kraken_ink_sac.32836	Destroy
item.armoured_kraken_tentacle.32817	Destroy
item.arrav_s_axe.30320	Drop|Wield
item.arrow_shaft.52	Drop
item.asgarnian_ale.1905	Drink|Drop
item.asgarnian_ale_m.5739	Drink|Drop
item.asgarnian_hops.5996	Drop
item.asgarnian_seed.5308	Drop
item.asgoldian_ale.7508	Drink|Drop
item.ash_sanctifier.25781	Activity|Check|Destroy|Drop|Uncharge
item.ashes.592	Drop
item.assembler_max_cape.21898	Commune|Drop|Wear
item.assembler_max_hood.21900	Drop|Wear
item.assorted_flowers.2460	Drop|Wield
item.astral_rune.9075	Drop
item.asyn_remains.3402	Drop
item.atlatl_dart.28991	Drop|Wield
item.atlatl_dart_shaft.31004	Drop
item.atlatl_dart_tips.30998	Drop
item.attack_cape.9747	Drop|Wear
item.attack_hood.9749	Drop|Wear
item.attacker_icon.10556	Drop|Equip
item.attas_seed.22881	Drop
item.autumn_sq_irkjuice.10850	Drink|Drop
item.ava_s_accumulator.10499	Commune|Drop|Wear
item.ava_s_assembler.22109	Commune|Drop|Wear
item.ava_s_attractor.10498	Commune|Drop|Wear
item.avantoe.261	Drop
item.avantoe_potion_unf.103	Drop|Empty
item.avantoe_seed.5298	Drop
item.avernic_defender.22322	Dismantle|Drop|Wield
item.avernic_defender_hilt.22477	Drop|Inspect
item.avernic_treads.31088	Drop|Wear
item.avernic_treads_et.31093	Dismantle|Drop|Wear
item.avernic_treads_max.31097	Dismantle|Drop|Wear
item.avernic_treads_pe.31092	Dismantle|Drop|Wear
item.avernic_treads_pe_et.31096	Dismantle|Drop|Wear
item.avernic_treads_pr.31091	Dismantle|Drop|Wear
item.avernic_treads_pr_et.31095	Dismantle|Drop|Wear
item.avernic_treads_pr_pe.31094	Dismantle|Drop|Wear
item.awakener_s_orb.28334	Drop
item.axeman_s_folly.5751	Drink|Drop
item.axeman_s_folly_m.5753	Drink|Drop
item.baby_dragon_bone.7839	Drop
item.baby_dragon_bonemeal.4260	Drop|Empty
item.baby_impling_jar.11238	Destroy|Drop|Loot
item.babydragon_bones.534	Bury|Drop
item.bag_of_salt.4161	Drop
item.bagged_bluebells.8455	Drop
item.bagged_daffodils.8453	Drop
item.bagged_dead_tree.8417	Drop
item.bagged_flower.8451	Drop
item.bagged_magic_tree.8429	Drop
item.bagged_maple_tree.8425	Drop
item.bagged_marigolds.8459	Drop
item.bagged_nice_tree.8419	Drop
item.bagged_oak_tree.8421	Drop
item.bagged_plant_1.8431	Drop
item.bagged_plant_2.8433	Drop
item.bagged_plant_3.8435	Drop
item.bagged_roses.8461	Drop
item.bagged_sunflower.8457	Drop
item.bagged_willow_tree.8423	Drop
item.bagged_yew_tree.8427	Drop
item.baguette.6961	Drop|Eat
item.bailing_bucket.583	Bail-with|Drop|Empty
item.baked_potato.6701	Drop|Eat
item.bale_of_flax.31045	Drop|Unpack
item.ball_of_cotton.31454	Drop
item.ball_of_wool.1759	Drop
item.ballista_limbs.19592	Drop
item.ballista_spring.19601	Drop
item.balloon_toad.7564	Drop|Release|Release-all
item.banana.1963	Drop|Eat
item.banana_sapling.5497	Drop
item.banana_seedling.5481	Drop
item.banana_seedling_w.5489	Drop
item.banana_stew.4016	Drop|Eat
item.banana_tree_seed.5284	Drop
item.bananas_1.5408	Drop|Empty|Fill|Remove-one
item.bandana_eyepatch_blue.8926	Drop|Wear
item.bandana_eyepatch_brown.8927	Drop|Wear
item.bandana_eyepatch_red.8925	Drop|Wear
item.bandana_eyepatch_white.8924	Drop|Wear
item.bandit_s_brew.4627	Drink|Drop
item.bandos_boots.11836	Drop|Wear
item.bandos_bracers.12498	Drop|Wear
item.bandos_chaps.12502	Drop|Wear
item.bandos_chestplate.11832	Drop|Wear
item.bandos_cloak.12273	Drop|Wear
item.bandos_coif.12504	Drop|Wear
item.bandos_crozier.12275	Drop|Wield
item.bandos_d_hide_body.12500	Drop|Wear
item.bandos_d_hide_boots.19924	Drop|Wear
item.bandos_d_hide_shield.23203	Drop|Wield
item.bandos_dragonhide_set.13167	Drop
item.bandos_full_helm.12486	Drop|Wear
item.bandos_godsword.11804	Dismantle|Drop|Wield
item.bandos_godsword_ornament_kit.20071	Drop
item.bandos_halo.24195	Drop|Wear
item.bandos_hilt.11812	Drop
item.bandos_kiteshield.12488	Drop|Wear
item.bandos_mitre.12271	Drop|Wear
item.bandos_page_1.12613	Drop
item.bandos_page_2.12614	Drop
item.bandos_page_3.12615	Drop
item.bandos_page_4.12616	Drop
item.bandos_platebody.12480	Drop|Wear
item.bandos_platelegs.12482	Drop|Wear
item.bandos_plateskirt.12484	Drop|Wear
item.bandos_robe_legs.12267	Drop|Wear
item.bandos_robe_top.12265	Drop|Wear
item.bandos_rune_armour_set_lg.13056	Drop
item.bandos_rune_armour_set_sk.13058	Drop
item.bandos_stole.12269	Drop|Wear
item.bandos_tassets.11834	Drop|Wear
item.bandosian_components.26394	Drop
item.banner.8650	Drop|Wield
item.barb_bolttips.47	Drop
item.barb_tail_harpoon.10129	Drop|Wield
item.barbarian_teleport.24955	Break|Drop
item.barbed_arrow.22230	Drop|Wield
item.barbed_bolts.881	Drop|Wield
item.bark.3239	Drop
item.barley.6006	Drop
item.barley_malt.6008	Drop
item.barley_seed.5305	Drop
item.barnacle_blaster.31255	Drink|Drop
item.barracuda_paint.32087	Drop
item.barrel.1841	Drop
item.barrel_of_demonic_tallow.30798	Check|Drop|Empty
item.barrelchest_anchor.10887	Destroy|Drop|Wield
item.barrelchest_anchor_bh.27855	Dismantle|Drop|Wield
item.barricade.4053	Build|Destroy|Drop|Set-up
item.barronite_mace.25641	Drop|Wield
item.barrows_gloves.7462	Drop|Wear
item.barrows_teleport.19629	Break|Drop
item.basalt.22603	Drop
item.basilisk_bone.7899	Drop
item.basilisk_jaw.24268	Drop|Inspect
item.basket.5376	Drop|Fill
item.bass.365	Drop|Eat
item.bat_bonemeal.4256	Drop|Empty
item.bat_bones.530	Bury|Drop
item.bat_shish.10964	Drop|Eat
item.batta_tin.2164	Drop
item.battlefront_teleport.22949	Break|Drop
item.battlehat.31172	Destroy|Drop|Wear
item.battlestaff.1391	Drop|Wield
item.beach_boxing_gloves.11705	Drop|Wear
item.beacon_ring.11014	Destroy|Drop|Operate|Wear
item.beads_of_the_dead.616	Destroy|Drop|Wear
item.beanie.12245	Drop|Wear
item.bear_feet.23291	Drop|Wear
item.bear_fur.948	Drop
item.bearded_gorilla_bonemeal.4266	Drop|Empty
item.bearded_gorilla_bones.3182	Bury|Drop
item.bearhead.4502	Drop|Wear
item.beautiful_yellow_pansy_seed.27039	Destroy
item.bedsheet.4284	Drop|Wear
item.beekeeper_s_boots.25137	Drop|Wear
item.beekeeper_s_gloves.25135	Drop|Wear
item.beekeeper_s_hat.25129	Drop|Wear
item.beekeeper_s_legs.25133	Drop|Wear
item.beekeeper_s_top.25131	Drop|Wear
item.beer.1917	Drink|Drop
item.beer_barrel.8239	Drop
item.beer_glass.1919	Drop
item.beer_tankard.3803	Drink|Drop
item.beginner_wand.6908	Drop|Wield
item.belladonna_seed.5281	Drop
item.bellator_ring.25488	Drop|Wear
item.belle_s_folly.31248	Drop|Wield
item.belle_s_folly_tarnished.31245	Drop|Inspect
item.beret_mask.11282	Drop|Wear
item.berserker_helm.3751	Drop|Wear
item.berserker_icon.28295	Drop|Inspect
item.berserker_necklace.11128	Drop|Wear
item.berserker_necklace_ornament_kit.23237	Drop
item.berserker_ring.6737	Drop|Wear
item.berserker_ring_i.11773	Drop|Uncharge|Wear
item.big_bonemeal.4257	Drop|Empty
item.big_bones.532	Bury|Drop
item.big_bucket_of_camel_milk.26920	Destroy|Drink|Empty
item.big_bucket_of_frozen_camel_milk.26921	Drop|Empty
item.big_fishing_net.305	Drop
item.big_harpoonfish.25559	Drop
item.big_pirate_hat.12355	Drop|Wear
item.binding_necklace.5521	Check|Destroy|Drop|Wear
item.bird_house.21512	Drop
item.bird_mask.29931	Destroy|Drop|Wear
item.bird_nest.5070	Drop|Search
item.bird_snare.10006	Drop|Lay
item.black_2h_sword.1313	Drop|Wield
item.black_axe.1361	Drop|Wield
item.black_battleaxe.1367	Drop|Wield
item.black_bead.1474	Drop
item.black_beret.2635	Drop|Wear
item.black_boater.7327	Drop|Wear
item.black_boots.4125	Drop|Wear
item.black_brutal.4788	Drop|Wield
item.black_candy.24986	Drop|Eat
item.black_cane.12375	Drop|Wield
item.black_cape.1019	Drop|Wear
item.black_cavalier.2643	Drop|Wear
item.black_chainbody.1107	Drop|Wear
item.black_chinchompa.11959	Drop|Wield
item.black_claws.3098	Drop|Wear
item.black_coffin.25463	Configure|Destroy|Drop|Empty|Fill|Wear
item.black_d_hide_body.2503	Drop|Wear
item.black_d_hide_chaps.2497	Drop|Wear
item.black_d_hide_shield.22284	Drop|Wield
item.black_d_hide_vambraces.2491	Drop|Wear
item.black_dagger.1217	Drop|Wield
item.black_dart.3093	Drop|Wield
item.black_defender.8847	Drop|Wield
item.black_demon_mask.20026	Drop|Wear
item.black_desert_robe.6752	Drop|Wear
item.black_desert_shirt.6750	Drop|Wear
item.black_dragon_leather.2509	Drop
item.black_dragon_mask.12524	Drop|Wear
item.black_dragonhide.1747	Drop
item.black_dragonhide_set.12871	Drop
item.black_dye.4622	Drop|Empty
item.black_elegant_legs.10402	Drop|Wear
item.black_elegant_shirt.10400	Drop|Wear
item.black_felling_axe.28205	Drop|Wield
item.black_flowers.2476	Drop|Wield
item.black_full_helm.1165	Drop|Wear
item.black_gloves.7457	Drop|Wear
item.black_goblin_mail.9055	Drop|Wear
item.black_gold_trimmed_set_lg.12996	Drop
item.black_gold_trimmed_set_sk.12998	Drop
item.black_halberd.3196	Drop|Wield
item.black_headband.2647	Drop|Wear
item.black_kiteshield.1195	Drop|Wear
item.black_knife.869	Drop|Wield
item.black_leprechaun_hat.20246	Drop|Wear
item.black_locks.25448	Drop
item.black_longsword.1297	Drop|Wield
item.black_mace.1426	Drop|Wield
item.black_mask.8921	Drop|Uncharge|Wear
item.black_mask_10_i.11774	Drop|Uncharge|Wear
item.black_med_helm.1151	Drop|Wear
item.black_nails.4821	Drop
item.black_naval_shirt.8956	Drop|Wear
item.black_navy_slacks.8995	Drop|Wear
item.black_pickaxe.12297	Drop|Wield
item.black_platebody.1125	Drop|Wear
item.black_platelegs.1077	Drop|Wear
item.black_plateskirt.1089	Drop|Wear
item.black_robe.581	Drop|Wear
item.black_salamander.10148	Drop|Release|Wield
item.black_satchel.10880	Drop|Empty|Inspect|Wear
item.black_scimitar.1327	Drop|Wield
item.black_set_lg.12988	Drop
item.black_set_sk.12990	Drop
item.black_skirt.1015	Drop|Wear
item.black_slayer_helmet.19639	Check|Disassemble|Drop|Wear
item.black_slayer_helmet_i.19641	Check|Disassemble|Drop|Wear
item.black_spear.4580	Drop|Wield
item.black_spiky_vambraces.10085	Drop|Wear
item.black_sq_shield.1179	Drop|Wield
item.black_staff_of_collection.30603	Create-book|Drop|Wield
item.black_sword.1283	Drop|Wield
item.black_tourmaline_core.21730	Drop|Inspect
item.black_toy_horsey.2524	Drop|Play-with
item.black_tricorn_hat.8963	Drop|Wear
item.black_trimmed_set_lg.12992	Drop
item.black_trimmed_set_sk.12994	Drop
item.black_unicorn_mask.20266	Drop|Wear
item.black_warhammer.1341	Drop|Wield
item.black_warlock.10014	Drop|Release
item.blackbird_red.29944	Drink|Drop
item.blacksmith_s_helm.19988	Drop|Wear
item.blackstone_fragment.28356	Activate|Destroy|Drop|Recall
item.blade_of_saeldor.23995	Check|Drop|Uncharge|Wield
item.blade_of_saeldor_c.24551	Drop|Uncharge|Wield
item.blamish_bark_shell.3353	Drop
item.blamish_blue_shell.3351	Drop
item.blamish_myre_shell.3345	Drop
item.blamish_ochre_shell.3349	Drop
item.blamish_oil.1582	Drink|Drop
item.blamish_red_shell.3347	Drop
item.blasted_ore.13575	Drop
item.blazing_blowpipe.28688	Check|Drop|Uncharge|Unload|Wield
item.bleached_bones.25422	Bury|Drop
item.blessed_axe.10491	Destroy|Drop|Wield
item.blessed_babydragon_bones.29352	Break-down|Drop
item.blessed_babywyrm_bones.29354	Break-down|Drop
item.blessed_bat_bones.29346	Break-down|Drop
item.blessed_big_bones.29348	Break-down|Drop
item.blessed_bone_shards.29381	Drop
item.blessed_bone_statuette.29338	Break-down|Drop
item.blessed_bones.29344	Break-down|Drop
item.blessed_dizana_s_quiver.28955	Destroy|Drop|Empty|Open|Wear
item.blessed_dragon_bones.29356	Break-down|Drop
item.blessed_drake_bones.29366	Break-down|Drop
item.blessed_fayrg_bones.29370	Break-down|Drop
item.blessed_frost_dragon_bones.31266	Break-down|Drop
item.blessed_hydra_bones.29368	Break-down|Drop
item.blessed_lava_dragon_bones.29358	Break-down|Drop
item.blessed_ourg_bones.29374	Break-down|Drop
item.blessed_raurg_bones.29372	Break-down|Drop
item.blessed_spirit_shield.12831	Drop|Wield
item.blessed_strykewyrm_bones.31264	Break-down|Drop
item.blessed_superior_dragon_bones.29362	Break-down|Drop
item.blessed_wyrm_bones.29364	Break-down|Drop
item.blessed_wyvern_bones.29360	Break-down|Drop
item.blessed_zogre_bones.29350	Break-down|Drop
item.blighted_ancient_ice_sack.24607	Drop
item.blighted_anglerfish.24592	Drop|Eat
item.blighted_entangle_sack.24613	Drop
item.blighted_karambwan.24595	Drop|Eat
item.blighted_manta_ray.24589	Drop|Eat
item.blighted_teleport_spell_sack.24615	Drop
item.blighted_vengeance_sack.24621	Drop
item.blindweed_seed.6710	Drop
item.blisterwood_flail.24699	Bloom|Drop|Wield
item.blisterwood_logs.24691	Drop
item.blisterwood_sickle.24697	Cast Bloom|Drop|Wield
item.blisterwood_sickle_e.33713	Cast Bloom|Drop|Wield
item.blisterwood_stake.33716	Drop|Wield
item.bloated_toad.2875	Drop|Release|Release All
item.blood_ancient_sceptre.25489	Dismantle|Drop|Wield
item.blood_essence.26390	Activate|Drop|Check|Destroy
item.blood_moon_armour_set.31136	Drop
item.blood_moon_chestplate.29022	Check|Drop|Wear
item.blood_moon_helm.29028	Check|Drop|Wear
item.blood_moon_tassets.29025	Check|Drop|Wear
item.blood_n_tar_snelm.3329	Drop|Wear
item.blood_pint.24774	Drink|Drop
item.blood_rune.565	Drop
item.blood_shard.24777	Drop
item.blood_talisman.1450	Drop|Locate
item.blood_tiara.5549	Drop|Wear
item.bloodbark_armour_set.31163	Drop
item.bloodbark_body.25404	Drop|Wear
item.bloodbark_boots.25410	Drop|Wear
item.bloodbark_gauntlets.25407	Drop|Wear
item.bloodbark_helm.25413	Drop|Wear
item.bloodbark_legs.25416	Drop|Wear
item.bloody_bracer.22430	Drink|Drop
item.bloody_knife.25799	Destroy|Inspect
item.blue_beret.2633	Drop|Wear
item.blue_boater.7325	Drop|Wear
item.blue_boots.630	Drop|Wear
item.blue_candy.24981	Drop|Eat
item.blue_cape.1021	Drop|Wear
item.blue_crab.31674	Drop
item.blue_crab_meat.31695	Drop|Eat
item.blue_d_hide_body.2499	Drop|Wear
item.blue_d_hide_chaps.2493	Drop|Wear
item.blue_d_hide_shield.22278	Drop|Wield
item.blue_d_hide_vambraces.2487	Drop|Wear
item.blue_dark_bow_paint.12757	Drop
item.blue_dragon_leather.2505	Drop
item.blue_dragon_mask.12520	Drop|Wear
item.blue_dragon_scale.243	Drop
item.blue_dragonhide.1751	Drop
item.blue_dragonhide_set.12867	Drop
item.blue_dye.1767	Drop
item.blue_elegant_blouse.10428	Drop|Wear
item.blue_elegant_legs.10410	Drop|Wear
item.blue_elegant_shirt.10408	Drop|Wear
item.blue_elegant_skirt.10430	Drop|Wear
item.blue_feather.10089	Drop
item.blue_firelighter.7331	Drop
item.blue_flowers.2464	Drop|Wield
item.blue_goblin_mail.287	Drop|Wear
item.blue_hat.660	Drop|Wear
item.blue_headband.12301	Drop|Wear
item.blue_icon.25212	Drop|Equip
item.blue_logs.7406	Drop
item.blue_moon_armour_set.31139	Drop
item.blue_moon_chestplate.29013	Check|Drop|Wear
item.blue_moon_helm.29019	Check|Drop|Wear
item.blue_moon_spear.28988	Drop|Wield
item.blue_moon_tassets.29016	Check|Drop|Wear
item.blue_naval_shirt.8952	Drop|Wear
item.blue_navy_slacks.8991	Drop|Wear
item.blue_robe_bottoms.650	Drop|Wear
item.blue_robe_top.640	Drop|Wear
item.blue_skirt.1011	Drop|Wear
item.blue_spiky_vambraces.10081	Drop|Wear
item.blue_thread.3719	Drop
item.blue_tricorn_hat.8959	Drop|Wear
item.blue_wizard_hat.579	Drop|Wear
item.blue_wizard_robe.577	Drop|Wear
item.blueberry_muffin.31128	Drop|Eat
item.bluefin.32344	Drop|Eat
item.bluegill.22826	Drop
item.blunt_arrow.22229	Drop|Wield
item.blunt_axe.4415	Drop
item.blurberry_special.2064	Drink|Drop|Empty
item.blurite_bar.9467	Drop
item.blurite_bolts.9139	Drop|Wield
item.blurite_crossbow.9176	Drop|Wield
item.blurite_ore.668	Drop
item.blurite_sword.667	Drop|Wield
item.boat_bottle_empty.31989	Bottle-boat|Drop
item.bob_s_black_shirt.10322	Drop|Wear
item.bob_s_blue_shirt.10318	Drop|Wear
item.bob_s_green_shirt.10320	Drop|Wear
item.bob_s_purple_shirt.10324	Drop|Wear
item.bob_s_red_shirt.10316	Drop|Wear
item.body_talisman.1446	Drop|Locate
item.body_tiara.5533	Drop|Wear
item.bologano_fruit.13427	Drop|Eat
item.bologano_seed.13424	Drop
item.bolt_mould.9434	Drop
item.bolt_of_canvas.31475	Drop
item.bolt_of_cloth.8790	Drop
item.bolt_of_cotton.31478	Drop
item.bolt_of_linen.31472	Drop
item.bolt_rack.4740	Drop|Wield
item.bomber_cap.9945	Destroy|Drop|Wear
item.bomber_jacket.9944	Destroy|Drop|Wear
item.bone_bolts.8882	Drop|Wield
item.bone_club.5018	Drop|Wield
item.bone_dagger.8872	Drop|Wield
item.bone_fragments.25139	Drop
item.bone_in_vinegar.7813	Drop|Empty
item.bone_mace.28792	Drop|Wield
item.bone_seeds.7950	Drop|Open
item.bone_shortbow.28794	Drop|Wield
item.bone_spear.5016	Drop|Wield
item.bone_staff.28796	Check|Drop|Uncharge|Wield
item.bonecrusher.13116	Activity|Check|Destroy|Drop|Uncharge
item.bonecrusher_necklace.22986	Activity|Check/Uncharge|Dismantle|Drop|Wear
item.bonemeal.4255	Drop|Empty
item.bones.526	Bury|Destroy|Drop
item.bones_to_bananas.8014	Break|Drop
item.bones_to_peaches.6926	Break|Drop
item.bonesack.7918	Drop|Wear
item.book_of_balance.3844	Drop|Preach|Wield
item.book_of_balance_page_set.13153	Drop
item.book_of_darkness.12612	Drop|Preach|Wield
item.book_of_darkness_page_set.13159	Drop
item.book_of_law.12610	Drop|Preach|Wield
item.book_of_law_page_set.13157	Drop
item.book_of_the_dead.25818	Check|Destroy|Drop|Read|Reminisce|Wield
item.book_of_war.12608	Drop|Preach|Wield
item.book_of_war_page_set.13155	Drop
item.bookcase.8510	Drop
item.boots_of_brimstone.22951	Drop|Wear
item.boots_of_darkness.20140	Drop|Wear
item.boots_of_lightness.88	Drop|Wear
item.boots_of_stone.23037	Drop|Wear
item.boots_of_the_eye.26856	Drop|Wear
item.botanical_pie.19662	Drop|Eat
item.bottle_of_alco_sol.31889	Destroy|Drink
item.bottle_of_almost_smuggled_rum.31831	Destroy|Drink
item.bottle_of_alone_at_sea.31888	Destroy|Drink
item.bottle_of_banana_daiquiri.31838	Destroy|Drink
item.bottle_of_banker_s_draught.31860	Destroy|Drink
item.bottle_of_barracuda_brew.31837	Destroy|Drink
item.bottle_of_black_lobster_ale.31878	Destroy|Drink
item.bottle_of_captain_cat_s_black_rum.31905	Destroy|Drink
item.bottle_of_captain_clop_s_mango_gin.31854	Destroy|Drink
item.bottle_of_creator_s_cocktail.31851	Destroy|Drink
item.bottle_of_crocodile_tears.31863	Destroy|Drink
item.bottle_of_crystal_clear_vodka.31893	Destroy|Drink
item.bottle_of_crystal_clear_water.31856	Destroy|Drink
item.bottle_of_delicate_elven_wine.31858	Destroy|Drink
item.bottle_of_destructor_s_cocktail.31849	Destroy|Drink
item.bottle_of_dognose_draught.31840	Destroy|Drink
item.bottle_of_dwarvern_wizard_s_stout_bomb.31881	Destroy|Drink
item.bottle_of_elidinis_s_life_water.31886	Destroy|Drink
item.bottle_of_exile_s_welcome.31875	Destroy|Drink
item.bottle_of_fish_bladder_stout.31833	Destroy|Drink
item.bottle_of_fish_bladder_stoutier.31892	Destroy|Drink
item.bottle_of_fishier_bladderier_stout.31864	Destroy|Drink
item.bottle_of_fishtongue_tonic.31873	Destroy|Drink
item.bottle_of_get_to_the_point_punch.31845	Destroy|Drink
item.bottle_of_goldless_asgoldian_ale.31848	Destroy|Drink
item.bottle_of_graveyard_corpse_reviver.31883	Destroy|Drink
item.bottle_of_headless_unicornman_s_heady_beer.31861	Destroy|Drink
item.bottle_of_impling_surprise.31901	Destroy|Drink
item.bottle_of_kgp_standard_issue_martini.31882	Destroy|Drink
item.bottle_of_kharazi_cooler.31839	Destroy|Drink
item.bottle_of_light_in_the_dark.31843	Destroy|Drink
item.bottle_of_lunarshine.31900	Destroy|Drink
item.bottle_of_monkfish_bladder_stout.31899	Destroy|Drink
item.bottle_of_mystery_fruit_cider.31902	Destroy|Drink
item.bottle_of_myths_mighty_mixer.31847	Destroy|Drink
item.bottle_of_ogre_prayer_potion.31844	Destroy|Drink
item.bottle_of_ol_random_s_reddest_rum.31885	Destroy|Drink
item.bottle_of_oo_glug.31846	Destroy|Drink
item.bottle_of_platinum_rum.31842	Destroy|Drink
item.bottle_of_portal_nexus_perry.31890	Destroy|Drink
item.bottle_of_possible_albumen.31887	Destroy|Drink
item.bottle_of_potterington_s_marrow_wine.31834	Destroy|Drink
item.bottle_of_puzzlers_poteen.31895	Destroy|Drink
item.bottle_of_robert_s_port.31897	Destroy|Drink
item.bottle_of_sea_shandy_2.31898	Destroy|Drink
item.bottle_of_sea_spray.31859	Destroy|Drink
item.bottle_of_self_congratulation_wine.31891	Destroy|Drink
item.bottle_of_slippery_snake_skins_in_possibly_gravy.31855	Destroy|Drink
item.bottle_of_slug_s_mind_balm.31835	Destroy|Drink
item.bottle_of_sorodamin_s_bru.31832	Destroy|Drink
item.bottle_of_soul.31852	Destroy|Drink
item.bottle_of_soul_juice.31862	Destroy|Drink
item.bottle_of_spinner_s_last_gasp.31836	Destroy|Drink
item.bottle_of_spinning_comp_kvass.31894	Destroy|Drink
item.bottle_of_suqah_free_cola.31876	Destroy|Drink
item.bottle_of_tangled_toad_s_legs_cider.31871	Destroy|Drink
item.bottle_of_the_endless_night.31874	Destroy|Drink
item.bottle_of_the_way_home.31841	Destroy|Drink
item.bottle_of_underground_passteurised_milk.31857	Destroy|Drink
item.bottle_of_waterbirth_blue_lagoon.31872	Destroy|Drink
item.bottle_of_weiss_meltwater.31884	Destroy|Drink
item.bottle_of_wild_wood_whisky.31896	Destroy|Drink
item.bottle_of_wine.7919	Drink|Drop
item.bottle_of_winter_sun.31877	Destroy|Drink
item.bottle_of_zogre_s_sloppy_kisses.31850	Destroy|Drink
item.bottle_of_zul_rye_beer.31853	Destroy|Drink
item.bottled_dragonbreath.23002	Drop
item.bottled_dragonbreath_unpowered.22999	Drop|Inspect
item.bottled_storm.31949	Drop|Inspect
item.bottomless_compost_bucket.22994	Check|Drop|Empty|Fill
item.bottomless_milk_bucket.33089	Check|Drop|Empty|Fill
item.bounty_hunter_hat_tier_1.24338	Drop|Wear
item.bounty_hunter_hat_tier_2.24340	Drop|Wear
item.bounty_hunter_hat_tier_3.24342	Drop|Wear
item.bounty_hunter_hat_tier_4.24344	Drop|Wear
item.bounty_hunter_hat_tier_5.24346	Drop|Wear
item.bounty_hunter_hat_tier_6.24348	Drop|Wear
item.bounty_supply_crate_anglerfish.30619	Drop|Open
item.bounty_supply_crate_manta_ray.30616	Drop|Open
item.bow_of_faerdhinen.25865	Check|Drop|Uncharge|Wield
item.bow_of_faerdhinen_c.25867	Drop|Uncharge|Wield
item.bow_string.1777	Drop
item.bow_string_spool.31052	Check|Drop|Empty|Fill
item.bow_sword.6818	Destroy|Drop|Wield
item.bowl_of_hot_water.4456	Drop|Empty
item.bowl_of_water.1921	Drop|Empty
item.bowl_wig.20110	Drop|Wield
item.box_trap.10008	Drop|Lay
item.boxing_gloves.7671	Drop|Wear
item.bracelet_mould.11065	Drop
item.bracelet_of_clay.11074	Drop|Wear
item.bracelet_of_ethereum.21816	Check|Toggle-absorption|Uncharge|Wear
item.bracelet_of_slaughter.21183	Break|Check|Drop|Wear
item.braindeath_rum.7157	Drink|Drop
item.brandy.2021	Drink|Drop
item.brass_key.983	Drop
item.brass_necklace.1009	Drop|Wear
item.brassica_halo.24204	Drop|Wear
item.bravery_potion.739	Drink|Drop
item.brawk_fish_3.20862	Drop|Eat
item.bread_dough.2307	Drop
item.briefcase.12335	Drop|Wield
item.brimhaven_teleport.11745	Break|Drop|Revert
item.brimstone_ring.22975	Drop|Wear
item.brine_sabre.11037	Drop|Wield
item.broad_arrowheads.11874	Drop
item.broad_arrows.4150	Drop|Wield
item.broad_bolts.11875	Drop|Wield
item.broav.29519	Drop|Release
item.broken_antler.31086	Drop
item.broken_bark_snelm.3335	Drop|Wear
item.broken_dragon_hasta.22963	Drop
item.broken_dragon_hook.31961	Drop|Inspect
item.broken_fishing_rod.6662	Drop
item.broken_zombie_axe.28813	Drop|Inspect
item.broken_zombie_helmet.30324	Drop|Inspect
item.bronze_arrowtips.39	Drop
item.bronze_battleaxe.1375	Drop|Wield
item.bronze_bolts.877	Drop|Wield
item.bronze_bolts_unf.9375	Drop
item.bronze_boots.4119	Drop|Wear
item.bronze_brutal.4773	Drop|Wield
item.bronze_cannonball.31906	Drop
item.bronze_chainshot_cannonball.31918	Drop
item.bronze_claws.3095	Drop|Wear
item.bronze_coffin.25459	Configure|Destroy|Drop|Empty|Fill|Wear
item.bronze_crossbow_u.9454	Drop
item.bronze_dart.806	Drop|Wield
item.bronze_dart_tip.819	Drop
item.bronze_defender.8844	Drop|Wield
item.bronze_dragon_mask.12363	Drop|Wear
item.bronze_feather.10177	Destroy|Drop
item.bronze_felling_axe.28196	Drop|Wield
item.bronze_fire_arrow.598	Drop|Wield
item.bronze_fist_flag.8968	Drop|Wield
item.bronze_gloves.7454	Drop|Wear
item.bronze_gold_trimmed_set_lg.12968	Drop
item.bronze_gold_trimmed_set_sk.12970	Drop
item.bronze_halberd.3190	Drop|Wield
item.bronze_hasta.11367	Drop|Wield
item.bronze_incendiary_cannonball.31932	Drop
item.bronze_javelin.825	Drop|Wield
item.bronze_javelin_tips.19570	Drop
item.bronze_keel_parts.31999	Drop
item.bronze_knife.864	Drop|Wield
item.bronze_limbs.9420	Drop
item.bronze_locks.25442	Drop
item.bronze_nails.4819	Drop
item.bronze_plateskirt.1087	Drop|Wear
item.bronze_set_lg.12960	Drop
item.bronze_set_sk.12962	Drop
item.bronze_spear.1237	Drop|Wield
item.bronze_sq_shield.1173	Drop|Wield
item.bronze_staff_of_collection.30597	Create-book|Drop|Wield
item.bronze_thrownaxe.800	Drop|Wield
item.bronze_trimmed_set_lg.12964	Drop
item.bronze_trimmed_set_sk.12966	Drop
item.bronze_warhammer.1337	Drop|Wield
item.bronze_wire.1794	Drop
item.broodoo_shield.6235	Drop|Uncharge|Wield
item.brown_apron.1757	Drop|Wear
item.brown_candy.24980	Drop|Eat
item.brown_headband.2649	Drop|Wear
item.brown_naval_shirt.8955	Drop|Wear
item.brown_navy_slacks.8994	Drop|Wear
item.brown_toy_horsey.2520	Drop|Play-with
item.brown_tricorn_hat.8962	Drop|Wear
item.bruise_blue_snelm.3333	Drop|Wear
item.bruised_banana.27485	Drop|Eat
item.brulee.7473	Destroy|Drop|Empty
item.brulee_supreme.7476	Destroy|Drop|Empty
item.bruma_herb.20698	Drop
item.bruma_torch.20720	Drop|Swap|Wield
item.bruma_torch_off_hand.29777	Drop|Swap|Wield
item.brutus_slippers.33099	Drop|Wear
item.bryophyta_s_essence.22372	Drop
item.bryophyta_s_staff.22370	Check|Drop|Uncharge|Wield
item.buchu_seed.20909	Drop
item.bucket_helm.19991	Drop|Wear
item.bucket_of_bloodwood_sap.33539	Drop|Empty
item.bucket_of_milk.1927	Drop|Empty
item.bucket_of_rubble.7622	Drop|Empty
item.bucket_of_saltwater.4693	Drop|Empty
item.bucket_of_sand.1783	Drop|Empty
item.bucket_of_sandworms.13430	Drop|Empty|Take-grubs
item.bucket_of_sap.4687	Drop|Empty
item.bucket_of_slime.4286	Drop|Empty
item.bucket_of_water.1929	Destroy|Drop|Empty
item.bucket_of_wax.30	Drop
item.bucket_of_wester_sand.21243	Drop
item.builder_s_boots.10865	Destroy|Drop|Wear
item.builder_s_shirt.10863	Destroy|Drop|Wear
item.builder_s_trousers.10864	Destroy|Drop|Wear
item.bull_bones.33115	Drop
item.bullet_arrow.22227	Drop|Wield
item.bullseye_lantern.4548	Drop|Extinguish
item.bullseye_lantern_unf.4544	Drop
item.burning_claw.29574	Drop
item.burning_claws.29577	Drop|Wield
item.burnt_bonemeal.4258	Drop|Empty
item.burnt_bones.528	Bury|Drop
item.burnt_egg.7090	Drop|Empty
item.burnt_jogre_bonemeal.4259	Drop|Empty
item.burnt_jogre_bones.3127	Bury|Drop
item.burnt_meat.2146	Drop
item.burnt_mushroom.7094	Drop|Empty
item.burnt_onion.7092	Drop|Empty
item.burnt_page.20718	Drop
item.butler_s_tray.29912	Destroy|Drop|Wear
item.butler_s_uniform.29914	Destroy|Drop|Wear
item.butterfly_jar.10012	Drop
item.butterfly_net.10010	Check totals|Drop|Wield
item.cabbage.1965	Discard|Drop|Eat
item.cabbage_round_shield.20272	Drop|Wield
item.cabbage_seed.5324	Drop
item.cabbages_1.5460	Drop|Empty|Fill|Remove-one
item.cactus_seed.5280	Drop
item.cactus_spine.6016	Drop
item.cadantine.265	Drop
item.cadantine_blood_potion_unf.22443	Drop|Empty
item.cadantine_potion_unf.107	Drop|Empty
item.cadantine_seed.5301	Drop
item.cadava_berries.753	Drop
item.cadava_potion.756	Drink|Drop|Look-at
item.cadavaberry_seed.5102	Drop
item.caerula_berries.30937	Drop|Eat
item.cake.1891	Drop|Eat
item.cake_tin.1887	Drop
item.calamity_breeches.26755	Drop|Wear
item.calamity_chest.26749	Drop|Wear
item.calcified_moth.29090	Crush|Drop
item.calcite.21543	Drop
item.calquat_fruit.5980	Drop
item.calquat_keg.5769	Drop
item.calquat_sapling.5503	Drop
item.calquat_seedling.5487	Drop
item.calquat_seedling_w.5495	Drop
item.calquat_tree_seed.5290	Drop
item.camel_mask.7003	Drop|Wear
item.camelot_teleport.8010	Break|Camelot|Drop|Seers' Village|Toggle
item.camo_bottoms.6655	Drop|Wear
item.camo_helmet.6656	Drop|Wear
item.camo_top.6654	Drop|Wear
item.camphor_blowpipe.31575	Check|Drop|Unload|Wield
item.camphor_crate.32364	Drop|Inspect
item.camphor_hull_parts.32053	Drop
item.camphor_logs.32904	Drop
item.camphor_plank.31432	Drop
item.camphor_pyre_logs.31383	Drop
item.camphor_repair_kit.31976	Apply|Drop
item.camphor_sapling.31502	Drop
item.camphor_seed.31547	Drop
item.camphor_seedling.31490	Drop
item.camphor_seedling_w.31496	Drop
item.camulet.6707	Check-charge|Drop|Rub|Wear
item.candle.36	Drop
item.candle_lantern.4529	Drop|Extinguish
item.cannon_barrel.7145	Drop
item.cannon_barrels.10	Drop
item.cannon_base.6	Drop|Set-up
item.cannon_furnace.12	Drop
item.cannon_stand.8	Drop
item.cap_and_goggles.9946	Drop|Split|Wear
item.cape_of_legends.1052	Drop|Wear
item.cape_of_skulls.23351	Drop|Wear
item.captain_s_log.31985	Destroy|Drop|View-charts|View-tasks
item.carnillean_armour.2405	Drop|Wear
item.carpenter_s_boots.24878	Drop|Wear
item.carpenter_s_helmet.24872	Drop|Wear
item.carpenter_s_shirt.24874	Drop|Wear
item.carpenter_s_trousers.24876	Drop|Wear
item.carrallanger_teleport.12776	Break|Configure|Drop
item.carved_oak_bench.8110	Drop
item.carved_oak_magic_wardrobe.9853	Drop
item.carved_oak_table.8117	Drop
item.carved_teak_bench.8112	Drop
item.carved_teak_magic_wardrobe.9855	Drop
item.carved_teak_table.8119	Drop
item.casket.405	Drop|Open
item.castle_wars_bracelet_3.11079	Drop|Wear
item.castlewars_cloak.4514	Drop|Wear
item.castlewars_hood.4513	Drop|Wear
item.cat_antipoison.6766	Drop|Empty
item.cat_mask.12361	Drop|Wear
item.cat_training_medal.1575	Drop|Wear
item.catalytic_talisman.26798	Drop|Locate
item.catalytic_tiara.26801	Drop|Wear
item.catherby_teleport.24961	Break|Drop
item.catspeak_amulet.4677	Drop|Wear
item.catspeak_amulet_e.6544	Destroy|Drop|Open|Wear
item.cattleprod.278	Drop|Equip
item.cavalier_mask.11280	Drop|Wear
item.cave_eel.5003	Drop|Eat
item.cave_goblin_wire.10981	Drop
item.cave_kraken.3272	Drop
item.cave_nightshade.2398	Drop|Eat
item.caviar.11326	Drop|Eat
item.celastrus_bark.22935	Drop|Fletch
item.celastrus_sapling.22856	Drop
item.celastrus_seed.22869	Drop
item.celastrus_seedling.22848	Drop
item.celastrus_seedling_w.22852	Drop
item.celestial_ring.25541	Charge|Check|Drop|Uncharge|Wear
item.celestial_signet.25545	Charge|Check|Drop|Uncharge|Wear
item.cemetery_teleport.19627	Break|Configure|Drop
item.centurion_cuirass.26721	Drop|Wear
item.chain.22414	Drop
item.champion_s_cape.21439	Drop|Wear
item.champion_s_lamp.22320	Destroy|Rub
item.chaos_gauntlets.777	Destroy|Drop|Wear
item.chaos_talisman.1452	Drop|Locate
item.chaos_tiara.5543	Drop|Wear
item.charcoal.973	Drop
item.charge_dragonstone_jewellery_scroll.20238	Drop|Read
item.chasm_teleport_scroll.30775	Drop|Teleport
item.cheese.1985	Drop|Eat
item.cheese_tom_batta.2259	Drop|Eat
item.chef_s_delight.5755	Drink|Drop
item.chef_s_delight_m.5757	Drink|Drop
item.chef_s_hat.1949	Drop|Wear
item.chewed_bones.11338	Destroy|Drop
item.chichilihui_ros.29963	Drink|Drop
item.chicken.5609	Drop|Wear
item.chilhuac_red.29947	Drink|Drop
item.chilli_con_carne.7062	Drop|Eat
item.chilli_potato.7054	Drop|Eat
item.chinchompa.9976	Drop|Wield
item.choc_ice.6794	Drop|Eat
item.choc_saturday.2074	Drink|Drop|Empty
item.chocchip_crunchies.2209	Drop|Eat
item.chocolate_bar.1973	Drop|Eat
item.chocolate_bomb.2185	Drop|Eat
item.chocolate_cake.1897	Drop|Eat
item.chocolate_dust.1975	Drop
item.chocolate_slice.1901	Drop|Eat
item.chocolate_strawberry.11910	Drop|Eat
item.chocolatey_milk.1977	Drink|Drop
item.chompy_bird_hat.2978	Drop|Wear
item.chopped_garlic.7074	Drop
item.chopped_onion.1871	Drop|Eat
item.chopped_tomato.1869	Drop|Eat
item.chopped_tuna.7086	Drop|Eat
item.chopped_ugthanki.1873	Drop
item.chromium_ingot.28276	Drop
item.chronicle.13660	Check charges|Destroy|Drop|Teleport|Wield
item.chuck_up_s_stew.31869	Destroy|Drink|Drop
item.chugging_barrel.30000	Destroy|Dismantle|Drink|Drop|Open
item.chugging_barrel_disassembled.30002	Assemble|Drop
item.cider.5763	Drink|Drop
item.cider_barrel.8240	Drop
item.cider_m4.5929	Drink|Drop
item.circlet_of_water.26969	Charge|Check|Drop|Uncharge|Wear
item.circular_hide.6169	Drop
item.citizen_shoes.9644	Drop|Wear
item.citizen_top.9640	Drop|Wear
item.citizen_trousers.9642	Drop|Wear
item.civitas_illa_fortis_teleport.28824	Break|Drop
item.clan_cloak.25712	Destroy|Drop|Wear
item.clan_vexillum.25721	Destroy|Drop|Wield
item.claws_of_callisto.27667	Drop
item.clay.434	Drop
item.clay_attack_stone.8153	Drop
item.clay_fireplace.8325	Drop
item.clay_head.25145	Destroy
item.clean_full_helm.26290	Drop
item.clean_necklace.11195	Drop|Wear
item.clean_platebody.26286	Drop
item.clean_platelegs.26288	Drop
item.cleaning_cloth.3188	Drop
item.cleaver.7451	Drop|Wield
item.climbing_boots.3105	Drop|Wear
item.climbing_rope.4047	Drop
item.cloak_of_ruin.27438	Destroy|Drop|Wear
item.clockwork.8792	Drop
item.clockwork_suit.10595	Destroy|Drop|Release|Wind
item.clothes_pouch.28163	Drop
item.clothes_pouch_blueprint.28166	Craft|Drop
item.clue_box.12789	Drop
item.clue_hunter_boots.19695	Destroy|Drop|Wear
item.clue_hunter_cloak.19697	Destroy|Drop|Wear
item.clue_hunter_garb.19689	Destroy|Drop|Wear
item.clue_hunter_gloves.19691	Destroy|Drop|Wear
item.clue_hunter_trousers.19693	Destroy|Drop|Wear
item.clue_scroll.713	Destroy|Drop|Read|Wear
item.clueless_scroll.20249	Drop|Read|Wield
item.coal_bag.764	Check|Destroy|Drop|Empty|Fill|Open
item.coated_frogs_legs.10963	Drop|Eat
item.cocktail_glass.2026	Drop
item.cocktail_guide.2023	Drop|Read
item.cocktail_shaker.2025	Drop|Mix-cocktail
item.coconut.5974	Drop
item.coconut_milk.5935	Drop|Empty
item.cod.339	Drop|Eat
item.coif.1169	Drop|Wear
item.collection_bag.10521	Drop|Empty|Look-in
item.collection_log.22711	Collections overview|Destroy|Drop|Read|Wield
item.collector_icon.10557	Drop|Equip
item.colossal_blade.27021	Drop|Wield
item.colossal_pouch.26784	Check|Destroy|Drop|Empty|Fill
item.colossal_wyrm_teleport_scroll.30040	Drop|Teleport
item.colourful_cape.29491	Change-style|Destroy|Drop|Wear
item.colourful_crown_shirt.29509	Change-style|Destroy|Wear
item.colourful_jumper.28118	Change-style|Destroy|Wear
item.colourful_scarf.28108	Change-style|Destroy|Wear
item.combat_bracelet.11126	Drop|Rub|Wear
item.combat_lamp.10586	Destroy|Drop|Rub
item.combat_potion_set.13064	Drop
item.common_kebbit_fur.10121	Drop
item.common_tench.22829	Drop
item.comp_ogre_bow.4827	Check kills|Drop|Wield
item.compost.6032	Drop|Empty
item.condensed_gold.26266	Drop
item.conductor_mould.4200	Drop
item.confliction_gauntlets.31106	Drop|Inspect|Wear
item.consecration_seed.4205	Drop|Plant
item.construct_cape.9789	Drop|Tele to POH|Teleport|Wear
item.construct_hood.9791	Drop|Wear
item.contract_of_bloodied_blows.30816	Drop|Read
item.contract_of_catalyst_acquisition.30831	Drop|Read
item.contract_of_divine_severance.30819	Drop|Read
item.contract_of_familiar_acquisition.30840	Drop|Read
item.contract_of_forfeit_breath.30822	Drop|Read
item.contract_of_glyphic_attenuation.30810	Drop|Read
item.contract_of_harmony_acquisition.30837	Drop|Read
item.contract_of_oathplate_acquisition.30825	Drop|Read
item.contract_of_sensory_clouding.30813	Drop|Read
item.contract_of_shard_acquisition.30828	Drop|Read
item.contract_of_worm_acquisition.30834	Drop|Read
item.cooked_barb_tailed_kebbit.29131	Drop|Eat
item.cooked_bream.29217	Drop|Eat
item.cooked_chompy.2878	Drop|Eat
item.cooked_dashing_kebbit.29134	Drop|Eat
item.cooked_fishcake.7530	Drop|Eat
item.cooked_giant_crab_meat.7521	Drop|Eat
item.cooked_graahk.29149	Drop|Eat
item.cooked_jubbly.7568	Drop|Eat
item.cooked_karambwan.3144	Drop|Eat
item.cooked_kyatt.29152	Drop|Eat
item.cooked_larupia.29146	Drop|Eat
item.cooked_moonlight_antelope.29143	Drop|Eat
item.cooked_moss_lizard.29077	Drop|Eat
item.cooked_mystery_meat.24785	Drop|Eat
item.cooked_oomlie_wrap.2343	Drop|Eat
item.cooked_pyre_fox.29137	Drop|Eat
item.cooked_rabbit.3228	Drop|Eat
item.cooked_slimy_eel.3381	Drop|Eat
item.cooked_sunlight_antelope.29140	Drop|Eat
item.cooked_sweetcorn.5988	Drop|Eat
item.cooked_t_bone_steak.33109	Drop|Eat
item.cooked_wild_kebbit.29128	Drop|Eat
item.cooking_apple.1955	Drop
item.cooking_cape.9801	Drop|Wear
item.cooking_gauntlets.775	Destroy|Drop|Wear
item.cooking_hood.9803	Drop|Wear
item.cormorant_s_glove.22816	Drop|Wear
item.cornflour.7463	Drop
item.cornflour_mixture.7470	Destroy|Drop|Empty
item.corpse_of_woman.4488	Bury|Drop
item.corrupted_helm.20838	Destroy|Drop|Wear
item.corrupted_kiteshield.20846	Destroy|Drop|Wear
item.corrupted_morrigan_s_coif_bh.27847	Drop|Uncharge|Wear
item.corrupted_morrigan_s_leather_body_bh.27848	Drop|Uncharge|Wear
item.corrupted_morrigan_s_leather_chaps_bh.27849	Drop|Uncharge|Wear
item.corrupted_platebody.20840	Destroy|Drop|Wear
item.corrupted_platelegs.20842	Destroy|Drop|Wear
item.corrupted_plateskirt.20844	Destroy|Drop|Wear
item.corrupted_statius_s_full_helm_bh.27844	Drop|Uncharge|Wear
item.corrupted_statius_s_platebody_bh.27845	Drop|Uncharge|Wear
item.corrupted_statius_s_platelegs_bh.27846	Drop|Uncharge|Wear
item.corrupted_vesta_s_chainbody_bh.27842	Drop|Uncharge|Wear
item.corrupted_vesta_s_plateskirt_bh.27843	Drop|Uncharge|Wear
item.corrupted_zuriel_s_hood_bh.27850	Drop|Uncharge|Wear
item.corrupted_zuriel_s_robe_bottom_bh.27852	Drop|Uncharge|Wear
item.corrupted_zuriel_s_robe_top_bh.27851	Drop|Uncharge|Wear
item.cosmic_talisman.1454	Drop|Locate
item.cosmic_tiara.5539	Drop|Wear
item.costume_needle.29920	Destroy|Drop
item.cotton_boll.31460	Drop
item.cotton_seed.31545	Drop
item.cotton_trawling_net.32223	Drop
item.cotton_yarn.31469	Drop
item.cow_slippers.33093	Drop|Swap|Wear
item.cowbell_amulet.33103	Charge|Check|Drop|Ring|Teleport|Uncharge|Wear
item.cowbells.10593	Drop|Play
item.cowhide.1739	Drop
item.crab_claw.7537	Drop|Wear
item.crab_helmet.7539	Drop|Wear
item.crab_paste.31708	Drop
item.crabclaw_hook.8929	Drop|Wear
item.crafting_cape.9780	Drop|Teleport|Wear
item.crafting_hood.9782	Drop|Wear
item.crate_of_adamantite_ore.32435	Drop
item.crate_of_alpaca_wool.32532	Drop
item.crate_of_arrowtips.32448	Drop
item.crate_of_barley.32548	Drop
item.crate_of_camphor_logs.32467	Drop
item.crate_of_crystal_seeds.32437	Drop
item.crate_of_dragonhide.32795	Drop
item.crate_of_feathers.32484	Drop
item.crate_of_flax.32565	Drop
item.crate_of_gold_bars.32480	Drop
item.crate_of_gold_ore.32453	Drop
item.crate_of_granite.32537	Drop
item.crate_of_herbs.32621	Drop
item.crate_of_iron_bars.32471	Drop
item.crate_of_iron_ore.32553	Drop
item.crate_of_lead_ore.32442	Drop
item.crate_of_leather.32785	Drop
item.crate_of_logs.32539	Drop
item.crate_of_mahogany_logs.32541	Drop
item.crate_of_mithril_ore.32701	Drop
item.crate_of_nickel_ore.32444	Drop
item.crate_of_ores.32509	Drop
item.crate_of_pickaxes.32543	Drop
item.crate_of_planks.32544	Drop
item.crate_of_redwood_logs.32744	Drop
item.crate_of_rope.32562	Drop
item.crate_of_sand.32461	Drop
item.crate_of_sandstone.32475	Drop
item.crate_of_seeds.32496	Drop
item.crate_of_silver_ore.32476	Drop
item.crate_of_steel_bars.32777	Drop
item.crate_of_suqah_hides.32545	Drop
item.crate_of_teak_logs.32671	Drop
item.crate_of_warhammers.32546	Drop
item.crate_with_zanik.8871	Drop|Wield
item.craw_s_bow.22550	Check|Drop|Uncharge|Wield
item.craw_s_bow_u.22547	Dismantle|Drop|Wield
item.cream_boots.632	Drop|Wear
item.cream_hat.662	Drop|Wear
item.cream_robe_bottoms.652	Drop|Wear
item.cream_robe_top.642	Drop|Wear
item.crier_bell.20243	Drop|Ring|Wield
item.crier_coat.20240	Drop|Wear
item.crier_hat.12319	Drop|Wear
item.criminal_s_thread.1808	Drop
item.crimson_kisten.33631	Drop|Wield
item.crone_made_amulet.10500	Destroy|Drop|Wear
item.crossbow.837	Drop|Wield
item.crossbow_string.9438	Drop
item.crude_chair.8496	Drop
item.crunchy_tray.2165	Drop
item.crushed_infernal_shale.30848	Drop
item.crushed_nest.6693	Drop
item.crushed_superior_dragon_bones.21975	Drop
item.crystal_armour_seed.23956	Drop
item.crystal_axe.23673	Check|Drop|Revert|Wield
item.crystal_ball.8351	Drop
item.crystal_body.23975	Check|Drop|Revert|Wear
item.crystal_bow.23983	Check|Drop|Revert|Wield
item.crystal_chime.28577	Destroy|Drop|Ring
item.crystal_chime_seed.28575	Destroy|Drop
item.crystal_crown.23911	Drop|Wear
item.crystal_felling_axe.28220	Check|Drop|Revert|Wield
item.crystal_glider_s_hat.31760	Drop|Wear
item.crystal_glider_s_jacket.31762	Drop|Wear
item.crystal_glider_s_shoes.31766	Drop|Wear
item.crystal_glider_s_trousers.31764	Drop|Wear
item.crystal_grail.24000	Drop|Wield
item.crystal_halberd.23987	Check|Drop|Revert|Wield
item.crystal_harpoon.23762	Check|Drop|Revert|Wield
item.crystal_helm.23971	Check|Drop|Revert|Wear
item.crystal_key.989	Drop
item.crystal_legs.23979	Check|Drop|Revert|Wear
item.crystal_of_power.8353	Drop
item.crystal_paddlefish.25960	Drop|Eat
item.crystal_pendant.3208	Drop|Wear
item.crystal_pickaxe.23680	Check|Drop|Revert|Wield
item.crystal_saw.9625	Check|Destroy|Drop
item.crystal_saw_seed.9626	Destroy|Drop
item.crystal_seed.23808	Destroy|Drop|Inspect|Rub
item.crystal_seedling.23655	Drop
item.crystal_seedling_w.23657	Drop
item.crystal_shield.23991	Check|Drop|Revert|Wield
item.crystal_teleport_seed.6103	Drop
item.crystal_tool_seed.23953	Drop
item.crystal_weapon_seed.4207	Drop
item.crystallised_harpoonfish.25566	Drop
item.cup_of_hot_water.4460	Drop|Empty
item.cup_of_tea.712	Drink|Drop|Empty
item.cup_of_water.4458	Drop|Empty
item.cupric_ore_powder.5584	Drop
item.cupronickel_bar.32892	Drop
item.cured_yak_hide.10820	Drop
item.curry.2011	Drop|Eat
item.curry_leaf.5970	Drop
item.curry_sapling.5499	Drop
item.curry_seedling.5483	Drop
item.curry_seedling_w.5491	Drop
item.curry_tree_seed.5286	Drop
item.cursed_amulet_of_magic.29486	Drop|Wear
item.cursed_goblin_bow.11708	Drop|Wield
item.cursed_goblin_hammer.11707	Drop|Wield
item.cursed_goblin_staff.11709	Drop|Wield
item.curved_bone.10977	Bury|Drop
item.cutthroat_flag.8966	Drop|Wield
item.cyclops_head.19915	Drop|Wear
item.daddy_s_special_water_s_special_water.31865	Destroy|Drink|Drop
item.daeyalt_essence.24704	Drop
item.daeyalt_ore.9632	Destroy|Drop
item.dagannoth_bones.6729	Break-down|Bury|Drop
item.dagannoth_hide.6155	Drop
item.dagannoth_king_bonemeal.6728	Drop|Empty
item.dagon_hai_hat.24288	Drop|Wear
item.dagon_hai_robe_bottom.24294	Drop|Wear
item.dagon_hai_robe_top.24291	Drop|Wear
item.dagon_hai_robes_set.24333	Drop
item.damaged_book.3839	Check|Drop|Wield
item.damaged_monkey_tail.19665	Drop
item.damiana_tea.30981	Drink|Drop|Empty
item.damiana_water.30979	Drink|Drop|Empty
item.damp_planks.11031	Destroy|Drop
item.damp_tinderbox.4073	Drop
item.dareeyak_teleport.12777	Break|Configure|Drop
item.dark_bow.11235	Drop|Wield
item.dark_bow_bh.27853	Dismantle|Drop|Wield
item.dark_bow_tie.19970	Drop|Wear
item.dark_cavalier.2641	Drop|Wear
item.dark_crab.11936	Drop|Eat
item.dark_dagger.746	Drop|Investigate|Wield
item.dark_essence_block.13446	Drop
item.dark_essence_fragments.7938	Count|Drop
item.dark_fishing_bait.11940	Drop
item.dark_flippers.25557	Drop|Wear
item.dark_infinity_bottoms.12459	Dismantle|Drop|Wear
item.dark_infinity_colour_kit.12528	Drop
item.dark_infinity_hat.12457	Dismantle|Drop|Wear
item.dark_infinity_top.12458	Dismantle|Drop|Wear
item.dark_kebbit_fur.10115	Drop
item.dark_relic.21027	Commune|Destroy
item.dark_squall_hood.29566	Destroy|Drop|Wear
item.dark_squall_robe_bottom.29570	Destroy|Drop|Wear
item.dark_squall_robe_top.29568	Destroy|Drop|Wear
item.dark_trousers.19964	Drop|Wear
item.dark_tuxedo_cuffs.19961	Drop|Wear
item.dark_tuxedo_jacket.19958	Drop|Wear
item.dark_tuxedo_shoes.19967	Drop|Wear
item.darklight.6746	Drop|Wield
item.dashing_kebbit_fur.10127	Drop
item.dawnbringer.22516	Drop|Wield
item.death_talisman.1456	Drop|Locate
item.death_tiara.5547	Drop|Wear
item.decorative_armour.4069	Drop|Wear
item.decorative_boots.25163	Drop|Wear
item.decorative_full_helm.25165	Drop|Wear
item.decorative_helm.4071	Drop|Wear
item.decorative_shield.4072	Drop|Wear
item.decorative_sword.4068	Drop|Wield
item.deep_sea_apparatus.31296	Destroy|Drop|Inspect|Wear
item.deep_sea_helmet.31295	Destroy|Drop|Inspect|Wear
item.deerstalker.12540	Drop|Wear
item.defence_cape.9753	Drop|Toggle Effect|Toggle Respawn|Wear
item.defence_hood.9755	Drop|Wear
item.defender_icon.10558	Drop|Equip
item.defensive_shield.8856	Drop|Wield
item.delphinium_seed.6457	Destroy
item.demon_feet.23294	Drop|Wear
item.demon_tear.31111	Drop
item.demonic_sigil_mould.6747	Drop
item.demonic_tallow.30800	Drop
item.dense_essence_block.13445	Drop
item.desert_amulet_1.13133	Drop|Teleport|Wear
item.desert_amulet_2.13134	Drop|Teleport|Wear
item.desert_amulet_3.13135	Drop|Teleport|Wear
item.desert_amulet_4.13136	Drop|Kalphite cave|Nardah|Wear
item.desert_boots.1837	Drop|Wear
item.desert_camo_legs.10063	Drop|Wear
item.desert_camo_top.10061	Drop|Wear
item.desert_devil_fur.10123	Drop
item.desert_disguise.4611	Drop|Wear
item.desert_goat_horn.9735	Drop
item.desert_legs.6390	Drop|Wear
item.desert_lizard_bone.7902	Drop
item.desert_robe.1835	Drop|Wear
item.desert_robes.6386	Drop|Wear
item.desert_shirt.1833	Drop|Wear
item.desert_top.6384	Drop|Wear
item.devout_boots.22954	Dismantle|Drop|Wear
item.dexterous_prayer_scroll.21034	Drop|Read
item.dharok_s_armour_set.12877	Drop
item.dharok_s_greataxe.4718	Check|Drop|Wield
item.dharok_s_helm.4716	Check|Drop|Wear
item.dharok_s_platebody.4720	Check|Drop|Wear
item.dharok_s_platelegs.4722	Check|Drop|Wear
item.diabolic_worms.30773	Drop
item.diamond_amulet.1700	Drop|Wear
item.diamond_amulet_u.1681	Drop
item.diamond_bolt_tips.9192	Drop
item.diamond_bolts.9340	Drop|Wield
item.diamond_bolts_e.9243	Drop|Wield
item.diamond_bracelet.11092	Drop|Wear
item.diamond_dragon_bolts.21969	Drop|Wield
item.diamond_dragon_bolts_e.21946	Drop|Wield
item.diamond_sickle_b.33709	Cast Bloom|Drop|Wield
item.digsite_teleport.12403	Drop|Teleport
item.dinh_s_blazing_bulwark.28682	Drop|Kill Area|Revert|Wear|Wield
item.dinh_s_bulwark.21015	Drop|Wear
item.dinh_s_hammer.22761	Destroy|Inspect
item.dirty_arrowtips.31047	Clean|Drop
item.dirty_blast.7497	Drink|Drop
item.disk_of_returning.981	Activate|Blackout|Drop
item.divine_rune_pouch.27281	Destroy|Drop|Empty|Open|Revert
item.diving_apparatus.7535	Drop|Wear
item.dizana_s_max_cape.28902	Destroy|Drop|Empty|Open|Wear
item.dizana_s_max_hood.28904	Drop|Wear
item.dizana_s_quiver.28951	Drop|Empty|Open|Uncharge|Wear|Destroy
item.doctor_s_hat.6547	Destroy|Drop|Wear
item.dodgy_necklace.21143	Break|Check|Drop|Wear
item.doogle_leaves.1573	Drop
item.dorgesh_kaan_sphere.10972	Break|Drop
item.dorgeshuun_crossbow.8880	Drop|Wield
item.double_ammo_mould.27012	Drop
item.double_eye_patch.19727	Drop|Wear
item.draconic_visage.11286	Drop
item.dragon_2h_sword.7158	Drop|Wield
item.dragon_2h_sword_cr.28051	Dismantle|Drop|Wield
item.dragon_armour_set_lg.21882	Drop
item.dragon_armour_set_sk.21885	Drop
item.dragon_arrow.11212	Drop|Wield
item.dragon_arrowtips.11237	Drop
item.dragon_axe.6739	Drop|Wield
item.dragon_battleaxe.1377	Drop|Wield
item.dragon_battleaxe_cr.28037	Dismantle|Drop|Wield
item.dragon_bitter.1911	Drink|Drop
item.dragon_bitter_m.5745	Drink|Drop
item.dragon_bolts.21905	Drop|Wield
item.dragon_bolts_unf.21930	Drop
item.dragon_bonemeal.4261	Drop|Empty
item.dragon_bones.536	Bury|Drop
item.dragon_boots.11840	Drop|Wear
item.dragon_boots_cr.28055	Dismantle|Drop|Wear
item.dragon_boots_ornament_kit.22231	Drop
item.dragon_cane.12373	Drop|Wield
item.dragon_cannon_barrel.32115	Drop
item.dragon_cannonball.31916	Drop
item.dragon_chainbody.2513	Drop|Wear
item.dragon_chainbody_cr.28065	Dismantle|Drop|Wear
item.dragon_chainbody_ornament_kit.12534	Drop
item.dragon_chainshot_cannonball.31930	Drop
item.dragon_claws.13652	Drop|Wield
item.dragon_claws_cr.28039	Dismantle|Drop|Wield
item.dragon_crossbow.21902	Drop|Wield
item.dragon_crossbow_cr.28053	Dismantle|Drop|Wield
item.dragon_crossbow_u.21921	Drop
item.dragon_dagger.1215	Drop|Wield
item.dragon_dagger_cr.28019	Dismantle|Drop|Wield
item.dragon_dagger_p_cr.28021	Dismantle|Drop|Wield
item.dragon_dagger_p_cr.28023	Dismantle|Drop|Wield
item.dragon_dagger_p_cr.28025	Dismantle|Drop|Wield
item.dragon_dart.11230	Drop|Wield
item.dragon_dart_tip.11232	Drop
item.dragon_defender.12954	Drop|Wield
item.dragon_defender_ornament_kit.20143	Drop
item.dragon_felling_axe.28217	Drop|Wield
item.dragon_fire_arrow.11217	Drop|Wield
item.dragon_full_helm.11335	Drop|Wear
item.dragon_full_helm_ornament_kit.12538	Drop
item.dragon_gloves.7461	Drop|Wear
item.dragon_halberd.3204	Drop|Wield
item.dragon_halberd_cr.28049	Dismantle|Drop|Wield
item.dragon_harpoon.21028	Drop|Wield
item.dragon_hasta.22731	Drop|Wield
item.dragon_hunter_crossbow.21012	Drop|Wield
item.dragon_hunter_crossbow_b.25918	Dismantle|Drop|Wield
item.dragon_hunter_lance.22978	Drop|Wield
item.dragon_hunter_wand.30070	Drop|Wield
item.dragon_impling_jar.11256	Destroy|Drop|Loot
item.dragon_incendiary_cannonball.31944	Drop
item.dragon_javelin.19484	Drop|Wield
item.dragon_javelin_tips.19582	Drop
item.dragon_keel_parts.32017	Drop
item.dragon_kiteshield.21895	Drop|Wield
item.dragon_kiteshield_ornament_kit.22239	Drop
item.dragon_knife.22804	Drop|Wield
item.dragon_legs_skirt_ornament_kit.12536	Drop
item.dragon_limbs.21918	Drop
item.dragon_longsword.1305	Drop|Wield
item.dragon_longsword_bh.27859	Dismantle|Drop|Wield
item.dragon_longsword_cr.28033	Dismantle|Drop|Wield
item.dragon_mace.1434	Drop|Wield
item.dragon_mace_bh.27857	Dismantle|Drop|Wield
item.dragon_mace_cr.28027	Dismantle|Drop|Wield
item.dragon_med_helm.1149	Drop|Wear
item.dragon_med_helm_cr.28057	Dismantle|Drop|Wear
item.dragon_metal_lump.22103	Drop
item.dragon_metal_shard.22097	Drop
item.dragon_metal_sheet.31996	Drop
item.dragon_metal_slice.22100	Drop
item.dragon_nails.31406	Drop
item.dragon_necklace.1664	Drop|Wear
item.dragon_pickaxe.11920	Drop|Revert|Wield
item.dragon_pickaxe_upgrade_kit.12800	Drop
item.dragon_platebody.21892	Drop|Wear
item.dragon_platebody_ornament_kit.22236	Drop
item.dragon_platelegs.4087	Drop|Wear
item.dragon_platelegs_cr.28061	Dismantle|Drop|Wear
item.dragon_plateskirt.4585	Drop|Wear
item.dragon_plateskirt_cr.28063	Dismantle|Drop|Wear
item.dragon_scale_dust.241	Drop
item.dragon_scimitar.4587	Drop|Wield
item.dragon_scimitar_cr.28031	Dismantle|Drop|Wield
item.dragon_scimitar_ornament_kit.20002	Drop
item.dragon_spear.1249	Drop|Wield
item.dragon_spear_cr.28041	Dismantle|Drop|Wield
item.dragon_spear_p_cr.28043	Dismantle|Drop|Wield
item.dragon_spear_p_cr.28045	Dismantle|Drop|Wield
item.dragon_spear_p_cr.28047	Dismantle|Drop|Wield
item.dragon_sq_shield.1187	Drop|Wield
item.dragon_sq_shield_cr.28059	Dismantle|Drop|Wield
item.dragon_sq_shield_ornament_kit.12532	Drop
item.dragon_staff_of_collection.30611	Create-book|Drop|Wield
item.dragon_sword.21009	Drop|Wield
item.dragon_sword_cr.28029	Dismantle|Drop|Wield
item.dragon_thrownaxe.20849	Drop|Wield
item.dragon_token.7478	Destroy|Drop|Rub
item.dragon_warhammer.13576	Drop|Wield
item.dragon_warhammer_cr.28035	Dismantle|Drop|Wield
item.dragon_warhammer_ornament_kit.26709	Drop
item.dragonbone_necklace.22111	Drop|Wear
item.dragonfire_shield.11283	Drop|Empty|Inspect|Wield
item.dragonfire_ward.22002	Drop|Empty|Inspect|Wield
item.dragonfruit.22929	Drop|Eat
item.dragonfruit_pie.22795	Drop|Eat
item.dragonfruit_sapling.22866	Drop
item.dragonfruit_seedling.22862	Drop
item.dragonfruit_seedling_w.22864	Drop
item.dragonfruit_tree_seed.22877	Drop
item.dragonstone.1615	Drop
item.dragonstone_amulet.1702	Drop|Wear
item.dragonstone_amulet_u.1683	Drop
item.dragonstone_armour_set.23667	Drop
item.dragonstone_bolt_tips.9193	Drop
item.dragonstone_bolts.9341	Drop|Wield
item.dragonstone_bolts_e.9244	Drop|Wield
item.dragonstone_boots.24043	Drop|Wear
item.dragonstone_bracelet.11115	Drop|Wear
item.dragonstone_dragon_bolts.21971	Drop|Wield
item.dragonstone_dragon_bolts_e.21948	Drop|Wield
item.dragonstone_full_helm.24034	Drop|Wear
item.dragonstone_gauntlets.24046	Drop|Wear
item.dragonstone_platebody.24037	Drop|Wear
item.dragonstone_platelegs.24040	Drop|Wear
item.dragonstone_ring.1645	Drop|Wear
item.drakan_s_medallion.22400	Drop|Teleport|Wear
item.drake.23041	Drop
item.drake_bonemeal.22756	Drop|Empty
item.drake_bones.22783	Bury|Drop
item.drake_s_claw.22957	Drop
item.drake_s_tooth.22960	Drop
item.dramen_staff.772	Drop|Wield
item.draynor_manor_teleport.19615	Break|Drop
item.dream_log.9067	Drop
item.dreamy_lamp.11157	Destroy|Drop|Rub
item.drift_net.21652	Drop
item.druid_pouch.2957	Drop|Fill
item.druid_s_robe.538	Drop|Wear
item.druid_s_robe_top.540	Drop|Wear
item.drunk_dragon.2092	Drink|Drop|Empty
item.dual_macuahuitl.28997	Drop|Wield
item.dual_sai.23206	Drop|Wield
item.dull_knife.32865	Destroy|Inspect
item.dust.30328	Drop
item.dust_battlestaff.20736	Drop|Wield
item.dust_rune.4696	Drop
item.dusty_lamp.28132	Destroy|Rub
item.dwarf_cannon_set.12863	Drop
item.dwarf_weed.267	Drop
item.dwarf_weed_potion_unf.109	Drop|Empty
item.dwarf_weed_seed.5303	Drop
item.dwarven_battleaxe.5056	Drop|Wield
item.dwarven_helmet.11200	Drop|Wear
item.dwarven_rock_cake.7509	Drop|Eat|Guzzle
item.dwarven_stout.1913	Drink|Drop
item.dwarven_stout_m.5747	Drink|Drop
item.dwellberries.2126	Drop|Eat
item.dwellberry_seed.5103	Drop
item.dynamite.13573	Drop|Empty
item.dynamite_pot.13572	Drop|Empty
item.eagle_cape.10171	Drop|Wear
item.eagle_feather.10167	Drop
item.earmuffs.4166	Drop|Wear
item.earth_battlestaff.1399	Drop|Wield
item.earth_impling_jar.11244	Destroy|Drop|Loot
item.earth_orb.575	Drop
item.earth_talisman.1440	Drop|Locate
item.earth_tiara.5535	Drop|Wear
item.earthbound_tecpatl.30957	Drop|Wield
item.echo_boots.28945	Check|Drop|Revert|Toggle-activity|Wear
item.echo_crystal.28942	Drop
item.echo_pearl.31946	Drop|Inspect
item.eclectic_impling_jar.11248	Destroy|Drop|Loot
item.eclipse_atlatl.29000	Drop|Wield
item.eclipse_moon_armour_set.31142	Drop
item.eclipse_moon_chestplate.29004	Check|Drop|Wear
item.eclipse_moon_helm.29010	Check|Drop|Wear
item.eclipse_moon_tassets.29007	Check|Drop|Wear
item.eclipse_red.29415	Drink|Drop
item.ectophial.4251	Drop|Empty
item.edible_seaweed.403	Drop|Eat
item.eel_sushi.10971	Drop|Eat
item.efaritay_s_aid.21140	Break|Check|Drop|Wear
item.efh_salt.22595	Drop
item.egg.1944	Drop|Interact|Wield
item.egg_and_tomato.7064	Drop|Eat
item.egg_mould.21252	Drop
item.egg_potato.7056	Drop|Eat
item.egg_whisk.7435	Drop|Wield
item.elder_4.20916	Drink|Drop
item.elder_4.20924	Drink|Drop
item.elder_chaos_hood.20595	Drop|Wear
item.elder_chaos_robe.20520	Drop|Wear
item.elder_chaos_top.20517	Drop|Wear
item.elder_maul.21003	Drop|Wield
item.eldritch_nightmare_staff.24425	Dismantle|Drop|Wield
item.eldritch_orb.24517	Drop
item.elemental_helmet.9729	Drop|Equip
item.elemental_ore.2892	Drop
item.elemental_shield.2890	Drop|Wield
item.elemental_sphere.8352	Drop
item.elemental_talisman.5516	Drop|Locate
item.elemental_tiara.26804	Drop|Wear
item.elf_quest_lamp.28552	Destroy|Rub
item.elidinis_ward.25985	Drop|Wield
item.elidinis_ward_f.27251	Dismantle|Drop|Wield
item.elite_black_full_helm.29560	Drop|Wear
item.elite_black_platebody.29562	Drop|Wear
item.elite_black_platelegs.29564	Drop|Wear
item.elite_calamity_breeches.26759	Drop|Wear
item.elite_calamity_chest.26753	Drop|Wear
item.elite_void_robe.13073	Drop|Wear
item.elite_void_top.13072	Drop|Wear
item.elkhorn_coral.31481	Drop
item.elkhorn_frag.31511	Drop
item.elkhorn_potion_unf.31662	Drop|Empty
item.elven_boots.24003	Drop|Wear
item.elven_dawn.23948	Drink|Drop
item.elven_gloves.24006	Drop|Wear
item.elven_legwear.24024	Drop|Wear
item.elven_signet.23943	Drop|Wear
item.elven_skirt.24012	Drop|Wear
item.elven_top.24009	Drop|Wear
item.elysian_sigil.12819	Drop
item.elysian_spirit_shield.12817	Drop|Wield
item.emberlight.29589	Drop|Revert|Wield
item.emerald_amulet.1696	Drop|Wear
item.emerald_amulet_u.1677	Drop
item.emerald_bolt_tips.9190	Drop
item.emerald_bolts.9338	Drop|Wield
item.emerald_bolts_e.9241	Drop|Wield
item.emerald_bracelet.11076	Drop|Wear
item.emerald_dragon_bolts.21965	Drop|Wield
item.emerald_dragon_bolts_e.21942	Drop|Wield
item.emerald_lantern.9064	Drop|Extinguish
item.emerald_sickle_b.22433	Cast Bloom|Drop|Wield
item.emissary_hood.29868	Destroy|Drop|Wear
item.emissary_robe_bottom.29872	Destroy|Drop|Wear
item.emissary_robe_top.29870	Destroy|Drop|Wear
item.emissary_sandals.29874	Destroy|Drop|Wear
item.empty_candle_lantern.4527	Drop
item.empty_cup.1980	Drop
item.empty_fishbowl.6667	Drop
item.empty_oil_lamp.4525	Drop
item.empty_oil_lantern.4535	Drop
item.empty_plant_pot.5350	Drop
item.empty_sack.5418	Drop|Fill
item.enchant_diamond.8019	Drop|Info
item.enchant_dragonstone.8020	Drop|Info
item.enchant_emerald_or_jade.8017	Drop|Info
item.enchant_onyx.8021	Drop|Info
item.enchant_ruby_or_topaz.8018	Drop|Info
item.enchant_sapphire_or_opal.8016	Drop|Info
item.enchanted_bar.4007	Drop|Listen
item.enchanted_diamond_sickle_b.33711	Cast Bloom|Drop|Wield
item.enchanted_emerald_sickle_b.22435	Cast Bloom|Drop|Wield
item.enchanted_gem.4155	Activate|Check|Drop|Log|Partner
item.enchanted_hat.7400	Drop|Wear
item.enchanted_lyre.3690	Drop|Play|Equip
item.enchanted_lyre_i.23458	Drop|Equip|Play
item.enchanted_robe.7398	Drop|Wear
item.enchanted_ruby_sickle_b.24695	Cast Bloom|Drop|Wield
item.enchanted_symbol.21800	Activate|Destroy|Drop
item.enchanted_top.7399	Drop|Wear
item.enhanced_crystal_teleport_seed.23959	Drop
item.enhanced_crystal_weapon_seed.25859	Drop
item.enhanced_quetzal_whistle_blueprint.29253	Check|Craft|Drop
item.enriched_snapdragon_seed.29538	Destroy
item.ensouled_abyssal_head.13507	Drop
item.ensouled_aviansie_head.13504	Drop
item.ensouled_bear_head.13462	Drop
item.ensouled_bloodveld_head.13495	Drop
item.ensouled_chaos_druid_head.13471	Drop
item.ensouled_dagannoth_head.13492	Drop
item.ensouled_demon_head.13501	Drop
item.ensouled_dog_head.13468	Drop
item.ensouled_dragon_head.13510	Drop
item.ensouled_elf_head.13480	Drop
item.ensouled_giant_head.13474	Drop
item.ensouled_goblin_head.13447	Drop
item.ensouled_hellhound_head.26996	Drop
item.ensouled_horror_head.13486	Drop
item.ensouled_imp_head.13453	Drop
item.ensouled_kalphite_head.13489	Drop
item.ensouled_minotaur_head.13456	Drop
item.ensouled_monkey_head.13450	Drop
item.ensouled_ogre_head.13477	Drop
item.ensouled_scorpion_head.13459	Drop
item.ensouled_troll_head.13483	Drop
item.ensouled_tzhaar_head.13498	Drop
item.ensouled_unicorn_head.13465	Drop
item.ent_branch.31032	Drop
item.ent_seed.31018	Drop
item.equa_leaves.2128	Drop|Eat
item.equa_toad_s_legs.2154	Drop|Eat
item.escape_crystal.22517	Activate|Auto-afk|Configure|Drop|Teleport|Wear
item.essence_impling_jar.11246	Destroy|Drop|Loot
item.etched_araxyte_fang.33534	Drop
item.etched_elder_venator_fang.33636	Drop
item.eternal_boots.13235	Drop|Wear
item.eternal_crystal.13227	Drop
item.eternal_gem.21270	Activate|Check|Drop|Log|Partner
item.evil_chicken_feet.20433	Drop|Wear
item.evil_chicken_head.20439	Drop|Wear
item.evil_chicken_legs.20442	Drop|Wear
item.evil_chicken_wings.20436	Drop|Wear
item.excalibur.35	Drop|Wield
item.executioner_s_axe_head.28319	Drop|Inspect
item.expeditious_bracelet.21177	Break|Check|Drop|Wear
item.experiment_bone.7893	Drop
item.expert_mining_gloves.21392	Drop|Wear
item.explorer_backpack.12514	Drop|Wear
item.explorer_s_ring_1.13125	Alchemy|Check|Drop|Energy|Wear
item.explorer_s_ring_2.13126	Check|Drop|Functions|Teleport|Wear
item.explorer_s_ring_3.13127	Check|Drop|Functions|Teleport|Wear
item.explorer_s_ring_4.13128	Check|Drop|Functions|Teleport|Wear
item.explosive_barrel.33743	Destroy
item.exquisite_boots.5064	Drop|Wear
item.exquisite_clothes.5067	Drop|Wear
item.extended_anti_venom_4.29824	Drink|Drop|Empty
item.eye_of_ayak.31113	Check|Drop|Uncharge|Wield
item.eye_of_newt.221	Drop
item.facemask.4164	Drop|Wear
item.fake_beak.10172	Drop|Wear
item.fake_beard.4593	Drop
item.falador_shield_1.13117	Check|Drop|Recharge-prayer|Wear
item.falador_shield_2.13118	Check|Drop|Recharge-prayer|Wear
item.falador_shield_3.13119	Check|Drop|Recharge-prayer|Wear
item.falador_shield_4.13120	Check|Drop|Recharge-prayer|Wear
item.falador_teleport.8009	Break|Drop
item.falconer_s_glove.10023	Drop|Wear
item.fancier_boots.28672	Drop|Wear
item.fancy_boots.9005	Drop|Wear
item.fancy_hedge.8207	Drop
item.fancy_teak_dresser.8049	Drop
item.fancy_tiara.20008	Drop|Wear
item.fangs_of_venenatis.27670	Drop
item.farmer_s_boots.13644	Drop|Wear
item.farmer_s_boro_trousers.13640	Drop|Wear
item.farmer_s_jacket.13642	Drop|Wear
item.farmer_s_shirt.13643	Drop|Wear
item.farmer_s_strawhat.13646	Drop|Wear
item.farming_cape.9810	Drop|Teleport|Wear
item.farming_hood.9812	Drop|Wear
item.farseer_helm.3755	Drop|Wear
item.fat_snail.3367	Drop
item.fat_snail_meat.3373	Drop|Eat
item.fayrg_bonemeal.4853	Drop|Empty
item.fayrg_bones.4830	Bury|Drop
item.feather.314	Drop
item.feather_pack.11881	Drop|Open
item.feathered_journal.10179	Drop|Read
item.fedora.11990	Drop|Wear
item.feldip_hills_teleport.12404	Drop|Teleport
item.feldip_weasel_fur.10119	Drop
item.felling_axe_handle.28177	Drop
item.fenkenstrain_s_castle_teleport.19621	Break|Drop
item.ferocious_gloves.22981	Drop|Wear
item.ferret.10092	Drop|Release
item.fez.6382	Drop|Wear
item.fibula_piece.6167	Drop
item.field_arrow.22228	Drop|Wield
item.field_ration.7934	Drop|Eat
item.fiendish_ashes.25766	Drop|Scatter
item.fighter_hat.10548	Drop|Wear
item.fighter_torso.10551	Drop|Wear
item.fighting_boots.9006	Drop|Wear
item.filled_plant_pot.5354	Drop
item.fillets.10969	Drop|Eat
item.fine_cloth.3470	Drop
item.fine_fish_offcuts.32307	Drop
item.fine_mesh_net.21865	Drop
item.fingernails.2384	Destroy|Drop
item.fingers.10965	Drop|Eat
item.fire_battlestaff.1393	Drop|Wield
item.fire_cape.6570	Drop|Wear
item.fire_element_staff_crown.30631	Drop
item.fire_feather.1583	Drop
item.fire_giant_bone.7872	Drop
item.fire_max_cape.13329	Drop|Wear
item.fire_max_hood.13330	Drop|Wear
item.fire_orb.569	Drop
item.fire_talisman.1442	Drop|Locate
item.fire_tiara.5537	Drop|Wear
item.firemaking_cape.9804	Drop|Wear
item.firemaking_hood.9806	Drop|Wear
item.fish_barrel.25582	Check|Destroy|Drop|Fill|Open
item.fish_crate_bluefin.32380	Drop|Empty
item.fish_crate_empty.32366	Drop
item.fish_crate_giant_krill.32368	Drop|Empty
item.fish_crate_haddock.32371	Drop|Empty
item.fish_crate_halibut.32377	Drop|Empty
item.fish_crate_marlin.32383	Drop|Empty
item.fish_crate_yellowfin.32374	Drop|Empty
item.fish_food.272	Drop
item.fish_offcuts.11334	Drop
item.fish_pie.7188	Drop|Eat
item.fish_sack.22838	Drop|Wear
item.fish_sack_barrel.25585	Configure|Destroy|Drop|Fill|Open|Wear
item.fishbowl.6668	Drop|Empty|Feed|Play-With|Talk-At
item.fishbowl_and_net.6673	Drop|Untangle
item.fishbowl_helmet.7534	Drop|Wear
item.fishing_bait.313	Drop
item.fishing_cape.9798	Drop|Fishing Guild|Otto's Grotto|Wear
item.fishing_explosive.6660	Drop
item.fishing_guild_teleport.24959	Break|Drop
item.fishing_hood.9800	Drop|Wear
item.fishing_rod.307	Drop
item.fishlike_thing.6202	Drop|Eat
item.five_barrels.8864	Drop
item.fixed_device.6082	Drop|Empty|Wield
item.fiyr_remains.3404	Drop
item.flamtaer_bag.12854	Check|Destroy|Drop|Empty|Fill
item.flamtaer_bracelet.21180	Break|Check|Drop|Wear
item.flamtaer_hammer.3678	Drop
item.flared_trousers.10394	Drop|Wear
item.flattened_hide.6171	Drop
item.flax.1779	Drop
item.flax_seed.31541	Drop
item.fletching_cape.9783	Drop|Search|Wear
item.fletching_hood.9785	Drop|Wear
item.fletching_knife.31043	Drop|Wield
item.flighted_ogre_arrow.2865	Drop
item.flippers.6666	Drop|Wear
item.fluffy_feathers.21248	Drop
item.fly_fishing_rod.309	Drop
item.forester_s_ration.28157	Drop
item.forestry_basket.28143	Configure|Destroy|Drop|Fill|View|Wear
item.forestry_boots.28175	Drop|Wear
item.forestry_hat.28173	Drop|Wear
item.forestry_kit.28136	Destroy|Drop|Fill|View|Wear
item.forestry_legs.28171	Drop|Wear
item.forestry_top.28169	Drop|Wear
item.fortis_ash_white.29961	Drink|Drop
item.four_barrels.8863	Drop
item.four_poster_bed.8586	Drop
item.fox.5608	Drop|Metamorphosis|Wear
item.fox_fur.29163	Drop
item.fremennik_beige_shirt.3771	Drop|Wear
item.fremennik_black_cloak.3789	Drop|Wear
item.fremennik_blade.3757	Drop|Wield
item.fremennik_blue_cloak.3763	Drop|Wear
item.fremennik_blue_shirt.3775	Drop|Wear
item.fremennik_boots.3791	Drop|Wear
item.fremennik_brown_cloak.3761	Drop|Wear
item.fremennik_brown_shirt.3767	Drop|Wear
item.fremennik_cyan_cloak.3759	Drop|Wear
item.fremennik_gloves.3799	Drop|Wear
item.fremennik_green_cloak.3765	Drop|Wear
item.fremennik_grey_cloak.3779	Drop|Wear
item.fremennik_grey_shirt.3769	Drop|Wear
item.fremennik_hat.3797	Drop|Wear
item.fremennik_helm.3748	Drop|Wear
item.fremennik_kilt.23246	Drop|Wear
item.fremennik_pink_cloak.3787	Drop|Wear
item.fremennik_purple_cloak.3785	Drop|Wear
item.fremennik_quest_lamp.28551	Destroy|Rub
item.fremennik_red_cloak.3777	Drop|Wear
item.fremennik_red_shirt.3773	Drop|Wear
item.fremennik_robe.3793	Drop|Wear
item.fremennik_sea_boots_1.13129	Drop|Teleport|Wear
item.fremennik_sea_boots_2.13130	Drop|Teleport|Wear
item.fremennik_sea_boots_3.13131	Drop|Teleport|Wear
item.fremennik_sea_boots_4.13132	Drop|Teleport|Wear
item.fremennik_shield.3758	Drop|Wield
item.fremennik_skirt.3795	Drop|Wear
item.fremennik_teal_cloak.3783	Drop|Wear
item.fremennik_yellow_cloak.3781	Drop|Wear
item.fresh_monkfish.7942	Drop|Eat
item.fried_mushrooms.7082	Drop|Eat
item.fried_onions.7084	Drop|Eat
item.frigatebird_feather.32825	Destroy
item.frog_leather_body.10954	Drop|Wear
item.frog_leather_boots.10958	Drop|Wear
item.frog_leather_chaps.10956	Drop|Wear
item.frog_mask.6188	Drop|Wear
item.frog_slippers.23288	Drop|Wear
item.frog_spawn.5004	Drop|Eat
item.frogburger.10962	Drop|Eat
item.frogspawn_gumbo.10961	Drop|Eat
item.frost_dragon_bonemeal.31335	Drop|Empty
item.frost_dragon_bones.31729	Bury|Drop
item.frozen_abyssal_whip.12774	Drop|Wield
item.frozen_tear.29895	Drop
item.frozen_whip_mix.12769	Drop
item.fruit_batta.2277	Drop|Eat
item.fruit_blast.2084	Drink|Drop|Empty
item.frying_pan.7441	Drop|Wield
item.funky_shaped_log.28138	Drop
item.fur.6814	Drop
item.fury_ornament_kit.12526	Drop
item.gadderhammer.7668	Drop|Wield
item.garden_pie.7178	Drop|Eat
item.gardening_boots.5345	Drop|Wear
item.gardening_trowel.5325	Drop
item.garlic.1550	Drop
item.garlic_powder.4668	Drop
item.gas_mask.1506	Drop|Wear
item.gauntlet_cape.23859	Destroy|Drop|Wear
item.gem_bag.766	Check|Destroy|Drop|Empty|Fill|Open
item.gem_pouch.33384	Check|Destroy|Drop|Empty|Fill|Open
item.gem_sack.33393	Check|Destroy|Drop|Empty|Fill|Open
item.gem_satchel.33387	Check|Destroy|Drop|Empty|Fill|Open
item.gem_tote.33390	Check|Destroy|Drop|Empty|Fill|Open
item.ghommal_s_avernic_defender_5.27550	Destinations|Dismantle|Drop|Wield
item.ghommal_s_avernic_defender_6.27552	Destinations|Dismantle|Drop|Wield
item.ghommal_s_hilt_1.25926	Drop|Trollheim|Wield
item.ghommal_s_hilt_2.25928	Drop|Trollheim|Wield
item.ghommal_s_hilt_3.25930	Drop|Trollheim|Wield
item.ghommal_s_hilt_4.25932	Drop|Mor Ul Rek|Trollheim|Wield
item.ghommal_s_hilt_5.25934	Drop|Mor Ul Rek|Trollheim|Wield
item.ghommal_s_hilt_6.25936	Drop|Mor Ul Rek|Trollheim|Wield
item.ghommal_s_lucky_penny.27544	Drop|Equip
item.ghorrock_teleport.12778	Break|Configure|Drop
item.ghost_buster_500.9906	Destroy|Empty|Wield
item.ghostly_boots.6106	Drop|Wear
item.ghostly_cloak.6111	Drop|Wear
item.ghostly_gloves.6110	Drop|Wear
item.ghostly_hood.6109	Drop|Wear
item.ghostly_robe.6107	Drop|Wear
item.ghostspeak_amulet.552	Drop|Wear
item.ghoul_bone.7881	Drop
item.ghrazi_rapier.22324	Drop|Wield
item.gianne_dough.2171	Drop
item.gianne_s_cook_book.2167	Drop|Read
item.giant_bones.30898	Drop
item.giant_boot.23252	Drop|Wear
item.giant_carp.337	Drop|Eat
item.giant_egg_sac_full.23517	Check-eggs|Cut-open|Drop
item.giant_frog_legs.4517	Drop|Eat
item.giant_krill.32312	Drop|Eat
item.giant_pouch.5514	Check|Drop|Empty|Fill
item.giant_rat_bone.7824	Drop
item.giant_seaweed.21504	Drop
item.giant_stopwatch.27414	Drop|Wield
item.giantsoul_amulet.30638	Check|Drop|Rub|Wear
item.gielinor_s_flora_herbs.23017	Drop|Read
item.gilded_2h_sword.20155	Drop|Wield
item.gilded_adventure_log.20624	Drop
item.gilded_armour_set_lg.13036	Drop
item.gilded_armour_set_sk.13038	Drop
item.gilded_axe.23279	Drop|Wield
item.gilded_bench.8114	Drop
item.gilded_boots.12391	Drop|Wear
item.gilded_cape_rack.9820	Drop
item.gilded_chainbody.20149	Drop|Wear
item.gilded_clock.8054	Drop
item.gilded_coif.23258	Drop|Wear
item.gilded_d_hide_body.23264	Drop|Wear
item.gilded_d_hide_chaps.23267	Drop|Wear
item.gilded_d_hide_vambraces.23261	Drop|Wear
item.gilded_dragonhide_set.23124	Drop
item.gilded_dresser.8051	Drop
item.gilded_four_poster.8588	Drop
item.gilded_full_helm.3486	Drop|Wear
item.gilded_hasta.20161	Drop|Wield
item.gilded_kiteshield.3488	Drop|Wear
item.gilded_magic_wardrobe.9857	Drop
item.gilded_med_helm.20146	Drop|Wear
item.gilded_pickaxe.23276	Drop|Wield
item.gilded_platebody.3481	Drop|Wear
item.gilded_platelegs.3483	Drop|Wear
item.gilded_plateskirt.3485	Drop|Wear
item.gilded_scimitar.12389	Drop|Wield
item.gilded_smile_flag.8967	Drop|Wield
item.gilded_spade.23282	Drop|Wield
item.gilded_spear.20158	Drop|Wield
item.gilded_sq_shield.20152	Drop|Wield
item.gilded_staff_of_collection.30613	Create-book|Drop|Wield
item.gilded_wardrobe.8044	Drop
item.gin.2019	Drink|Drop
item.giral_bat_2.20875	Drop|Eat
item.glacial_temotli.29889	Drop|Wield
item.glarial_s_amulet.295	Drop|Wear
item.glassblowing_book.11656	Drop|Read
item.glassblowing_pipe.1785	Drop
item.globetrotter_pendant.28765	Destroy|Drop|Jewellery|Last-destination|Nexus|Wear
item.gloves_of_darkness.20134	Drop|Wear
item.gloves_of_ruin.27434	Destroy|Drop|Wear
item.gloves_of_silence.10075	Check|Drop|Wear
item.glowing_dagger.747	Drop|Investigate|Wield
item.gnome_amulet.589	Drop|Wear
item.gnome_goggles.9472	Drop|Wear
item.gnome_quest_lamp.28553	Destroy|Rub
item.gnome_scarf.9470	Drop|Wear
item.gnome_spice.2169	Drop
item.gnomeball.751	Drop|Hold
item.gnomebowl_mould.2166	Drop
item.gnomish_firelighter.20275	Check|Drop|Uncharge
item.goat_dung.22590	Drop|Empty
item.goat_horn_dust.9736	Drop
item.goblin_book.10999	Drop|Read
item.goblin_mail.288	Drop|Wear
item.goblin_mask.12251	Drop|Wear
item.goblin_village_sphere.11060	Break|Drop
item.godsword_blade.11798	Drop
item.godsword_shard_1.11818	Drop
item.godsword_shard_2.11820	Drop
item.godsword_shard_3.11822	Drop
item.gold_amulet.1692	Drop|Wear
item.gold_amulet_u.1673	Drop
item.gold_bracelet.11068	Drop|Wear
item.gold_coffin.25467	Configure|Destroy|Drop|Empty|Fill|Wear
item.gold_elegant_blouse.12343	Drop|Wear
item.gold_elegant_legs.12349	Drop|Wear
item.gold_elegant_shirt.12347	Drop|Wear
item.gold_elegant_skirt.12345	Drop|Wear
item.gold_headband.12303	Drop|Wear
item.gold_helmet.4567	Drop|Wear
item.gold_leaf.4692	Drop
item.gold_locks.25454	Drop
item.gold_ore_fragment.21535	Drop
item.gold_satchel.10881	Drop|Empty|Inspect|Wear
item.gold_seal.9040	Drop
item.gold_tiara.26788	Drop|Wear
item.golden_apron.20208	Drop|Wear
item.golden_bowl.723	Drop|Empty
item.golden_chef_s_hat.20205	Drop|Wear
item.golden_feather.2950	Destroy|Drop
item.golden_hammer.2949	Drop
item.golden_needle.2951	Drop
item.golden_prospector_boots.25555	Drop|Wear
item.golden_prospector_helmet.25549	Drop|Wear
item.golden_prospector_jacket.25551	Drop|Wear
item.golden_prospector_legs.25553	Drop|Wear
item.golden_scarab.9028	Drop
item.golden_statuette.9034	Drop
item.golden_tench.22840	Drop|Wield
item.golden_tinderbox.2946	Drop
item.golden_wool.3694	Drop
item.goldsmith_gauntlets.776	Destroy|Drop|Wear
item.golovanova_fruit.13426	Drop|Eat
item.golovanova_fruit_top.19653	Drop
item.golovanova_seed.13423	Drop
item.golpar_seed.20906	Drop
item.gorgeous_orange_lily_seed.27038	Destroy
item.gorilla_bonemeal.4265	Drop|Empty
item.gorilla_bones.3181	Bury|Drop
item.gourmet_impling_jar.11242	Destroy|Drop|Loot
item.gout_tuber.6311	Drop|Eat
item.goutweed.3261	Drop
item.graahk_fur.10099	Drop
item.graahk_headdress.10051	Drop|Wear
item.graahk_legs.10047	Drop|Wear
item.graahk_top.10049	Drop|Wear
item.graceful_boots.11860	Dismantle|Drop|Wear
item.graceful_cape.11852	Dismantle|Drop|Wear
item.graceful_gloves.11858	Dismantle|Drop|Wear
item.graceful_hood.11850	Dismantle|Drop|Wear
item.graceful_legs.11856	Dismantle|Drop|Wear
item.graceful_top.11854	Dismantle|Drop|Wear
item.grail_bell.17	Drop|Ring
item.grain.1947	Drop|Wear
item.grand_seed_pod.9469	Drop|Launch|Squash
item.granite_2kg.6981	Drop
item.granite_500g.6979	Drop
item.granite_5kg.6983	Drop
item.granite_body.10564	Drop|Wear
item.granite_boots.21643	Drop|Wear
item.granite_cannonball.21728	Drop
item.granite_clamp.12849	Drop
item.granite_dust.21726	Drop
item.granite_gloves.21736	Drop|Wear
item.granite_hammer.21742	Drop|Wield
item.granite_helm.10589	Drop|Wear
item.granite_legs.6809	Drop|Wear
item.granite_longsword.21646	Drop|Wield
item.granite_maul.4153	Drop|Revert|Wield
item.granite_ring.21739	Drop|Wear
item.granite_ring_i.21752	Drop|Uncharge|Wear
item.granite_shield.3122	Drop|Wear
item.granite_tablet.28817	Destroy|Read
item.grape_barrel.30037	Check|Destroy
item.grape_seed.13657	Drop
item.grapes.1987	Drop
item.greater_demon_mask.20023	Drop|Wear
item.greater_siren.22835	Drop
item.green_banner.13328	Drop|Equip
item.green_boater.7323	Drop|Wear
item.green_boots.628	Drop|Wear
item.green_candy.24985	Drop|Eat
item.green_cape.1027	Drop|Wear
item.green_d_hide_body.1135	Drop|Wear
item.green_d_hide_chaps.1099	Drop|Wear
item.green_d_hide_shield.22275	Drop|Wield
item.green_d_hide_vambraces.1065	Drop|Wear
item.green_dark_bow_paint.12759	Drop
item.green_dragon_leather.1745	Drop
item.green_dragon_mask.12518	Drop|Wear
item.green_dragonhide.1753	Drop
item.green_dragonhide_set.12865	Drop
item.green_dye.1771	Drop
item.green_elegant_blouse.10432	Drop|Wear
item.green_elegant_legs.10414	Drop|Wear
item.green_elegant_shirt.10412	Drop|Wear
item.green_elegant_skirt.10434	Drop|Wear
item.green_firelighter.7330	Drop
item.green_gloop_soup.10960	Drop|Eat
item.green_goblin_mail.9057	Drop|Wear
item.green_hat.658	Drop|Wear
item.green_headband.12307	Drop|Wear
item.green_logs.7405	Drop
item.green_naval_shirt.8953	Drop|Wear
item.green_navy_slacks.8992	Drop|Wear
item.green_robe_bottoms.648	Drop|Wear
item.green_robe_top.638	Drop|Wear
item.green_satchel.10878	Drop|Empty|Inspect|Wear
item.green_slayer_helmet.19643	Check|Disassemble|Drop|Wear
item.green_slayer_helmet_i.19645	Check|Disassemble|Drop|Wear
item.green_spiky_vambraces.10079	Drop|Wear
item.green_tricorn_hat.8960	Drop|Wear
item.greenman_carving.31024	Drop
item.greenman_mask.31034	Change-style|Destroy|Drop|Wear
item.greenman_s_ale.1909	Drink|Drop
item.greenman_s_ale_m.5743	Drink|Drop
item.greenman_statue.31027	Drop
item.greenmans_ale_1.5787	Drink|Drop
item.greenmans_ale_m4.5873	Drink|Drop
item.grey_boots.2894	Drop|Wear
item.grey_gloves.2902	Drop|Wear
item.grey_hat.2900	Drop|Wear
item.grey_naval_shirt.8958	Drop|Wear
item.grey_navy_slacks.8997	Drop|Wear
item.grey_robe_bottoms.2898	Drop|Wear
item.grey_robe_top.2896	Drop|Wear
item.grey_toy_horsey.2526	Drop|Play-with
item.grey_tricorn_hat.8965	Drop|Wear
item.grey_wolf_fur.958	Drop
item.griffin_feather.11196	Destroy|Drop
item.grimy_ardrigal.1527	Clean|Drop
item.grimy_avantoe.211	Clean|Drop
item.grimy_buchu_leaf.20907	Clean|Drop
item.grimy_cadantine.215	Clean|Drop
item.grimy_dwarf_weed.217	Clean|Drop
item.grimy_golpar.20904	Clean|Drop
item.grimy_guam_leaf.199	Clean|Drop
item.grimy_harralander.205	Clean|Drop
item.grimy_huasca.30094	Clean|Drop
item.grimy_irit_leaf.209	Clean|Drop
item.grimy_kwuarm.213	Clean|Drop
item.grimy_lantadyme.2485	Clean|Drop
item.grimy_marrentill.201	Clean|Drop
item.grimy_note.29558	Destroy|Read
item.grimy_noxifer.20901	Clean|Drop
item.grimy_ranarr_weed.207	Clean|Drop
item.grimy_rogue_s_purse.1533	Clean|Drop
item.grimy_sito_foil.1529	Clean|Drop
item.grimy_snake_weed.1525	Clean|Drop
item.grimy_snapdragon.3051	Clean|Drop
item.grimy_tarromin.203	Clean|Drop
item.grimy_toadflax.3049	Clean|Drop
item.grimy_torstol.219	Clean|Drop
item.grimy_volencia_moss.1531	Clean|Drop
item.grog.1915	Drink|Drop
item.ground_bat_bones.2391	Drop
item.ground_guam.6681	Drop
item.group_ironman_bracers.26168	Destroy|Drop|Wear
item.group_ironman_bracers_unranked.27046	Destroy|Drop|Wear
item.group_ironman_helm.26156	Destroy|Drop|Teleport|Wear
item.group_ironman_helm_unranked.27042	Destroy|Drop|Teleport|Wear
item.group_ironman_platebody.26158	Destroy|Drop|Wear
item.group_ironman_platebody_unranked.27048	Destroy|Drop|Wear
item.group_ironman_platelegs.26166	Destroy|Drop|Wear
item.group_ironman_platelegs_unranked.27044	Destroy|Drop|Wear
item.grubby_key.23499	Destroy|Drop
item.grubs_la_mode.10966	Drop|Eat
item.gryphon_feather.31235	Drop
item.guam_leaf.249	Drop
item.guam_potion_unf.91	Drop|Empty
item.guam_seed.5291	Drop
item.guam_tar.10142	Drop|Wield
item.guanic_bat_0.20871	Drop|Eat
item.guardian_boots.21733	Drop|Wear
item.guardian_essence.26879	Drop
item.guild_hunter_boots.29269	Drop|Wear
item.guild_hunter_headwear.29263	Drop|Wear
item.guild_hunter_legs.29267	Drop|Wear
item.guild_hunter_top.29265	Drop|Wear
item.guthan_s_armour_set.12873	Drop
item.guthan_s_chainskirt.4730	Check|Drop|Wear
item.guthan_s_helm.4724	Check|Drop|Wear
item.guthan_s_platebody.4728	Check|Drop|Wear
item.guthan_s_warspear.4726	Check|Drop|Wield
item.guthix_armour_set_lg.13048	Drop
item.guthix_armour_set_sk.13050	Drop
item.guthix_balance_4.7660	Drop|Empty
item.guthix_balance_unf.7652	Drop|Empty
item.guthix_bracers.10376	Drop|Wear
item.guthix_cape.2413	Drop|Wear
item.guthix_chaps.10380	Drop|Wear
item.guthix_cloak.10448	Drop|Wear
item.guthix_coif.10382	Drop|Wear
item.guthix_crozier.10442	Drop|Wield
item.guthix_d_hide_body.10378	Drop|Wear
item.guthix_d_hide_boots.19927	Drop|Wear
item.guthix_d_hide_shield.23188	Drop|Wield
item.guthix_dragonhide_set.13165	Drop
item.guthix_full_helm.2673	Drop|Wear
item.guthix_halo.12639	Drop|Wear
item.guthix_kiteshield.2675	Drop|Wear
item.guthix_max_cape.13335	Drop|Wear
item.guthix_max_hood.13336	Drop|Wear
item.guthix_mitre.10454	Drop|Wear
item.guthix_mjolnir.6760	Drop|Wield
item.guthix_page_1.3835	Drop
item.guthix_page_2.3836	Drop
item.guthix_page_3.3837	Drop
item.guthix_page_4.3838	Drop
item.guthix_platebody.2669	Drop|Wear
item.guthix_platelegs.2671	Drop|Wear
item.guthix_plateskirt.3480	Drop|Wear
item.guthix_rest_4.4417	Drink|Drop|Empty
item.guthix_robe_legs.10466	Drop|Wear
item.guthix_robe_top.10462	Drop|Wear
item.guthix_staff.2416	Drop|Wield
item.guthix_stole.10472	Drop|Wear
item.guthixian_temple_teleport.29684	Drop|Teleport
item.haddock.32320	Drop|Eat
item.haddock_eye.32357	Drop
item.haemostatic_poultice.31587	Drop|Empty
item.hair.10814	Drop
item.half_a_botanical_pie.19659	Drop|Eat
item.half_a_dragonfruit_pie.22792	Drop|Eat
item.half_a_fish_pie.7190	Drop|Eat
item.half_a_garden_pie.7180	Drop|Eat
item.half_a_meat_pie.2331	Drop|Eat
item.half_a_mushroom_pie.21687	Drop|Eat
item.half_a_redberry_pie.2333	Drop|Eat
item.half_a_summer_pie.7220	Drop|Eat
item.half_a_wild_pie.7210	Drop|Eat
item.half_an_admiral_pie.7200	Drop|Eat
item.half_an_apple_pie.2335	Drop|Eat
item.half_full_wine_jug.1989	Drink|Drop
item.half_moon_spectacles.20053	Drop|Wear
item.halibut.32336	Drop|Eat
item.hallowed_crystal_shard.24709	Activate|Drop
item.hallowed_flail.33718	Bloom|Drop|Wield
item.hallowed_focus.24723	Drop|Wield
item.hallowed_grapple.24721	Drop|Wield
item.hallowed_hammer.24727	Drop|Wield
item.hallowed_ring.24731	Drop|Wear
item.hallowed_symbol.24725	Drop|Wear
item.hallowed_token.24719	Activate|Drop
item.ham_boots.4310	Drop|Wear
item.ham_cloak.4304	Drop|Wear
item.ham_gloves.4308	Drop|Wear
item.ham_hood.4302	Drop|Wear
item.ham_joint.23360	Drop|Wield
item.ham_logo.4306	Drop|Wear
item.ham_robe.4300	Drop|Wear
item.ham_shirt.4298	Drop|Wear
item.hammerhead_shark_jaw.32810	Destroy
item.hammerhead_shark_liver.32829	Destroy
item.hammerstone_hops.5994	Drop
item.hammerstone_seed.5307	Drop
item.hard_hat.10862	Destroy|Drop|Wear
item.hard_leather.1743	Drop
item.hard_leather_shield.22269	Drop|Wield
item.hardcore_group_ironman_bracers.26182	Destroy|Drop|Wear
item.hardcore_group_ironman_helm.26170	Destroy|Drop|Teleport|Wear
item.hardcore_group_ironman_platebody.26172	Destroy|Drop|Wear
item.hardcore_group_ironman_platelegs.26180	Destroy|Drop|Wear
item.hardcore_ironman_helm.20792	Destroy|Drop|Wear
item.hardcore_ironman_platebody.20794	Destroy|Drop|Wear
item.hardcore_ironman_platelegs.20796	Destroy|Drop|Wear
item.hardleather_gloves.7453	Drop|Wear
item.harmonised_nightmare_staff.24423	Dismantle|Drop|Wield
item.harmonised_orb.24511	Drop
item.harmony_island_teleport.19625	Break|Drop
item.harpoon.311	Drop
item.harpoonfish.25565	Drop
item.harralander.255	Drop
item.harralander_potion_unf.97	Drop|Empty
item.harralander_seed.5294	Drop
item.harralander_tar.10145	Drop|Wield
item.harry_s_cutlass.7141	Drop|Wield
item.hat_eyepatch.8928	Drop|Wear
item.hat_of_the_eye.26850	Check|Drop|Wear
item.hat_of_the_eye_blue.26870	Check|Drop|Revert|Wear
item.hat_of_the_eye_green.26864	Check|Drop|Revert|Wear
item.hat_of_the_eye_red.26858	Check|Drop|Revert|Wear
item.hazeel_s_mark.2406	Drop|Inspect|Wear
item.headless_arrow.53	Drop
item.headless_atlatl_dart.31010	Drop
item.healer_hat.10547	Drop|Wear
item.healer_icon.10559	Drop|Equip
item.heat_proof_vessel.21539	Check-level|Destroy|Throw-water|Throw-water direction|Wear
item.heavy_ballista.19481	Drop|Wield
item.heavy_casket.19941	Drop|Open|Wield
item.heavy_frame.19589	Drop
item.helm_of_neitiznot.10828	Drop|Wear
item.helm_of_raedwald.19687	Destroy|Drop|Wear
item.helmet_of_the_moon.30111	Drop|Wear
item.hemp.31457	Drop
item.hemp_seed.31543	Drop
item.hemp_trawling_net.32222	Drop
item.hemp_yarn.31466	Drop
item.herb_sack.13226	Check|Destroy|Drop|Empty|Fill|Open
item.herb_tea_mix.4464	Drop|Empty
item.herblore_cape.9774	Drop|Search|Wear
item.herblore_hood.9776	Drop|Wear
item.hespori_bark.25968	Destroy
item.hespori_seed.22875	Drop
item.highwayman_mask.2631	Drop|Wear
item.hill_giant_club.20756	Drop|Wield
item.hitpoints_cape.9768	Drop|Wear
item.hitpoints_hood.9770	Drop|Wear
item.holy_blessing.20220	Drop|Equip
item.holy_book.3840	Drop|Preach|Wield
item.holy_book_page_set.13149	Drop
item.holy_elixir.12833	Drop
item.holy_ghrazi_rapier.25734	Dismantle|Drop|Wield
item.holy_moleys.33002	Dismantle|Drop|Wear
item.holy_mould.1599	Drop
item.holy_sandals.12598	Drop|Wear
item.holy_sanguinesti_staff.25731	Charge|Check|Drop|Uncharge|Wield
item.holy_scythe_of_vitur.25736	Check|Drop|Uncharge|Wield
item.holy_symbol.1718	Drop|Wear
item.holy_water.732	Drop|Wield
item.holy_wraps.19997	Drop|Wear
item.holy_wrench.6714	Drop
item.honourable_blessing.20229	Drop|Equip
item.hood_of_darkness.20128	Drop|Wear
item.hood_of_ruin.27428	Destroy|Drop|Wear
item.hooded_slayer_helmet.33066	Check|Disassemble|Drop|Wear
item.hooded_slayer_helmet_i.33068	Check|Disassemble|Drop|Wear
item.hoop_snake.21624	Drop|Release|Roll
item.horizon_s_lure.31823	Destroy|Drink|Drop
item.horn_of_plenty.31241	Check|Drop|Toggle|Uncharge|Wield
item.hosidius_banner.20254	Drop|Wield
item.hosidius_hood.20116	Drop|Wear
item.hosidius_scarf.19946	Drop|Wear
item.hosidius_teleport.19651	Break|Drop|Revert
item.huasca.30097	Drop
item.huasca_potion_unf.30100	Drop|Empty
item.huasca_seed.30088	Drop
item.hueycoatl_hide.30085	Drop
item.hueycoatl_hide_armour_set.31169	Drop
item.hueycoatl_hide_body.30076	Drop|Wear
item.hueycoatl_hide_chaps.30079	Drop|Wear
item.hueycoatl_hide_coif.30073	Drop|Wear
item.hueycoatl_hide_vambraces.30082	Drop|Wear
item.human_bones.12839	Drop
item.hunter_cape.9948	Drop|Teleport|Wear
item.hunter_hood.9950	Drop|Wear
item.hunter_s_honour.12855	Destroy|Drop|Wear
item.hunter_s_spear.29305	Drop|Wield
item.hunter_spear_tips.29311	Drop
item.hunters_crossbow.10156	Drop|Wield
item.hunters_sunlight_crossbow.28869	Drop|Wield
item.hunters_talisman.3696	Drop|Locate
item.hunting_knife.20779	Destroy|Drop|Wield
item.huntsman_s_kit.29309	Destroy|Drop|Empty|Fill|View
item.hydra_bonemeal.22758	Drop|Empty
item.hydra_bones.22786	Bury|Drop
item.hydra_leather.22983	Drop|Inspect
item.hydra_s_claw.22966	Drop
item.hydra_slayer_helmet.23073	Check|Disassemble|Drop|Wear
item.hydra_slayer_helmet_i.23075	Check|Disassemble|Drop|Wear
item.hydra_tail.22988	Drop
item.iasor_seed.22883	Drop
item.iban_s_staff.1409	Check|Drop|Wield
item.iban_s_staff_o.33330	Check|Dismantle|Drop|Wield
item.iban_s_staff_u.12658	Check|Drop|Wield
item.iban_s_staff_u_o.33332	Check|Dismantle|Wield
item.ice_ancient_sceptre.25490	Dismantle|Drop|Wield
item.ice_arrows.78	Drop|Wield
item.ice_cooler.6696	Drop
item.ice_element_staff_crown.30628	Drop
item.ice_gloves.1580	Drop|Wear
item.ice_plateau_teleport.24963	Break|Configure|Drop
item.icthlarin_s_hood_tier_5.27267	Drop|Wear
item.icthlarin_s_shroud_tier_1.27257	Change|Drop|Wear
item.icthlarin_s_shroud_tier_2.27259	Change|Drop|Wear
item.icthlarin_s_shroud_tier_3.27261	Change|Drop|Wear
item.icthlarin_s_shroud_tier_4.27263	Change|Drop|Wear
item.icthlarin_s_shroud_tier_5.27265	Change|Drop|Wear
item.icy_basalt.22599	Drop|Weiss
item.imbued_barronite.28806	Destroy
item.imbued_guthix_cape.21793	Drop|Wear
item.imbued_guthix_max_cape.21784	Drop|Wear
item.imbued_guthix_max_hood.21786	Drop|Wear
item.imbued_heart.20724	Drop|Invigorate
item.imbued_saradomin_cape.21791	Drop|Wear
item.imbued_saradomin_max_cape.21776	Drop|Wear
item.imbued_saradomin_max_hood.21778	Drop|Wear
item.imbued_tephra.23907	Destroy|Wield
item.imbued_zamorak_cape.21795	Drop|Wear
item.imbued_zamorak_max_cape.21780	Drop|Wear
item.imbued_zamorak_max_hood.21782	Drop|Wear
item.imcando_hammer.25644	Drop|Swap|Wield
item.imcando_hammer_off_hand.29775	Drop|Swap|Wield
item.immature_tecu_salamander.28831	Drop|Release
item.imp_mask.12249	Drop|Wear
item.imp_repellent.11262	Drop|Empty
item.imperial_ros.29966	Drink|Drop
item.impling_jar.11260	Drop
item.incomplete_heavy_ballista.19598	Drop
item.incomplete_light_ballista.19595	Drop
item.infernal_ashes.25778	Drop|Scatter
item.infernal_axe.13241	Check|Drop|Wield
item.infernal_cape.21295	Drop|Wear
item.infernal_eel.21293	Drop|Eat
item.infernal_harpoon.21031	Check|Drop|Wield
item.infernal_max_cape.21284	Drop|Wear
item.infernal_max_hood.21282	Drop|Wear
item.infernal_pickaxe.13243	Check|Drop|Wield
item.infernal_plate.30864	Drop
item.infinite_money_bag.27440	Destroy|Drop|Take-from|Wear
item.infinity_boots.6920	Drop|Wear
item.infinity_bottoms.6924	Drop|Wear
item.infinity_gloves.6922	Drop|Wear
item.infinity_hat.6918	Drop|Wear
item.infinity_top.6916	Drop|Wear
item.infused_earth_talisman.28967	Destroy|Locate
item.infused_water_talisman.28966	Destroy|Locate
item.initiate_cuisse.5576	Drop|Wear
item.initiate_harness_m.9668	Drop|Unpack
item.initiate_hauberk.5575	Drop|Wear
item.initiate_sallet.5574	Drop|Wear
item.inky_paint.32093	Drop
item.inoculation_bracelet.11088	Drop|Wear
item.inquisitor_s_armour_set.24488	Drop
item.inquisitor_s_great_helm.24419	Drop|Wear
item.inquisitor_s_hauberk.24420	Drop|Wear
item.inquisitor_s_mace.24417	Drop|Wield
item.inquisitor_s_plateskirt.24421	Drop|Wear
item.insect_repellent.28	Drop
item.insulated_boots.7159	Drop|Wear
item.inversion_potion.23806	Destroy|Drink|Drop
item.iorwerth_camp_teleport.12410	Drop|Teleport
item.irit_leaf.259	Drop
item.irit_potion_unf.101	Drop|Empty
item.irit_seed.5297	Drop
item.irit_tar.28837	Drop|Wield
item.iron_arrowtips.40	Drop
item.iron_axe.1349	Drop|Wield
item.iron_battleaxe.1363	Drop|Wield
item.iron_bolts.9140	Drop|Wield
item.iron_bolts_unf.9377	Drop
item.iron_boots.4121	Drop|Wear
item.iron_brutal.4778	Drop|Wield
item.iron_cannonball.31908	Drop
item.iron_chainshot_cannonball.31920	Drop
item.iron_claws.3096	Drop|Wear
item.iron_crossbow_u.9457	Drop
item.iron_dart.807	Drop|Wield
item.iron_dart_tip.820	Drop
item.iron_defender.8845	Drop|Wield
item.iron_dragon_mask.12365	Drop|Wear
item.iron_felling_axe.28199	Drop|Wield
item.iron_fire_arrow.2532	Drop|Wield
item.iron_gloves.7455	Drop|Wear
item.iron_gold_trimmed_set_lg.12980	Drop
item.iron_gold_trimmed_set_sk.12982	Drop
item.iron_halberd.3192	Drop|Wield
item.iron_hasta.11369	Drop|Wield
item.iron_incendiary_cannonball.31934	Drop
item.iron_javelin.826	Drop|Wield
item.iron_javelin_tips.19572	Drop
item.iron_keel_parts.32002	Drop
item.iron_knife.863	Drop|Wield
item.iron_limbs.9423	Drop
item.iron_mace.1420	Drop|Wield
item.iron_nails.4820	Drop
item.iron_ore_fragment.21532	Drop
item.iron_pickaxe.1267	Drop|Wield
item.iron_plateskirt.1081	Drop|Wear
item.iron_set_lg.12972	Drop
item.iron_set_sk.12974	Drop
item.iron_sickle.3899	Drop|Wield
item.iron_spear.1239	Drop|Wield
item.iron_spit.7225	Drop
item.iron_sq_shield.1175	Drop|Wield
item.iron_staff_of_collection.30599	Create-book|Drop|Wield
item.iron_thrownaxe.801	Drop|Wield
item.iron_trimmed_set_lg.12976	Drop
item.iron_trimmed_set_sk.12978	Drop
item.iron_warhammer.1335	Drop|Wield
item.ironman_helm.12810	Destroy|Drop|Wear
item.ironman_platebody.12811	Destroy|Drop|Wear
item.ironman_platelegs.12812	Destroy|Drop|Wear
item.ironwood_blowpipe.31579	Check|Drop|Unload|Wield
item.ironwood_hull_parts.32056	Drop
item.ironwood_logs.32907	Drop
item.ironwood_plank.31435	Drop
item.ironwood_pyre_logs.31386	Drop
item.ironwood_repair_kit.31979	Apply|Drop
item.ironwood_sapling.31505	Drop
item.ironwood_seed.31549	Drop
item.ironwood_seedling.31492	Drop
item.ironwood_seedling_w.31498	Drop
item.ivandis_flail.22398	Bloom|Drop|Wield
item.ivory_comb.9026	Drop
item.ixcoztic_white.29952	Drink|Drop
item.jackal_bone.7914	Drop
item.jade.1611	Drop
item.jade_amulet.21111	Drop|Wear
item.jade_amulet_u.21102	Drop
item.jade_bolt_tips.9187	Drop
item.jade_bolts.9335	Drop|Wield
item.jade_bolts_e.9237	Drop|Wield
item.jade_bracelet.21120	Drop|Wear
item.jade_dragon_bolts.21957	Drop|Wield
item.jade_dragon_bolts_e.21934	Drop|Wield
item.jade_machete.6315	Drop|Wield
item.jade_necklace.21093	Drop|Wear
item.jade_ring.21084	Drop|Wear
item.jaguar_fur.29218	Drop
item.jaguar_mask.29932	Destroy|Drop|Wear
item.jangerberries.247	Drop|Eat
item.jangerberry_seed.5104	Drop
item.jar_of_chemicals.23064	Drop
item.jar_of_congealed_blood.33819	Drop|Eat
item.jar_of_darkness.19701	Drop|View
item.jar_of_decay.22106	Drop
item.jar_of_dirt.12007	Drop
item.jar_of_dreams.24495	Drop
item.jar_of_eyes.23525	Drop
item.jar_of_feathers.32921	Drop
item.jar_of_miasma.13277	Drop
item.jar_of_sand.12885	Drop
item.jar_of_smoke.25524	Drop
item.jar_of_souls.13245	Drop
item.jar_of_spirits.25521	Drop
item.jar_of_stone.21745	Drop
item.jar_of_swamp.12936	Drop|Open
item.jatoba_logs.32902	Drop
item.javelin_shaft.19584	Drop
item.jerboa_tail.29166	Drop
item.jester_cape.23297	Drop|Wear
item.jester_hat.6858	Destroy|Drop|Wear
item.jester_scarf.6859	Destroy|Drop|Wear
item.jogre_bone.7845	Drop
item.jogre_bonemeal.4271	Drop|Empty
item.jogre_bones.3125	Bury|Drop
item.jug_of_bad_wine.1991	Drink|Drop
item.jug_of_vinegar.7810	Drop|Empty
item.jug_of_water.1937	Drop|Empty
item.jug_of_wine.1993	Drink|Drop
item.jumbo_squid.31564	Drop|Eat
item.jungle_camo_legs.10059	Drop|Wear
item.jungle_camo_top.10057	Drop|Wear
item.jungle_demon_mask.20032	Drop|Wear
item.juniper_logs.13355	Drop
item.justiciar_armour_set.22438	Drop
item.justiciar_chestguard.22327	Drop|Wear
item.justiciar_faceguard.22326	Drop|Wear
item.justiciar_legguards.22328	Drop|Wear
item.jute_fibre.5931	Drop
item.jute_seed.5306	Drop
item.kandarin_headgear_1.13137	Drop|Wear
item.kandarin_headgear_2.13138	Drop|Wear
item.kandarin_headgear_3.13139	Drop|Teleport|Wear
item.kandarin_headgear_4.13140	Drop|Teleport|Wear
item.karambwan_vessel.3157	Drop
item.karamja_gloves_1.11136	Drop|Wear
item.karamja_gloves_2.11138	Drop|Wear
item.karamja_gloves_3.11140	Drop|Gem Mine|Wear
item.karamja_gloves_4.13103	Drop|Gem Mine|Slayer Master|Wear
item.karamjan_monkey.24862	Lap-count|Release|Transform|Wear
item.karamjan_rum.431	Drink|Drop
item.karidian_disguise.4595	Drop
item.karil_s_armour_set.12883	Drop
item.karil_s_coif.4732	Check|Drop|Wear
item.karil_s_crossbow.4734	Check|Drop|Wield
item.karil_s_leatherskirt.4738	Check|Drop|Wear
item.karil_s_leathertop.4736	Check|Drop|Wear
item.katana.12357	Drop|Wield
item.kebab.1971	Drop|Eat
item.kebab_mix.1881	Drop
item.kebbit_bolts.10158	Drop|Wield
item.kebbit_claws.10113	Drop
item.kebbit_spike.10105	Drop
item.kebbit_teeth.10109	Drop
item.kebbit_teeth_dust.10111	Drop
item.keg_of_beer.3711	Drink|Drop
item.kelda_seed.6112	Destroy|Drop
item.kelda_stout.6118	Destroy|Drink|Drop
item.keris.10581	Destroy|Drop|Wield
item.keris_partisan.25979	Drop|Wield
item.keris_partisan_of_amascut.30891	Dismantle|Drop|Wield
item.keris_partisan_of_breaching.25981	Dismantle|Drop|Wield
item.keris_partisan_of_corruption.27287	Dismantle|Drop|Wield
item.keris_partisan_of_the_sun.27291	Dismantle|Drop|Wield
item.key_master_teleport.13249	Drop|Teleport
item.kharedst_s_memoirs.21760	Check|Destroy|Drop|Read|Reminisce|Wield
item.kharidian_headpiece.4591	Drop
item.kharyrll_teleport.12779	Break|Drop
item.khazard_armour.75	Drop|Wear
item.khazard_helmet.74	Drop|Wear
item.khazard_teleport.24957	Break|Drop
item.killer_s_knife.20781	Drop|Wield
item.king_worm.2162	Drop|Eat
item.kitchen_knife.7447	Drop|Wield
item.kitchen_table.8528	Drop
item.klank_s_gauntlets.1495	Drop|Wear
item.knife_blade.30965	Destroy
item.kodai_4.20940	Drink|Drop
item.kodai_4.20948	Drink|Drop
item.kodai_insignia.21043	Drop|Inspect
item.kodai_wand.21006	Drop|Wield
item.korbal_herb.28384	Destroy
item.koriff_s_coif.26741	Drop|Wear
item.koriff_s_cowl.26739	Drop|Wear
item.koriff_s_headband.26737	Drop|Wear
item.kourend_castle_teleport.28790	Break|Drop
item.kovac_s_grog.27014	Drink|Drop
item.kraken_colada.31258	Drink|Drop
item.kraken_ink_stout.31814	Destroy|Drink|Drop
item.kraken_tentacle.12004	Drop
item.krandorian_hops.6000	Drop
item.krandorian_seed.5310	Drop
item.kronos_seed.22885	Drop
item.kruk_jr.24866	Lap-count|Release|Transform|Wear
item.kryket_bat_4.20879	Drop|Eat
item.kuhu_essence.30962	Destroy
item.kwuarm.263	Drop
item.kwuarm_potion_unf.105	Drop|Empty
item.kwuarm_seed.5299	Drop
item.kyatt_fur.10103	Drop
item.kyatt_hat.10039	Drop|Wear
item.kyatt_legs.10035	Drop|Wear
item.kyatt_top.10037	Drop|Wear
item.kyren_fish_6.20868	Drop|Eat
item.lamp.2528	Destroy|Drop|Rub
item.lamp_of_knowledge.23516	Destroy|Rub
item.lamp_of_the_gatherer.24528	Destroy|Rub
item.lantadyme.2481	Drop
item.lantadyme_potion_unf.2483	Drop|Empty
item.lantadyme_seed.5302	Drop
item.lantern_lens.4542	Drop
item.large_adamant_keel_parts.32032	Drop
item.large_bronze_keel_parts.32020	Drop
item.large_camphor_hull_parts.32074	Drop
item.large_dragon_keel_parts.32038	Drop
item.large_enriched_bone.21551	Drop
item.large_fur_pouch.29303	Check|Destroy|Drop|Empty|Fill|Open|Close
item.large_iron_keel_parts.32023	Drop
item.large_ironwood_hull_parts.32077	Drop
item.large_mahogany_hull_parts.32071	Drop
item.large_meat_pouch.29297	Check|Destroy|Drop|Empty|Fill|Open|Close
item.large_mithril_keel_parts.32029	Drop
item.large_oak_bed.8033	Drop
item.large_oak_hull_parts.32065	Drop
item.large_pouch.5512	Check|Destroy|Drop|Empty|Fill
item.large_rosewood_hull_parts.32080	Drop
item.large_rune_keel_parts.32035	Drop
item.large_spade.20164	Dig|Drop|Wield
item.large_steel_keel_parts.32026	Drop
item.large_teak_bed.8035	Drop
item.large_teak_hull_parts.32068	Drop
item.large_wooden_hull_parts.32062	Drop
item.large_zombie_monkey_bonemeal.4269	Drop|Empty
item.large_zombie_monkey_bones.3186	Bury|Drop
item.larran_s_key.23490	Drop
item.larupia_fur.10095	Drop
item.larupia_hat.10045	Drop|Wear
item.larupia_legs.10041	Drop|Wear
item.larupia_top.10043	Drop|Wear
item.lassar_teleport.12780	Break|Drop
item.lava_battlestaff.3053	Drop|Revert|Wield
item.lava_dragon_bonemeal.11922	Drop|Empty
item.lava_dragon_bones.11943	Bury|Drop
item.lava_dragon_mask.12371	Drop|Wear
item.lava_eel.2149	Drop|Eat
item.lava_rune.4699	Drop
item.lava_scale.11992	Drop
item.lava_scale_shard.11994	Drop
item.lava_staff_upgrade_kit.21202	Drop
item.law_talisman.1458	Destroy|Drop|Locate
item.law_tiara.5545	Destroy|Drop|Wear
item.lead_bar.32889	Drop
item.lead_ore.31716	Drop
item.leaf_bladed_battleaxe.20727	Drop|Wield
item.leaf_bladed_spear.4158	Drop|Wield
item.leaf_bladed_sword.11902	Drop|Wield
item.lean_snail.3365	Drop
item.lean_snail_meat.3371	Drop|Eat
item.leaping_salmon.11330	Drop
item.leaping_sturgeon.11332	Drop
item.leaping_trout.11328	Drop
item.leather.1741	Drop
item.leather_cowl.1167	Drop|Wear
item.leather_shields_flyer.22287	Drop|Read
item.leather_vambraces.1063	Drop|Wear
item.leaves.6020	Drop
item.leckish_fish_2.20860	Drop|Eat
item.lederhosen_hat.6182	Drop|Wear
item.lederhosen_shorts.6181	Drop|Wear
item.lederhosen_top.6180	Drop|Wear
item.leechfin.33621	Drop|Eat
item.left_boot.5062	Drop|Wear
item.left_eye_patch.19724	Drop|Wear
item.legendary_red_rose_seed.27037	Destroy
item.lemon.2102	Drop|Eat
item.lemon_chunks.2104	Drop|Eat
item.lemon_slices.2106	Drop|Eat
item.lens_mould.602	Destroy|Drop
item.leprechaun_hat.12359	Drop|Wear
item.lesser_demon_mask.20020	Drop|Wear
item.letvek.33625	Drop
item.light_ballista.19478	Drop|Wield
item.light_beer.27561	Drink|Drop
item.light_bow_tie.19985	Drop|Wear
item.light_frame.19586	Drop
item.light_infinity_bottoms.12421	Dismantle|Drop|Wear
item.light_infinity_colour_kit.12530	Drop
item.light_infinity_hat.12419	Dismantle|Drop|Wear
item.light_infinity_top.12420	Dismantle|Drop|Wear
item.light_orb.10973	Drop
item.light_trousers.19979	Drop|Wear
item.light_tuxedo_cuffs.19976	Drop|Wear
item.light_tuxedo_jacket.19973	Drop|Wear
item.light_tuxedo_shoes.19982	Drop|Wear
item.lightbearer.25975	Drop|Wear
item.lily_of_the_sands.27272	Drop
item.lime.2120	Drop|Eat
item.lime_chunks.2122	Drop|Eat
item.lime_slices.2124	Drop|Eat
item.limestone.3211	Drop
item.limestone_altar.8066	Drop
item.limestone_brick.3420	Drop
item.limpwurt_root.225	Drop
item.limpwurt_seed.5100	Drop
item.linen.4684	Drop
item.linen_trawling_net.32221	Drop
item.linen_yarn.31463	Drop
item.lit_black_candle.32	Drop|Extinguish
item.lit_bug_lantern.7053	Drop|Extinguish|Wield
item.lit_candle.33	Drop|Extinguish
item.lit_torch.594	Drop|Extinguish
item.lizardkicker.25826	Drink|Drop
item.lizardman_fang.13391	Drop
item.loach.10970	Drop|Eat
item.loar_remains.3396	Drop
item.lobster_pot.301	Drop
item.locating_crystal.611	Activate|Drop
item.lockpick.1523	Destroy|Drop
item.locust_meat.9052	Drop|Eat
item.log_basket.28140	Check|Destroy|Drop|Fill|Open|Wear
item.log_brace.28146	Drop
item.logavano_fruit.13428	Drop|Eat
item.logavano_seed.13425	Drop
item.logs_and_kindling.21869	Drop
item.long_bone.10976	Bury|Drop
item.long_kebbit_bolts.10159	Drop|Wield
item.long_kebbit_spike.10107	Drop
item.long_rope.24790	Drop
item.longbow_u.48	Drop
item.loop_half_of_key.987	Destroy|Drop
item.looting_bag_note.24585	Drop|Read
item.lost_bag.26912	Destroy|Drop|Inspect|Revert|Wear
item.lovakengj_banner.20257	Drop|Wield
item.lovakengj_hood.20119	Drop|Wear
item.lovakengj_scarf.19949	Drop|Wear
item.lovakite_bar.13354	Drop
item.lovakite_ore.13356	Drop
item.lucky_cutlass.7140	Drop|Wield
item.lucky_shot_flag.8969	Drop|Wield
item.lumberjack_boots.10933	Drop|Wear
item.lumberjack_hat.10941	Drop|Wear
item.lumberjack_legs.10940	Drop|Wear
item.lumberjack_top.10939	Drop|Wear
item.lumberyard_teleport.12642	Drop|Teleport
item.lumbridge_teleport.8008	Break|Drop
item.lunar_amulet.9102	Destroy|Drop|Wear
item.lunar_bar.9077	Destroy|Drop
item.lunar_boots.9100	Destroy|Drop|Wear
item.lunar_cape.9101	Destroy|Drop|Wear
item.lunar_gloves.9099	Destroy|Drop|Wear
item.lunar_helm.9096	Destroy|Drop|Wear
item.lunar_isle_teleport.12405	Drop|Teleport
item.lunar_legs.9098	Destroy|Drop|Wear
item.lunar_ore.9076	Destroy|Drop
item.lunar_ring.9104	Destroy|Drop|Wear
item.lunar_staff.9084	Destroy|Drop|Wield
item.lunar_staff_pt1.9091	Destroy|Drop|Wield
item.lunar_staff_pt2.9092	Destroy|Drop|Wield
item.lunar_staff_pt3.9093	Destroy|Drop|Wield
item.lunar_torso.9097	Destroy|Drop|Wear
item.lyre.3689	Drop|Equip|Play
item.m_amulet_mould.4020	Drop
item.m_speak_amulet.4021	Drop|Wear
item.m_treasure_chest.9864	Drop
item.machete.975	Drop|Wield
item.mackerel.355	Drop|Eat
item.mage_s_book.6889	Drop|Wield
item.magic_bird_house.22201	Drop
item.magic_box.10025	Activate|Drop
item.magic_butterfly_net.11259	Check totals|Destroy|Drop|Wield
item.magic_cape.9762	Check|Drop|Spellbook|Wear
item.magic_cape_rack.9848	Drop
item.magic_comp_bow.10284	Drop|Wield
item.magic_essence_4.9021	Drink|Drop|Empty
item.magic_essence_unf.9019	Drop|Empty
item.magic_fang.12932	Dismantle|Drop
item.magic_glue.9592	Drop|Empty
item.magic_gold_feather.18	Blow-on|Drop
item.magic_hood.9764	Drop|Wear
item.magic_lamp.33117	Destroy|Rub
item.magic_lamp_magic.28590	Destroy|Rub
item.magic_lamp_slayer.28588	Destroy|Rub
item.magic_lamp_strength.28587	Destroy|Rub
item.magic_lamp_thieving.28589	Destroy|Rub
item.magic_lantern.28426	Destroy|Equip
item.magic_leaves.6030	Drop
item.magic_logs.1513	Drop
item.magic_longbow.859	Drop|Wield
item.magic_longbow_u.70	Drop
item.magic_pyre_logs.3448	Drop
item.magic_roots.6051	Drop
item.magic_sapling.5374	Drop
item.magic_secateurs.7409	Drop|Wield
item.magic_seed.5316	Drop
item.magic_seedling.5362	Drop
item.magic_seedling_w.5368	Drop
item.magic_shield.22263	Drop|Wield
item.magic_shortbow.861	Drop|Wield
item.magic_shortbow_i.12788	Drop|Wield
item.magic_shortbow_scroll.12786	Drop
item.magic_shortbow_u.72	Drop
item.magic_staff.1389	Drop|Wield
item.magic_stock.21952	Drop
item.magic_stone.4703	Drop
item.magic_string.6038	Drop
item.magic_whistle.16	Blow|Drop
item.magical_cleaning_potion.26278	Destroy|Drink|Drop
item.magical_orb.6950	Activate|Destroy|Drop
item.magma_helm.13199	Check|Drop|Restore|Uncharge|Wear
item.magpie_impling_jar.11252	Destroy|Drop|Loot
item.magus_ring.25486	Drop|Wear
item.mahjarrat_1_quest_lamp.28554	Destroy|Rub
item.mahogany_adventure_log.20623	Drop
item.mahogany_armchair.8315	Drop
item.mahogany_armour_case.9828	Drop
item.mahogany_bench.8113	Drop
item.mahogany_bird_house.22195	Drop
item.mahogany_bookcase.8321	Drop
item.mahogany_cape_rack.9819	Drop
item.mahogany_dresser.8050	Drop
item.mahogany_fancy_dress_box.9867	Drop
item.mahogany_hull_parts.32050	Drop
item.mahogany_logs.6332	Drop
item.mahogany_magic_wardrobe.9856	Drop
item.mahogany_plank.8782	Drop
item.mahogany_pyre_logs.6213	Drop
item.mahogany_repair_kit.31973	Apply|Drop
item.mahogany_sapling.21480	Drop
item.mahogany_seed.21488	Drop
item.mahogany_seedling.21471	Drop
item.mahogany_seedling_w.21475	Drop
item.mahogany_stock.9450	Drop
item.mahogany_table.8120	Drop
item.mahogany_toy_box.9838	Drop
item.mahogany_wardrobe.8043	Drop
item.malediction_shard_1.11931	Drop
item.malediction_shard_2.11932	Drop
item.malediction_shard_3.11933	Drop
item.malediction_ward.11924	Drop|Revert|Wield
item.malicious_ashes.25772	Drop|Scatter
item.mallignum_root_plank.21036	Drop
item.mangled_bones.11337	Destroy|Drop
item.maniacal_monkey.24864	Lap-count|Release|Transform|Wear
item.manta_ray.391	Drop|Eat
item.maoma_s_full_helm.26745	Drop|Wear
item.maoma_s_great_helm.26747	Drop|Wear
item.maoma_s_med_helm.26743	Drop|Wear
item.maple_bird_house.22192	Drop
item.maple_blackjack.6416	Drop|Wield
item.maple_blackjack_d.6420	Drop|Wield
item.maple_blackjack_o.6418	Drop|Wield
item.maple_leaves.6028	Drop
item.maple_logs.1517	Drop
item.maple_longbow_u.62	Drop
item.maple_pyre_logs.3444	Drop
item.maple_roots.6047	Drop
item.maple_sapling.5372	Drop
item.maple_seed.5314	Drop
item.maple_seedling.5360	Drop
item.maple_seedling_w.5366	Drop
item.maple_shield.22257	Drop|Wield
item.maple_shortbow_u.64	Drop
item.maple_stock.9448	Drop
item.marble_adventure_log.20625	Drop
item.marble_block.8786	Drop
item.marble_cape_rack.9821	Drop
item.marble_magic_wardrobe.9858	Drop
item.marigold_seed.5096	Drop
item.marigolds.6010	Drop
item.marinated_j_bones.3130	Bury|Drop
item.marlin.32352	Drop|Eat
item.marlin_scales.32362	Drop
item.marrentill.251	Drop
item.marrentill_potion_unf.93	Drop|Empty
item.marrentill_seed.5292	Drop
item.marrentill_tar.10143	Drop|Wield
item.mask_of_ranul.23522	Drop|Wear
item.mask_of_rebirth.27370	Destroy|Drop|Wear
item.masori_armour_set_f.27355	Drop
item.masori_assembler.27374	Commune|Dismantle|Drop|Wear
item.masori_assembler_max_cape.27363	Commune|Drop|Wear
item.masori_assembler_max_hood.27366	Drop|Wear
item.masori_body.27229	Drop|Wear
item.masori_body_f.27238	Drop|Wear
item.masori_chaps.27232	Drop|Wear
item.masori_chaps_f.27241	Drop|Wear
item.masori_mask.27226	Drop|Wear
item.masori_mask_f.27235	Drop|Wear
item.master_scroll_book.21389	Drop|Open|Remove default|Teleport
item.master_wand.6914	Drop|Wield
item.mature_cider.5765	Drink|Drop
item.mature_wmb.5741	Drink|Drop
item.max_cape.13280	Drop|Features|POH Portals|Spellbook|Teleports|Wear
item.max_hood.13281	Drop|Wear
item.meat_pie.2327	Drop|Eat
item.meat_pizza.2293	Drop|Eat
item.meat_tenderiser.7449	Drop|Wield
item.medallion_of_the_deep.32386	Destroy|Drop|Wear
item.medical_gown.430	Drop|Wear
item.medium_enriched_bone.21549	Drop
item.medium_fur_pouch.29301	Check|Destroy|Drop|Empty|Fill|Open|Close
item.medium_ninja_bonemeal.4264	Drop|Empty
item.medium_ninja_monkey_bones.3180	Bury|Drop
item.medium_pouch.5510	Check|Drop|Empty|Fill
item.menaphite_purple_hat.6392	Drop|Wear
item.menaphite_purple_kilt.6398	Drop|Wear
item.menaphite_purple_robe.6396	Drop|Wear
item.menaphite_purple_top.6394	Drop|Wear
item.menaphite_red_hat.6400	Drop|Wear
item.menaphite_red_kilt.6406	Drop|Wear
item.menaphite_red_robe.6404	Drop|Wear
item.menaphite_red_top.6402	Drop|Wear
item.menaphite_remedy_4.27202	Drink|Drop|Empty
item.merchant_s_paint.32110	Drop
item.merfolk_trident.21649	Channel|Check|Drop|Wield
item.metal_bar.10876	Drop
item.metal_feather.10174	Destroy|Drop
item.metal_spade.5586	Drop
item.metztonalli_white.29955	Drink|Drop
item.milk_sample.33128	Destroy|Drink|Drop
item.milky_mixture.7471	Destroy|Drop|Empty
item.mime_boots.3061	Drop|Wear
item.mime_gloves.3060	Drop|Wear
item.mime_legs.3059	Drop|Wear
item.mime_mask.3057	Drop|Wear
item.mime_top.3058	Drop|Wear
item.minced_meat.7070	Drop|Eat
item.mind_altar_teleport.19617	Break|Drop
item.mind_bomb_4.5801	Drink|Drop
item.mind_bomb_m4.5881	Drink|Drop
item.mind_helmet.9733	Drop|Equip
item.mind_shield.9731	Drop|Wield
item.mind_talisman.1448	Drop|Locate
item.mind_tiara.5529	Drop|Wear
item.mining_cape.9792	Drop|Wear
item.mining_gloves.21343	Drop|Wear
item.mining_helmet.5013	Drop|Extinguish|Wear
item.mining_hood.9794	Drop|Wear
item.mint_cake.9475	Drop|Eat
item.mirror_shield.4156	Drop|Wield
item.mist_battlestaff.20730	Drop|Wield
item.mist_rune.4695	Drop
item.mith_grapple.9418	Drop|Wield
item.mith_grapple_tip.9416	Drop
item.mithril_arrowtips.42	Drop
item.mithril_axe.1355	Drop|Wield
item.mithril_battleaxe.1369	Drop|Wield
item.mithril_bolts.9142	Drop|Wield
item.mithril_bolts_unf.9379	Drop
item.mithril_boots.4127	Drop|Wear
item.mithril_brutal.4793	Drop|Wield
item.mithril_cannonball.31910	Drop
item.mithril_chainshot_cannonball.31924	Drop
item.mithril_claws.3099	Drop|Wear
item.mithril_crossbow.9181	Drop|Wield
item.mithril_crossbow_u.9461	Drop
item.mithril_dart.809	Drop|Wield
item.mithril_dart_tip.822	Drop
item.mithril_defender.8848	Drop|Wield
item.mithril_dragon_mask.12369	Drop|Wear
item.mithril_felling_axe.28208	Drop|Wield
item.mithril_fire_arrow.2536	Drop|Wield
item.mithril_gloves.7458	Drop|Wear
item.mithril_gold_trimmed_set_lg.13008	Drop
item.mithril_gold_trimmed_set_sk.13010	Drop
item.mithril_halberd.3198	Drop|Wield
item.mithril_hasta.11373	Drop|Wield
item.mithril_incendiary_cannonball.31938	Drop
item.mithril_javelin.828	Drop|Wield
item.mithril_javelin_tips.19576	Drop
item.mithril_keel_parts.32008	Drop
item.mithril_knife.866	Drop|Wield
item.mithril_limbs.9427	Drop
item.mithril_med_helm.1143	Drop|Wear
item.mithril_nails.4822	Drop
item.mithril_ore_fragment.21536	Drop
item.mithril_pickaxe.1273	Drop|Wield
item.mithril_plateskirt.1085	Drop|Wear
item.mithril_seeds.299	Drop|Plant
item.mithril_set_lg.13000	Drop
item.mithril_set_sk.13002	Drop
item.mithril_spear.1243	Drop|Wield
item.mithril_staff_of_collection.30605	Create-book|Drop|Wield
item.mithril_thrownaxe.803	Drop|Wield
item.mithril_trimmed_set_lg.13004	Drop
item.mithril_trimmed_set_sk.13006	Drop
item.mithril_warhammer.1343	Drop|Wield
item.mixed_flowers.2472	Drop|Wield
item.mixed_hide_armour_set.31166	Drop
item.mixed_hide_base.29292	Drop
item.mixed_hide_boots.29286	Drop|Wear
item.mixed_hide_cape.29289	Drop|Wear
item.mixed_hide_legs.29283	Drop|Wear
item.mixed_hide_top.29280	Drop|Wear
item.mogre_bone.7851	Drop
item.mokhaiotl_waystone.31099	Channel|Drop
item.mole_claw.7416	Drop
item.mole_skin.7418	Drop
item.mole_slippers.23285	Drop|Wear
item.molten_glass.1775	Drop
item.monk_s_robe.542	Drop|Wear
item.monk_s_robe_top.544	Drop|Wear
item.monkey.4033	Drop|Lap-count|Poke|Release|Talk-To|Transform|Wear
item.monkey_bar.4014	Drop|Eat
item.monkey_bonemeal.4267	Drop|Empty
item.monkey_bones.3183	Bury|Drop
item.monkey_nuts.4012	Drop|Eat
item.monkey_tail.19610	Drop
item.monkfish.7946	Drop|Eat
item.monocle.12353	Drop|Wear
item.mooleta.33101	Drop|Wield
item.moon_lite.29418	Drink|Drop
item.moonclan_armour.9070	Drop|Wear
item.moonclan_boots.9073	Drop|Wear
item.moonclan_cape.9074	Drop|Wear
item.moonclan_gloves.9072	Drop|Wear
item.moonclan_hat.9069	Drop|Wear
item.moonclan_helm.9068	Drop|Wear
item.moonclan_skirt.9071	Drop|Wear
item.moonclan_teleport.24949	Break|Drop
item.moonlight_antelope_antler.29171	Drop
item.moonlight_antelope_fur.29174	Drop
item.moonlight_antler_bolts.28878	Drop|Wield
item.moonlight_mead.2955	Drink|Drop
item.moonlight_mead_m.5749	Drink|Drop
item.moonlight_moth.28864	Drop|Release
item.morrigan_s_coif.22638	Drop|Wear
item.morrigan_s_coif_bh.27836	Drop|Uncharge|Wear
item.morrigan_s_javelin.22636	Drop|Wield
item.morrigan_s_javelin_bh.27916	Drop|Uncharge|Wield
item.morrigan_s_leather_body.22641	Drop|Wear
item.morrigan_s_leather_body_bh.27837	Drop|Uncharge|Wear
item.morrigan_s_leather_chaps.22644	Drop|Wear
item.morrigan_s_leather_chaps_bh.27838	Drop|Uncharge|Wear
item.morrigan_s_throwing_axe.22634	Drop|Wield
item.morrigan_s_throwing_axe_bh.27912	Drop|Uncharge|Wield
item.mort_myre_fungus.2970	Drop
item.mort_myre_pear.2974	Drop
item.mort_myre_stem.2972	Drop
item.mort_ton_teleport.12406	Drop|Teleport
item.morytania_legs_1.13112	Drop|Ecto Teleport|Wear
item.morytania_legs_2.13113	Drop|Ecto Teleport|Wear
item.morytania_legs_3.13114	Burgh Teleport|Drop|Ecto Teleport|Wear
item.morytania_legs_4.13115	Burgh Teleport|Drop|Ecto Teleport|Wear
item.mos_le_harmless_teleport.12411	Drop|Teleport
item.moss_giant_bone.7869	Drop
item.mosschin_s_bone.26591	Bury|Destroy
item.mottled_eel.22832	Drop
item.mouldy_block.32864	Destroy|Inspect
item.mouldy_doll.32869	Destroy|Inspect
item.mouldy_sawdust.25286	Drop
item.mounted_harpoonfish.11578	Drop
item.mourner_boots.6069	Drop|Wear
item.mourner_cloak.6070	Drop|Wear
item.mourner_gloves.6068	Drop|Wear
item.mourner_top.6065	Drop|Wear
item.mourner_trousers.6067	Drop|Wear
item.mouse_toy.6541	Destroy|Drop|Wield
item.mouth_grip.4181	Drop|Wear
item.mud_battlestaff.6562	Drop|Wield
item.mud_pie.7170	Drop|Wield
item.mud_rune.4698	Drop
item.muddy_key.991	Drop
item.mudskipper_hat.6665	Drop|Wear
item.mudskipper_hide.7532	Drop
item.mulled_pine.27562	Drink|Drop
item.murng_bat_5.20881	Drop|Eat
item.mushroom.6004	Drop
item.mushroom_onion.7066	Drop|Eat
item.mushroom_pie.21690	Drop|Eat
item.mushroom_potato.7058	Drop|Eat
item.mushroom_spore.5282	Drop
item.mushrooms.10968	Drop|Eat
item.music_cape.13221	Drop|Teleport|Trim|Wear
item.music_hood.13223	Drop|Wear
item.musketeer_hat.12351	Drop|Wear
item.musketeer_pants.12443	Drop|Wear
item.musketeer_tabard.12441	Drop|Wear
item.mycil_fish_4.20864	Drop|Eat
item.myre_snelm.3327	Drop|Wear
item.mysterious_herb.22402	Destroy
item.mysterious_jerky.33802	Drop|Eat
item.mysterious_orb.21261	Activate|Destroy|Feel
item.mystery_fruit.31903	Destroy|Drop|Eat
item.mystic_air_staff.1405	Drop|Wield
item.mystic_boots.4097	Drop|Wear
item.mystic_boots_dark.4107	Drop|Wear
item.mystic_boots_dusk.23059	Drop|Wear
item.mystic_boots_light.4117	Drop|Wear
item.mystic_dust_staff.20739	Drop|Wield
item.mystic_earth_staff.1407	Drop|Wield
item.mystic_fire_staff.1401	Drop|Wield
item.mystic_gloves.4095	Drop|Wear
item.mystic_gloves_dark.4105	Drop|Wear
item.mystic_gloves_dusk.23056	Drop|Wear
item.mystic_gloves_light.4115	Drop|Wear
item.mystic_hat.4089	Drop|Wear
item.mystic_hat_dark.4099	Drop|Wear
item.mystic_hat_dusk.23047	Drop|Wear
item.mystic_hat_light.4109	Drop|Wear
item.mystic_jewel.5561	Activate|Drop
item.mystic_lava_staff.3054	Drop|Revert|Wield
item.mystic_mist_staff.20733	Drop|Wield
item.mystic_mud_staff.6563	Drop|Wield
item.mystic_robe_bottom.4093	Drop|Wear
item.mystic_robe_bottom_dark.4103	Drop|Wear
item.mystic_robe_bottom_dusk.23053	Drop|Wear
item.mystic_robe_bottom_light.4113	Drop|Wear
item.mystic_robe_top.4091	Drop|Wear
item.mystic_robe_top_dark.4101	Drop|Wear
item.mystic_robe_top_dusk.23050	Drop|Wear
item.mystic_robe_top_light.4111	Drop|Wear
item.mystic_set_blue.23113	Drop
item.mystic_set_dark.23116	Drop
item.mystic_set_dusk.23119	Drop
item.mystic_set_light.23110	Drop
item.mystic_smoke_staff.12000	Drop|Wield
item.mystic_steam_staff.11789	Drop|Revert|Wield
item.mystic_water_staff.1403	Drop|Wield
item.mythical_cape.21913	Drop|Teleport|Wear
item.mythical_max_cape.24855	Drop|Teleport|Wear
item.mythical_max_hood.24857	Drop|Wear
item.nail_beast_nails.10937	Drop
item.nardah_teleport.12402	Drop|Teleport
item.narwhal_horn.31954	Drop|Inspect
item.narwhal_horn_knife.31957	Drop
item.nasturtium_seed.5098	Drop
item.nasturtiums.6012	Drop
item.nature_impling_jar.11250	Destroy|Drop|Loot
item.nature_offerings.28152	Drop
item.nature_talisman.1462	Drop|Locate
item.nature_tiara.5541	Drop|Wear
item.navy_cavalier.12325	Drop|Wear
item.necklace_mould.1597	Drop
item.necklace_of_anguish.19547	Drop|Wear
item.necklace_of_faith.21157	Drop|Wear
item.necklace_of_passage_5.21146	Drop|Rub|Wear
item.necklace_of_rupture.33639	Drop|Wear
item.needle.1733	Drop
item.neitiznot_faceguard.24271	Dismantle|Drop|Wear
item.neitiznot_shield.10826	Drop|Wield
item.nettle_tea.4239	Drink|Drop|Empty
item.nettle_water.4237	Drink|Drop|Empty
item.new_crystal_bow.4212	Drop|Wield
item.new_crystal_bow_i.11748	Drop|Wield
item.new_crystal_halberd_full.13091	Drop|Wield
item.new_crystal_halberd_full_i.13080	Drop|Wield
item.new_crystal_shield.4224	Drop|Wield
item.new_crystal_shield_i.11759	Drop|Wield
item.nice_hedge.8204	Drop
item.nickel_ore.31719	Drop
item.nightmare_staff.24422	Drop|Wield
item.nightshade.27790	Drop|Eat
item.nihil_dust.26368	Drop
item.nihil_horn.26372	Drop
item.nihil_shard.26231	Drop
item.nimbleness_charm.30676	Drop|Inspect
item.ninja_impling_jar.11254	Destroy|Drop|Loot
item.noose_wand.10150	Drop|Wield
item.nose_peg.4168	Drop|Wear
item.noxifer_seed.20903	Drop
item.noxious_halberd.29796	Drop|Wield
item.numulite.21555	Drop
item.nunchaku.19918	Drop|Wield
item.nurse_hat.6548	Destroy|Drop|Wear
item.oak_armchair.8313	Drop
item.oak_armour_case.9826	Drop
item.oak_bed.8032	Drop
item.oak_bench.8109	Drop
item.oak_bird_house.21515	Drop
item.oak_blackjack.4599	Drop|Wield
item.oak_blackjack_d.6410	Drop|Wield
item.oak_blackjack_o.6408	Drop|Wield
item.oak_bookcase.8320	Drop
item.oak_cape_rack.9817	Drop
item.oak_chair.8312	Drop
item.oak_clock.8052	Drop
item.oak_dining_table.8116	Drop
item.oak_drawers.8039	Drop
item.oak_dresser.8047	Drop
item.oak_fancy_dress_box.9865	Drop
item.oak_hull_parts.32044	Drop
item.oak_kitchen_table.8247	Drop
item.oak_leaves.6022	Drop
item.oak_logs.1521	Drop
item.oak_longbow_u.56	Drop
item.oak_magic_wardrobe.9852	Drop
item.oak_plank.8778	Drop
item.oak_pyre_logs.3440	Drop
item.oak_repair_kit.31967	Apply|Drop
item.oak_roots.6043	Drop
item.oak_sapling.5370	Drop
item.oak_seedling.5358	Drop
item.oak_seedling_w.5364	Drop
item.oak_shaving_stand.8046	Drop
item.oak_shield.22251	Drop|Wield
item.oak_shortbow_u.54	Drop
item.oak_stock.9442	Drop
item.oak_toy_box.9836	Drop
item.oak_treasure_chest.9839	Drop
item.oak_wardrobe.8040	Drop
item.oathplate_armour_set.30744	Drop
item.oathplate_chest.30753	Drop|Wear
item.oathplate_helm.30750	Drop|Wear
item.oathplate_legs.30756	Drop|Wear
item.oathplate_shards.30765	Drop
item.oathplate_slayer_helmet.33338	Check|Disassemble|Drop|Wear
item.oathplate_slayer_helmet_i.33439	Check|Disassemble|Drop|Wear
item.obsidian_armour_set.21279	Drop
item.obsidian_cape.6568	Drop|Wear
item.obsidian_cape_r.20050	Drop|Wear
item.obsidian_helmet.21298	Drop|Wear
item.obsidian_platebody.21301	Drop|Wear
item.obsidian_platelegs.21304	Drop|Wear
item.occult_necklace.12002	Drop|Wear
item.occult_ornament_kit.20065	Drop
item.ochre_snelm.3331	Drop|Wear
item.odd_batta.2245	Drop|Eat
item.odd_bird_seed.10178	Drop
item.odd_cocktail.2094	Drink|Drop|Empty
item.odd_crunchies.2197	Drop|Eat
item.odd_gnomebowl.2173	Drop|Eat
item.odd_spectacles.26963	Drop|Wear
item.odium_shard_1.11928	Drop
item.odium_shard_2.11929	Drop
item.odium_shard_3.11930	Drop
item.odium_ward.11926	Drop|Revert|Wield
item.ogre_arrow.2866	Drop|Wield
item.ogre_arrow_shaft.2864	Drop
item.ogre_bow.2883	Check kills|Drop|Wield
item.ogre_coffin_key.4850	Drop
item.oil_lamp.4522	Drop|Extinguish
item.oil_lantern.4537	Drop|Extinguish
item.oil_lantern_frame.4540	Drop
item.oily_fishing_rod.1585	Drop
item.oily_pearl_fishing_rod.23122	Drop|Wield
item.old_demon_mask.20029	Drop|Wear
item.old_school_bond.13190	Deposit|Discard|Drop|Redeem
item.old_wool.27494	Drop
item.olive_oil_4.3422	Drop|Empty
item.one_barrel.8860	Drop
item.onion.1957	Drop|Eat
item.onion_seed.5319	Drop
item.onion_tomato.1875	Drop|Eat
item.onions_10.5458	Drop|Empty|Fill|Remove-one
item.onyx.6573	Drop
item.onyx_amulet.6581	Drop|Wear
item.onyx_amulet_u.6579	Drop
item.onyx_bolt_tips.9194	Drop
item.onyx_bolts.9342	Drop|Wield
item.onyx_bolts_e.9245	Drop|Wield
item.onyx_bracelet.11130	Drop|Wear
item.onyx_dragon_bolts.21973	Drop|Wield
item.onyx_dragon_bolts_e.21950	Drop|Wield
item.onyx_necklace.6577	Drop|Wear
item.onyx_ring.6575	Drop|Wear
item.opal.1609	Drop
item.opal_amulet.21108	Drop|Wear
item.opal_amulet_u.21099	Drop
item.opal_bolt_tips.45	Drop
item.opal_bolts.879	Drop|Wield
item.opal_bolts_e.9236	Drop|Wield
item.opal_bracelet.21117	Drop|Wear
item.opal_dragon_bolts.21955	Drop|Wield
item.opal_dragon_bolts_e.21932	Drop|Wield
item.opal_machete.6313	Drop|Wield
item.opal_necklace.21090	Drop|Wear
item.opal_ring.21081	Drop|Wear
item.open_black_coffin.25471	Configure|Destroy|Empty|Fill|Wear
item.open_bronze_coffin.25469	Configure|Destroy|Empty|Fill|Wear
item.open_coal_bag.24480	Check|Close|Destroy|Empty|Fill
item.open_fish_barrel.25584	Check|Close|Destroy|Fill
item.open_fish_sack_barrel.25587	Close|Configure|Destroy|Fill|Wear
item.open_forestry_basket.28145	Configure|Destroy|Fill|View|Wear
item.open_gem_bag.24481	Check|Close|Destroy|Empty|Fill
item.open_gem_pouch.33386	Check|Close|Destroy|Empty|Fill
item.open_gem_sack.33395	Check|Close|Destroy|Empty|Fill
item.open_gem_satchel.33389	Check|Close|Destroy|Empty|Fill
item.open_gem_tote.33392	Check|Close|Destroy|Empty|Fill
item.open_gold_coffin.25473	Configure|Destroy|Empty|Fill|Wear
item.open_herb_box.11739	Bank-all|Check|Drop|Take-one
item.open_herb_sack.24478	Check|Close|Destroy|Empty|Fill
item.open_log_basket.28142	Check|Close|Destroy|Fill|Wear
item.open_reagent_pouch.29998	Check|Close|Destroy|Empty|Fill
item.open_seed_box.24482	Check|Close|Destroy|Empty|Fill
item.open_silklined_herb_sack.33137	Check|Close|Destroy|Empty|Fill
item.open_silver_coffin.25472	Configure|Destroy|Empty|Fill|Wear
item.open_steel_coffin.25470	Configure|Destroy|Empty|Fill|Wear
item.opulent_table.8121	Drop
item.orange.2108	Drop|Eat|Wear
item.orange_boater.7321	Drop|Wear
item.orange_candy.24987	Drop|Eat
item.orange_cape.1031	Drop|Wear
item.orange_chunks.2110	Drop|Eat
item.orange_dye.1769	Drop
item.orange_feather.10091	Drop
item.orange_flowers.2470	Drop|Wield
item.orange_goblin_mail.286	Drop|Wear
item.orange_salamander.10146	Drop|Release|Wield
item.orange_sapling.5498	Drop
item.orange_seedling.5482	Drop
item.orange_seedling_w.5490	Drop
item.orange_slices.2112	Drop|Eat
item.orange_tree_seed.5285	Drop
item.oranges_1.5388	Drop|Empty|Fill|Remove-one
item.orchid_seed.6458	Destroy
item.orikalkum_gravel.33657	Drop
item.ornate_boots.23093	Destroy|Drop|Wear
item.ornate_cape.23099	Destroy|Drop|Wear
item.ornate_gloves.23091	Destroy|Drop|Wear
item.ornate_helm.23101	Destroy|Drop|Wear
item.ornate_knife.33740	Destroy
item.ornate_legs.23095	Destroy|Drop|Wear
item.ornate_maul_handle.24229	Drop
item.ornate_top.23097	Destroy|Drop|Wear
item.osman_s_report.26602	Destroy|Drop|Read
item.osmumten_s_fang.26219	Drop|Wield
item.osprey_feather.32824	Destroy
item.ourania_teleport.24951	Break|Drop
item.ourg_bonemeal.4855	Drop|Empty
item.ourg_bones.4834	Bury|Drop
item.oyster.407	Drop|Open
item.oyster_pearl.411	Drop
item.oyster_pearls.413	Drop
item.paddewwa_teleport.12781	Break|Drop
item.palm_sapling.5502	Drop
item.palm_seedling.5486	Drop
item.palm_seedling_w.5494	Drop
item.palm_tree_seed.5289	Drop
item.pantaloons.10396	Drop|Wear
item.papaya_fruit.5972	Drop|Eat
item.papaya_sapling.5501	Drop
item.papaya_seedling.5485	Drop
item.papaya_seedling_w.5493	Drop
item.papaya_tree_seed.5288	Drop
item.papyrus.970	Drop
item.pastry_dough.1953	Drop
item.pasty_jogre_bones.3128	Bury|Drop
item.pat_of_butter.6697	Drop
item.peaceful_blessing.20226	Drop|Equip
item.peach.6883	Drop|Eat
item.pearl_barbarian_rod.22842	Drop|Wield
item.pearl_bolt_tips.46	Drop
item.pearl_bolts.880	Drop|Wield
item.pearl_bolts_e.9238	Drop|Wield
item.pearl_dragon_bolts.21959	Drop|Wield
item.pearl_dragon_bolts_e.21936	Drop|Wield
item.pearl_fishing_rod.22846	Drop|Wield
item.pearl_fly_fishing_rod.22844	Drop|Wield
item.pegasian_boots.13237	Drop|Wear
item.pegasian_crystal.13229	Drop
item.penance_gloves.10553	Drop|Wear
item.penance_skirt.10555	Drop|Wear
item.pendant_of_ates.29893	Check|Drop|Rub|Uncharge|Wear
item.pendant_of_ates_inert.29892	Check|Dismantle|Drop|Wear
item.pendant_of_lucien.86	Drop|Wear
item.penguin_bongos.10592	Drop|Play
item.penguin_mask.12428	Drop|Wear
item.perfect_gold_bar.2365	Drop
item.perfect_gold_ore.446	Drop
item.perfect_necklace.774	Drop|Wear
item.perfect_ring.773	Drop|Wear
item.perfected_quetzal_whistle_blueprint.29256	Check|Craft|Drop
item.perildance_bitter.31817	Destroy|Drink|Drop
item.pest_control_teleport.12407	Drop|Teleport
item.pestle_and_mortar.233	Drop
item.pet_kraken.12655	Drop
item.pet_rock.3695	Drop|Interact|Wield
item.petal_garland.28655	Drop|Wear
item.pharaoh_s_sceptre.9044	Check|Convert|Drop|Last-Teleport|Teleport|Uncharge|Wield
item.phasmatys_flag.8971	Drop|Wield
item.pheasant_boots.28618	Drop|Wear
item.pheasant_cape.28616	Drop|Wear
item.pheasant_hat.28620	Drop|Wear
item.pheasant_legs.28622	Drop|Wear
item.pheasant_tail_feathers.28624	Drop
item.phluxia_bat_3.20877	Drop|Eat
item.phoenix_crossbow.767	Drop|Inspect|Wield
item.phoenix_feather.4621	Drop
item.phoenix_necklace.11090	Drop|Wear
item.phrin_remains.3398	Drop
item.pickaxe_handle.466	Drop
item.pie_dish.2313	Drop
item.pie_recipe_book.7162	Drop|Read
item.pie_shell.2315	Drop
item.pile_of_salt.4689	Drop
item.pillar_coral.31484	Drop
item.pillar_frag.31513	Drop
item.pillar_potion_unf.31665	Drop|Empty
item.pineapple.2114	Drop|Eat
item.pineapple_chunks.2116	Drop|Eat
item.pineapple_pizza.2301	Drop|Eat
item.pineapple_punch.2048	Drink|Drop|Empty
item.pineapple_ring.2118	Drop|Eat
item.pineapple_sapling.5500	Drop
item.pineapple_seed.5287	Drop
item.pineapple_seedling.5484	Drop
item.pineapple_seedling_w.5492	Drop
item.pink_boater.12309	Drop|Wear
item.pink_boots.626	Drop|Wear
item.pink_candy.24988	Drop|Eat
item.pink_cape.6959	Drop|Wear
item.pink_elegant_blouse.12339	Drop|Wear
item.pink_elegant_legs.12317	Drop|Wear
item.pink_elegant_shirt.12315	Drop|Wear
item.pink_elegant_skirt.12341	Drop|Wear
item.pink_goblin_mail.9059	Drop|Wear
item.pink_hat.656	Drop|Wear
item.pink_headband.12305	Drop|Wear
item.pink_robe_bottoms.646	Drop|Wear
item.pink_robe_top.636	Drop|Wear
item.pink_rose_seed.6455	Destroy
item.pink_skirt.1013	Drop|Wear
item.pirate_bandana.7112	Drop|Wear
item.pirate_boots.7114	Drop|Wear
item.pirate_hat.8950	Drop|Wear
item.pirate_hat_patch.12412	Drop|Wear
item.pirate_leggings.7116	Drop|Wear
item.pirate_s_hat.2651	Drop|Wear
item.pirate_s_hook.2997	Drop|Wear
item.piscarilius_banner.20260	Drop|Wield
item.piscarilius_hood.20122	Drop|Wear
item.piscarilius_scarf.19952	Drop|Wear
item.piscatoris_teleport.12408	Drop|Teleport
item.pith_helmet.12516	Drop|Wear
item.pitta_bread.1865	Drop
item.pizza_base.2283	Drop
item.plague_jacket.284	Drop|Wear
item.plague_trousers.285	Drop|Wear
item.plain_of_mud_sphere.26577	Break|Drop
item.plain_pizza.2289	Drop|Eat
item.plain_satchel.10877	Drop|Empty|Inspect|Wear
item.plank.960	Drop
item.plank_sack.24882	Check|Drop|Empty|Fill
item.plant_cure.6036	Drop|Empty
item.pointed_blood_n_tar_snelm.3339	Drop|Wear
item.pointed_bruise_blue_snelm.3343	Drop|Wear
item.pointed_myre_snelm.3337	Drop|Wear
item.pointed_ochre_snelm.3341	Drop|Wear
item.poison.273	Drop
item.poison_chalice.197	Drink|Drop
item.poison_ivy_berries.6018	Drop
item.poison_ivy_seed.5106	Drop
item.poison_karambwan.3146	Drop|Eat
item.poisoned_cheese.6768	Drop|Eat
item.polar_camo_legs.10067	Drop|Wear
item.polar_camo_top.10065	Drop|Wear
item.polar_kebbit_fur.10117	Drop
item.polished_buttons.10496	Drop
item.pollnivneach_teleport.11743	Break|Drop|Revert
item.portable_waystone.26549	Destroy|Drop|Teleport|Wear
item.pot_lid.4440	Drop
item.pot_of_cornflour.7468	Drop|Empty
item.pot_of_cream.2130	Drop|Eat
item.pot_of_tea_4.7692	Drop|Empty
item.pot_of_vinegar.7811	Drop|Empty
item.potato.1942	Drop|Eat
item.potato_cactus.3138	Drop
item.potato_cactus_seed.22873	Drop
item.potato_sack.30947	Destroy|Drop|Wear
item.potato_seed.5318	Drop
item.potato_with_butter.6703	Drop|Eat
item.potato_with_cheese.6705	Drop|Eat
item.potatoes_10.5438	Drop|Empty|Fill|Remove-one
item.pottery_scarab.9032	Drop
item.pottery_statuette.9036	Drop
item.prael_bat_1.20873	Drop|Eat
item.prayer_cape.9759	Drop|Wear
item.prayer_hood.9761	Drop|Wear
item.pre_nature_amulet.6041	Drop|Wear
item.premade_blurb_sp.2028	Drink|Drop
item.premade_c_t_batta.2223	Drop|Eat
item.premade_ch_crunch.2239	Drop|Eat
item.premade_choc_bomb.2229	Drop|Eat
item.premade_choc_s_dy.2030	Drink|Drop
item.premade_dr_dragon.2032	Drink|Drop
item.premade_fr_blast.2034	Drink|Drop
item.premade_fr_t_batta.2225	Drop|Eat
item.premade_p_punch.2036	Drink|Drop
item.premade_s_y_crunch.2241	Drop|Eat
item.premade_sgg.2038	Drink|Drop
item.premade_t_d_batta.2221	Drop|Eat
item.premade_t_d_crunch.2243	Drop|Eat
item.premade_ttl.2231	Drop|Eat
item.premade_veg_ball.2235	Drop|Eat
item.premade_veg_batta.2227	Drop|Eat
item.premade_w_m_batta.2219	Drop|Eat
item.premade_w_m_crun.2237	Drop|Eat
item.premade_wiz_blz_d.2040	Drink|Drop
item.premade_worm_hole.2233	Drop|Eat
item.prescription_goggles.29974	Change|Drop|Wear
item.priest_gown.426	Drop|Wear
item.prifddinas_teleport.23771	Break|Drop|Revert
item.primed_bar.9727	Drop
item.primed_mind_bar.9728	Drop
item.primordial_boots.13239	Drop|Wear
item.primordial_crystal.13231	Drop
item.princely_monkey.24867	Lap-count|Release|Transform|Wear
item.principum_red.29950	Drink|Drop
item.prison_uniform_top.31353	Destroy|Drop|Wear
item.prison_uniform_trousers.31355	Destroy|Drop|Wear
item.proboscis.6319	Drop
item.progress_hat.6885	Destroy|Drop|Talk-to|Wear
item.proselyte_cuisse.9676	Drop|Wear
item.proselyte_harness_f.9670	Drop|Unpack
item.proselyte_harness_m.9666	Drop|Unpack
item.proselyte_hauberk.9674	Drop|Wear
item.proselyte_sallet.9672	Drop|Wear
item.proselyte_tasset.9678	Drop|Wear
item.prospector_boots.12016	Drop|Wear
item.prospector_helmet.12013	Drop|Wear
item.prospector_jacket.12014	Drop|Wear
item.prospector_legs.12015	Drop|Wear
item.psykk_bat_6.20883	Drop|Eat
item.pure_essence.7936	Destroy|Drop
item.purging_staff.29594	Drop|Revert|Wield
item.purple_boater.12311	Drop|Wear
item.purple_boots.2934	Drop|Wear
item.purple_candy.24983	Drop|Eat
item.purple_cape.1029	Drop|Wear
item.purple_dye.1773	Drop
item.purple_elegant_blouse.10436	Drop|Wear
item.purple_elegant_legs.10418	Drop|Wear
item.purple_elegant_shirt.10416	Drop|Wear
item.purple_elegant_skirt.10438	Drop|Wear
item.purple_firelighter.10326	Drop
item.purple_flowers.2468	Drop|Wield
item.purple_gloves.2942	Drop|Wear
item.purple_goblin_mail.9058	Drop|Wear
item.purple_hat.2940	Drop|Wear
item.purple_logs.10329	Drop
item.purple_naval_shirt.8957	Drop|Wear
item.purple_navy_slacks.8996	Drop|Wear
item.purple_robe_bottoms.2938	Drop|Wear
item.purple_robe_top.2936	Drop|Wear
item.purple_slayer_helmet.21264	Check|Disassemble|Drop|Wear
item.purple_slayer_helmet_i.21266	Check|Disassemble|Drop|Wear
item.purple_sweets.4561	Drop|Eat
item.purple_tricorn_hat.8964	Drop|Wear
item.pygmy_kraken_ink_sac.32834	Destroy
item.pygmy_kraken_tentacle.32815	Destroy
item.pyre_logs.3438	Drop
item.pyromancer_boots.20710	Drop|Wear
item.pyromancer_garb.20704	Drop|Wear
item.pyromancer_hood.20708	Drop|Wear
item.pyromancer_robe.20706	Drop|Wear
item.pyrophosphite.21545	Drop
item.pysk_fish_0.20856	Drop|Eat
item.quality_violet_tulip_seed.27041	Destroy
item.queen_s_secateurs.7410	Destroy|Drop
item.quest_point_cape.9813	Drop|Teleport|Trim|Wear
item.quest_point_hood.9814	Drop|Wear
item.quetzal_feed.28975	Destroy|Drop
item.rabbit_bone.7896	Drop
item.rabbit_foot.10134	Drop
item.rabbit_mould.11024	Drop
item.rabbit_snare.10031	Drop|Lay
item.rada_s_blessing_1.22941	Drop|Equip|Kourend Woodland
item.rada_s_blessing_2.22943	Drop|Equip|Kourend Woodland
item.rada_s_blessing_3.22945	Drop|Equip|Kourend Woodland|Mount Karuulm
item.rada_s_blessing_4.22947	Drop|Equip|Kourend Woodland|Mount Karuulm
item.radiant_oathplate_chest.30779	Drop|Revert|Wear
item.radiant_oathplate_helm.30777	Drop|Revert|Wear
item.radiant_oathplate_legs.30781	Drop|Revert|Wear
item.radiant_slayer_helmet.33340	Check|Disassemble|Drop|Revert|Wear
item.radiant_slayer_helmet_i.33445	Check|Disassemble|Drop|Revert|Wear
item.rain_bow.23357	Drop|Wield
item.rainbow_crab.31677	Drop
item.rainbow_crab_meat.31703	Drop|Eat
item.rainbow_crab_paste.31710	Drop
item.rainbow_fish.10136	Drop|Eat
item.rake.5341	Drop
item.rake_handle.5347	Drop
item.rake_head.5348	Drop
item.ram_mask.29929	Destroy|Drop|Wear
item.ram_skull_helm.7917	Drop|Wear
item.ranarr_potion_unf.99	Drop|Empty
item.ranarr_seed.5295	Drop
item.ranarr_weed.257	Drop
item.ranger_boots.2577	Drop|Wear
item.ranger_gloves.19994	Drop|Wear
item.ranger_hat.10550	Drop|Wear
item.rangers_tights.23249	Drop|Wear
item.rangers_tunic.12596	Drop|Wear
item.ranging_cape.9756	Commune|Drop|Wear
item.ranging_hood.9758	Drop|Wear
item.rapier.7142	Drop|Wield
item.rare_enriched_bone.21553	Drop
item.rat_bone.7836	Drop
item.rat_pole.6773	Drop|Remove-rat|Wield
item.rations.28422	Destroy|Eat
item.raurg_bonemeal.4854	Drop|Empty
item.raurg_bones.4832	Bury|Drop
item.raw_admiral_pie.7196	Drop
item.raw_anglerfish.13439	Drop
item.raw_barb_tailed_kebbit.29101	Drop
item.raw_bass.363	Drop
item.raw_batta.2250	Drop
item.raw_bear_meat.2136	Drop
item.raw_beast_meat.9986	Drop
item.raw_bird_meat.9978	Drop
item.raw_blue_crab_meat.31692	Drop
item.raw_bluefin.32341	Drop
item.raw_boar_meat.25833	Drop
item.raw_brawk_fish_3.20861	Drop
item.raw_bream.29216	Drop
item.raw_catfish.25670	Drop
item.raw_cave_eel.5001	Drop
item.raw_cavefish.25658	Drop
item.raw_chompy.2876	Drop
item.raw_cod.341	Drop
item.raw_crunchies.2202	Drop
item.raw_dark_crab.11934	Drop
item.raw_dashing_kebbit.29107	Drop
item.raw_fish_pie.7186	Drop
item.raw_fishcake.7529	Drop
item.raw_fishlike_thing.6200	Drop
item.raw_garden_pie.7176	Drop
item.raw_giant_carp.338	Drop
item.raw_giant_krill.32309	Drop
item.raw_giral_bat_2.20874	Drop
item.raw_gnomebowl.2178	Drop
item.raw_graahk.29119	Drop
item.raw_guanic_bat_0.20870	Drop
item.raw_guide_cake.7543	Destroy|Drop
item.raw_guppy.25652	Drop
item.raw_haddock.32317	Drop
item.raw_halibut.32333	Drop
item.raw_harpoonfish.25564	Drop
item.raw_impaler_meat.33821	Drop
item.raw_jubbly.7566	Drop
item.raw_jumbo_squid.31561	Drop
item.raw_karambwan.3142	Drop
item.raw_karambwanji.3150	Drop
item.raw_kryket_bat_4.20878	Drop
item.raw_kyatt.29125	Drop
item.raw_kyren_fish_6.20867	Drop
item.raw_larupia.29122	Drop
item.raw_lava_eel.2148	Drop
item.raw_leckish_fish_2.20859	Drop
item.raw_mackerel.353	Drop
item.raw_manta_ray.389	Drop
item.raw_marlin.32349	Drop
item.raw_monkfish.7944	Drop
item.raw_moonlight_antelope.29113	Drop
item.raw_moss_lizard.29076	Drop
item.raw_mud_pie.7168	Drop
item.raw_murng_bat_5.20880	Drop
item.raw_mycil_fish_4.20863	Drop
item.raw_mystery_meat.24782	Drop
item.raw_oomlie.2337	Drop
item.raw_pheasant.6178	Drop
item.raw_phluxia_bat_3.20876	Drop
item.raw_prael_bat_1.20872	Drop
item.raw_psykk_bat_6.20882	Drop
item.raw_pyre_fox.29110	Drop
item.raw_pysk_fish_0.20855	Drop
item.raw_rabbit.3226	Drop
item.raw_rainbow_crab_meat.31700	Drop
item.raw_rainbow_fish.10138	Drop
item.raw_rat_meat.2134	Drop
item.raw_red_crab_meat.31686	Drop
item.raw_roqed_fish_5.20865	Drop
item.raw_sea_turtle.395	Drop
item.raw_shark.383	Drop
item.raw_slimy_eel.3379	Drop
item.raw_stuffed_snake.7577	Drop
item.raw_summer_pie.7216	Drop
item.raw_sunlight_antelope.29116	Drop
item.raw_suphi_fish_1.20857	Drop
item.raw_swamp_paste.1940	Drop
item.raw_swordtip_squid.31553	Drop
item.raw_t_bone_steak.33106	Drop
item.raw_tetra.25664	Drop
item.raw_ugthanki_meat.1859	Drop
item.raw_wild_kebbit.29104	Drop
item.raw_wild_pie.7206	Drop
item.raw_yak_meat.10816	Drop
item.raw_yellowfin.32325	Drop
item.ray_barbs.31959	Drop|Inspect
item.reagent_pouch.29996	Check|Destroy|Drop|Empty|Fill|Open
item.red_banana.7572	Drop|Eat
item.red_bead.1470	Drop
item.red_beret.12247	Drop|Wear
item.red_boater.7319	Drop|Wear
item.red_boots.2904	Drop|Wear
item.red_candy.24984	Drop|Eat
item.red_cape.1007	Drop|Wear
item.red_cavalier.12323	Drop|Wear
item.red_chinchompa.9977	Drop|Wield
item.red_crab.7505	Drop
item.red_crab_meat.31689	Drop|Eat
item.red_d_hide_body.2501	Drop|Wear
item.red_d_hide_chaps.2495	Drop|Wear
item.red_d_hide_shield.22281	Drop|Wield
item.red_d_hide_vambraces.2489	Drop|Wear
item.red_dragon_leather.2507	Drop
item.red_dragon_mask.12522	Drop|Wear
item.red_dragonhide.1749	Drop
item.red_dragonhide_set.12869	Drop
item.red_dye.1763	Drop
item.red_elegant_blouse.10424	Drop|Wear
item.red_elegant_legs.10406	Drop|Wear
item.red_elegant_shirt.10404	Drop|Wear
item.red_elegant_skirt.10426	Drop|Wear
item.red_feather.10088	Drop
item.red_firelighter.7329	Drop
item.red_flowers.2462	Drop|Wield
item.red_gloves.2912	Drop|Wear
item.red_goblin_mail.9054	Drop|Wear
item.red_hat.2910	Drop|Wear
item.red_headband.2645	Drop|Wear
item.red_icon.25228	Drop|Equip
item.red_logs.7404	Drop
item.red_mahogany_log.4445	Drop
item.red_naval_shirt.8954	Drop|Wear
item.red_navy_slacks.8993	Drop|Wear
item.red_robe_bottoms.2908	Drop|Wear
item.red_robe_top.2906	Drop|Wear
item.red_rose_seed.6454	Destroy
item.red_salamander.10147	Drop|Release|Wield
item.red_satchel.10879	Drop|Empty|Inspect|Wear
item.red_slayer_helmet.19647	Check|Disassemble|Drop|Wear
item.red_slayer_helmet_i.19649	Check|Disassemble|Drop|Wear
item.red_spiders_eggs.223	Drop
item.red_spiky_vambraces.10083	Drop|Wear
item.red_topaz.1613	Drop
item.red_topaz_machete.6317	Drop|Wield
item.red_tricorn_hat.8961	Drop|Wear
item.redberries.1951	Drop
item.redberry_pie.2325	Drop|Eat
item.redberry_seed.5101	Drop
item.redeyes_bone.26592	Bury|Destroy
item.reduced_cadava_potion.22589	Destroy|Drink
item.redwood_bird_house.22204	Drop
item.redwood_hiking_staff.31049	Drop|Wield
item.redwood_logs.19669	Drop
item.redwood_pyre_logs.19672	Drop
item.redwood_sapling.22859	Drop
item.redwood_seedling.22850	Drop
item.redwood_seedling_w.22854	Drop
item.redwood_shield.22266	Drop|Wield
item.redwood_tree_seed.22871	Drop
item.regen_bracelet.11133	Drop|Wear
item.reinforced_goggles.24942	Destroy|Drop|Wear
item.relicym_s_balm_4.4842	Drink|Drop|Empty
item.rellekka_teleport.11744	Break|Drop|Revert
item.repair_kit.31964	Apply|Drop
item.repair_plank.7121	Drop
item.revenant_cave_teleport.21802	Config|Drop|Teleport
item.revenant_ether.21820	Drop
item.reward_token.7774	Activate|Check|Destroy|Drop|Look-at
item.ribcage_piece.6165	Drop
item.right_boot.5063	Drop|Wear
item.right_eye_patch.1025	Drop|Wear
item.rimmington_teleport.11741	Break|Drop|Revert
item.ring_mould.1592	Drop
item.ring_of_3rd_age.23185	Drop|Wear
item.ring_of_charos.4202	Drop|Wear
item.ring_of_charos_a.6465	Destroy|Drop|Wear
item.ring_of_coins.20017	Drop|Wear
item.ring_of_endurance.24736	Check|Drop|Uncharge|Wear
item.ring_of_forging.2568	Break|Drop|Wear
item.ring_of_life.2570	Drop|Toggle-respawn|Wear
item.ring_of_nature.20005	Drop|Wear
item.ring_of_pursuit.21126	Break|Check|Drop|Wear
item.ring_of_recoil.2550	Break|Drop|Wear
item.ring_of_shadows.28327	Charge|Check|Drop|Teleport|Uncharge|Wear
item.ring_of_stone.6583	Drop|Wear
item.ring_of_suffering.19550	Drop|Wear
item.ring_of_suffering_i.19710	Drop|Uncharge|Wear
item.ring_of_suffering_r.20655	Check|Drop|Recoil settings|Wear
item.ring_of_suffering_ri.20657	Check|Drop|Recoil settings|Uncharge|Wear
item.ring_of_the_elements.26815	Drop|Last Destination|Rub|Uncharge|Wear
item.ring_of_the_gods.12601	Drop|Wear
item.ring_of_the_gods_i.13202	Drop|Uncharge|Wear
item.ring_of_visibility.4657	Destroy|Drop|Wear
item.ring_of_wealth.2572	Drop|Features|Rub|Wear
item.ring_of_wealth_i.12785	Drop|Features|Rub|Wear
item.ring_of_wealth_scroll.12783	Drop
item.ritual_mulch.28154	Drop
item.riyl_remains.3400	Drop
item.roast_beast_meat.9988	Drop|Eat
item.roast_bird_meat.9980	Drop|Eat
item.roast_frog.10967	Drop|Eat
item.roast_rabbit.7223	Drop|Eat
item.robe_bottom_of_darkness.20137	Drop|Wear
item.robe_bottom_of_ruin.27432	Destroy|Drop|Wear
item.robe_bottoms_of_the_eye.26854	Drop|Wear
item.robe_bottoms_of_the_eye_blue.26874	Drop|Revert|Wear
item.robe_bottoms_of_the_eye_green.26868	Drop|Revert|Wear
item.robe_bottoms_of_the_eye_red.26862	Drop|Revert|Wear
item.robe_of_elidinis.6786	Drop|Wear
item.robe_top_of_darkness.20131	Drop|Wear
item.robe_top_of_ruin.27430	Destroy|Drop|Wear
item.robe_top_of_the_eye.26852	Drop|Wear
item.robe_top_of_the_eye_blue.26872	Drop|Revert|Wear
item.robe_top_of_the_eye_green.26866	Drop|Revert|Wear
item.robe_top_of_the_eye_red.26860	Drop|Revert|Wear
item.robin_hood_hat.2581	Drop|Wear
item.rock_cake.2379	Destroy|Drop|Eat|Guzzle
item.rock_climbing_boots.2203	Drop
item.rock_hammer.4162	Drop
item.rock_shell_armour_set.31151	Drop
item.rock_shell_boots.6145	Drop|Wear
item.rock_shell_chunk.6157	Drop
item.rock_shell_gloves.6151	Drop|Wear
item.rock_shell_helm.6128	Drop|Wear
item.rock_shell_legs.6130	Drop|Wear
item.rock_shell_plate.6129	Drop|Wear
item.rock_shell_shard.6159	Drop
item.rock_shell_splinter.6161	Drop
item.rock_thrownhammer.21754	Drop
item.rocking_chair.8311	Drop
item.rod_mould.7649	Destroy|Drop
item.rod_of_ivandis_10.7639	Drop|Wield
item.roe.11324	Drop|Eat
item.rogue_boots.5557	Drop|Wear
item.rogue_gloves.5556	Drop|Wear
item.rogue_mask.5554	Drop|Wear
item.rogue_s_revenge.12856	Destroy|Drop|Wear
item.rogue_top.5553	Drop|Wear
item.rogue_trousers.5555	Drop|Wear
item.roll.6963	Drop|Eat
item.rolling_pin.7445	Drop|Wield
item.rope.954	Drop
item.rope_bell_pull.8099	Drop
item.rope_trawling_net.32220	Drop
item.roqed_fish_5.20866	Drop|Eat
item.rosemary.6014	Drop
item.rosemary_seed.5097	Drop
item.rosewood_blowpipe.31583	Check|Drop|Unload|Wield
item.rosewood_hull_parts.32059	Drop
item.rosewood_logs.32910	Drop
item.rosewood_plank.31438	Drop
item.rosewood_pyre_logs.31389	Drop
item.rosewood_repair_kit.31982	Apply|Drop
item.rosewood_sapling.31508	Drop
item.rosewood_seed.31551	Drop
item.rosewood_seedling.31494	Drop
item.rosewood_seedling_w.31500	Drop
item.rotten_apple.1984	Drop|Eat
item.rotten_barrel.11044	Destroy|Drop
item.rotten_turnip.30890	Chomp|Destroy|Rub
item.royal_crown.12397	Drop|Wear
item.royal_frog_blouse.6186	Drop|Wear
item.royal_frog_leggings.6185	Drop|Wear
item.royal_frog_skirt.6187	Drop|Wear
item.royal_frog_tunic.6184	Drop|Wear
item.royal_gown_bottom.12395	Drop|Wear
item.royal_gown_top.12393	Drop|Wear
item.royal_sceptre.12439	Drop|Wield
item.royal_seed_pod.19564	Commune|Destroy|Drop
item.rubium_splinters.31722	Drop
item.ruby_amulet.1698	Drop|Wear
item.ruby_amulet_u.1679	Drop
item.ruby_bolt_tips.9191	Drop
item.ruby_bolts.9339	Drop|Wield
item.ruby_bolts_e.9242	Drop|Wield
item.ruby_bracelet.11085	Drop|Wear
item.ruby_dragon_bolts.21967	Drop|Wield
item.ruby_dragon_bolts_e.21944	Drop|Wield
item.ruby_harvest.10020	Drop|Release
item.ruby_sickle_b.24693	Cast Bloom|Drop|Wield
item.ruined_herb_tea.4462	Drop|Empty
item.ruinous_powers.28775	Change Prayerbook|Destroy|Drop|Wield
item.rum.8940	Drink|Drop
item.rune-full-helm	Drop|Wear
item.rune-kiteshield	Drop|Wear
item.rune-platebody	Drop|Wear
item.rune_armour_set_lg.13024	Drop
item.rune_armour_set_sk.13026	Drop
item.rune_arrowtips.44	Drop
item.rune_axe.1359	Drop|Wield
item.rune_battleaxe.1373	Drop|Wield
item.rune_boots.4131	Drop|Wear
item.rune_brutal.4803	Drop|Wield
item.rune_cane.12379	Drop|Wield
item.rune_cannonball.31914	Drop
item.rune_chainshot_cannonball.31928	Drop
item.rune_claws.3101	Drop|Wear
item.rune_crossbow.9185	Drop|Wield
item.rune_dart.811	Drop|Wield
item.rune_dart_tip.824	Drop
item.rune_defender.8850	Drop|Wield
item.rune_defender_ornament_kit.23227	Drop
item.rune_dragon_mask.23273	Drop|Wear
item.rune_essence.1436	Drop
item.rune_felling_axe.28214	Drop|Wield
item.rune_fire_arrow.2540	Drop|Wield
item.rune_gloves.7460	Drop|Wear
item.rune_gold_trimmed_set_lg.13032	Drop
item.rune_gold_trimmed_set_sk.13034	Drop
item.rune_halberd.3202	Drop|Wield
item.rune_hasta.11377	Drop|Wield
item.rune_heraldic_helm.8464	Drop|Wear
item.rune_incendiary_cannonball.31942	Drop
item.rune_javelin.830	Drop|Wield
item.rune_javelin_tips.19580	Drop
item.rune_keel_parts.32014	Drop
item.rune_knife.868	Drop|Wield
item.rune_med_helm.1147	Drop|Wear
item.rune_nails.4824	Drop
item.rune_pickaxe.1275	Drop|Wield
item.rune_plateskirt.1093	Drop|Wear
item.rune_pouch.12791	Destroy|Drop|Empty|Open
item.rune_pouch_note.24587	Drop|Read
item.rune_satchel.10882	Drop|Empty|Inspect|Wear
item.rune_scimitar_ornament_kit_guthix.23321	Drop
item.rune_scimitar_ornament_kit_saradomin.23324	Drop
item.rune_scimitar_ornament_kit_zamorak.23327	Drop
item.rune_spear.1247	Drop|Wield
item.rune_staff_of_collection.30609	Create-book|Drop|Wield
item.rune_thrownaxe.805	Drop|Wield
item.rune_trimmed_set_lg.13028	Drop
item.rune_trimmed_set_sk.13030	Drop
item.rune_warhammer.1347	Drop|Wield
item.runecraft_cape.9765	Drop|Wear
item.runecraft_hood.9767	Drop|Wear
item.runescroll_of_bloodbark.25481	Drop|Read
item.runescroll_of_swampbark.25478	Drop|Read
item.runite_bolts.9144	Drop|Wield
item.runite_bolts_unf.9381	Drop
item.runite_crossbow_u.9465	Drop
item.runite_limbs.9431	Drop
item.runite_ore_fragment.21538	Drop
item.runner_boots.10552	Drop|Wear
item.runner_hat.10549	Drop|Wear
item.sacred_eel.13339	Drop|Eat
item.sacred_oil_4.3430	Drop|Empty
item.sagacious_spectacles.12337	Drop|Wear
item.sage_s_axe.28773	Destroy|Drop|Wield
item.saika_s_hood.26731	Drop|Wear
item.saika_s_shroud.26735	Drop|Wear
item.saika_s_veil.26733	Drop|Wear
item.sailing_cape.31288	Drop|Rename boat|Teleport|Wear
item.sailing_hood.31292	Drop|Wear
item.sailor_s_mirage.31261	Drink|Drop
item.sailors_amulet.32399	Check|Destroy|Drop|Teleport|Wear
item.sailors_amulet_inert.32398	Destroy|Inspect|Wear
item.saltpetre.13421	Drop
item.salve_amulet.4081	Drop|Wear
item.salve_amulet_e.10588	Drop|Wear
item.salve_amulet_ei.12018	Drop|Uncharge|Wear
item.salve_amulet_i.12017	Drop|Uncharge|Wear
item.salve_graveyard_teleport.19619	Break|Drop
item.salvor_s_paint.32099	Drop
item.samurai_boots.20047	Drop|Wear
item.samurai_gloves.20041	Drop|Wear
item.samurai_greaves.20044	Drop|Wear
item.samurai_kasa.20035	Drop|Wear
item.samurai_shirt.20038	Drop|Wear
item.sand.6958	Destroy|Drop
item.sandbag.9943	Drop|Empty
item.sandstone_10kg.6977	Drop
item.sandstone_1kg.6971	Drop
item.sandstone_20kg.6985	Destroy|Drop
item.sandstone_2kg.6973	Drop
item.sandstone_32kg.6986	Destroy|Drop
item.sandstone_5kg.6975	Drop
item.sandstone_base.6988	Destroy|Drop
item.sandstone_body.6987	Destroy|Drop
item.sandwich_lady_bottom.23318	Drop|Wear
item.sandwich_lady_hat.23312	Drop|Wear
item.sandwich_lady_top.23315	Drop|Wear
item.sandworms.13431	Drop
item.sandworms_pack.13432	Drop|Open
item.sandy_coin_purse.30943	Destroy|Empty
item.sandy_hand.6945	Destroy|Drop
item.sandy_paint.32113	Drop
item.sandy_s_rota.6948	Destroy|Drop|Read
item.sanguine_scythe_of_vitur.25739	Check|Drop|Uncharge|Wield
item.sanguine_torva_full_helm.28254	Drop|Revert|Wear
item.sanguine_torva_platebody.28256	Drop|Revert|Wear
item.sanguine_torva_platelegs.28258	Drop|Revert|Wear
item.sanguinesti_staff.22323	Charge|Check|Drop|Uncharge|Wield
item.sap_treated_logs.33607	Drop
item.sap_treated_magic_logs.33609	Drop
item.sap_treated_maple_logs.33613	Drop
item.sap_treated_oak_logs.33617	Drop
item.sap_treated_redwood_logs.33619	Drop
item.sap_treated_willow_logs.33615	Drop
item.sap_treated_yew_logs.33611	Drop
item.sapphire_amulet.1694	Drop|Wear
item.sapphire_amulet_u.1675	Drop
item.sapphire_bolt_tips.9189	Drop
item.sapphire_bolts.9337	Drop|Wield
item.sapphire_bolts_e.9240	Drop|Wield
item.sapphire_bracelet.11071	Drop|Wear
item.sapphire_dragon_bolts.21963	Drop|Wield
item.sapphire_dragon_bolts_e.21940	Drop|Wield
item.sapphire_glacialis.10018	Drop|Release
item.sapphire_lantern.4700	Drop|Extinguish
item.sarachnis_cudgel.23528	Drop|Wield
item.saradomin_armour_set_lg.13040	Drop
item.saradomin_armour_set_sk.13042	Drop
item.saradomin_banner.4037	Drop|Equip|Wield
item.saradomin_bracers.10384	Drop|Wear
item.saradomin_cape.2412	Drop|Wear
item.saradomin_chaps.10388	Drop|Wear
item.saradomin_cloak.4041	Drop|Wear
item.saradomin_coif.10390	Drop|Wear
item.saradomin_crozier.10440	Drop|Wield
item.saradomin_d_hide_body.10386	Drop|Wear
item.saradomin_d_hide_boots.19933	Drop|Wear
item.saradomin_d_hide_shield.23191	Drop|Wield
item.saradomin_dragonhide_set.13163	Drop
item.saradomin_full_helm.2665	Drop|Wear
item.saradomin_godsword.11806	Dismantle|Drop|Wield
item.saradomin_godsword_ornament_kit.20074	Drop
item.saradomin_halo.12637	Drop|Wear
item.saradomin_hilt.11814	Drop
item.saradomin_kiteshield.2667	Drop|Wear
item.saradomin_max_cape.13331	Drop|Wear
item.saradomin_max_hood.13332	Drop|Wear
item.saradomin_mitre.10452	Drop|Wear
item.saradomin_mjolnir.6762	Drop|Wield
item.saradomin_page_1.3827	Drop
item.saradomin_page_2.3828	Drop
item.saradomin_page_3.3829	Drop
item.saradomin_page_4.3830	Drop
item.saradomin_platebody.2661	Drop|Wear
item.saradomin_platelegs.2663	Drop|Wear
item.saradomin_plateskirt.3479	Drop|Wear
item.saradomin_robe_legs.10464	Drop|Wear
item.saradomin_robe_top.10458	Drop|Wear
item.saradomin_s_blessed_sword.12809	Check|Drop|Revert|Wield
item.saradomin_s_light.13256	Consume|Drop
item.saradomin_s_tear.12804	Drop
item.saradomin_staff.2415	Drop|Wield
item.saradomin_stole.10470	Drop|Wear
item.saradomin_sword.11838	Drop|Wield
item.saturated_heart.27641	Drop|Invigorate
item.saw.8794	Drop
item.sawdust.9468	Drop
item.sawmill_agreement.21529	Destroy
item.sawmill_coupon_oak_plank.32085	Drop
item.sawmill_coupon_wood_plank.32083	Drop
item.sawmill_proposal.21528	Destroy
item.sawmill_voucher.28628	Drop
item.scaly_blue_dragonhide.27897	Drop
item.scarab_mould.26952	Destroy
item.scorching_bow.29591	Drop|Revert|Wield
item.scrambled_egg.7078	Drop|Eat
item.scrapey_bark.8977	Drop
item.scrapey_tree_logs.8934	Drop
item.scroll_sack.22675	Destroy|Drop|Wear
item.scythe_of_vitur.22325	Check|Drop|Kill Area|Uncharge|Wield
item.sea_turtle.397	Drop|Eat
item.seal_of_passage.9083	Destroy|Drop|Wear
item.searing_page.28931	Drop
item.seasoned_legs.2158	Drop|Eat
item.seasoned_sardine.1552	Drop
item.seaweed.401	Drop
item.seaweed_sandwich.3168	Drop|Eat
item.seaweed_spore.21490	Drop
item.secateurs.5329	Drop
item.secateurs_attachment.28161	Drop
item.secateurs_blade.28159	Craft|Drop
item.security_book.9003	Drop|Read
item.seed_box.13639	Check|Destroy|Drop|Empty|Fill|Open
item.seed_dibber.5343	Drop
item.seeking_adamant_arrow.33577	Drop|Wield
item.seeking_amethyst_arrow.33589	Drop|Wield
item.seeking_broad_arrows.33601	Drop|Wield
item.seeking_bronze_arrow.33553	Drop|Wield
item.seeking_dragon_arrow.33595	Drop|Wield
item.seeking_iron_arrow.33559	Drop|Wield
item.seeking_mithril_arrow.33571	Drop|Wield
item.seeking_rune_arrow.33583	Drop|Wield
item.seeking_steel_arrow.33565	Drop|Wield
item.seercull.6724	Drop|Wield
item.seers_icon.28304	Drop|Inspect
item.seers_ring.6731	Drop|Wear
item.seers_ring_i.11770	Drop|Uncharge|Wear
item.senntisten_teleport.12782	Break|Drop
item.seren_halo.24198	Drop|Wear
item.serpent_rope.33792	Drop
item.serpentine_helm.12931	Check|Drop|Uncharge|Wear
item.serpentine_visage.12927	Dismantle|Drop
item.servant_bell.7974	Drop|Ring
item.servery_cooked_meat.13413	Drop|Eat
item.servery_meat_pie.13403	Drop|Eat
item.servery_pineapple_pizza.13412	Drop|Eat
item.servery_plain_pizza.13409	Drop|Eat
item.servery_potato.13414	Drop|Eat
item.servery_raw_meat.13399	Drop
item.servery_stew.13418	Drop|Eat
item.severed_leg.10857	Destroy|Drop|Wield
item.shade_robe.548	Drop|Wear
item.shade_robe_top.546	Drop|Wear
item.shadow_ancient_sceptre.25492	Dismantle|Drop|Wield
item.shadow_sword.10858	Destroy|Drop|Wield
item.shaikahan_bonemeal.5615	Drop|Empty
item.shaikahan_bones.3123	Bury|Drop
item.shaman_mask.21838	Drop|Wear
item.shantay_pass.1854	Drop
item.shark.385	Drop|Eat
item.shark_lure.30900	Configure|Drop
item.shark_paint.32090	Drop
item.sharp_knife.33749	Destroy
item.sharpened_axe.4444	Drop
item.shaving_stand.8045	Drop
item.shayzien_banner.20263	Drop|Wield
item.shayzien_body_5.13381	Drop|Wear
item.shayzien_boots_1.13358	Drop|Wear
item.shayzien_boots_2.13363	Drop|Wear
item.shayzien_boots_3.13368	Drop|Wear
item.shayzien_boots_4.13373	Drop|Wear
item.shayzien_boots_5.13378	Drop|Wear
item.shayzien_gloves_1.13357	Drop|Wear
item.shayzien_gloves_2.13362	Drop|Wear
item.shayzien_gloves_3.13367	Drop|Wear
item.shayzien_gloves_4.13372	Drop|Wear
item.shayzien_gloves_5.13377	Drop|Wear
item.shayzien_greaves_1.13360	Drop|Wear
item.shayzien_greaves_2.13365	Drop|Wear
item.shayzien_greaves_3.13370	Drop|Wear
item.shayzien_greaves_4.13375	Drop|Wear
item.shayzien_greaves_5.13380	Drop|Wear
item.shayzien_helm_1.13359	Drop|Wear
item.shayzien_helm_2.13364	Drop|Wear
item.shayzien_helm_3.13369	Drop|Wear
item.shayzien_helm_4.13374	Drop|Wear
item.shayzien_helm_5.13379	Drop|Wear
item.shayzien_hood.20125	Drop|Wear
item.shayzien_platebody_1.13361	Drop|Wear
item.shayzien_platebody_2.13366	Drop|Wear
item.shayzien_platebody_3.13371	Drop|Wear
item.shayzien_platebody_4.13376	Drop|Wear
item.shayzien_scarf.19955	Drop|Wear
item.shayzien_supply_boots_1.13539	Drop|Wear
item.shayzien_supply_boots_2.13544	Drop|Wear
item.shayzien_supply_boots_3.13549	Drop|Wear
item.shayzien_supply_boots_4.13554	Drop|Wear
item.shayzien_supply_boots_5.13559	Drop|Wear
item.shayzien_supply_gloves_1.13538	Drop|Wear
item.shayzien_supply_gloves_2.13543	Drop|Wear
item.shayzien_supply_gloves_3.13548	Drop|Wear
item.shayzien_supply_gloves_4.13553	Drop|Wear
item.shayzien_supply_gloves_5.13558	Drop|Wear
item.shayzien_supply_greaves_1.13541	Drop|Wear
item.shayzien_supply_greaves_2.13546	Drop|Wear
item.shayzien_supply_greaves_3.13551	Drop|Wear
item.shayzien_supply_greaves_4.13556	Drop|Wear
item.shayzien_supply_greaves_5.13561	Drop|Wear
item.shayzien_supply_helm_1.13540	Drop|Wear
item.shayzien_supply_helm_2.13545	Drop|Wear
item.shayzien_supply_helm_3.13550	Drop|Wear
item.shayzien_supply_helm_4.13555	Drop|Wear
item.shayzien_supply_helm_5.13560	Drop|Wear
item.shayzien_supply_platebody_1.13542	Drop|Wear
item.shayzien_supply_platebody_2.13547	Drop|Wear
item.shayzien_supply_platebody_3.13552	Drop|Wear
item.shayzien_supply_platebody_4.13557	Drop|Wear
item.shayzien_supply_platebody_5.13562	Drop|Wear
item.sheep_bones_4.283	Drop
item.shield_left_half.2366	Drop
item.shield_right_half.2368	Drop
item.shielding_potion.25813	Destroy|Drink
item.ship_ticket.621	Drop
item.shirt.5030	Drop|Wear
item.shoe_box.8038	Drop
item.shoes.6790	Drop|Wear
item.short_green_guy.2080	Drink|Drop|Empty
item.shortbow_u.50	Drop
item.shorts.5042	Drop|Wear
item.shoulder_parrot.23300	Drop|Wear
item.shrink_me_quick.11204	Destroy|Drink|Drop|Empty
item.shrunk_ogleroot.11205	Drop|Eat
item.sickle_mould.2976	Drop
item.signed_oak_bow.4236	Drop|Wield
item.silk.950	Drop
item.silklined_herb_sack.33135	Check|Destroy|Drop|Empty|Fill|Open
item.silly_jester_boots.10839	Destroy|Drop|Wear
item.silly_jester_hat.10836	Destroy|Drop|Wear
item.silly_jester_tights.10838	Destroy|Drop|Wear
item.silly_jester_top.10837	Destroy|Drop|Wear
item.silver_bolts.9145	Drop|Wield
item.silver_bolts_unf.9382	Drop
item.silver_coffin.25465	Configure|Destroy|Drop|Empty|Fill|Wear
item.silver_dust.7650	Drop
item.silver_feather.10176	Destroy|Drop
item.silver_locks.25451	Drop
item.silver_necklace.1796	Drop|Wear
item.silver_needle.1804	Drop
item.silver_ore_fragment.21533	Drop
item.silver_sickle.2961	Drop|Wield
item.silver_sickle_b.2963	Cast Bloom|Drop|Wield
item.silverlight.2402	Drop|Wield
item.silvthrill_ballista.33800	Drop|Wield
item.silvthrill_javelin.33801	Drop|Wield
item.sinew.9436	Drop
item.sinhaza_shroud_tier_1.22494	Change|Drop|Wear
item.sinhaza_shroud_tier_2.22496	Change|Drop|Wear
item.sinhaza_shroud_tier_3.22498	Change|Drop|Wear
item.sinhaza_shroud_tier_4.22500	Change|Drop|Wear
item.sinhaza_shroud_tier_5.22502	Change|Drop|Wear
item.sinister_key.993	Drop
item.skeletal_armour_set.31154	Drop
item.skeletal_boots.6147	Drop|Wear
item.skeletal_bottoms.6141	Drop|Wear
item.skeletal_gloves.6153	Drop|Wear
item.skeletal_helm.6137	Drop|Wear
item.skeletal_top.6139	Drop|Wear
item.skeletal_visage.22006	Drop
item.skeleton_bonemeal.4270	Drop|Empty
item.skeleton_monkey.24865	Lap-count|Release|Transform|Wear
item.skewer.7443	Drop|Wield
item.skewer_stick.6305	Drop
item.skills_necklace.11113	Drop|Rub|Wear
item.skirt.5048	Drop|Wear
item.skull_of_vet_ion.27673	Drop
item.skull_piece.6163	Drop
item.skull_sceptre.9013	Divine|Drop|Invoke|Wield
item.skull_sceptre_i.21276	Divine|Drop|Invoke|Wield
item.slave_boots.1846	Drop|Wear
item.slave_robe.1845	Drop|Wear
item.slave_shirt.1844	Drop|Wear
item.slayer_bell.10952	Drop|Ring
item.slayer_cape.9786	Drop|Wear
item.slayer_gloves.6708	Drop|Wear
item.slayer_helmet.11864	Check|Disassemble|Drop|Wear
item.slayer_helmet_i.11865	Check|Disassemble|Drop|Wear
item.slayer_hood.9788	Drop|Wear
item.slayer_ring_eternal.21268	Check|Drop|Rub|Teleport|Wear
item.slayer_s_enchantment.21257	Drop
item.slayer_s_respite.5759	Drink|Drop
item.slayer_s_respite_m.5761	Drink|Drop
item.slayer_s_staff.4170	Drop|Wield
item.slayer_s_staff_e.21255	Check|Drop|Revert|Wield
item.sleeping_cap.10398	Drop|Wear
item.slice_of_cake.1895	Drop|Eat
item.sliced_banana.3162	Drop|Eat
item.sliced_mushrooms.7080	Drop
item.sliced_red_banana.7574	Drop|Eat
item.small_box_hedge.8205	Drop
item.small_enriched_bone.21547	Drop
item.small_fur_pouch.29299	Check|Destroy|Drop|Empty|Fill|Open|Close
item.small_key_isle_of_bones.32417	Destroy
item.small_meat_pouch.29295	Check|Destroy|Drop|Empty|Fill|Open|Close
item.small_ninja_bonemeal.4263	Drop|Empty
item.small_ninja_monkey_bones.3179	Bury|Drop
item.small_pouch.5509	Check|Drop|Empty|Fill
item.small_zombie_monkey_bonemeal.4268	Drop|Empty
item.small_zombie_monkey_bones.3185	Bury|Drop
item.smelly_kebab.33820	Drop|Eat
item.smithing_cape.9795	Drop|Wear
item.smithing_hood.9797	Drop|Wear
item.smiths_boots.27027	Drop|Wear
item.smiths_gloves.27029	Drop|Wear
item.smiths_gloves_i.27031	Dismantle|Drop|Wear
item.smiths_trousers.27025	Drop|Wear
item.smiths_tunic.27023	Drop|Wear
item.smoke_ancient_sceptre.25491	Dismantle|Drop|Wield
item.smoke_battlestaff.11998	Drop|Wield
item.smoke_rune.4697	Drop
item.smouldering_gland.29587	Drop
item.smouldering_heart.29583	Drop
item.smouldering_pile_of_flesh.29585	Drop
item.smouldering_pot.6772	Drop
item.smouldering_stone.13233	Drop
item.snailfeet_s_bone.26590	Bury|Destroy
item.snake_charm.4605	Drop|Play
item.snake_hide.6287	Drop
item.snake_mask.29933	Destroy|Drop|Wear
item.snakeskin.6289	Drop
item.snakeskin_bandana.6326	Drop|Wear
item.snakeskin_body.6322	Drop|Wear
item.snakeskin_boots.6328	Drop|Wear
item.snakeskin_chaps.6324	Drop|Wear
item.snakeskin_shield.22272	Drop|Wield
item.snakeskin_vambraces.6330	Drop|Wear
item.snapdragon.3000	Drop
item.snapdragon_potion_unf.3004	Drop|Empty
item.snapdragon_seed.5300	Drop
item.snape_grass.231	Drop
item.snape_grass_seed.22879	Drop
item.snothead_s_bone.26589	Bury|Destroy
item.snowy_knight.10016	Drop|Release
item.soaked_page.25578	Drop
item.socks_of_ruin.27436	Destroy|Drop|Wear
item.soda_ash.1781	Drop
item.soft_clay.1761	Drop
item.soft_clay_pack.12009	Drop|Open
item.soiled_page.30068	Drop
item.soul_bearer.19634	Check|Drop|Fill|Uncharge
item.soul_cape.25344	Drop|Toggle-colour|Wear
item.soul_rune.566	Drop
item.soulflame_horn.30759	Configure|Drop|Wield
item.soulreaper_axe.25484	Check|Drop|Wield
item.soulreaper_axe_o.33335	Dismantle|Drop|Wield
item.spade_handle.5327	Drop
item.spade_head.5328	Drop
item.spadeful_of_coke.6448	Drop|Empty
item.spatula.7439	Drop|Wield
item.spear.20397	Destroy|Drop|Wield
item.special_hot_sauce.26916	Destroy|Drink
item.special_super_hot_kebab.26917	Destroy|Eat
item.spectral_sigil.12823	Drop
item.spectral_spirit_shield.12821	Drop|Wield
item.spice.2007	Drop
item.spicy_crunchies.2213	Drop|Eat
item.spicy_minced_meat.9996	Drop|Eat
item.spicy_sauce.7072	Drop|Eat
item.spicy_stew.7479	Destroy|Drop|Eat|Smell
item.spicy_toad_s_legs.2156	Drop|Eat
item.spicy_tomato.9994	Drop|Eat
item.spicy_worm.2160	Drop|Eat
item.spider_carcass.6291	Drop
item.spider_cave_teleport.29782	Drop|Teleport
item.spider_on_shaft.6295	Drop|Eat
item.spider_on_stick.6293	Drop|Eat
item.spiked_boots.3107	Drop|Wear
item.spiked_manacles.23389	Drop|Wear
item.spiky_vambraces.10077	Drop|Wear
item.spinach_roll.1969	Drop|Eat
item.spine.33790	Drop|Wield
item.spined_armour_set.31157	Drop
item.spined_body.6133	Drop|Wear
item.spined_boots.6143	Drop|Wear
item.spined_chaps.6135	Drop|Wear
item.spined_gloves.6149	Drop|Wear
item.spined_helm.6131	Drop|Wear
item.spined_kraken_ink_sac.32835	Destroy
item.spined_kraken_tentacle.32816	Destroy
item.spiny_helmet.4551	Drop|Wear
item.spirit_angler_boots.25598	Drop|Wear
item.spirit_angler_headband.25592	Drop|Wear
item.spirit_angler_top.25594	Drop|Wear
item.spirit_angler_waders.25596	Drop|Wear
item.spirit_seed.5317	Drop
item.spirit_seedling.5363	Drop
item.spirit_seedling_w.5369	Drop
item.spirit_shield.12829	Drop|Wield
item.split_log.10812	Drop
item.splitbark_body.3387	Drop|Wear
item.splitbark_boots.3393	Drop|Wear
item.splitbark_gauntlets.3391	Drop|Wear
item.splitbark_helm.3385	Drop|Wear
item.splitbark_legs.3389	Drop|Wear
item.spork.7437	Drop|Wield
item.spotted_cape.10069	Drop|Wear
item.spotted_kebbit_fur.10125	Drop
item.spottier_cape.10071	Drop|Wear
item.spring_sq_irkjuice.10848	Drink|Drop
item.square_sandwich.6965	Drop|Eat
item.squid_beak.31572	Drop
item.squid_paste.31569	Drop
item.staff_of_balance.24144	Drop|Wield
item.staff_of_bob_the_cat.23363	Drop|Wield
item.staff_of_earth.1385	Drop|Wield
item.staff_of_light.22296	Drop|Wield
item.staff_of_the_dead.11791	Drop|Wield
item.staff_of_water.1383	Drop|Wield
item.stale_baguette.20590	Drop|Wield
item.star_face.22713	Destroy|Drop|Wear
item.statius_s_full_helm.22625	Drop|Wear
item.statius_s_full_helm_bh.27833	Drop|Uncharge|Wear
item.statius_s_platebody.22628	Drop|Wear
item.statius_s_platebody_bh.27834	Drop|Uncharge|Wear
item.statius_s_platelegs.22631	Drop|Wear
item.statius_s_platelegs_bh.27835	Drop|Uncharge|Wear
item.statius_s_warhammer.22622	Drop|Wield
item.statius_s_warhammer_bh.27908	Drop|Uncharge|Wield
item.steak_sandwich.25631	Drop|Eat
item.steam_battlestaff.11787	Drop|Revert|Wield
item.steam_rune.4694	Drop
item.steam_staff_upgrade_kit.12798	Drop
item.steamforge_brew.29412	Drink|Drop
item.steel_arrowtips.41	Drop
item.steel_axe.1353	Drop|Wield
item.steel_battleaxe.1365	Drop|Wield
item.steel_bolts.9141	Drop|Wield
item.steel_bolts_unf.9378	Drop
item.steel_boots.4123	Drop|Wear
item.steel_brutal.4783	Drop|Wield
item.steel_cannonball.2	Drop
item.steel_chainshot_cannonball.31922	Drop
item.steel_claws.3097	Drop|Wear
item.steel_coffin.25461	Configure|Destroy|Drop|Empty|Fill|Wear
item.steel_crossbow_u.9459	Drop
item.steel_dart.808	Drop|Wield
item.steel_dart_tip.821	Drop
item.steel_defender.8846	Drop|Wield
item.steel_dragon_mask.12367	Drop|Wear
item.steel_felling_axe.28202	Drop|Wield
item.steel_fire_arrow.2534	Drop|Wield
item.steel_gauntlets.778	Destroy|Drop|Wear
item.steel_gloves.7456	Drop|Wear
item.steel_gold_trimmed_set_lg.20382	Drop
item.steel_gold_trimmed_set_sk.20385	Drop
item.steel_halberd.3194	Drop|Wield
item.steel_hasta.11371	Drop|Wield
item.steel_heraldic_helm.8682	Drop|Wear
item.steel_incendiary_cannonball.31936	Drop
item.steel_javelin.827	Drop|Wield
item.steel_javelin_tips.19574	Drop
item.steel_keel_parts.32005	Drop
item.steel_knife.865	Drop|Wield
item.steel_limbs.9425	Drop
item.steel_locks.25445	Drop
item.steel_med_helm.1141	Drop|Wear
item.steel_nails.1539	Drop
item.steel_pickaxe.1269	Drop|Wield
item.steel_plateskirt.1083	Drop|Wear
item.steel_ring.30895	Drop|Wear
item.steel_set_lg.12984	Drop
item.steel_set_sk.12986	Drop
item.steel_spear.1241	Drop|Wield
item.steel_staff_of_collection.30601	Create-book|Drop|Wield
item.steel_studs.2370	Drop
item.steel_thrownaxe.802	Drop|Wield
item.steel_trimmed_set_lg.20376	Drop
item.steel_trimmed_set_sk.20379	Drop
item.steel_warhammer.1339	Drop|Wield
item.stew.2003	Drop|Eat
item.stick.4179	Destroy|Drop|Wield
item.stockpiling_charm.30679	Drop|Inspect
item.stone_scarab.9030	Drop
item.stone_seal.9042	Drop
item.stone_statuette.9038	Drop
item.stony_basalt.22601	Drop|Toggle|Troll Stronghold|Troll Stronghold entrance|Troll Stronghold roof
item.storm_cruiser_s_coat.31738	Drop|Wear
item.storm_cruiser_s_hat.31736	Drop|Wear
item.storm_cruiser_s_shoes.31742	Drop|Wear
item.storm_cruiser_s_trousers.31740	Drop|Wear
item.strange_fruit.464	Drop|Eat
item.strange_old_lockpick_full.24740	Drop|Inspect
item.strange_potion.4836	Destroy|Drink|Drop
item.strange_teleorb.29535	Activate|Destroy
item.strangler_serum.28388	Destroy|Drink
item.strawberries_1.5398	Drop|Empty|Fill|Remove-one
item.strawberry.5504	Drop|Eat
item.strawberry_seed.5323	Drop
item.strength_cape.9750	Drop|Teleport|Wear
item.strength_hood.9752	Drop|Wear
item.stretched_hide.6173	Drop
item.stripy_feather.10087	Drop
item.stripy_pirate_shirt.7110	Drop|Wear
item.strong_cup_of_tea.26904	Destroy|Drink
item.strongbones_bone.26593	Bury|Destroy
item.stronghold_notes.9004	Drop|Read
item.strung_rabbit_foot.10132	Drop|Wear
item.strykewyrm_bonemeal.31333	Drop|Empty
item.strykewyrm_bones.31726	Bury|Drop
item.studded_body.1133	Drop|Wear
item.studded_chaps.1097	Drop|Wear
item.stuffed_big_harpoonfish.25561	Drop|Unstuff
item.stuffed_snake.7579	Drop|Eat
item.sturdy_harness.28149	Drop
item.stymphike_feather.33651	Drop
item.stymphike_tartare.33628	Drop|Eat
item.sulliuscep_cap.21626	Drop
item.sulphur_blades.29084	Drop|Wield
item.sulphur_potion.25812	Destroy|Drink
item.sulphurous_essence.29087	Drop
item.summer_pie.7218	Drop|Eat
item.summer_sq_irkjuice.10849	Drink|Drop
item.summon_boat.31441	Break|Drop|Last boat
item.sun_kissed_bones.29378	Break-down|Drop
item.sun_shine.29421	Drink|Drop
item.sunbeam_ale.29409	Drink|Drop
item.sunfire_fanatic_armour_set.29424	Drop
item.sunfire_fanatic_chausses.28939	Drop|Wear
item.sunfire_fanatic_cuirass.28936	Drop|Wear
item.sunfire_fanatic_helm.28933	Drop|Wear
item.sunfire_rune.28929	Drop
item.sunfire_splinters.28924	Drop
item.sunlight_antelope_antler.29168	Drop
item.sunlight_antelope_fur.29177	Drop
item.sunlight_antler_bolts.28872	Drop|Wield
item.sunlight_moth.28863	Drop|Release
item.sunspear.33722	Drop|Wield
item.super_attack_4.2436	Drink|Drop|Empty
item.super_defence_4.2442	Drink|Drop|Empty
item.super_kebab.4608	Drop|Eat
item.super_potion_set.13066	Drop
item.super_ranging_4.11722	Drink|Drop
item.super_strength_4.2440	Drink|Drop|Empty
item.supercompost.6034	Drop|Empty
item.superior_calamity_breeches.26757	Drop|Wear
item.superior_calamity_chest.26751	Drop|Wear
item.superior_dragon_bonemeal.22116	Drop|Empty
item.superior_dragon_bones.22124	Bury|Drop
item.superior_mining_gloves.21345	Drop|Wear
item.suphi_fish_1.20858	Drop|Eat
item.suqah_hide.9080	Drop
item.suqah_leather.9081	Drop
item.swamp_cruiser_s_hat.31748	Drop|Wear
item.swamp_cruiser_s_jacket.31750	Drop|Wear
item.swamp_cruiser_s_shoes.31754	Drop|Wear
item.swamp_cruiser_s_trousers.31752	Drop|Wear
item.swamp_lizard.10149	Drop|Release|Wield
item.swamp_paste.1941	Drop
item.swamp_tar.1939	Drop
item.swamp_toad.2150	Drop|Remove-legs
item.swamp_weed.10978	Drop
item.swampbark_armour_set.31160	Drop
item.swampbark_body.25389	Drop|Wear
item.swampbark_boots.25395	Drop|Wear
item.swampbark_gauntlets.25392	Drop|Wear
item.swampbark_helm.25398	Drop|Wear
item.swampbark_legs.25401	Drop|Wear
item.sweetcorn.5986	Drop|Eat
item.sweetcorn_seed.5320	Drop
item.swift_albatross_feather.31952	Drop|Inspect
item.swift_blade.24219	Drop|Wield
item.swordtip_squid.31556	Drop|Eat
item.syringe_barrel.33752	Destroy
item.syringe_needle.33751	Destroy
item.tackle_box.25580	Destroy|Drop|Empty|Fill|View
item.tai_bwo_wannai_teleport.12409	Drop|Teleport
item.tailfeathers.29222	Destroy
item.tainted_essence_chunk.28591	Drop
item.tall_box_hedge.8209	Drop
item.tall_fancy_hedge.8208	Drop
item.tan_cavalier.2639	Drop|Wear
item.tangled_toad_s_legs.2187	Drop|Eat
item.tangled_toads_legs.9551	Drop|Eat
item.tanzanite_fang.12922	Dismantle|Drop
item.tanzanite_helm.13197	Check|Drop|Restore|Uncharge|Wear
item.target_teleport.24336	Break|Drop
item.target_teleport_scroll.12846	Drop|Read
item.tarnished_halberd.33685	Drop|Polish|Wield
item.tarnished_locket.26910	Destroy|Drop|Inspect|Wear
item.tarromin.253	Drop
item.tarromin_potion_unf.95	Drop|Empty
item.tarromin_seed.5293	Drop
item.tarromin_tar.10144	Drop|Wield
item.tatty_graahk_fur.10097	Drop
item.tatty_kyatt_fur.10101	Drop
item.tatty_larupia_fur.10093	Drop
item.taverley_teleport.11742	Break|Drop|Revert
item.tchiki_monkey_nuts.7573	Drop|Eat
item.tchiki_nut_paste.7575	Drop|Eat
item.te_salt.22593	Drop
item.tea_flask.10859	Drink|Drop|Look-in
item.teacher_wand.6912	Drop|Wield
item.teak_armchair.8314	Drop
item.teak_armour_case.9827	Drop
item.teak_bed.8034	Drop
item.teak_bird_house.21521	Drop
item.teak_cape_rack.9818	Drop
item.teak_clock.8053	Drop
item.teak_dining_bench.8111	Drop
item.teak_drawers.8041	Drop
item.teak_dresser.8048	Drop
item.teak_fancy_dress_box.9866	Drop
item.teak_hull_parts.32047	Drop
item.teak_kitchen_table.8248	Drop
item.teak_logs.6333	Drop
item.teak_magic_wardrobe.9854	Drop
item.teak_plank.8780	Drop
item.teak_pyre_logs.6211	Drop
item.teak_repair_kit.31970	Apply|Drop
item.teak_sapling.21477	Drop
item.teak_seed.21486	Drop
item.teak_seedling.21469	Drop
item.teak_seedling_w.21473	Drop
item.teak_stock.9446	Drop
item.teak_table.8118	Drop
item.teak_toy_box.9837	Drop
item.teak_treasure_chest.9840	Drop
item.teak_wardrobe.8042	Drop
item.teal_boots.2924	Drop|Wear
item.teal_gloves.2932	Drop|Wear
item.teal_hat.2930	Drop|Wear
item.teal_robe_bottoms.2928	Drop|Wear
item.teal_robe_top.2926	Drop|Wear
item.team_10_cape.4333	Drop|Wear
item.team_11_cape.4335	Drop|Wear
item.team_12_cape.4337	Drop|Wear
item.team_13_cape.4339	Drop|Wear
item.team_14_cape.4341	Drop|Wear
item.team_15_cape.4343	Drop|Wear
item.team_16_cape.4345	Drop|Wear
item.team_17_cape.4347	Drop|Wear
item.team_18_cape.4349	Drop|Wear
item.team_19_cape.4351	Drop|Wear
item.team_1_cape.4315	Drop|Wear
item.team_20_cape.4353	Drop|Wear
item.team_21_cape.4355	Drop|Wear
item.team_22_cape.4357	Drop|Wear
item.team_23_cape.4359	Drop|Wear
item.team_24_cape.4361	Drop|Wear
item.team_25_cape.4363	Drop|Wear
item.team_26_cape.4365	Drop|Wear
item.team_27_cape.4367	Drop|Wear
item.team_28_cape.4369	Drop|Wear
item.team_29_cape.4371	Drop|Wear
item.team_2_cape.4317	Drop|Wear
item.team_30_cape.4373	Drop|Wear
item.team_31_cape.4375	Drop|Wear
item.team_32_cape.4377	Drop|Wear
item.team_33_cape.4379	Drop|Wear
item.team_34_cape.4381	Drop|Wear
item.team_35_cape.4383	Drop|Wear
item.team_36_cape.4385	Drop|Wear
item.team_37_cape.4387	Drop|Wear
item.team_38_cape.4389	Drop|Wear
item.team_39_cape.4391	Drop|Wear
item.team_3_cape.4319	Drop|Wear
item.team_40_cape.4393	Drop|Wear
item.team_41_cape.4395	Drop|Wear
item.team_42_cape.4397	Drop|Wear
item.team_43_cape.4399	Drop|Wear
item.team_44_cape.4401	Drop|Wear
item.team_45_cape.4403	Drop|Wear
item.team_46_cape.4405	Drop|Wear
item.team_47_cape.4407	Drop|Wear
item.team_48_cape.4409	Drop|Wear
item.team_49_cape.4411	Drop|Wear
item.team_4_cape.4321	Drop|Wear
item.team_50_cape.4413	Drop|Wear
item.team_5_cape.4323	Drop|Wear
item.team_6_cape.4325	Drop|Wear
item.team_7_cape.4327	Drop|Wear
item.team_8_cape.4329	Drop|Wear
item.team_9_cape.4331	Drop|Wear
item.team_cape_i.20217	Drop|Wear
item.team_cape_x.20214	Drop|Wear
item.team_cape_zero.20211	Drop|Wear
item.teasing_stick.10029	Drop
item.tecu_salamander.28834	Drop|Release|Wield
item.teleport_anchoring_scroll.29455	Drop|Read
item.teleport_card.13658	Destroy|Drop
item.teleport_to_boat.31443	Break|Drop|Last boat
item.teleport_to_house.8013	Break|Drop|Group|Inside|Outside
item.tenacious_indigo_iris_seed.27040	Destroy
item.tenti_pineapple.1851	Drop|Eat
item.tern_feather.32823	Destroy
item.terrifying_charm.27483	Check|Destroy|Drop|Equip
item.thammaron_s_sceptre.22555	Check|Drop|Swap|Uncharge|Wield
item.thammaron_s_sceptre_a.27788	Check|Drop|Swap|Uncharge|Wield
item.thammaron_s_sceptre_au.27785	Dismantle|Drop|Swap|Wield
item.thammaron_s_sceptre_u.22552	Dismantle|Drop|Swap|Wield
item.thatch_spar_dense.6285	Drop
item.thatch_spar_light.6281	Drop
item.thatch_spar_med.6283	Drop
item.the_desert_trout_ship_s_log.25567	Drop|Read
item.the_melted_rocks.31867	Destroy|Drink|Drop
item.thieving_bag.23224	Drop|Wear
item.thieving_cape.9777	Drop|Wear
item.thieving_hood.9779	Drop|Wear
item.thin_snail.3363	Drop
item.thin_snail_meat.3369	Drop|Eat
item.thorny_hedge.8203	Drop
item.thread.1734	Drop
item.thread_of_elidinis.27279	Destroy|Drop|Inspect
item.three_barrels.8862	Drop
item.throwing_rope.945	Drop
item.tiara.5525	Drop|Wear
item.tiara_mould.5523	Drop
item.timber_beam.8837	Drop
item.tin_ore.438	Drop
item.tin_ore_powder.5583	Drop
item.tiny_net.6674	Drop
item.toad_batta.2255	Drop|Eat
item.toad_crunchies.2217	Drop|Eat
item.toad_s_legs.2152	Drop|Eat
item.toadflax.2998	Drop
item.toadflax_potion_unf.3002	Drop|Empty
item.toadflax_seed.5296	Drop
item.toktz_ket_xil.6524	Drop|Wield
item.toktz_mej_tal.6526	Drop|Wield
item.toktz_xil_ak.6523	Drop|Wield
item.toktz_xil_ek.6525	Drop|Wield
item.toktz_xil_ul.6522	Drop|Wield
item.tomato.1982	Drop|Eat
item.tomato_seed.5322	Drop
item.tomatoes_1.5960	Drop|Empty|Fill|Remove-one
item.tome_of_earth.30064	Check|Drop|Pages|Wield
item.tome_of_fire.20714	Check|Drop|Pages|Wield
item.tome_of_water.25574	Check|Drop|Pages|Wield
item.tonalztics_of_ralos.28922	Charge|Check|Drop|Uncharge|Wield
item.tonameyo_white.29958	Drink|Drop
item.tooth_half_of_key.985	Destroy|Drop
item.top_hat.12432	Drop|Wear
item.top_hat_monocle.12434	Drop|Wear
item.topaz_amulet.21114	Drop|Wear
item.topaz_amulet_u.21105	Drop
item.topaz_bolt_tips.9188	Drop
item.topaz_bolts.9336	Drop|Wield
item.topaz_bolts_e.9239	Drop|Wield
item.topaz_bracelet.21123	Drop|Wear
item.topaz_dragon_bolts.21961	Drop|Wield
item.topaz_dragon_bolts_e.21938	Drop|Wield
item.topaz_necklace.21096	Drop|Wear
item.topaz_ring.21087	Drop|Wear
item.topiary_hedge.8206	Drop
item.torag_s_armour_set.12879	Drop
item.torag_s_hammers.4747	Check|Drop|Wield
item.torag_s_helm.4745	Check|Drop|Wear
item.torag_s_platebody.4749	Check|Drop|Wear
item.torag_s_platelegs.4751	Check|Drop|Wear
item.torch.595	Drop|Wield
item.tormented_bracelet.19544	Drop|Wear
item.tormented_ornament_kit.23348	Drop
item.tormented_synapse.29580	Drop|Inspect
item.torn_prayer_scroll.21047	Drop|Read
item.torn_robe.6788	Drop|Wear
item.torstol.269	Drop
item.torstol_potion_unf.111	Drop|Empty
item.torstol_seed.5304	Drop
item.tortoise_shell.7939	Drop
item.tortugan_shield.31398	Drop|Wear
item.torture_ornament_kit.20062	Drop
item.torva_armour_set.31145	Drop
item.torva_full_helm.26382	Drop|Wear
item.torva_platebody.26384	Drop|Wear
item.torva_platelegs.26386	Drop|Wear
item.toxic_blowpipe.12926	Check|Drop|Uncharge|Unload|Wield
item.toxic_staff_of_the_dead.12904	Check|Drop|Uncharge|Wield
item.toy_cat.7771	Drop|Release
item.toy_doll.7763	Drop|Wind
item.toy_doll_wound.7765	Drop|Release
item.toy_mouse.7767	Drop|Wind
item.toy_mouse_wound.7769	Drop|Release
item.toy_soldier.7759	Drop|Wind
item.toy_soldier_wound.7761	Drop|Release
item.trading_sticks.6306	Drop
item.training_arrows.9706	Destroy|Drop|Wield
item.training_bow.9705	Destroy|Drop|Wield
item.training_shield.9704	Destroy|Drop|Wear
item.training_sword.9703	Destroy|Drop|Wield
item.trapper_s_tipple.29277	Drink|Drop
item.trawler_s_trust.31820	Destroy|Drink|Drop
item.treasonous_ring.12605	Drop|Wear
item.treasonous_ring_i.12692	Drop|Uncharge|Wear
item.treasure_flag.8970	Drop|Wield
item.tree_skirt.22717	Destroy|Drop|Wear
item.tree_top.22715	Destroy|Drop|Wear
item.tri_jester_hat.6860	Destroy|Drop|Wear
item.tri_jester_scarf.6861	Destroy|Drop|Wear
item.triangle_sandwich.6962	Drop|Eat
item.tribal_mask.6335	Drop|Wear
item.tribal_top.6341	Drop|Wear
item.trident_of_the_seas.11907	Check|Drop|Uncharge|Wield
item.trident_of_the_seas_e.22288	Check|Drop|Uncharge|Wield
item.trident_of_the_seas_e_o.33326	Check|Dismantle|Drop|Uncharge|Wield
item.trident_of_the_seas_full_o.33323	Check|Dismantle|Drop|Uncharge|Wield
item.trident_of_the_seas_o.33322	Check|Dismantle|Uncharge|Wield
item.trident_of_the_swamp.12899	Check|Drop|Uncharge|Wield
item.trident_of_the_swamp_e.22292	Check|Drop|Uncharge|Wield
item.trident_of_the_swamp_e_o.33318	Check|Dismantle|Drop|Uncharge|Wield
item.trident_of_the_swamp_o.33314	Check|Dismantle|Drop|Uncharge|Wield
item.troll_bone.7884	Drop
item.trollheim_teleport.11747	Break|Drop|Revert
item.trollweiss.4086	Drop|Wield
item.trousers.5036	Drop|Wear
item.trouver_parchment.24187	Drop|Read
item.tumeken_s_shadow.27275	Charge|Check|Drop|Uncharge|Wield
item.tuna_and_corn.7068	Drop|Eat
item.tuna_potato.7060	Drop|Eat
item.turquoise_boots.634	Drop|Wear
item.turquoise_hat.664	Drop|Wear
item.turquoise_robe_bottoms.654	Drop|Wear
item.turquoise_robe_top.644	Drop|Wear
item.turquoise_slayer_helmet.21888	Check|Disassemble|Drop|Wear
item.turquoise_slayer_helmet_i.21890	Check|Disassemble|Drop|Wear
item.twinflame_staff.30634	Drop|Inspect|Wield
item.twisted_bow.20997	Drop|Wield
item.twisted_buckler.21000	Drop|Wear
item.twitcher_s_gloves.28630	Drop|Settings|Wear
item.two_barrels.8861	Drop
item.tyrannical_ring.12603	Drop|Wear
item.tyrannical_ring_i.12691	Drop|Uncharge|Wear
item.tyras_helm.9629	Drop|Wear
item.tzhaar_ket_em.6527	Drop|Wield
item.tzhaar_ket_om.6528	Drop|Wield
item.tzhaar_ket_om_ornament_kit.23232	Drop
item.tzkal_slayer_helmet.25910	Check|Disassemble|Drop|Wear
item.tzkal_slayer_helmet_i.25912	Check|Disassemble|Drop|Wear
item.tztok_slayer_helmet.25898	Check|Disassemble|Drop|Wear
item.tztok_slayer_helmet_i.25900	Check|Disassemble|Drop|Wear
item.ugthanki_dung.4601	Drop|Empty
item.ugthanki_kebab.1883	Drop|Eat
item.ugthanki_meat.1861	Drop|Eat
item.ugthanki_onion.1877	Drop
item.ugthanki_tomato.1879	Drop
item.ultimate_ironman_helm.12813	Destroy|Drop|Wear
item.ultimate_ironman_platebody.12814	Destroy|Drop|Wear
item.ultimate_ironman_platelegs.12815	Destroy|Drop|Wear
item.ultor_ring.25485	Drop|Wear
item.ultracompost.21483	Drop|Empty
item.umbral_coral.31487	Drop
item.umbral_frag.31515	Drop
item.umbral_potion_unf.31668	Drop|Empty
item.unblessed_symbol.1716	Drop|Wear
item.uncharged_toxic_trident.12900	Check|Dismantle|Drop|Wield
item.uncharged_toxic_trident_e.22294	Check|Dismantle|Drop|Wield
item.uncharged_toxic_trident_e_o.33320	Check|Dismantle|Wield
item.uncharged_toxic_trident_o.33316	Check|Dismantle|Wield
item.uncharged_trident.11908	Check|Drop|Wield
item.uncharged_trident_e.22290	Check|Drop|Wield
item.uncharged_trident_e_o.33328	Check|Dismantle|Wield
item.uncharged_trident_o.33434	Check|Dismantle|Wield
item.unconscious_broav.29518	Release
item.uncooked_apple_pie.2317	Drop
item.uncooked_berry_pie.2321	Drop
item.uncooked_botanical_pie.19656	Drop
item.uncooked_dragonfruit_pie.22789	Drop
item.uncooked_egg.7076	Drop
item.uncooked_meat_pie.2319	Drop
item.uncooked_mushroom_pie.21684	Drop
item.uncut_dragonstone.1631	Drop
item.uncut_jade.1627	Drop
item.uncut_onyx.6571	Drop
item.uncut_opal.1625	Drop
item.uncut_red_topaz.1629	Drop
item.uncut_zenyte.19496	Drop
item.undead_chicken.10487	Destroy|Drop|Wield
item.unfinished_batta.2251	Drop|Eat
item.unfinished_bowl.2179	Drop|Eat
item.unfinished_broad_bolts.11876	Drop
item.unfinished_cocktail.2042	Drink|Drop
item.unfinished_crunchy.2207	Drop|Eat
item.unfinished_potion.3406	Destroy|Drop|Empty
item.unfired_bowl.1791	Drop
item.unfired_cup.28193	Drop
item.unfired_pie_dish.1789	Drop
item.unfired_plant_pot.5352	Drop
item.unfired_pot.1787	Drop
item.unfired_pot_lid.4438	Drop
item.unholy_blessing.20223	Drop|Equip
item.unholy_book.3842	Drop|Preach|Wield
item.unholy_book_page_set.13151	Drop
item.unholy_mould.1594	Drop
item.unholy_symbol.1724	Drop|Wear
item.unicorn_bone.7821	Drop
item.unicorn_horn.237	Drop
item.unicorn_horn_dust.235	Drop
item.unidentified_liquid.702	Drop|Empty
item.unlit_bug_lantern.7051	Drop|Wield
item.unlit_torch.596	Drop
item.unpowered_orb.567	Drop
item.unpowered_symbol.1722	Drop|Wear
item.unstrung_comp_bow.4825	Drop
item.unstrung_emblem.1720	Drop
item.unstrung_heavy_ballista.19607	Drop
item.unstrung_light_ballista.19604	Drop
item.unstrung_symbol.1714	Drop
item.uri_s_hat.23255	Drop|Wear
item.urium_remains.25419	Drop
item.ursine_chainmace.27660	Check|Drop|Uncharge|Wield
item.ursine_chainmace_u.27657	Dismantle|Drop|Wield
item.urt_salt.22597	Drop
item.v_s_shield.24265	Destroy|Drop|Inspect|Wield
item.vacuum_pump.31371	Destroy|Drop|Play
item.vacuum_pump_and_gull.31373	Destroy|Drop|Play
item.vampyre_dust.3325	Drop
item.vampyre_kraken_ink_sac.32837	Destroy
item.vampyre_kraken_tentacle.32818	Destroy
item.vampyric_slayer_helmet.25904	Check|Disassemble|Drop|Wear
item.vampyric_slayer_helmet_i.25906	Check|Disassemble|Drop|Wear
item.varlamorian_kebab.29900	Drop|Eat
item.varrock_armour_1.13104	Drop|Wear
item.varrock_armour_2.13105	Drop|Wear
item.varrock_armour_3.13106	Drop|Wear
item.varrock_armour_4.13107	Drop|Wear
item.varrock_teleport.8007	Break|Drop|Grand Exchange|Toggle|Varrock
item.veg_ball.2195	Drop|Eat
item.vegetable_batta.2281	Drop|Eat
item.veiled_kraken_ink_sac.33145	Destroy
item.veiled_kraken_tentacle.33144	Destroy
item.venator_bow.27610	Check|Drop|Kill Area|Uncharge|Wield|Detach
item.venator_fang.33661	Drop
item.venator_ring.25487	Drop|Wear
item.venator_shard.27614	Combine|Drop
item.venator_tooth.33663	Drop
item.verac_s_armour_set.12875	Drop
item.verac_s_brassard.4757	Check|Drop|Wear
item.verac_s_flail.4755	Check|Drop|Wield
item.verac_s_helm.4753	Check|Drop|Wear
item.verac_s_plateskirt.4759	Check|Drop|Wear
item.very_long_rope.28363	Destroy
item.vesta_s_blighted_longsword.24617	Drop|Wield
item.vesta_s_chainbody.22616	Drop|Wear
item.vesta_s_chainbody_bh.27831	Drop|Uncharge|Wear
item.vesta_s_longsword.22613	Drop|Wield
item.vesta_s_longsword_bh.27904	Drop|Uncharge|Wield
item.vesta_s_plateskirt.22619	Drop|Wear
item.vesta_s_plateskirt_bh.27832	Drop|Uncharge|Wear
item.vesta_s_spear.22610	Drop|Wield
item.vesta_s_spear_bh.27900	Drop|Uncharge|Wield
item.vial.229	Destroy|Drop
item.vial_of_blood.22405	Destroy|Drop|Empty
item.vial_of_water.227	Destroy|Drop|Empty
item.victor_s_cape_1.24207	Drop|Wear
item.victor_s_cape_10.24209	Drop|Wear
item.victor_s_cape_100.24213	Drop|Wear
item.victor_s_cape_1000.24520	Drop|Wear
item.victor_s_cape_50.24211	Drop|Wear
item.victor_s_cape_500.24215	Drop|Wear
item.viggora_s_chainmace.22545	Check|Drop|Uncharge|Wield
item.viggora_s_chainmace_u.22542	Dismantle|Drop|Wield
item.vile_ashes.25769	Drop|Scatter
item.villager_armband.6347	Drop|Wear
item.villager_hat.6345	Drop|Wear
item.villager_robe.6343	Drop|Wear
item.villager_sandals.6349	Drop|Wear
item.vine_seed.6456	Destroy
item.virtus_armour_set.31148	Drop
item.virtus_mask.26241	Drop|Wear|Detach
item.virtus_robe_bottom.26245	Drop|Wear|Detach
item.virtus_robe_top.26243	Drop|Wear|Detach
item.vodka.2015	Drink|Drop
item.void_knight_gloves.8842	Drop|Wear
item.void_knight_mace.8841	Drop|Wield
item.void_knight_robe.8840	Drop|Wear
item.void_knight_top.8839	Drop|Wear
item.void_mage_helm.11663	Drop|Wear
item.void_melee_helm.11665	Drop|Wear
item.void_ranger_helm.11664	Drop|Wear
item.void_seal_8.11666	Drop|Rub|Wear
item.voidwaker.27690	Drop|Wield
item.voidwaker_blade.27684	Drop|Inspect
item.voidwaker_gem.27687	Drop|Inspect
item.voidwaker_hilt.27681	Drop|Inspect
item.volatile_nightmare_staff.24424	Dismantle|Drop|Wield
item.volatile_orb.24514	Drop
item.volcanic_abyssal_whip.12773	Drop|Wield
item.volcanic_ash.21622	Drop
item.volcanic_mine_teleport.21541	Break|Drop
item.volcanic_whip_mix.12771	Drop
item.vulnerability_charm.30685	Drop|Inspect
item.vyre_noble_blazer.24794	Drop|Wear
item.vyre_noble_coat_tails.24796	Drop|Wear
item.vyre_noble_corset.24802	Drop|Wear
item.vyre_noble_dress_bottom.24808	Drop|Wear
item.vyre_noble_dress_top.24806	Drop|Wear
item.vyre_noble_legs.24678	Drop|Wear
item.vyre_noble_pants.24800	Drop|Wear
item.vyre_noble_shoes.24680	Drop|Wear
item.vyre_noble_skirt.24804	Drop|Wear
item.vyre_noble_top.24676	Drop|Wear
item.vyre_noble_vest.24798	Drop|Wear
item.vyrewatch_legs.9636	Drop|Wear
item.vyrewatch_shoes.9638	Drop|Wear
item.vyrewatch_top.9634	Drop|Wear
item.war_blessing.20232	Drop|Equip
item.ward_upgrade_kit.12802	Drop
item.warhammer.1415	Drop
item.warm_gloves.20712	Drop|Wear
item.warped_sceptre.28585	Charge|Check|Drop|Uncharge|Wield
item.warrior_helm.3753	Drop|Wear
item.warrior_icon.28301	Drop|Inspect
item.warrior_ring.6735	Drop|Wear
item.warrior_ring_i.11772	Drop|Uncharge|Wear
item.watchtower_teleport.8012	Break|Drop|Toggle|Watchtower|Yanille
item.water_battlestaff.1395	Drop|Wield
item.water_container.22094	Check|Destroy|Empty
item.water_filled_gourd_vial.20801	Drop|Empty
item.water_orb.571	Drop
item.water_talisman.1444	Drop|Locate
item.water_tiara.5531	Drop|Wear
item.waterbirth_teleport.24953	Break|Drop
item.watering_can.5331	Drop
item.watermelon.5982	Drop|Eat
item.watermelon_seed.5321	Drop
item.watermelon_slice.5984	Drop|Eat
item.watson_teleport.23387	Drop|Teleport
item.waxwood_log.24938	Destroy
item.waxwood_plank.24939	Destroy
item.weapon_poison.187	Drop|Empty
item.weapon_poison.5937	Drop|Empty
item.weapon_poison.5940	Drop|Empty
item.weapon_poison_unf.5936	Drop|Empty
item.weapon_poison_unf.5939	Drop|Empty
item.webweaver_bow.27655	Check|Drop|Uncharge|Wield
item.webweaver_bow_u.27652	Dismantle|Drop|Wield
item.weeds.6055	Drop
item.weird_gloop.9593	Drop|Empty
item.werewolf_bone.7866	Drop
item.west_ardougne_teleport.19623	Break|Drop
item.western_banner_1.13141	Drop|Teleport|Wield
item.western_banner_2.13142	Drop|Teleport|Wield
item.western_banner_3.13143	Drop|Teleport|Wield
item.western_banner_4.13144	Drop|Teleport|Wield
item.whirlpool_surprise.31811	Destroy|Drink|Drop
item.whisky.2017	Drink|Drop
item.white_2h_sword.6609	Drop|Wield
item.white_apron.1005	Drop|Wear
item.white_battleaxe.6589	Drop|Wield
item.white_bead.1476	Drop
item.white_beret.2637	Drop|Wear
item.white_berries.239	Drop
item.white_boater.12313	Drop|Wear
item.white_boots.6619	Drop|Wear
item.white_candy.24982	Drop|Eat
item.white_cavalier.12321	Drop|Wear
item.white_chainbody.6615	Drop|Wear
item.white_claws.6587	Drop|Wear
item.white_dagger.6591	Drop|Wield
item.white_dark_bow_paint.12763	Drop
item.white_elegant_blouse.10420	Drop|Wear
item.white_elegant_skirt.10422	Drop|Wear
item.white_firelighter.10327	Drop
item.white_flowers.2474	Drop|Wield
item.white_full_helm.6623	Drop|Wear
item.white_gloves.6629	Drop|Wear
item.white_goblin_mail.26567	Drop|Wear
item.white_halberd.6599	Drop|Wield
item.white_headband.12299	Drop|Wear
item.white_kiteshield.6633	Drop|Wear
item.white_lily.22932	Drop
item.white_lily_seed.22887	Drop
item.white_logs.10328	Drop
item.white_longsword.6607	Drop|Wield
item.white_mace.6601	Drop|Wield
item.white_magic_staff.6603	Drop|Wield
item.white_med_helm.6621	Drop|Wear
item.white_pearl.4485	Drop|Eat
item.white_pearl_seed.4486	Drop
item.white_platebody.6617	Drop|Wear
item.white_platelegs.6625	Drop|Wear
item.white_plateskirt.6627	Drop|Wear
item.white_rose_seed.6453	Destroy
item.white_scimitar.6611	Drop|Wield
item.white_sq_shield.6631	Drop|Wield
item.white_sword.6605	Drop|Wield
item.white_toy_horsey.2522	Drop|Play-with
item.white_tree_fruit.6469	Drop|Eat
item.white_unicorn_mask.20269	Drop|Wear
item.white_warhammer.6613	Drop|Wield
item.whiteberry_seed.5105	Drop
item.wild_pie.7208	Drop|Eat
item.wildblood_hops.6002	Drop
item.wildblood_seed.5311	Drop
item.wilderness_cape.21428	Drop|Wear
item.wilderness_champion_amulet.21433	Destroy|Wear
item.wilderness_crabs_teleport.24251	Break|Configure|Drop
item.wilderness_sword_1.13108	Drop|Wield
item.wilderness_sword_2.13109	Drop|Wield
item.wilderness_sword_3.13110	Drop|Teleport|Wield
item.wilderness_sword_4.13111	Drop|Teleport|Wield
item.willow_bird_house.21518	Drop
item.willow_blackjack.4600	Drop|Wield
item.willow_blackjack_d.6414	Drop|Wield
item.willow_blackjack_o.6412	Drop|Wield
item.willow_branch.5933	Drop
item.willow_comp_bow.10280	Drop|Wield
item.willow_leaves.6024	Drop
item.willow_logs.1519	Drop
item.willow_longbow_u.58	Drop
item.willow_pyre_logs.3442	Drop
item.willow_roots.6045	Drop
item.willow_sapling.5371	Drop
item.willow_seed.5313	Drop
item.willow_seedling.5359	Drop
item.willow_seedling_w.5365	Drop
item.willow_shield.22254	Drop|Wield
item.willow_shortbow_u.60	Drop
item.willow_stock.9444	Drop
item.windswept_logs.11035	Destroy|Drop
item.wine_of_zamorak.245	Drop
item.winter_sq_irkjuice.10851	Drink|Drop
item.witchwood_icon.8923	Drop|Wear
item.wizard_blizzard.2054	Drink|Drop|Empty
item.wizard_boots.2579	Drop|Wear
item.wizard_hat.1017	Drop|Wear
item.wizard_s_mind_bomb.1907	Drink|Drop
item.woad_leaf.1793	Drop
item.woad_seed.5099	Drop
item.wolf_bone.7830	Drop
item.wolf_bonemeal.4262	Drop|Empty
item.wolf_bones.2859	Bury|Drop
item.wolf_cloak.23410	Drop|Wear
item.wolf_mask.23407	Destroy|Drop|Wear
item.wolf_whistle.10896	Blow|Drop
item.wolfbane.2952	Drop|Wield
item.wolfbone_arrowtips.2861	Drop
item.wood_camo_legs.10055	Drop|Wear
item.wood_camo_top.10053	Drop|Wear
item.wood_dining_table.8115	Drop
item.woodcutting_cape.9807	Drop|Wear
item.woodcutting_hood.9809	Drop|Wear
item.wooden_bed.8031	Drop
item.wooden_bench.8108	Drop
item.wooden_cat.10891	Drop
item.wooden_chair.8310	Drop
item.wooden_hull_parts.32041	Drop
item.wooden_spoon.7433	Drop|Wield
item.wooden_stock.9440	Drop
item.wooden_sword.7675	Drop|Wield
item.wool.1737	Drop
item.woolly_hat.6862	Destroy|Drop|Wear
item.woolly_scarf.6863	Destroy|Drop|Wear
item.worm_batta.2253	Drop|Eat
item.worm_crunchies.2205	Drop|Eat
item.worm_hole.2191	Drop|Eat
item.woven_top.5024	Drop|Wear
item.wrapped_oomlie.2341	Drop
item.wrath_rune.21880	Drop
item.wrath_talisman.22118	Drop|Locate
item.wrath_tiara.22121	Drop|Wear
item.wrench.6713	Drop
item.wyrm_bonemeal.22754	Drop|Empty
item.wyrm_bones.22780	Bury|Drop
item.wyrmling_bones.28899	Bury|Drop
item.wyvern_bonemeal.6810	Drop|Empty
item.wyvern_bones.6812	Bury|Drop
item.wyvern_visage.21637	Drop
item.xeric_s_champion.22396	Drop|Wear
item.xeric_s_general.22394	Drop|Wear
item.xeric_s_guard.22388	Drop|Wear
item.xeric_s_sentinel.22392	Drop|Wear
item.xeric_s_talisman.13393	Check|Drop|Rub|Uncharge|Wear
item.xeric_s_talisman_inert.13392	Check|Dismantle|Drop|Wear
item.xeric_s_warrior.22390	Drop|Wear
item.xerician_fabric.13383	Drop
item.xerician_hat.13385	Drop|Wear
item.xerician_robe.13389	Drop|Wear
item.xerician_top.13387	Drop|Wear
item.xochipaltic_ros.29969	Drink|Drop
item.yak_hide.10818	Drop
item.yak_hide_armour.10822	Drop|Wear
item.yanille_teleport.11746	Break|Drop|Revert
item.yanillian_hops.5998	Drop
item.yanillian_seed.5309	Drop
item.yellow_bead.1472	Drop
item.yellow_boots.2914	Drop|Wear
item.yellow_cape.1023	Drop|Wear
item.yellow_dark_bow_paint.12761	Drop
item.yellow_dye.1765	Drop
item.yellow_feather.10090	Drop
item.yellow_fin.32360	Drop
item.yellow_flowers.2466	Drop|Wield
item.yellow_gloves.2922	Drop|Wear
item.yellow_goblin_mail.9056	Drop|Wear
item.yellow_hat.2920	Drop|Wear
item.yellow_robe_bottoms.2918	Drop|Wear
item.yellow_robe_top.2916	Drop|Wear
item.yellowfin.32328	Drop|Eat
item.yew_bird_house.22198	Drop
item.yew_comp_bow.10282	Drop|Wield
item.yew_leaves.6026	Drop
item.yew_logs.1515	Drop
item.yew_longbow.855	Drop|Wield
item.yew_longbow_u.66	Drop
item.yew_pyre_logs.3446	Drop
item.yew_roots.6049	Drop
item.yew_sapling.5373	Drop
item.yew_seed.5315	Drop
item.yew_seedling.5361	Drop
item.yew_seedling_w.5367	Drop
item.yew_shield.22260	Drop|Wield
item.yew_shortbow.857	Drop|Wield
item.yew_shortbow_u.68	Drop
item.yew_stock.9452	Drop
item.yin_yang_amulet.7803	Drop|Wear
item.yommi_tree_seeds.735	Drop|Look
item.young_impling_jar.11240	Destroy|Drop|Loot
item.zadimus_corpse.610	Bury|Drop
item.zalcano_shard.23908	Drop
item.zamorak_armour_set_lg.13044	Drop
item.zamorak_armour_set_sk.13046	Drop
item.zamorak_banner.4039	Drop|Equip|Wield
item.zamorak_bracers.10368	Drop|Wear
item.zamorak_cape.2414	Drop|Wear
item.zamorak_chaps.10372	Drop|Wear
item.zamorak_cloak.4042	Drop|Wear
item.zamorak_coif.10374	Drop|Wear
item.zamorak_crozier.10444	Drop|Wield
item.zamorak_d_hide_body.10370	Drop|Wear
item.zamorak_d_hide_boots.19936	Drop|Wear
item.zamorak_d_hide_shield.23194	Drop|Wield
item.zamorak_dragonhide_set.13161	Drop
item.zamorak_full_helm.2657	Drop|Wear
item.zamorak_godsword.11808	Dismantle|Drop|Wield
item.zamorak_godsword_ornament_kit.20077	Drop
item.zamorak_halo.12638	Drop|Wear
item.zamorak_hilt.11816	Drop
item.zamorak_kiteshield.2659	Drop|Wear
item.zamorak_max_cape.13333	Drop|Wear
item.zamorak_max_hood.13334	Drop|Wear
item.zamorak_mitre.10456	Drop|Wear
item.zamorak_mjolnir.6764	Drop|Wield
item.zamorak_monk_bottom.1033	Drop|Wear
item.zamorak_monk_top.1035	Drop|Wear
item.zamorak_page_1.3831	Drop
item.zamorak_page_2.3832	Drop
item.zamorak_page_3.3833	Drop
item.zamorak_page_4.3834	Drop
item.zamorak_platebody.2653	Drop|Wear
item.zamorak_platelegs.2655	Drop|Wear
item.zamorak_plateskirt.3478	Drop|Wear
item.zamorak_robe_legs.10468	Drop|Wear
item.zamorak_robe_top.10460	Drop|Wear
item.zamorak_s_grapes.20749	Drop
item.zamorak_staff.2417	Drop|Wield
item.zamorak_stole.10474	Drop|Wear
item.zamorakian_hasta.11889	Drop|Wield
item.zamorakian_spear.11824	Drop|Wield
item.zaryte_crossbow.26374	Drop|Wield
item.zaryte_vambraces.26235	Drop|Wear
item.zealot_s_boots.25440	Drop|Wear
item.zealot_s_helm.25438	Drop|Wear
item.zealot_s_robe_bottom.25436	Drop|Wear
item.zealot_s_robe_top.25434	Drop|Wear
item.zenyte.19493	Drop
item.zenyte_amulet.19541	Drop|Wear
item.zenyte_amulet_u.19501	Drop
item.zenyte_bracelet.19492	Drop|Wear
item.zenyte_necklace.19535	Drop|Wear
item.zenyte_ring.19538	Drop|Wear
item.zenyte_shard.19529	Drop
item.zogre_bone.7848	Drop
item.zogre_bonemeal.4852	Drop|Empty
item.zogre_bones.4812	Bury|Drop
item.zombie_axe.28810	Drop|Wield
item.zombie_bone.7863	Drop
item.zombie_boots.7596	Drop|Wear
item.zombie_gloves.7595	Drop|Wear
item.zombie_helmet.30321	Drop|Wear
item.zombie_mask.7594	Drop|Wear
item.zombie_monkey.24863	Lap-count|Release|Transform|Wear
item.zombie_pirate_key.29449	Drop
item.zombie_shirt.7592	Drop|Wear
item.zombie_trousers.7593	Drop|Wear
item.zul_andra_teleport.12938	Drop|Teleport
item.zulrah_s_scales.12934	Drop
item.zuriel_s_hood.22650	Drop|Wear
item.zuriel_s_hood_bh.27839	Drop|Uncharge|Wear
item.zuriel_s_robe_bottom.22656	Drop|Wear
item.zuriel_s_robe_bottom_bh.27841	Drop|Uncharge|Wear
item.zuriel_s_robe_top.22653	Drop|Wear
item.zuriel_s_robe_top_bh.27840	Drop|Uncharge|Wear
item.zuriel_s_staff.22647	Drop|Wield
item.zuriel_s_staff_bh.27920	Drop|Uncharge|Wield
