card_id	field	source	source_date	notes
item.adamant_crossbow_u.9463	quest	https://raw.githubusercontent.com/osrsbox/osrsbox-db/master/docs/items-json/9463.json	2026-08-01	quest_item=false; source record last updated 2021-08-05
npc.a_corpse.15165	aggression	https://oldschool.runescape.wiki/w/Special:Redirect/revision/15200722	2026-08-06	OSRS Wiki Infobox Monster; fill-only sync
npc.a_corpse.15165	attack_speed	https://oldschool.runescape.wiki/w/Special:Redirect/revision/15200722	2026-08-06	OSRS Wiki Infobox Monster; fill-only sync
npc.a_corpse.15165	attack_styles	https://oldschool.runescape.wiki/w/Special:Redirect/revision/15200722	2026-08-06	OSRS Wiki Infobox Monster; fill-only sync
npc.a_corpse.15165	hitpoints	https://oldschool.runescape.wiki/w/Special:Redirect/revision/15200722	2026-08-06	OSRS Wiki Infobox Monster; fill-only sync
npc.a_corpse.15165	max_hit	https://oldschool.runescape.wiki/w/Special:Redirect/revision/15200722	2026-08-06	OSRS Wiki Infobox Monster; fill-only sync
npc.a_doubt.3477	aggression	https://oldschool.runescape.wiki/w/Special:Redirect/revision/15199544	2026-08-06	OSRS Wiki Infobox Monster; fill-only sync
npc.a_doubt.3477	attack_speed	https://oldschool.runescape.wiki/w/Special:Redirect/revision/15199544	2026-08-06	OSRS Wiki Infobox Monster; fill-only sync
npc.a_doubt.3477	attack_styles	https://oldschool.runescape.wiki/w/Special:Redirect/revision/15199544	2026-08-06	OSRS Wiki Infobox Monster; fill-only sync
npc.a_doubt.3477	hitpoints	https://oldschool.runescape.wiki/w/Special:Redirect/revision/15199544	2026-08-06	OSRS Wiki Infobox Monster; fill-only sync
npc.a_doubt.3477	max_hit	https://oldschool.runescape.wiki/w/Special:Redirect/revision/15199544	2026-08-06	OSRS Wiki Infobox Monster; fill-only sync
npc.aberrant_spectre.2	attack_speed	https://oldschool.runescape.wiki/w/Special:Redirect/revision/15283125	2026-08-06	OSRS Wiki Infobox Monster; fill-only sync
npc.abhorrent_spectre.7402	aggression	https://oldschool.runescape.wiki/w/Special:Redirect/revision/15283126	2026-08-06	OSRS Wiki Infobox Monster; fill-only sync
npc.abhorrent_spectre.7402	attack_speed	https://oldschool.runescape.wiki/w/Special:Redirect/revision/15283126	2026-08-06	OSRS Wiki Infobox Monster; fill-only sync
npc.abhorrent_spectre.7402	attack_styles	https://oldschool.runescape.wiki/w/Special:Redirect/revision/15283126	2026-08-06	OSRS Wiki Infobox Monster; fill-only sync
npc.abhorrent_spectre.7402	hitpoints	https://oldschool.runescape.wiki/w/Special:Redirect/revision/15283126	2026-08-06	OSRS Wiki Infobox Monster; fill-only sync
npc.abhorrent_spectre.7402	max_hit	https://oldschool.runescape.wiki/w/Special:Redirect/revision/15283126	2026-08-06	OSRS Wiki Infobox Monster; fill-only sync
npc.abhorrent_spectre.7402	slayer_requirement	https://oldschool.runescape.wiki/w/Special:Redirect/revision/15283126	2026-08-06	OSRS Wiki Infobox Monster; fill-only sync
npc.abomination.8262	aggression	https://oldschool.runescape.wiki/w/Special:Redirect/revision/15206300	2026-08-06	OSRS Wiki Infobox Monster; fill-only sync
npc.abomination.8262	attack_speed	https://oldschool.runescape.wiki/w/Special:Redirect/revision/15206300	2026-08-06	OSRS Wiki Infobox Monster; fill-only sync
npc.abomination.8262	attack_styles	https://oldschool.runescape.wiki/w/Special:Redirect/revision/15206300	2026-08-06	OSRS Wiki Infobox Monster; fill-only sync
npc.abomination.8262	hitpoints	https://oldschool.runescape.wiki/w/Special:Redirect/revision/15206300	2026-08-06	OSRS Wiki Infobox Monster; fill-only sync
npc.abomination.8262	max_hit	https://oldschool.runescape.wiki/w/Special:Redirect/revision/15206300	2026-08-06	OSRS Wiki Infobox Monster; fill-only sync
npc.abyssal_antibody.12372	aggression	https://oldschool.runescape.wiki/w/Special:Redirect/revision/15200383	2026-08-06	OSRS Wiki Infobox Monster; fill-only sync
npc.abyssal_antibody.12372	attack_speed	https://oldschool.runescape.wiki/w/Special:Redirect/revision/15200383	2026-08-06	OSRS Wiki Infobox Monster; fill-only sync
npc.abyssal_antibody.12372	attack_styles	https://oldschool.runescape.wiki/w/Special:Redirect/revision/15200383	2026-08-06	OSRS Wiki Infobox Monster; fill-only sync
npc.abyssal_antibody.12372	hitpoints	https://oldschool.runescape.wiki/w/Special:Redirect/revision/15200383	2026-08-06	OSRS Wiki Infobox Monster; fill-only sync
npc.abyssal_antibody.12372	max_hit	https://oldschool.runescape.wiki/w/Special:Redirect/revision/15200383	2026-08-06	OSRS Wiki Infobox Monster; fill-only sync
npc.abyssal_demon.415	attack_speed	https://oldschool.runescape.wiki/w/Special:Redirect/revision/15283161	2026-08-06	OSRS Wiki Infobox Monster; fill-only sync
npc.abyssal_guardian.2585	attack_speed	https://oldschool.runescape.wiki/w/Special:Redirect/revision/15199481	2026-08-06	OSRS Wiki Infobox Monster; fill-only sync
npc.abyssal_leech.2584	attack_speed	https://oldschool.runescape.wiki/w/Special:Redirect/revision/15199376	2026-08-06	OSRS Wiki Infobox Monster; fill-only sync
npc.abyssal_sire.5886	aggression	https://oldschool.runescape.wiki/w/Special:Redirect/revision/15283163	2026-08-06	OSRS Wiki Infobox Monster; fill-only sync
npc.abyssal_sire.5886	attack_speed	https://oldschool.runescape.wiki/w/Special:Redirect/revision/15283163	2026-08-06	OSRS Wiki Infobox Monster; fill-only sync
npc.abyssal_sire.5886	attack_styles	https://oldschool.runescape.wiki/w/Special:Redirect/revision/15283163	2026-08-06	OSRS Wiki Infobox Monster; fill-only sync
npc.abyssal_sire.5886	hazards	https://oldschool.runescape.wiki/w/Special:Redirect/revision/15283163	2026-08-06	OSRS Wiki Infobox Monster; fill-only sync
npc.abyssal_sire.5886	hitpoints	https://oldschool.runescape.wiki/w/Special:Redirect/revision/15283163	2026-08-06	OSRS Wiki Infobox Monster; fill-only sync
npc.abyssal_sire.5886	max_hit	https://oldschool.runescape.wiki/w/Special:Redirect/revision/15283163	2026-08-06	OSRS Wiki Infobox Monster; fill-only sync
npc.abyssal_sire.5886	slayer_requirement	https://oldschool.runescape.wiki/w/Special:Redirect/revision/15283163	2026-08-06	OSRS Wiki Infobox Monster; fill-only sync
npc.abyssal_walker.2586	attack_speed	https://oldschool.runescape.wiki/w/Special:Redirect/revision/15199496	2026-08-06	OSRS Wiki Infobox Monster; fill-only sync
npc.acidic_araxyte.13675	aggression	https://oldschool.runescape.wiki/w/Special:Redirect/revision/15200543	2026-08-06	OSRS Wiki Infobox Monster; fill-only sync
npc.acidic_araxyte.13675	attack_speed	https://oldschool.runescape.wiki/w/Special:Redirect/revision/15200543	2026-08-06	OSRS Wiki Infobox Monster; fill-only sync
npc.acidic_araxyte.13675	attack_styles	https://oldschool.runescape.wiki/w/Special:Redirect/revision/15200543	2026-08-06	OSRS Wiki Infobox Monster; fill-only sync
npc.acidic_araxyte.13675	hazards	https://oldschool.runescape.wiki/w/Special:Redirect/revision/15200543	2026-08-06	OSRS Wiki Infobox Monster; fill-only sync
npc.acidic_araxyte.13675	hitpoints	https://oldschool.runescape.wiki/w/Special:Redirect/revision/15200543	2026-08-06	OSRS Wiki Infobox Monster; fill-only sync
npc.acidic_araxyte.13675	max_hit	https://oldschool.runescape.wiki/w/Special:Redirect/revision/15200543	2026-08-06	OSRS Wiki Infobox Monster; fill-only sync
npc.acidic_araxyte.13675	slayer_requirement	https://oldschool.runescape.wiki/w/Special:Redirect/revision/15200543	2026-08-06	OSRS Wiki Infobox Monster; fill-only sync
npc.acidic_bloodveld.9573	aggression	https://oldschool.runescape.wiki/w/Special:Redirect/revision/15288568	2026-08-06	OSRS Wiki Infobox Monster; fill-only sync
npc.acidic_bloodveld.9573	attack_speed	https://oldschool.runescape.wiki/w/Special:Redirect/revision/15288568	2026-08-06	OSRS Wiki Infobox Monster; fill-only sync
npc.acidic_bloodveld.9573	attack_styles	https://oldschool.runescape.wiki/w/Special:Redirect/revision/15288568	2026-08-06	OSRS Wiki Infobox Monster; fill-only sync
npc.acidic_bloodveld.9573	hitpoints	https://oldschool.runescape.wiki/w/Special:Redirect/revision/15288568	2026-08-06	OSRS Wiki Infobox Monster; fill-only sync
npc.acidic_bloodveld.9573	max_hit	https://oldschool.runescape.wiki/w/Special:Redirect/revision/15288568	2026-08-06	OSRS Wiki Infobox Monster; fill-only sync
npc.adala.13824	aggression	https://oldschool.runescape.wiki/w/Special:Redirect/revision/15200548	2026-08-06	OSRS Wiki Infobox Monster; fill-only sync
npc.adala.13824	attack_speed	https://oldschool.runescape.wiki/w/Special:Redirect/revision/15200548	2026-08-06	OSRS Wiki Infobox Monster; fill-only sync
npc.adala.13824	attack_styles	https://oldschool.runescape.wiki/w/Special:Redirect/revision/15200548	2026-08-06	OSRS Wiki Infobox Monster; fill-only sync
npc.adala.13824	hitpoints	https://oldschool.runescape.wiki/w/Special:Redirect/revision/15200548	2026-08-06	OSRS Wiki Infobox Monster; fill-only sync
npc.adala.13824	max_hit	https://oldschool.runescape.wiki/w/Special:Redirect/revision/15200548	2026-08-06	OSRS Wiki Infobox Monster; fill-only sync
npc.adamant_dragon.8030	aggression	https://oldschool.runescape.wiki/w/Special:Redirect/revision/15199943	2026-08-06	OSRS Wiki Infobox Monster; fill-only sync
npc.adamant_dragon.8030	attack_speed	https://oldschool.runescape.wiki/w/Special:Redirect/revision/15199943	2026-08-06	OSRS Wiki Infobox Monster; fill-only sync
npc.adamant_dragon.8030	attack_styles	https://oldschool.runescape.wiki/w/Special:Redirect/revision/15199943	2026-08-06	OSRS Wiki Infobox Monster; fill-only sync
npc.adamant_dragon.8030	hazards	https://oldschool.runescape.wiki/w/Special:Redirect/revision/15199943	2026-08-06	OSRS Wiki Infobox Monster; fill-only sync
npc.adamant_dragon.8030	hitpoints	https://oldschool.runescape.wiki/w/Special:Redirect/revision/15199943	2026-08-06	OSRS Wiki Infobox Monster; fill-only sync
npc.adamant_dragon.8030	max_hit	https://oldschool.runescape.wiki/w/Special:Redirect/revision/15199943	2026-08-06	OSRS Wiki Infobox Monster; fill-only sync
npc.afflicted.1293	attack_speed	https://oldschool.runescape.wiki/w/Special:Redirect/revision/15199553	2026-08-06	OSRS Wiki Infobox Monster; fill-only sync
npc.agile_scarab.11727	aggression	https://oldschool.runescape.wiki/w/Special:Redirect/revision/15200317	2026-08-06	OSRS Wiki Infobox Monster; fill-only sync
npc.agile_scarab.11727	attack_speed	https://oldschool.runescape.wiki/w/Special:Redirect/revision/15200317	2026-08-06	OSRS Wiki Infobox Monster; fill-only sync
npc.agile_scarab.11727	attack_styles	https://oldschool.runescape.wiki/w/Special:Redirect/revision/15200317	2026-08-06	OSRS Wiki Infobox Monster; fill-only sync
npc.agile_scarab.11727	hitpoints	https://oldschool.runescape.wiki/w/Special:Redirect/revision/15200317	2026-08-06	OSRS Wiki Infobox Monster; fill-only sync
npc.agile_scarab.11727	max_hit	https://oldschool.runescape.wiki/w/Special:Redirect/revision/15200317	2026-08-06	OSRS Wiki Infobox Monster; fill-only sync
npc.agile_warrior.13483	aggression	https://oldschool.runescape.wiki/w/Special:Redirect/revision/15200520	2026-08-06	OSRS Wiki Infobox Monster; fill-only sync
npc.agile_warrior.13483	attack_speed	https://oldschool.runescape.wiki/w/Special:Redirect/revision/15200520	2026-08-06	OSRS Wiki Infobox Monster; fill-only sync
npc.agile_warrior.13483	attack_styles	https://oldschool.runescape.wiki/w/Special:Redirect/revision/15200520	2026-08-06	OSRS Wiki Infobox Monster; fill-only sync
npc.agile_warrior.13483	hitpoints	https://oldschool.runescape.wiki/w/Special:Redirect/revision/15200520	2026-08-06	OSRS Wiki Infobox Monster; fill-only sync
npc.agile_warrior.13483	max_hit	https://oldschool.runescape.wiki/w/Special:Redirect/revision/15200520	2026-08-06	OSRS Wiki Infobox Monster; fill-only sync
npc.agrith_na_na.4880	aggression	https://oldschool.runescape.wiki/w/Special:Redirect/revision/15199368	2026-08-06	OSRS Wiki Infobox Monster; fill-only sync
npc.agrith_na_na.4880	attack_speed	https://oldschool.runescape.wiki/w/Special:Redirect/revision/15199368	2026-08-06	OSRS Wiki Infobox Monster; fill-only sync
npc.agrith_na_na.4880	attack_styles	https://oldschool.runescape.wiki/w/Special:Redirect/revision/15199368	2026-08-06	OSRS Wiki Infobox Monster; fill-only sync
npc.agrith_na_na.4880	hitpoints	https://oldschool.runescape.wiki/w/Special:Redirect/revision/15199368	2026-08-06	OSRS Wiki Infobox Monster; fill-only sync
npc.agrith_na_na.4880	max_hit	https://oldschool.runescape.wiki/w/Special:Redirect/revision/15199368	2026-08-06	OSRS Wiki Infobox Monster; fill-only sync
npc.agrith_naar.911	attack_speed	https://oldschool.runescape.wiki/w/Special:Redirect/revision/15240025	2026-08-06	OSRS Wiki Infobox Monster; fill-only sync
npc.ahrim_the_blighted.1672	attack_speed	https://oldschool.runescape.wiki/w/Special:Redirect/revision/15199256	2026-08-06	OSRS Wiki Infobox Monster; fill-only sync
npc.air_elemental.1369	attack_speed	https://oldschool.runescape.wiki/w/Special:Redirect/revision/15215797	2026-08-06	OSRS Wiki Infobox Monster; fill-only sync
npc.air_wizard.1559	attack_speed	https://oldschool.runescape.wiki/w/Special:Redirect/revision/15276392	2026-08-06	OSRS Wiki Infobox Monster; fill-only sync
npc.akkha.11789	aggression	https://oldschool.runescape.wiki/w/Special:Redirect/revision/15200303	2026-08-06	OSRS Wiki Infobox Monster; fill-only sync
npc.akkha.11789	attack_speed	https://oldschool.runescape.wiki/w/Special:Redirect/revision/15200303	2026-08-06	OSRS Wiki Infobox Monster; fill-only sync
npc.akkha.11789	attack_styles	https://oldschool.runescape.wiki/w/Special:Redirect/revision/15200303	2026-08-06	OSRS Wiki Infobox Monster; fill-only sync
npc.akkha.11789	hitpoints	https://oldschool.runescape.wiki/w/Special:Redirect/revision/15200303	2026-08-06	OSRS Wiki Infobox Monster; fill-only sync
npc.akkha.11789	max_hit	https://oldschool.runescape.wiki/w/Special:Redirect/revision/15200303	2026-08-06	OSRS Wiki Infobox Monster; fill-only sync
npc.akkha_s_shadow.11797	aggression	https://oldschool.runescape.wiki/w/Special:Redirect/revision/15258628	2026-08-06	OSRS Wiki Infobox Monster; fill-only sync
npc.akkha_s_shadow.11797	attack_speed	https://oldschool.runescape.wiki/w/Special:Redirect/revision/15258628	2026-08-06	OSRS Wiki Infobox Monster; fill-only sync
npc.akkha_s_shadow.11797	hitpoints	https://oldschool.runescape.wiki/w/Special:Redirect/revision/15258628	2026-08-06	OSRS Wiki Infobox Monster; fill-only sync
npc.akkha_s_shadow.11797	max_hit	https://oldschool.runescape.wiki/w/Special:Redirect/revision/15258628	2026-08-06	OSRS Wiki Infobox Monster; fill-only sync
npc.albatross.15224	aggression	https://oldschool.runescape.wiki/w/Special:Redirect/revision/15241509	2026-08-06	OSRS Wiki Infobox Monster; fill-only sync
npc.albatross.15224	attack_speed	https://oldschool.runescape.wiki/w/Special:Redirect/revision/15241509	2026-08-06	OSRS Wiki Infobox Monster; fill-only sync
npc.albatross.15224	attack_styles	https://oldschool.runescape.wiki/w/Special:Redirect/revision/15241509	2026-08-06	OSRS Wiki Infobox Monster; fill-only sync
npc.albatross.15224	hitpoints	https://oldschool.runescape.wiki/w/Special:Redirect/revision/15241509	2026-08-06	OSRS Wiki Infobox Monster; fill-only sync
npc.albatross.15224	max_hit	https://oldschool.runescape.wiki/w/Special:Redirect/revision/15241509	2026-08-06	OSRS Wiki Infobox Monster; fill-only sync
npc.albino_bat.1039	attack_speed	https://oldschool.runescape.wiki/w/Special:Redirect/revision/15199384	2026-08-06	OSRS Wiki Infobox Monster; fill-only sync
npc.alchemical_hydra.8615	aggression	https://oldschool.runescape.wiki/w/Special:Redirect/revision/15285801	2026-08-06	OSRS Wiki Infobox Monster; fill-only sync
npc.alchemical_hydra.8615	attack_speed	https://oldschool.runescape.wiki/w/Special:Redirect/revision/15285801	2026-08-06	OSRS Wiki Infobox Monster; fill-only sync
npc.alchemical_hydra.8615	attack_styles	https://oldschool.runescape.wiki/w/Special:Redirect/revision/15285801	2026-08-06	OSRS Wiki Infobox Monster; fill-only sync
npc.alchemical_hydra.8615	hazards	https://oldschool.runescape.wiki/w/Special:Redirect/revision/15285801	2026-08-06	OSRS Wiki Infobox Monster; fill-only sync
npc.alchemical_hydra.8615	hitpoints	https://oldschool.runescape.wiki/w/Special:Redirect/revision/15285801	2026-08-06	OSRS Wiki Infobox Monster; fill-only sync
npc.alchemical_hydra.8615	max_hit	https://oldschool.runescape.wiki/w/Special:Redirect/revision/15285801	2026-08-06	OSRS Wiki Infobox Monster; fill-only sync
npc.alchemical_hydra.8615	slayer_requirement	https://oldschool.runescape.wiki/w/Special:Redirect/revision/15285801	2026-08-06	OSRS Wiki Infobox Monster; fill-only sync
npc.alexis.2623	attack_speed	https://oldschool.runescape.wiki/w/Special:Redirect/revision/15199950	2026-08-06	OSRS Wiki Infobox Monster; fill-only sync
npc.alomone.12093	aggression	https://oldschool.runescape.wiki/w/Special:Redirect/revision/15199483	2026-08-06	OSRS Wiki Infobox Monster; fill-only sync
npc.alomone.12093	attack_speed	https://oldschool.runescape.wiki/w/Special:Redirect/revision/15199483	2026-08-06	OSRS Wiki Infobox Monster; fill-only sync
npc.alomone.12093	attack_styles	https://oldschool.runescape.wiki/w/Special:Redirect/revision/15199483	2026-08-06	OSRS Wiki Infobox Monster; fill-only sync
npc.alomone.12093	hitpoints	https://oldschool.runescape.wiki/w/Special:Redirect/revision/15199483	2026-08-06	OSRS Wiki Infobox Monster; fill-only sync
npc.alomone.12093	max_hit	https://oldschool.runescape.wiki/w/Special:Redirect/revision/15199483	2026-08-06	OSRS Wiki Infobox Monster; fill-only sync
npc.alrik.3676	aggression	https://oldschool.runescape.wiki/w/Special:Redirect/revision/15199971	2026-08-06	OSRS Wiki Infobox Monster; fill-only sync
npc.alrik.3676	attack_speed	https://oldschool.runescape.wiki/w/Special:Redirect/revision/15199971	2026-08-06	OSRS Wiki Infobox Monster; fill-only sync
npc.alrik.3676	attack_styles	https://oldschool.runescape.wiki/w/Special:Redirect/revision/15199971	2026-08-06	OSRS Wiki Infobox Monster; fill-only sync
npc.alrik.3676	hitpoints	https://oldschool.runescape.wiki/w/Special:Redirect/revision/15199971	2026-08-06	OSRS Wiki Infobox Monster; fill-only sync
npc.alrik.3676	max_hit	https://oldschool.runescape.wiki/w/Special:Redirect/revision/15199971	2026-08-06	OSRS Wiki Infobox Monster; fill-only sync
npc.ammonite_crab.7799	aggression	https://oldschool.runescape.wiki/w/Special:Redirect/revision/15215801	2026-08-06	OSRS Wiki Infobox Monster; fill-only sync
npc.ammonite_crab.7799	attack_speed	https://oldschool.runescape.wiki/w/Special:Redirect/revision/15215801	2026-08-06	OSRS Wiki Infobox Monster; fill-only sync
npc.ammonite_crab.7799	attack_styles	https://oldschool.runescape.wiki/w/Special:Redirect/revision/15215801	2026-08-06	OSRS Wiki Infobox Monster; fill-only sync
npc.ammonite_crab.7799	hitpoints	https://oldschool.runescape.wiki/w/Special:Redirect/revision/15215801	2026-08-06	OSRS Wiki Infobox Monster; fill-only sync
npc.ammonite_crab.7799	max_hit	https://oldschool.runescape.wiki/w/Special:Redirect/revision/15215801	2026-08-06	OSRS Wiki Infobox Monster; fill-only sync
npc.amoxliatl.13685	aggression	https://oldschool.runescape.wiki/w/Special:Redirect/revision/15266380	2026-08-06	OSRS Wiki Infobox Monster; fill-only sync
npc.amoxliatl.13685	attack_speed	https://oldschool.runescape.wiki/w/Special:Redirect/revision/15266380	2026-08-06	OSRS Wiki Infobox Monster; fill-only sync
npc.amoxliatl.13685	attack_styles	https://oldschool.runescape.wiki/w/Special:Redirect/revision/15266380	2026-08-06	OSRS Wiki Infobox Monster; fill-only sync
npc.amoxliatl.13685	hitpoints	https://oldschool.runescape.wiki/w/Special:Redirect/revision/15266380	2026-08-06	OSRS Wiki Infobox Monster; fill-only sync
npc.amoxliatl.13685	max_hit	https://oldschool.runescape.wiki/w/Special:Redirect/revision/15266380	2026-08-06	OSRS Wiki Infobox Monster; fill-only sync
npc.amoxliatl.13685	slayer_requirement	https://oldschool.runescape.wiki/w/Special:Redirect/revision/15266380	2026-08-06	OSRS Wiki Infobox Monster; fill-only sync
npc.ancient_custodian.14520	aggression	https://oldschool.runescape.wiki/w/Special:Redirect/revision/15282995	2026-08-06	OSRS Wiki Infobox Monster; fill-only sync
npc.ancient_custodian.14520	attack_speed	https://oldschool.runescape.wiki/w/Special:Redirect/revision/15282995	2026-08-06	OSRS Wiki Infobox Monster; fill-only sync
npc.ancient_custodian.14520	attack_styles	https://oldschool.runescape.wiki/w/Special:Redirect/revision/15282995	2026-08-06	OSRS Wiki Infobox Monster; fill-only sync
npc.ancient_custodian.14520	hitpoints	https://oldschool.runescape.wiki/w/Special:Redirect/revision/15282995	2026-08-06	OSRS Wiki Infobox Monster; fill-only sync
npc.ancient_custodian.14520	max_hit	https://oldschool.runescape.wiki/w/Special:Redirect/revision/15282995	2026-08-06	OSRS Wiki Infobox Monster; fill-only sync
npc.ancient_custodian.14520	slayer_requirement	https://oldschool.runescape.wiki/w/Special:Redirect/revision/15282995	2026-08-06	OSRS Wiki Infobox Monster; fill-only sync
npc.ancient_feral_vyre.15760	aggression	https://oldschool.runescape.wiki/w/Special:Redirect/revision/15267859	2026-08-06	OSRS Wiki Infobox Monster; fill-only sync
npc.ancient_feral_vyre.15760	attack_speed	https://oldschool.runescape.wiki/w/Special:Redirect/revision/15267859	2026-08-06	OSRS Wiki Infobox Monster; fill-only sync
npc.ancient_feral_vyre.15760	attack_styles	https://oldschool.runescape.wiki/w/Special:Redirect/revision/15267859	2026-08-06	OSRS Wiki Infobox Monster; fill-only sync
npc.ancient_feral_vyre.15760	hitpoints	https://oldschool.runescape.wiki/w/Special:Redirect/revision/15267859	2026-08-06	OSRS Wiki Infobox Monster; fill-only sync
npc.ancient_feral_vyre.15760	max_hit	https://oldschool.runescape.wiki/w/Special:Redirect/revision/15267859	2026-08-06	OSRS Wiki Infobox Monster; fill-only sync
npc.ancient_guardian.10654	aggression	https://oldschool.runescape.wiki/w/Special:Redirect/revision/15200249	2026-08-06	OSRS Wiki Infobox Monster; fill-only sync
npc.ancient_guardian.10654	attack_speed	https://oldschool.runescape.wiki/w/Special:Redirect/revision/15200249	2026-08-06	OSRS Wiki Infobox Monster; fill-only sync
npc.ancient_guardian.10654	attack_styles	https://oldschool.runescape.wiki/w/Special:Redirect/revision/15200249	2026-08-06	OSRS Wiki Infobox Monster; fill-only sync
npc.ancient_guardian.10654	hitpoints	https://oldschool.runescape.wiki/w/Special:Redirect/revision/15200249	2026-08-06	OSRS Wiki Infobox Monster; fill-only sync
npc.ancient_guardian.10654	max_hit	https://oldschool.runescape.wiki/w/Special:Redirect/revision/15200249	2026-08-06	OSRS Wiki Infobox Monster; fill-only sync
npc.ancient_wizard.7307	aggression	https://oldschool.runescape.wiki/w/Special:Redirect/revision/15276405	2026-08-06	OSRS Wiki Infobox Monster; fill-only sync
npc.ancient_wizard.7307	attack_speed	https://oldschool.runescape.wiki/w/Special:Redirect/revision/15276405	2026-08-06	OSRS Wiki Infobox Monster; fill-only sync
npc.ancient_wizard.7307	attack_styles	https://oldschool.runescape.wiki/w/Special:Redirect/revision/15276405	2026-08-06	OSRS Wiki Infobox Monster; fill-only sync
npc.ancient_wizard.7307	hazards	https://oldschool.runescape.wiki/w/Special:Redirect/revision/15276405	2026-08-06	OSRS Wiki Infobox Monster; fill-only sync
npc.ancient_wizard.7307	hitpoints	https://oldschool.runescape.wiki/w/Special:Redirect/revision/15276405	2026-08-06	OSRS Wiki Infobox Monster; fill-only sync
npc.ancient_wizard.7307	max_hit	https://oldschool.runescape.wiki/w/Special:Redirect/revision/15276405	2026-08-06	OSRS Wiki Infobox Monster; fill-only sync
npc.ancient_wyvern.7795	aggression	https://oldschool.runescape.wiki/w/Special:Redirect/revision/15274195	2026-08-06	OSRS Wiki Infobox Monster; fill-only sync
npc.ancient_wyvern.7795	attack_speed	https://oldschool.runescape.wiki/w/Special:Redirect/revision/15274195	2026-08-06	OSRS Wiki Infobox Monster; fill-only sync
npc.ancient_wyvern.7795	attack_styles	https://oldschool.runescape.wiki/w/Special:Redirect/revision/15274195	2026-08-06	OSRS Wiki Infobox Monster; fill-only sync
npc.ancient_wyvern.7795	hitpoints	https://oldschool.runescape.wiki/w/Special:Redirect/revision/15274195	2026-08-06	OSRS Wiki Infobox Monster; fill-only sync
npc.ancient_wyvern.7795	max_hit	https://oldschool.runescape.wiki/w/Special:Redirect/revision/15274195	2026-08-06	OSRS Wiki Infobox Monster; fill-only sync
npc.ancient_wyvern.7795	slayer_requirement	https://oldschool.runescape.wiki/w/Special:Redirect/revision/15274195	2026-08-06	OSRS Wiki Infobox Monster; fill-only sync
npc.ancient_zygomite.7797	aggression	https://oldschool.runescape.wiki/w/Special:Redirect/revision/15254484	2026-08-06	OSRS Wiki Infobox Monster; fill-only sync
npc.ancient_zygomite.7797	attack_speed	https://oldschool.runescape.wiki/w/Special:Redirect/revision/15254484	2026-08-06	OSRS Wiki Infobox Monster; fill-only sync
npc.ancient_zygomite.7797	attack_styles	https://oldschool.runescape.wiki/w/Special:Redirect/revision/15254484	2026-08-06	OSRS Wiki Infobox Monster; fill-only sync
npc.ancient_zygomite.7797	hitpoints	https://oldschool.runescape.wiki/w/Special:Redirect/revision/15254484	2026-08-06	OSRS Wiki Infobox Monster; fill-only sync
npc.ancient_zygomite.7797	max_hit	https://oldschool.runescape.wiki/w/Special:Redirect/revision/15254484	2026-08-06	OSRS Wiki Infobox Monster; fill-only sync
npc.ancient_zygomite.7797	slayer_requirement	https://oldschool.runescape.wiki/w/Special:Redirect/revision/15254484	2026-08-06	OSRS Wiki Infobox Monster; fill-only sync
npc.angry_barbarian_spirit.5563	aggression	https://oldschool.runescape.wiki/w/Special:Redirect/revision/15215803	2026-08-06	OSRS Wiki Infobox Monster; fill-only sync
npc.angry_barbarian_spirit.5563	attack_speed	https://oldschool.runescape.wiki/w/Special:Redirect/revision/15215803	2026-08-06	OSRS Wiki Infobox Monster; fill-only sync
npc.angry_barbarian_spirit.5563	attack_styles	https://oldschool.runescape.wiki/w/Special:Redirect/revision/15215803	2026-08-06	OSRS Wiki Infobox Monster; fill-only sync
npc.angry_barbarian_spirit.5563	hitpoints	https://oldschool.runescape.wiki/w/Special:Redirect/revision/15215803	2026-08-06	OSRS Wiki Infobox Monster; fill-only sync
npc.angry_barbarian_spirit.5563	max_hit	https://oldschool.runescape.wiki/w/Special:Redirect/revision/15215803	2026-08-06	OSRS Wiki Infobox Monster; fill-only sync
npc.angry_bear.1060	attack_speed	https://oldschool.runescape.wiki/w/Special:Redirect/revision/15199719	2026-08-06	OSRS Wiki Infobox Monster; fill-only sync
npc.angry_giant_rat.1062	attack_speed	https://oldschool.runescape.wiki/w/Special:Redirect/revision/15199763	2026-08-06	OSRS Wiki Infobox Monster; fill-only sync
npc.angry_goblin.1065	attack_speed	https://oldschool.runescape.wiki/w/Special:Redirect/revision/15199404	2026-08-06	OSRS Wiki Infobox Monster; fill-only sync
npc.angry_tortugan.15170	aggression	https://oldschool.runescape.wiki/w/Special:Redirect/revision/15200723	2026-08-06	OSRS Wiki Infobox Monster; fill-only sync
npc.angry_tortugan.15170	attack_speed	https://oldschool.runescape.wiki/w/Special:Redirect/revision/15200723	2026-08-06	OSRS Wiki Infobox Monster; fill-only sync
npc.angry_tortugan.15170	attack_styles	https://oldschool.runescape.wiki/w/Special:Redirect/revision/15200723	2026-08-06	OSRS Wiki Infobox Monster; fill-only sync
npc.angry_tortugan.15170	hitpoints	https://oldschool.runescape.wiki/w/Special:Redirect/revision/15200723	2026-08-06	OSRS Wiki Infobox Monster; fill-only sync
npc.angry_tortugan.15170	max_hit	https://oldschool.runescape.wiki/w/Special:Redirect/revision/15200723	2026-08-06	OSRS Wiki Infobox Monster; fill-only sync
npc.angry_unicorn.1061	attack_speed	https://oldschool.runescape.wiki/w/Special:Redirect/revision/15199351	2026-08-06	OSRS Wiki Infobox Monster; fill-only sync
npc.animated_adamant_armour.2455	attack_speed	https://oldschool.runescape.wiki/w/Special:Redirect/revision/15282700	2026-08-06	OSRS Wiki Infobox Monster; fill-only sync
npc.animated_black_armour.2453	attack_speed	https://oldschool.runescape.wiki/w/Special:Redirect/revision/15282698	2026-08-06	OSRS Wiki Infobox Monster; fill-only sync
npc.animated_bronze_armour.2450	attack_speed	https://oldschool.runescape.wiki/w/Special:Redirect/revision/15282695	2026-08-06	OSRS Wiki Infobox Monster; fill-only sync
npc.animated_iron_armour.2451	attack_speed	https://oldschool.runescape.wiki/w/Special:Redirect/revision/15282696	2026-08-06	OSRS Wiki Infobox Monster; fill-only sync
npc.animated_mithril_armour.2454	attack_speed	https://oldschool.runescape.wiki/w/Special:Redirect/revision/15282699	2026-08-06	OSRS Wiki Infobox Monster; fill-only sync
npc.animated_rune_armour.2456	attack_speed	https://oldschool.runescape.wiki/w/Special:Redirect/revision/15282701	2026-08-06	OSRS Wiki Infobox Monster; fill-only sync
npc.animated_spade.6470	aggression	https://oldschool.runescape.wiki/w/Special:Redirect/revision/15215805	2026-08-06	OSRS Wiki Infobox Monster; fill-only sync
npc.animated_spade.6470	attack_speed	https://oldschool.runescape.wiki/w/Special:Redirect/revision/15215805	2026-08-06	OSRS Wiki Infobox Monster; fill-only sync
npc.animated_spade.6470	attack_styles	https://oldschool.runescape.wiki/w/Special:Redirect/revision/15215805	2026-08-06	OSRS Wiki Infobox Monster; fill-only sync
npc.animated_spade.6470	hitpoints	https://oldschool.runescape.wiki/w/Special:Redirect/revision/15215805	2026-08-06	OSRS Wiki Infobox Monster; fill-only sync
npc.animated_spade.6470	max_hit	https://oldschool.runescape.wiki/w/Special:Redirect/revision/15215805	2026-08-06	OSRS Wiki Infobox Monster; fill-only sync
npc.animated_steel_armour.2452	attack_speed	https://oldschool.runescape.wiki/w/Special:Redirect/revision/15282697	2026-08-06	OSRS Wiki Infobox Monster; fill-only sync
npc.anja.3285	aggression	https://oldschool.runescape.wiki/w/Special:Redirect/revision/15200026	2026-08-06	OSRS Wiki Infobox Monster; fill-only sync
npc.anja.3285	attack_speed	https://oldschool.runescape.wiki/w/Special:Redirect/revision/15200026	2026-08-06	OSRS Wiki Infobox Monster; fill-only sync
npc.anja.3285	attack_styles	https://oldschool.runescape.wiki/w/Special:Redirect/revision/15200026	2026-08-06	OSRS Wiki Infobox Monster; fill-only sync
npc.anja.3285	hitpoints	https://oldschool.runescape.wiki/w/Special:Redirect/revision/15200026	2026-08-06	OSRS Wiki Infobox Monster; fill-only sync
npc.anja.3285	max_hit	https://oldschool.runescape.wiki/w/Special:Redirect/revision/15200026	2026-08-06	OSRS Wiki Infobox Monster; fill-only sync
npc.ankou.2514	attack_speed	https://oldschool.runescape.wiki/w/Special:Redirect/revision/15271474	2026-08-06	OSRS Wiki Infobox Monster; fill-only sync
npc.apparition.4195	aggression	https://oldschool.runescape.wiki/w/Special:Redirect/revision/15215809	2026-08-06	OSRS Wiki Infobox Monster; fill-only sync
npc.apparition.4195	attack_speed	https://oldschool.runescape.wiki/w/Special:Redirect/revision/15215809	2026-08-06	OSRS Wiki Infobox Monster; fill-only sync
npc.apparition.4195	attack_styles	https://oldschool.runescape.wiki/w/Special:Redirect/revision/15215809	2026-08-06	OSRS Wiki Infobox Monster; fill-only sync
npc.apparition.4195	hitpoints	https://oldschool.runescape.wiki/w/Special:Redirect/revision/15215809	2026-08-06	OSRS Wiki Infobox Monster; fill-only sync
npc.apparition.4195	max_hit	https://oldschool.runescape.wiki/w/Special:Redirect/revision/15215809	2026-08-06	OSRS Wiki Infobox Monster; fill-only sync
npc.aquanite.15497	aggression	https://oldschool.runescape.wiki/w/Special:Redirect/revision/15286310	2026-08-06	OSRS Wiki Infobox Monster; fill-only sync
npc.aquanite.15497	attack_speed	https://oldschool.runescape.wiki/w/Special:Redirect/revision/15286310	2026-08-06	OSRS Wiki Infobox Monster; fill-only sync
npc.aquanite.15497	attack_styles	https://oldschool.runescape.wiki/w/Special:Redirect/revision/15286310	2026-08-06	OSRS Wiki Infobox Monster; fill-only sync
npc.aquanite.15497	hitpoints	https://oldschool.runescape.wiki/w/Special:Redirect/revision/15286310	2026-08-06	OSRS Wiki Infobox Monster; fill-only sync
npc.aquanite.15497	max_hit	https://oldschool.runescape.wiki/w/Special:Redirect/revision/15286310	2026-08-06	OSRS Wiki Infobox Monster; fill-only sync
npc.aquanite.15497	slayer_requirement	https://oldschool.runescape.wiki/w/Special:Redirect/revision/15286310	2026-08-06	OSRS Wiki Infobox Monster; fill-only sync
npc.araxxor.13668	aggression	https://oldschool.runescape.wiki/w/Special:Redirect/revision/15283169	2026-08-06	OSRS Wiki Infobox Monster; fill-only sync
npc.araxxor.13668	attack_speed	https://oldschool.runescape.wiki/w/Special:Redirect/revision/15283169	2026-08-06	OSRS Wiki Infobox Monster; fill-only sync
npc.araxxor.13668	attack_styles	https://oldschool.runescape.wiki/w/Special:Redirect/revision/15283169	2026-08-06	OSRS Wiki Infobox Monster; fill-only sync
npc.araxxor.13668	hazards	https://oldschool.runescape.wiki/w/Special:Redirect/revision/15283169	2026-08-06	OSRS Wiki Infobox Monster; fill-only sync
npc.araxxor.13668	hitpoints	https://oldschool.runescape.wiki/w/Special:Redirect/revision/15283169	2026-08-06	OSRS Wiki Infobox Monster; fill-only sync
npc.araxxor.13668	max_hit	https://oldschool.runescape.wiki/w/Special:Redirect/revision/15283169	2026-08-06	OSRS Wiki Infobox Monster; fill-only sync
npc.araxxor.13668	slayer_requirement	https://oldschool.runescape.wiki/w/Special:Redirect/revision/15283169	2026-08-06	OSRS Wiki Infobox Monster; fill-only sync
npc.araxyte.11175	aggression	https://oldschool.runescape.wiki/w/Special:Redirect/revision/15283167	2026-08-06	OSRS Wiki Infobox Monster; fill-only sync
npc.araxyte.11175	attack_speed	https://oldschool.runescape.wiki/w/Special:Redirect/revision/15283167	2026-08-06	OSRS Wiki Infobox Monster; fill-only sync
npc.araxyte.11175	attack_styles	https://oldschool.runescape.wiki/w/Special:Redirect/revision/15283167	2026-08-06	OSRS Wiki Infobox Monster; fill-only sync
npc.araxyte.11175	hazards	https://oldschool.runescape.wiki/w/Special:Redirect/revision/15283167	2026-08-06	OSRS Wiki Infobox Monster; fill-only sync
npc.araxyte.11175	hitpoints	https://oldschool.runescape.wiki/w/Special:Redirect/revision/15283167	2026-08-06	OSRS Wiki Infobox Monster; fill-only sync
npc.araxyte.11175	max_hit	https://oldschool.runescape.wiki/w/Special:Redirect/revision/15283167	2026-08-06	OSRS Wiki Infobox Monster; fill-only sync
npc.araxyte.11175	slayer_requirement	https://oldschool.runescape.wiki/w/Special:Redirect/revision/15283167	2026-08-06	OSRS Wiki Infobox Monster; fill-only sync
npc.arcane_scarab.11726	aggression	https://oldschool.runescape.wiki/w/Special:Redirect/revision/15267014	2026-08-06	OSRS Wiki Infobox Monster; fill-only sync
npc.arcane_scarab.11726	attack_speed	https://oldschool.runescape.wiki/w/Special:Redirect/revision/15267014	2026-08-06	OSRS Wiki Infobox Monster; fill-only sync
npc.arcane_scarab.11726	attack_styles	https://oldschool.runescape.wiki/w/Special:Redirect/revision/15267014	2026-08-06	OSRS Wiki Infobox Monster; fill-only sync
npc.arcane_scarab.11726	hitpoints	https://oldschool.runescape.wiki/w/Special:Redirect/revision/15267014	2026-08-06	OSRS Wiki Infobox Monster; fill-only sync
npc.arcane_scarab.11726	max_hit	https://oldschool.runescape.wiki/w/Special:Redirect/revision/15267014	2026-08-06	OSRS Wiki Infobox Monster; fill-only sync
npc.arianwyn.8865	aggression	https://oldschool.runescape.wiki/w/Special:Redirect/revision/15199389	2026-08-06	OSRS Wiki Infobox Monster; fill-only sync
npc.arianwyn.8865	attack_speed	https://oldschool.runescape.wiki/w/Special:Redirect/revision/15199389	2026-08-06	OSRS Wiki Infobox Monster; fill-only sync
npc.arianwyn.8865	attack_styles	https://oldschool.runescape.wiki/w/Special:Redirect/revision/15199389	2026-08-06	OSRS Wiki Infobox Monster; fill-only sync
npc.arianwyn.8865	hitpoints	https://oldschool.runescape.wiki/w/Special:Redirect/revision/15199389	2026-08-06	OSRS Wiki Infobox Monster; fill-only sync
npc.arianwyn.8865	max_hit	https://oldschool.runescape.wiki/w/Special:Redirect/revision/15199389	2026-08-06	OSRS Wiki Infobox Monster; fill-only sync
npc.armadylean_guard.6587	aggression	https://oldschool.runescape.wiki/w/Special:Redirect/revision/15234874	2026-08-06	OSRS Wiki Infobox Monster; fill-only sync
npc.armadylean_guard.6587	attack_speed	https://oldschool.runescape.wiki/w/Special:Redirect/revision/15234874	2026-08-06	OSRS Wiki Infobox Monster; fill-only sync
npc.armadylean_guard.6587	attack_styles	https://oldschool.runescape.wiki/w/Special:Redirect/revision/15234874	2026-08-06	OSRS Wiki Infobox Monster; fill-only sync
npc.armadylean_guard.6587	hitpoints	https://oldschool.runescape.wiki/w/Special:Redirect/revision/15234874	2026-08-06	OSRS Wiki Infobox Monster; fill-only sync
npc.armadylean_guard.6587	max_hit	https://oldschool.runescape.wiki/w/Special:Redirect/revision/15234874	2026-08-06	OSRS Wiki Infobox Monster; fill-only sync
npc.armoured_foe.7750	hitpoints	https://oldschool.runescape.wiki/w/Special:Redirect/revision/15209852	2026-08-06	OSRS Wiki Infobox Monster; fill-only sync
npc.armoured_kraken.15210	aggression	https://oldschool.runescape.wiki/w/Special:Redirect/revision/15276865	2026-08-06	OSRS Wiki Infobox Monster; fill-only sync
npc.armoured_kraken.15210	attack_speed	https://oldschool.runescape.wiki/w/Special:Redirect/revision/15276865	2026-08-06	OSRS Wiki Infobox Monster; fill-only sync
npc.armoured_kraken.15210	attack_styles	https://oldschool.runescape.wiki/w/Special:Redirect/revision/15276865	2026-08-06	OSRS Wiki Infobox Monster; fill-only sync
npc.armoured_kraken.15210	hitpoints	https://oldschool.runescape.wiki/w/Special:Redirect/revision/15276865	2026-08-06	OSRS Wiki Infobox Monster; fill-only sync
npc.armoured_kraken.15210	max_hit	https://oldschool.runescape.wiki/w/Special:Redirect/revision/15276865	2026-08-06	OSRS Wiki Infobox Monster; fill-only sync
npc.arrav.14132	aggression	https://oldschool.runescape.wiki/w/Special:Redirect/revision/15225392	2026-08-06	OSRS Wiki Infobox Monster; fill-only sync
npc.arrav.14132	attack_speed	https://oldschool.runescape.wiki/w/Special:Redirect/revision/15225392	2026-08-06	OSRS Wiki Infobox Monster; fill-only sync
npc.arrav.14132	attack_styles	https://oldschool.runescape.wiki/w/Special:Redirect/revision/15225392	2026-08-06	OSRS Wiki Infobox Monster; fill-only sync
npc.arrav.14132	hitpoints	https://oldschool.runescape.wiki/w/Special:Redirect/revision/15225392	2026-08-06	OSRS Wiki Infobox Monster; fill-only sync
npc.arrav.14132	max_hit	https://oldschool.runescape.wiki/w/Special:Redirect/revision/15225392	2026-08-06	OSRS Wiki Infobox Monster; fill-only sync
npc.arrg.643	attack_speed	https://oldschool.runescape.wiki/w/Special:Redirect/revision/15215810	2026-08-06	OSRS Wiki Infobox Monster; fill-only sync
npc.artio.11992	aggression	https://oldschool.runescape.wiki/w/Special:Redirect/revision/15200339	2026-08-06	OSRS Wiki Infobox Monster; fill-only sync
npc.artio.11992	attack_speed	https://oldschool.runescape.wiki/w/Special:Redirect/revision/15200339	2026-08-06	OSRS Wiki Infobox Monster; fill-only sync
npc.artio.11992	attack_styles	https://oldschool.runescape.wiki/w/Special:Redirect/revision/15200339	2026-08-06	OSRS Wiki Infobox Monster; fill-only sync
npc.artio.11992	hitpoints	https://oldschool.runescape.wiki/w/Special:Redirect/revision/15200339	2026-08-06	OSRS Wiki Infobox Monster; fill-only sync
npc.artio.11992	max_hit	https://oldschool.runescape.wiki/w/Special:Redirect/revision/15200339	2026-08-06	OSRS Wiki Infobox Monster; fill-only sync
npc.arzinian_avatar_of_magic.1234	attack_speed	https://oldschool.runescape.wiki/w/Special:Redirect/revision/15200003	2026-08-06	OSRS Wiki Infobox Monster; fill-only sync
npc.arzinian_avatar_of_ranging.1231	attack_speed	https://oldschool.runescape.wiki/w/Special:Redirect/revision/15200004	2026-08-06	OSRS Wiki Infobox Monster; fill-only sync
npc.arzinian_avatar_of_strength.1228	attack_speed	https://oldschool.runescape.wiki/w/Special:Redirect/revision/15200005	2026-08-06	OSRS Wiki Infobox Monster; fill-only sync
npc.assassin.10940	aggression	https://oldschool.runescape.wiki/w/Special:Redirect/revision/15199534	2026-08-06	OSRS Wiki Infobox Monster; fill-only sync
npc.assassin.10940	attack_speed	https://oldschool.runescape.wiki/w/Special:Redirect/revision/15199534	2026-08-06	OSRS Wiki Infobox Monster; fill-only sync
npc.assassin.10940	attack_styles	https://oldschool.runescape.wiki/w/Special:Redirect/revision/15199534	2026-08-06	OSRS Wiki Infobox Monster; fill-only sync
npc.assassin.10940	hitpoints	https://oldschool.runescape.wiki/w/Special:Redirect/revision/15199534	2026-08-06	OSRS Wiki Infobox Monster; fill-only sync
npc.assassin.10940	max_hit	https://oldschool.runescape.wiki/w/Special:Redirect/revision/15199534	2026-08-06	OSRS Wiki Infobox Monster; fill-only sync
npc.asyn_shade.1284	attack_speed	https://oldschool.runescape.wiki/w/Special:Redirect/revision/15199705	2026-08-06	OSRS Wiki Infobox Monster; fill-only sync
npc.asyn_shadow.1283	attack_speed	https://oldschool.runescape.wiki/w/Special:Redirect/revision/15199705	2026-08-06	OSRS Wiki Infobox Monster; fill-only sync
npc.augur_metzli.14313	aggression	https://oldschool.runescape.wiki/w/Special:Redirect/revision/15237755	2026-08-06	OSRS Wiki Infobox Monster; fill-only sync
npc.augur_metzli.14313	attack_speed	https://oldschool.runescape.wiki/w/Special:Redirect/revision/15237755	2026-08-06	OSRS Wiki Infobox Monster; fill-only sync
npc.augur_metzli.14313	attack_styles	https://oldschool.runescape.wiki/w/Special:Redirect/revision/15237755	2026-08-06	OSRS Wiki Infobox Monster; fill-only sync
npc.augur_metzli.14313	hitpoints	https://oldschool.runescape.wiki/w/Special:Redirect/revision/15237755	2026-08-06	OSRS Wiki Infobox Monster; fill-only sync
npc.augur_metzli.14313	max_hit	https://oldschool.runescape.wiki/w/Special:Redirect/revision/15237755	2026-08-06	OSRS Wiki Infobox Monster; fill-only sync
npc.avatar_of_creation.10531	aggression	https://oldschool.runescape.wiki/w/Special:Redirect/revision/15200213	2026-08-06	OSRS Wiki Infobox Monster; fill-only sync
npc.avatar_of_creation.10531	attack_speed	https://oldschool.runescape.wiki/w/Special:Redirect/revision/15200213	2026-08-06	OSRS Wiki Infobox Monster; fill-only sync
npc.avatar_of_creation.10531	attack_styles	https://oldschool.runescape.wiki/w/Special:Redirect/revision/15200213	2026-08-06	OSRS Wiki Infobox Monster; fill-only sync
npc.avatar_of_creation.10531	hitpoints	https://oldschool.runescape.wiki/w/Special:Redirect/revision/15200213	2026-08-06	OSRS Wiki Infobox Monster; fill-only sync
npc.avatar_of_creation.10531	max_hit	https://oldschool.runescape.wiki/w/Special:Redirect/revision/15200213	2026-08-06	OSRS Wiki Infobox Monster; fill-only sync
npc.avatar_of_destruction.10532	aggression	https://oldschool.runescape.wiki/w/Special:Redirect/revision/15200214	2026-08-06	OSRS Wiki Infobox Monster; fill-only sync
npc.avatar_of_destruction.10532	attack_speed	https://oldschool.runescape.wiki/w/Special:Redirect/revision/15200214	2026-08-06	OSRS Wiki Infobox Monster; fill-only sync
npc.avatar_of_destruction.10532	attack_styles	https://oldschool.runescape.wiki/w/Special:Redirect/revision/15200214	2026-08-06	OSRS Wiki Infobox Monster; fill-only sync
npc.avatar_of_destruction.10532	hitpoints	https://oldschool.runescape.wiki/w/Special:Redirect/revision/15200214	2026-08-06	OSRS Wiki Infobox Monster; fill-only sync
npc.avatar_of_destruction.10532	max_hit	https://oldschool.runescape.wiki/w/Special:Redirect/revision/15200214	2026-08-06	OSRS Wiki Infobox Monster; fill-only sync
npc.aviansie.3169	aggression	https://oldschool.runescape.wiki/w/Special:Redirect/revision/15199476	2026-08-06	OSRS Wiki Infobox Monster; fill-only sync
npc.aviansie.3169	attack_speed	https://oldschool.runescape.wiki/w/Special:Redirect/revision/15199476	2026-08-06	OSRS Wiki Infobox Monster; fill-only sync
npc.aviansie.3169	attack_styles	https://oldschool.runescape.wiki/w/Special:Redirect/revision/15199476	2026-08-06	OSRS Wiki Infobox Monster; fill-only sync
npc.aviansie.3169	hitpoints	https://oldschool.runescape.wiki/w/Special:Redirect/revision/15199476	2026-08-06	OSRS Wiki Infobox Monster; fill-only sync
npc.aviansie.3169	max_hit	https://oldschool.runescape.wiki/w/Special:Redirect/revision/15199476	2026-08-06	OSRS Wiki Infobox Monster; fill-only sync
npc.ba_ba.11778	aggression	https://oldschool.runescape.wiki/w/Special:Redirect/revision/15200300	2026-08-06	OSRS Wiki Infobox Monster; fill-only sync
npc.ba_ba.11778	attack_speed	https://oldschool.runescape.wiki/w/Special:Redirect/revision/15200300	2026-08-06	OSRS Wiki Infobox Monster; fill-only sync
npc.ba_ba.11778	attack_styles	https://oldschool.runescape.wiki/w/Special:Redirect/revision/15200300	2026-08-06	OSRS Wiki Infobox Monster; fill-only sync
npc.ba_ba.11778	hitpoints	https://oldschool.runescape.wiki/w/Special:Redirect/revision/15200300	2026-08-06	OSRS Wiki Infobox Monster; fill-only sync
npc.ba_ba.11778	max_hit	https://oldschool.runescape.wiki/w/Special:Redirect/revision/15200300	2026-08-06	OSRS Wiki Infobox Monster; fill-only sync
npc.baboon.11781	aggression	https://oldschool.runescape.wiki/w/Special:Redirect/revision/15200320	2026-08-06	OSRS Wiki Infobox Monster; fill-only sync
npc.baboon.11781	attack_speed	https://oldschool.runescape.wiki/w/Special:Redirect/revision/15200320	2026-08-06	OSRS Wiki Infobox Monster; fill-only sync
npc.baboon.11781	attack_styles	https://oldschool.runescape.wiki/w/Special:Redirect/revision/15200320	2026-08-06	OSRS Wiki Infobox Monster; fill-only sync
npc.baboon.11781	hitpoints	https://oldschool.runescape.wiki/w/Special:Redirect/revision/15200320	2026-08-06	OSRS Wiki Infobox Monster; fill-only sync
npc.baboon.11781	max_hit	https://oldschool.runescape.wiki/w/Special:Redirect/revision/15200320	2026-08-06	OSRS Wiki Infobox Monster; fill-only sync
npc.baboon_brawler.11709	aggression	https://oldschool.runescape.wiki/w/Special:Redirect/revision/15200305	2026-08-06	OSRS Wiki Infobox Monster; fill-only sync
npc.baboon_brawler.11709	attack_speed	https://oldschool.runescape.wiki/w/Special:Redirect/revision/15200305	2026-08-06	OSRS Wiki Infobox Monster; fill-only sync
npc.baboon_brawler.11709	attack_styles	https://oldschool.runescape.wiki/w/Special:Redirect/revision/15200305	2026-08-06	OSRS Wiki Infobox Monster; fill-only sync
npc.baboon_brawler.11709	hitpoints	https://oldschool.runescape.wiki/w/Special:Redirect/revision/15200305	2026-08-06	OSRS Wiki Infobox Monster; fill-only sync
npc.baboon_brawler.11709	max_hit	https://oldschool.runescape.wiki/w/Special:Redirect/revision/15200305	2026-08-06	OSRS Wiki Infobox Monster; fill-only sync
npc.baboon_mage.11711	aggression	https://oldschool.runescape.wiki/w/Special:Redirect/revision/15200306	2026-08-06	OSRS Wiki Infobox Monster; fill-only sync
npc.baboon_mage.11711	attack_speed	https://oldschool.runescape.wiki/w/Special:Redirect/revision/15200306	2026-08-06	OSRS Wiki Infobox Monster; fill-only sync
npc.baboon_mage.11711	attack_styles	https://oldschool.runescape.wiki/w/Special:Redirect/revision/15200306	2026-08-06	OSRS Wiki Infobox Monster; fill-only sync
npc.baboon_mage.11711	hitpoints	https://oldschool.runescape.wiki/w/Special:Redirect/revision/15200306	2026-08-06	OSRS Wiki Infobox Monster; fill-only sync
npc.baboon_mage.11711	max_hit	https://oldschool.runescape.wiki/w/Special:Redirect/revision/15200306	2026-08-06	OSRS Wiki Infobox Monster; fill-only sync
npc.baboon_shaman.11715	aggression	https://oldschool.runescape.wiki/w/Special:Redirect/revision/15200307	2026-08-06	OSRS Wiki Infobox Monster; fill-only sync
npc.baboon_shaman.11715	attack_speed	https://oldschool.runescape.wiki/w/Special:Redirect/revision/15200307	2026-08-06	OSRS Wiki Infobox Monster; fill-only sync
npc.baboon_shaman.11715	attack_styles	https://oldschool.runescape.wiki/w/Special:Redirect/revision/15200307	2026-08-06	OSRS Wiki Infobox Monster; fill-only sync
npc.baboon_shaman.11715	hitpoints	https://oldschool.runescape.wiki/w/Special:Redirect/revision/15200307	2026-08-06	OSRS Wiki Infobox Monster; fill-only sync
npc.baboon_shaman.11715	max_hit	https://oldschool.runescape.wiki/w/Special:Redirect/revision/15200307	2026-08-06	OSRS Wiki Infobox Monster; fill-only sync
npc.baboon_thrall.11718	aggression	https://oldschool.runescape.wiki/w/Special:Redirect/revision/15200309	2026-08-06	OSRS Wiki Infobox Monster; fill-only sync
npc.baboon_thrall.11718	attack_speed	https://oldschool.runescape.wiki/w/Special:Redirect/revision/15200309	2026-08-06	OSRS Wiki Infobox Monster; fill-only sync
npc.baboon_thrall.11718	attack_styles	https://oldschool.runescape.wiki/w/Special:Redirect/revision/15200309	2026-08-06	OSRS Wiki Infobox Monster; fill-only sync
npc.baboon_thrall.11718	hitpoints	https://oldschool.runescape.wiki/w/Special:Redirect/revision/15200309	2026-08-06	OSRS Wiki Infobox Monster; fill-only sync
npc.baboon_thrall.11718	max_hit	https://oldschool.runescape.wiki/w/Special:Redirect/revision/15200309	2026-08-06	OSRS Wiki Infobox Monster; fill-only sync
npc.baboon_thrower.11710	aggression	https://oldschool.runescape.wiki/w/Special:Redirect/revision/15200310	2026-08-06	OSRS Wiki Infobox Monster; fill-only sync
npc.baboon_thrower.11710	attack_speed	https://oldschool.runescape.wiki/w/Special:Redirect/revision/15200310	2026-08-06	OSRS Wiki Infobox Monster; fill-only sync
npc.baboon_thrower.11710	attack_styles	https://oldschool.runescape.wiki/w/Special:Redirect/revision/15200310	2026-08-06	OSRS Wiki Infobox Monster; fill-only sync
npc.baboon_thrower.11710	hitpoints	https://oldschool.runescape.wiki/w/Special:Redirect/revision/15200310	2026-08-06	OSRS Wiki Infobox Monster; fill-only sync
npc.baboon_thrower.11710	max_hit	https://oldschool.runescape.wiki/w/Special:Redirect/revision/15200310	2026-08-06	OSRS Wiki Infobox Monster; fill-only sync
npc.baby_black_dragon.1871	attack_speed	https://oldschool.runescape.wiki/w/Special:Redirect/revision/15263943	2026-08-06	OSRS Wiki Infobox Monster; fill-only sync
npc.baby_blue_dragon.241	attack_speed	https://oldschool.runescape.wiki/w/Special:Redirect/revision/15257851	2026-08-06	OSRS Wiki Infobox Monster; fill-only sync
npc.baby_green_dragon.5194	aggression	https://oldschool.runescape.wiki/w/Special:Redirect/revision/15199798	2026-08-06	OSRS Wiki Infobox Monster; fill-only sync
npc.baby_green_dragon.5194	attack_speed	https://oldschool.runescape.wiki/w/Special:Redirect/revision/15199798	2026-08-06	OSRS Wiki Infobox Monster; fill-only sync
npc.baby_green_dragon.5194	attack_styles	https://oldschool.runescape.wiki/w/Special:Redirect/revision/15199798	2026-08-06	OSRS Wiki Infobox Monster; fill-only sync
npc.baby_green_dragon.5194	hitpoints	https://oldschool.runescape.wiki/w/Special:Redirect/revision/15199798	2026-08-06	OSRS Wiki Infobox Monster; fill-only sync
npc.baby_green_dragon.5194	max_hit	https://oldschool.runescape.wiki/w/Special:Redirect/revision/15199798	2026-08-06	OSRS Wiki Infobox Monster; fill-only sync
npc.baby_red_dragon.137	attack_speed	https://oldschool.runescape.wiki/w/Special:Redirect/revision/15199796	2026-08-06	OSRS Wiki Infobox Monster; fill-only sync
npc.baby_roc.762	attack_speed	https://oldschool.runescape.wiki/w/Special:Redirect/revision/15199674	2026-08-06	OSRS Wiki Infobox Monster; fill-only sync
npc.baby_tanglefoot.5853	aggression	https://oldschool.runescape.wiki/w/Special:Redirect/revision/15199611	2026-08-06	OSRS Wiki Infobox Monster; fill-only sync
npc.baby_tanglefoot.5853	attack_speed	https://oldschool.runescape.wiki/w/Special:Redirect/revision/15199611	2026-08-06	OSRS Wiki Infobox Monster; fill-only sync
npc.baby_tanglefoot.5853	attack_styles	https://oldschool.runescape.wiki/w/Special:Redirect/revision/15199611	2026-08-06	OSRS Wiki Infobox Monster; fill-only sync
npc.baby_tanglefoot.5853	hitpoints	https://oldschool.runescape.wiki/w/Special:Redirect/revision/15199611	2026-08-06	OSRS Wiki Infobox Monster; fill-only sync
npc.baby_tanglefoot.5853	max_hit	https://oldschool.runescape.wiki/w/Special:Redirect/revision/15199611	2026-08-06	OSRS Wiki Infobox Monster; fill-only sync
npc.balance_elemental.13528	aggression	https://oldschool.runescape.wiki/w/Special:Redirect/revision/15200522	2026-08-06	OSRS Wiki Infobox Monster; fill-only sync
npc.balance_elemental.13528	attack_speed	https://oldschool.runescape.wiki/w/Special:Redirect/revision/15200522	2026-08-06	OSRS Wiki Infobox Monster; fill-only sync
npc.balance_elemental.13528	attack_styles	https://oldschool.runescape.wiki/w/Special:Redirect/revision/15200522	2026-08-06	OSRS Wiki Infobox Monster; fill-only sync
npc.balance_elemental.13528	hitpoints	https://oldschool.runescape.wiki/w/Special:Redirect/revision/15200522	2026-08-06	OSRS Wiki Infobox Monster; fill-only sync
npc.balance_elemental.13528	max_hit	https://oldschool.runescape.wiki/w/Special:Redirect/revision/15200522	2026-08-06	OSRS Wiki Infobox Monster; fill-only sync
npc.balfrug_kreeyath.3132	attack_speed	https://oldschool.runescape.wiki/w/Special:Redirect/revision/15199489	2026-08-06	OSRS Wiki Infobox Monster; fill-only sync
npc.bandit.690	attack_speed	https://oldschool.runescape.wiki/w/Special:Redirect/revision/15263480	2026-08-06	OSRS Wiki Infobox Monster; fill-only sync
npc.bandit_champion.738	attack_speed	https://oldschool.runescape.wiki/w/Special:Redirect/revision/15199810	2026-08-06	OSRS Wiki Infobox Monster; fill-only sync
npc.bandosian_guard.6588	aggression	https://oldschool.runescape.wiki/w/Special:Redirect/revision/15199691	2026-08-06	OSRS Wiki Infobox Monster; fill-only sync
npc.bandosian_guard.6588	attack_speed	https://oldschool.runescape.wiki/w/Special:Redirect/revision/15199691	2026-08-06	OSRS Wiki Infobox Monster; fill-only sync
npc.bandosian_guard.6588	attack_styles	https://oldschool.runescape.wiki/w/Special:Redirect/revision/15199691	2026-08-06	OSRS Wiki Infobox Monster; fill-only sync
npc.bandosian_guard.6588	hitpoints	https://oldschool.runescape.wiki/w/Special:Redirect/revision/15199691	2026-08-06	OSRS Wiki Infobox Monster; fill-only sync
npc.bandosian_guard.6588	max_hit	https://oldschool.runescape.wiki/w/Special:Redirect/revision/15199691	2026-08-06	OSRS Wiki Infobox Monster; fill-only sync
npc.banshee.414	attack_speed	https://oldschool.runescape.wiki/w/Special:Redirect/revision/15282999	2026-08-06	OSRS Wiki Infobox Monster; fill-only sync
npc.barbarian.3055	attack_speed	https://oldschool.runescape.wiki/w/Special:Redirect/revision/15207325	2026-08-06	OSRS Wiki Infobox Monster; fill-only sync
npc.barbarian_warlord.10989	aggression	https://oldschool.runescape.wiki/w/Special:Redirect/revision/15200269	2026-08-06	OSRS Wiki Infobox Monster; fill-only sync
npc.barbarian_warlord.10989	attack_speed	https://oldschool.runescape.wiki/w/Special:Redirect/revision/15200269	2026-08-06	OSRS Wiki Infobox Monster; fill-only sync
npc.barbarian_warlord.10989	attack_styles	https://oldschool.runescape.wiki/w/Special:Redirect/revision/15200269	2026-08-06	OSRS Wiki Infobox Monster; fill-only sync
npc.barbarian_warlord.10989	hitpoints	https://oldschool.runescape.wiki/w/Special:Redirect/revision/15200269	2026-08-06	OSRS Wiki Infobox Monster; fill-only sync
npc.barbarian_warlord.10989	max_hit	https://oldschool.runescape.wiki/w/Special:Redirect/revision/15200269	2026-08-06	OSRS Wiki Infobox Monster; fill-only sync
npc.bark_blamish_snail.2648	attack_speed	https://oldschool.runescape.wiki/w/Special:Redirect/revision/15208159	2026-08-06	OSRS Wiki Infobox Monster; fill-only sync
npc.barrelchest.600	attack_speed	https://oldschool.runescape.wiki/w/Special:Redirect/revision/15199473	2026-08-06	OSRS Wiki Infobox Monster; fill-only sync
npc.basilisk.417	attack_speed	https://oldschool.runescape.wiki/w/Special:Redirect/revision/15283130	2026-08-06	OSRS Wiki Infobox Monster; fill-only sync
npc.basilisk_knight.9293	aggression	https://oldschool.runescape.wiki/w/Special:Redirect/revision/15283132	2026-08-06	OSRS Wiki Infobox Monster; fill-only sync
npc.basilisk_knight.9293	attack_speed	https://oldschool.runescape.wiki/w/Special:Redirect/revision/15283132	2026-08-06	OSRS Wiki Infobox Monster; fill-only sync
npc.basilisk_knight.9293	attack_styles	https://oldschool.runescape.wiki/w/Special:Redirect/revision/15283132	2026-08-06	OSRS Wiki Infobox Monster; fill-only sync
npc.basilisk_knight.9293	hitpoints	https://oldschool.runescape.wiki/w/Special:Redirect/revision/15283132	2026-08-06	OSRS Wiki Infobox Monster; fill-only sync
npc.basilisk_knight.9293	max_hit	https://oldschool.runescape.wiki/w/Special:Redirect/revision/15283132	2026-08-06	OSRS Wiki Infobox Monster; fill-only sync
npc.basilisk_knight.9293	slayer_requirement	https://oldschool.runescape.wiki/w/Special:Redirect/revision/15283132	2026-08-06	OSRS Wiki Infobox Monster; fill-only sync
npc.basilisk_sentinel.9258	aggression	https://oldschool.runescape.wiki/w/Special:Redirect/revision/15283134	2026-08-06	OSRS Wiki Infobox Monster; fill-only sync
npc.basilisk_sentinel.9258	attack_speed	https://oldschool.runescape.wiki/w/Special:Redirect/revision/15283134	2026-08-06	OSRS Wiki Infobox Monster; fill-only sync
npc.basilisk_sentinel.9258	attack_styles	https://oldschool.runescape.wiki/w/Special:Redirect/revision/15283134	2026-08-06	OSRS Wiki Infobox Monster; fill-only sync
npc.basilisk_sentinel.9258	hitpoints	https://oldschool.runescape.wiki/w/Special:Redirect/revision/15283134	2026-08-06	OSRS Wiki Infobox Monster; fill-only sync
npc.basilisk_sentinel.9258	max_hit	https://oldschool.runescape.wiki/w/Special:Redirect/revision/15283134	2026-08-06	OSRS Wiki Infobox Monster; fill-only sync
npc.basilisk_sentinel.9258	slayer_requirement	https://oldschool.runescape.wiki/w/Special:Redirect/revision/15283134	2026-08-06	OSRS Wiki Infobox Monster; fill-only sync
npc.basilisk_youngling.9282	aggression	https://oldschool.runescape.wiki/w/Special:Redirect/revision/15200169	2026-08-06	OSRS Wiki Infobox Monster; fill-only sync
npc.basilisk_youngling.9282	attack_speed	https://oldschool.runescape.wiki/w/Special:Redirect/revision/15200169	2026-08-06	OSRS Wiki Infobox Monster; fill-only sync
npc.basilisk_youngling.9282	attack_styles	https://oldschool.runescape.wiki/w/Special:Redirect/revision/15200169	2026-08-06	OSRS Wiki Infobox Monster; fill-only sync
npc.basilisk_youngling.9282	hitpoints	https://oldschool.runescape.wiki/w/Special:Redirect/revision/15200169	2026-08-06	OSRS Wiki Infobox Monster; fill-only sync
npc.basilisk_youngling.9282	max_hit	https://oldschool.runescape.wiki/w/Special:Redirect/revision/15200169	2026-08-06	OSRS Wiki Infobox Monster; fill-only sync
npc.basilisk_youngling.9282	slayer_requirement	https://oldschool.runescape.wiki/w/Special:Redirect/revision/15200169	2026-08-06	OSRS Wiki Infobox Monster; fill-only sync
npc.bat.2827	attack_speed	https://oldschool.runescape.wiki/w/Special:Redirect/revision/15283978	2026-08-06	OSRS Wiki Infobox Monster; fill-only sync
npc.battle_mage.1610	attack_speed	https://oldschool.runescape.wiki/w/Special:Redirect/revision/15199642	2026-08-06	OSRS Wiki Infobox Monster; fill-only sync
npc.bear_cub.3908	aggression	https://oldschool.runescape.wiki/w/Special:Redirect/revision/15210521	2026-08-06	OSRS Wiki Infobox Monster; fill-only sync
npc.bear_cub.3908	attack_speed	https://oldschool.runescape.wiki/w/Special:Redirect/revision/15210521	2026-08-06	OSRS Wiki Infobox Monster; fill-only sync
npc.bear_cub.3908	attack_styles	https://oldschool.runescape.wiki/w/Special:Redirect/revision/15210521	2026-08-06	OSRS Wiki Infobox Monster; fill-only sync
npc.bear_cub.3908	hitpoints	https://oldschool.runescape.wiki/w/Special:Redirect/revision/15210521	2026-08-06	OSRS Wiki Infobox Monster; fill-only sync
npc.bear_cub.3908	max_hit	https://oldschool.runescape.wiki/w/Special:Redirect/revision/15210521	2026-08-06	OSRS Wiki Infobox Monster; fill-only sync
npc.bedabin_nomad_fighter.4655	aggression	https://oldschool.runescape.wiki/w/Special:Redirect/revision/15199766	2026-08-06	OSRS Wiki Infobox Monster; fill-only sync
npc.bedabin_nomad_fighter.4655	attack_speed	https://oldschool.runescape.wiki/w/Special:Redirect/revision/15199766	2026-08-06	OSRS Wiki Infobox Monster; fill-only sync
npc.bedabin_nomad_fighter.4655	attack_styles	https://oldschool.runescape.wiki/w/Special:Redirect/revision/15199766	2026-08-06	OSRS Wiki Infobox Monster; fill-only sync
npc.bedabin_nomad_fighter.4655	hitpoints	https://oldschool.runescape.wiki/w/Special:Redirect/revision/15199766	2026-08-06	OSRS Wiki Infobox Monster; fill-only sync
npc.bedabin_nomad_fighter.4655	max_hit	https://oldschool.runescape.wiki/w/Special:Redirect/revision/15199766	2026-08-06	OSRS Wiki Infobox Monster; fill-only sync
npc.berry.4132	aggression	https://oldschool.runescape.wiki/w/Special:Redirect/revision/15199816	2026-08-06	OSRS Wiki Infobox Monster; fill-only sync
npc.berry.4132	attack_speed	https://oldschool.runescape.wiki/w/Special:Redirect/revision/15199816	2026-08-06	OSRS Wiki Infobox Monster; fill-only sync
npc.berry.4132	attack_styles	https://oldschool.runescape.wiki/w/Special:Redirect/revision/15199816	2026-08-06	OSRS Wiki Infobox Monster; fill-only sync
npc.berry.4132	hitpoints	https://oldschool.runescape.wiki/w/Special:Redirect/revision/15199816	2026-08-06	OSRS Wiki Infobox Monster; fill-only sync
npc.berry.4132	max_hit	https://oldschool.runescape.wiki/w/Special:Redirect/revision/15199816	2026-08-06	OSRS Wiki Infobox Monster; fill-only sync
npc.berserk_barbarian_spirit.5565	aggression	https://oldschool.runescape.wiki/w/Special:Redirect/revision/15199732	2026-08-06	OSRS Wiki Infobox Monster; fill-only sync
npc.berserk_barbarian_spirit.5565	attack_speed	https://oldschool.runescape.wiki/w/Special:Redirect/revision/15199732	2026-08-06	OSRS Wiki Infobox Monster; fill-only sync
npc.berserk_barbarian_spirit.5565	attack_styles	https://oldschool.runescape.wiki/w/Special:Redirect/revision/15199732	2026-08-06	OSRS Wiki Infobox Monster; fill-only sync
npc.berserk_barbarian_spirit.5565	hitpoints	https://oldschool.runescape.wiki/w/Special:Redirect/revision/15199732	2026-08-06	OSRS Wiki Infobox Monster; fill-only sync
npc.berserk_barbarian_spirit.5565	max_hit	https://oldschool.runescape.wiki/w/Special:Redirect/revision/15199732	2026-08-06	OSRS Wiki Infobox Monster; fill-only sync
npc.big_evil_chicken.15547	aggression	https://oldschool.runescape.wiki/w/Special:Redirect/revision/15217937	2026-08-06	OSRS Wiki Infobox Monster; fill-only sync
npc.big_evil_chicken.15547	attack_speed	https://oldschool.runescape.wiki/w/Special:Redirect/revision/15217937	2026-08-06	OSRS Wiki Infobox Monster; fill-only sync
npc.big_evil_chicken.15547	attack_styles	https://oldschool.runescape.wiki/w/Special:Redirect/revision/15217937	2026-08-06	OSRS Wiki Infobox Monster; fill-only sync
npc.big_evil_chicken.15547	hitpoints	https://oldschool.runescape.wiki/w/Special:Redirect/revision/15217937	2026-08-06	OSRS Wiki Infobox Monster; fill-only sync
npc.big_evil_chicken.15547	max_hit	https://oldschool.runescape.wiki/w/Special:Redirect/revision/15217937	2026-08-06	OSRS Wiki Infobox Monster; fill-only sync
npc.big_frog.478	attack_speed	https://oldschool.runescape.wiki/w/Special:Redirect/revision/15215823	2026-08-06	OSRS Wiki Infobox Monster; fill-only sync
npc.big_snake.2978	attack_speed	https://oldschool.runescape.wiki/w/Special:Redirect/revision/15236627	2026-08-06	OSRS Wiki Infobox Monster; fill-only sync
npc.big_wolf.109	attack_speed	https://oldschool.runescape.wiki/w/Special:Redirect/revision/15199285	2026-08-06	OSRS Wiki Infobox Monster; fill-only sync
npc.billy_goat.1794	attack_speed	https://oldschool.runescape.wiki/w/Special:Redirect/revision/15283662	2026-08-06	OSRS Wiki Infobox Monster; fill-only sync
npc.bird.5240	aggression	https://oldschool.runescape.wiki/w/Special:Redirect/revision/15224218	2026-08-06	OSRS Wiki Infobox Monster; fill-only sync
npc.bird.5240	attack_speed	https://oldschool.runescape.wiki/w/Special:Redirect/revision/15224218	2026-08-06	OSRS Wiki Infobox Monster; fill-only sync
npc.bird.5240	attack_styles	https://oldschool.runescape.wiki/w/Special:Redirect/revision/15224218	2026-08-06	OSRS Wiki Infobox Monster; fill-only sync
npc.bird.5240	hitpoints	https://oldschool.runescape.wiki/w/Special:Redirect/revision/15224218	2026-08-06	OSRS Wiki Infobox Monster; fill-only sync
npc.bird.5240	max_hit	https://oldschool.runescape.wiki/w/Special:Redirect/revision/15224218	2026-08-06	OSRS Wiki Infobox Monster; fill-only sync
npc.black_bear.2839	attack_speed	https://oldschool.runescape.wiki/w/Special:Redirect/revision/15199246	2026-08-06	OSRS Wiki Infobox Monster; fill-only sync
npc.black_demon.240	attack_speed	https://oldschool.runescape.wiki/w/Special:Redirect/revision/15275657	2026-08-06	OSRS Wiki Infobox Monster; fill-only sync
npc.black_dragon.252	attack_speed	https://oldschool.runescape.wiki/w/Special:Redirect/revision/15286221	2026-08-06	OSRS Wiki Infobox Monster; fill-only sync
npc.black_eye_bethel.15025	aggression	https://oldschool.runescape.wiki/w/Special:Redirect/revision/15237559	2026-08-06	OSRS Wiki Infobox Monster; fill-only sync
npc.black_eye_bethel.15025	attack_speed	https://oldschool.runescape.wiki/w/Special:Redirect/revision/15237559	2026-08-06	OSRS Wiki Infobox Monster; fill-only sync
npc.black_eye_bethel.15025	attack_styles	https://oldschool.runescape.wiki/w/Special:Redirect/revision/15237559	2026-08-06	OSRS Wiki Infobox Monster; fill-only sync
npc.black_eye_bethel.15025	hitpoints	https://oldschool.runescape.wiki/w/Special:Redirect/revision/15237559	2026-08-06	OSRS Wiki Infobox Monster; fill-only sync
npc.black_eye_bethel.15025	max_hit	https://oldschool.runescape.wiki/w/Special:Redirect/revision/15237559	2026-08-06	OSRS Wiki Infobox Monster; fill-only sync
npc.black_golem.4742	aggression	https://oldschool.runescape.wiki/w/Special:Redirect/revision/15199723	2026-08-06	OSRS Wiki Infobox Monster; fill-only sync
npc.black_golem.4742	attack_speed	https://oldschool.runescape.wiki/w/Special:Redirect/revision/15199723	2026-08-06	OSRS Wiki Infobox Monster; fill-only sync
npc.black_golem.4742	attack_styles	https://oldschool.runescape.wiki/w/Special:Redirect/revision/15199723	2026-08-06	OSRS Wiki Infobox Monster; fill-only sync
npc.black_golem.4742	hitpoints	https://oldschool.runescape.wiki/w/Special:Redirect/revision/15199723	2026-08-06	OSRS Wiki Infobox Monster; fill-only sync
npc.black_golem.4742	max_hit	https://oldschool.runescape.wiki/w/Special:Redirect/revision/15199723	2026-08-06	OSRS Wiki Infobox Monster; fill-only sync
npc.black_guard.1409	attack_speed	https://oldschool.runescape.wiki/w/Special:Redirect/revision/15199458	2026-08-06	OSRS Wiki Infobox Monster; fill-only sync
npc.black_guard_berserker.6050	aggression	https://oldschool.runescape.wiki/w/Special:Redirect/revision/15199580	2026-08-06	OSRS Wiki Infobox Monster; fill-only sync
npc.black_guard_berserker.6050	attack_speed	https://oldschool.runescape.wiki/w/Special:Redirect/revision/15199580	2026-08-06	OSRS Wiki Infobox Monster; fill-only sync
npc.black_guard_berserker.6050	attack_styles	https://oldschool.runescape.wiki/w/Special:Redirect/revision/15199580	2026-08-06	OSRS Wiki Infobox Monster; fill-only sync
npc.black_guard_berserker.6050	hitpoints	https://oldschool.runescape.wiki/w/Special:Redirect/revision/15199580	2026-08-06	OSRS Wiki Infobox Monster; fill-only sync
npc.black_guard_berserker.6050	max_hit	https://oldschool.runescape.wiki/w/Special:Redirect/revision/15199580	2026-08-06	OSRS Wiki Infobox Monster; fill-only sync
npc.black_heather.301	attack_speed	https://oldschool.runescape.wiki/w/Special:Redirect/revision/15270604	2026-08-06	OSRS Wiki Infobox Monster; fill-only sync
npc.black_jaguar.12978	aggression	https://oldschool.runescape.wiki/w/Special:Redirect/revision/15200507	2026-08-06	OSRS Wiki Infobox Monster; fill-only sync
npc.black_jaguar.12978	attack_speed	https://oldschool.runescape.wiki/w/Special:Redirect/revision/15200507	2026-08-06	OSRS Wiki Infobox Monster; fill-only sync
npc.black_jaguar.12978	attack_styles	https://oldschool.runescape.wiki/w/Special:Redirect/revision/15200507	2026-08-06	OSRS Wiki Infobox Monster; fill-only sync
npc.black_jaguar.12978	hitpoints	https://oldschool.runescape.wiki/w/Special:Redirect/revision/15200507	2026-08-06	OSRS Wiki Infobox Monster; fill-only sync
npc.black_jaguar.12978	max_hit	https://oldschool.runescape.wiki/w/Special:Redirect/revision/15200507	2026-08-06	OSRS Wiki Infobox Monster; fill-only sync
npc.black_knight.516	attack_speed	https://oldschool.runescape.wiki/w/Special:Redirect/revision/15199753	2026-08-06	OSRS Wiki Infobox Monster; fill-only sync
npc.black_knight_titan.4067	aggression	https://oldschool.runescape.wiki/w/Special:Redirect/revision/15199191	2026-08-06	OSRS Wiki Infobox Monster; fill-only sync
npc.black_knight_titan.4067	attack_speed	https://oldschool.runescape.wiki/w/Special:Redirect/revision/15199191	2026-08-06	OSRS Wiki Infobox Monster; fill-only sync
npc.black_knight_titan.4067	attack_styles	https://oldschool.runescape.wiki/w/Special:Redirect/revision/15199191	2026-08-06	OSRS Wiki Infobox Monster; fill-only sync
npc.black_knight_titan.4067	hitpoints	https://oldschool.runescape.wiki/w/Special:Redirect/revision/15199191	2026-08-06	OSRS Wiki Infobox Monster; fill-only sync
npc.black_knight_titan.4067	max_hit	https://oldschool.runescape.wiki/w/Special:Redirect/revision/15199191	2026-08-06	OSRS Wiki Infobox Monster; fill-only sync
npc.black_unicorn.2849	attack_speed	https://oldschool.runescape.wiki/w/Special:Redirect/revision/15285464	2026-08-06	OSRS Wiki Infobox Monster; fill-only sync
npc.black_unicorn_foal.3911	aggression	https://oldschool.runescape.wiki/w/Special:Redirect/revision/15199774	2026-08-06	OSRS Wiki Infobox Monster; fill-only sync
npc.black_unicorn_foal.3911	attack_speed	https://oldschool.runescape.wiki/w/Special:Redirect/revision/15199774	2026-08-06	OSRS Wiki Infobox Monster; fill-only sync
npc.black_unicorn_foal.3911	attack_styles	https://oldschool.runescape.wiki/w/Special:Redirect/revision/15199774	2026-08-06	OSRS Wiki Infobox Monster; fill-only sync
npc.black_unicorn_foal.3911	hitpoints	https://oldschool.runescape.wiki/w/Special:Redirect/revision/15199774	2026-08-06	OSRS Wiki Infobox Monster; fill-only sync
npc.black_unicorn_foal.3911	max_hit	https://oldschool.runescape.wiki/w/Special:Redirect/revision/15199774	2026-08-06	OSRS Wiki Infobox Monster; fill-only sync
npc.blessed_giant_rat.4534	aggression	https://oldschool.runescape.wiki/w/Special:Redirect/revision/15200050	2026-08-06	OSRS Wiki Infobox Monster; fill-only sync
npc.blessed_giant_rat.4534	attack_speed	https://oldschool.runescape.wiki/w/Special:Redirect/revision/15200050	2026-08-06	OSRS Wiki Infobox Monster; fill-only sync
npc.blessed_giant_rat.4534	attack_styles	https://oldschool.runescape.wiki/w/Special:Redirect/revision/15200050	2026-08-06	OSRS Wiki Infobox Monster; fill-only sync
npc.blessed_giant_rat.4534	hitpoints	https://oldschool.runescape.wiki/w/Special:Redirect/revision/15200050	2026-08-06	OSRS Wiki Infobox Monster; fill-only sync
npc.blessed_giant_rat.4534	max_hit	https://oldschool.runescape.wiki/w/Special:Redirect/revision/15200050	2026-08-06	OSRS Wiki Infobox Monster; fill-only sync
npc.blessed_spider.4533	aggression	https://oldschool.runescape.wiki/w/Special:Redirect/revision/15199730	2026-08-06	OSRS Wiki Infobox Monster; fill-only sync
npc.blessed_spider.4533	attack_speed	https://oldschool.runescape.wiki/w/Special:Redirect/revision/15199730	2026-08-06	OSRS Wiki Infobox Monster; fill-only sync
npc.blessed_spider.4533	attack_styles	https://oldschool.runescape.wiki/w/Special:Redirect/revision/15199730	2026-08-06	OSRS Wiki Infobox Monster; fill-only sync
npc.blessed_spider.4533	hitpoints	https://oldschool.runescape.wiki/w/Special:Redirect/revision/15199730	2026-08-06	OSRS Wiki Infobox Monster; fill-only sync
npc.blessed_spider.4533	max_hit	https://oldschool.runescape.wiki/w/Special:Redirect/revision/15199730	2026-08-06	OSRS Wiki Infobox Monster; fill-only sync
npc.blood_blamish_snail.2645	attack_speed	https://oldschool.runescape.wiki/w/Special:Redirect/revision/15208156	2026-08-06	OSRS Wiki Infobox Monster; fill-only sync
npc.blood_jaguar.13021	aggression	https://oldschool.runescape.wiki/w/Special:Redirect/revision/15216089	2026-08-06	OSRS Wiki Infobox Monster; fill-only sync
npc.blood_jaguar.13021	attack_speed	https://oldschool.runescape.wiki/w/Special:Redirect/revision/15216089	2026-08-06	OSRS Wiki Infobox Monster; fill-only sync
npc.blood_jaguar.13021	attack_styles	https://oldschool.runescape.wiki/w/Special:Redirect/revision/15216089	2026-08-06	OSRS Wiki Infobox Monster; fill-only sync
npc.blood_jaguar.13021	hitpoints	https://oldschool.runescape.wiki/w/Special:Redirect/revision/15216089	2026-08-06	OSRS Wiki Infobox Monster; fill-only sync
npc.blood_jaguar.13021	max_hit	https://oldschool.runescape.wiki/w/Special:Redirect/revision/15216089	2026-08-06	OSRS Wiki Infobox Monster; fill-only sync
npc.blood_moon.13011	aggression	https://oldschool.runescape.wiki/w/Special:Redirect/revision/15244141	2026-08-06	OSRS Wiki Infobox Monster; fill-only sync
npc.blood_moon.13011	attack_speed	https://oldschool.runescape.wiki/w/Special:Redirect/revision/15244141	2026-08-06	OSRS Wiki Infobox Monster; fill-only sync
npc.blood_moon.13011	attack_styles	https://oldschool.runescape.wiki/w/Special:Redirect/revision/15244141	2026-08-06	OSRS Wiki Infobox Monster; fill-only sync
npc.blood_moon.13011	hitpoints	https://oldschool.runescape.wiki/w/Special:Redirect/revision/15244141	2026-08-06	OSRS Wiki Infobox Monster; fill-only sync
npc.blood_moon.13011	max_hit	https://oldschool.runescape.wiki/w/Special:Redirect/revision/15244141	2026-08-06	OSRS Wiki Infobox Monster; fill-only sync
npc.blood_reaver.11293	aggression	https://oldschool.runescape.wiki/w/Special:Redirect/revision/15200284	2026-08-06	OSRS Wiki Infobox Monster; fill-only sync
npc.blood_reaver.11293	attack_speed	https://oldschool.runescape.wiki/w/Special:Redirect/revision/15200284	2026-08-06	OSRS Wiki Infobox Monster; fill-only sync
npc.blood_reaver.11293	attack_styles	https://oldschool.runescape.wiki/w/Special:Redirect/revision/15200284	2026-08-06	OSRS Wiki Infobox Monster; fill-only sync
npc.blood_reaver.11293	hitpoints	https://oldschool.runescape.wiki/w/Special:Redirect/revision/15200284	2026-08-06	OSRS Wiki Infobox Monster; fill-only sync
npc.blood_reaver.11293	max_hit	https://oldschool.runescape.wiki/w/Special:Redirect/revision/15200284	2026-08-06	OSRS Wiki Infobox Monster; fill-only sync
npc.blood_spawn.8367	aggression	https://oldschool.runescape.wiki/w/Special:Redirect/revision/15215871	2026-08-06	OSRS Wiki Infobox Monster; fill-only sync
npc.blood_spawn.8367	attack_speed	https://oldschool.runescape.wiki/w/Special:Redirect/revision/15215871	2026-08-06	OSRS Wiki Infobox Monster; fill-only sync
npc.blood_spawn.8367	hitpoints	https://oldschool.runescape.wiki/w/Special:Redirect/revision/15215871	2026-08-06	OSRS Wiki Infobox Monster; fill-only sync
npc.blood_spawn.8367	max_hit	https://oldschool.runescape.wiki/w/Special:Redirect/revision/15215871	2026-08-06	OSRS Wiki Infobox Monster; fill-only sync
npc.blood_starved_venator.15770	aggression	https://oldschool.runescape.wiki/w/Special:Redirect/revision/15286907	2026-08-06	OSRS Wiki Infobox Monster; fill-only sync
npc.blood_starved_venator.15770	attack_speed	https://oldschool.runescape.wiki/w/Special:Redirect/revision/15286907	2026-08-06	OSRS Wiki Infobox Monster; fill-only sync
npc.blood_starved_venator.15770	attack_styles	https://oldschool.runescape.wiki/w/Special:Redirect/revision/15286907	2026-08-06	OSRS Wiki Infobox Monster; fill-only sync
npc.blood_starved_venator.15770	hitpoints	https://oldschool.runescape.wiki/w/Special:Redirect/revision/15286907	2026-08-06	OSRS Wiki Infobox Monster; fill-only sync
npc.blood_starved_venator.15770	max_hit	https://oldschool.runescape.wiki/w/Special:Redirect/revision/15286907	2026-08-06	OSRS Wiki Infobox Monster; fill-only sync
npc.blood_starved_venator.15770	slayer_requirement	https://oldschool.runescape.wiki/w/Special:Redirect/revision/15286907	2026-08-06	OSRS Wiki Infobox Monster; fill-only sync
npc.bloodthirst_rockslug.12561	aggression	https://oldschool.runescape.wiki/w/Special:Redirect/revision/15204801	2026-08-06	OSRS Wiki Infobox Monster; fill-only sync
npc.bloodthirst_rockslug.12561	attack_speed	https://oldschool.runescape.wiki/w/Special:Redirect/revision/15204801	2026-08-06	OSRS Wiki Infobox Monster; fill-only sync
npc.bloodthirst_rockslug.12561	attack_styles	https://oldschool.runescape.wiki/w/Special:Redirect/revision/15204801	2026-08-06	OSRS Wiki Infobox Monster; fill-only sync
npc.bloodthirst_rockslug.12561	hitpoints	https://oldschool.runescape.wiki/w/Special:Redirect/revision/15204801	2026-08-06	OSRS Wiki Infobox Monster; fill-only sync
npc.bloodthirst_rockslug.12561	slayer_requirement	https://oldschool.runescape.wiki/w/Special:Redirect/revision/15204801	2026-08-06	OSRS Wiki Infobox Monster; fill-only sync
npc.bloodthirsty_abomination.12572	aggression	https://oldschool.runescape.wiki/w/Special:Redirect/revision/15204803	2026-08-06	OSRS Wiki Infobox Monster; fill-only sync
npc.bloodthirsty_abomination.12572	attack_speed	https://oldschool.runescape.wiki/w/Special:Redirect/revision/15204803	2026-08-06	OSRS Wiki Infobox Monster; fill-only sync
npc.bloodthirsty_abomination.12572	attack_styles	https://oldschool.runescape.wiki/w/Special:Redirect/revision/15204803	2026-08-06	OSRS Wiki Infobox Monster; fill-only sync
npc.bloodthirsty_abomination.12572	hitpoints	https://oldschool.runescape.wiki/w/Special:Redirect/revision/15204803	2026-08-06	OSRS Wiki Infobox Monster; fill-only sync
npc.bloodthirsty_abomination.12572	slayer_requirement	https://oldschool.runescape.wiki/w/Special:Redirect/revision/15204803	2026-08-06	OSRS Wiki Infobox Monster; fill-only sync
npc.bloodthirsty_abyssal_demon.12581	aggression	https://oldschool.runescape.wiki/w/Special:Redirect/revision/15200457	2026-08-06	OSRS Wiki Infobox Monster; fill-only sync
npc.bloodthirsty_abyssal_demon.12581	attack_speed	https://oldschool.runescape.wiki/w/Special:Redirect/revision/15200457	2026-08-06	OSRS Wiki Infobox Monster; fill-only sync
npc.bloodthirsty_abyssal_demon.12581	attack_styles	https://oldschool.runescape.wiki/w/Special:Redirect/revision/15200457	2026-08-06	OSRS Wiki Infobox Monster; fill-only sync
npc.bloodthirsty_abyssal_demon.12581	hitpoints	https://oldschool.runescape.wiki/w/Special:Redirect/revision/15200457	2026-08-06	OSRS Wiki Infobox Monster; fill-only sync
npc.bloodthirsty_abyssal_demon.12581	max_hit	https://oldschool.runescape.wiki/w/Special:Redirect/revision/15200457	2026-08-06	OSRS Wiki Infobox Monster; fill-only sync
npc.bloodthirsty_abyssal_demon.12581	slayer_requirement	https://oldschool.runescape.wiki/w/Special:Redirect/revision/15200457	2026-08-06	OSRS Wiki Infobox Monster; fill-only sync
npc.bloodthirsty_banshee.12540	aggression	https://oldschool.runescape.wiki/w/Special:Redirect/revision/15204799	2026-08-06	OSRS Wiki Infobox Monster; fill-only sync
npc.bloodthirsty_banshee.12540	attack_speed	https://oldschool.runescape.wiki/w/Special:Redirect/revision/15204799	2026-08-06	OSRS Wiki Infobox Monster; fill-only sync
npc.bloodthirsty_banshee.12540	attack_styles	https://oldschool.runescape.wiki/w/Special:Redirect/revision/15204799	2026-08-06	OSRS Wiki Infobox Monster; fill-only sync
npc.bloodthirsty_banshee.12540	hitpoints	https://oldschool.runescape.wiki/w/Special:Redirect/revision/15204799	2026-08-06	OSRS Wiki Infobox Monster; fill-only sync
npc.bloodthirsty_banshee.12540	slayer_requirement	https://oldschool.runescape.wiki/w/Special:Redirect/revision/15204799	2026-08-06	OSRS Wiki Infobox Monster; fill-only sync
npc.bloodthirsty_basilisk.12565	aggression	https://oldschool.runescape.wiki/w/Special:Redirect/revision/15200443	2026-08-06	OSRS Wiki Infobox Monster; fill-only sync
npc.bloodthirsty_basilisk.12565	attack_speed	https://oldschool.runescape.wiki/w/Special:Redirect/revision/15200443	2026-08-06	OSRS Wiki Infobox Monster; fill-only sync
npc.bloodthirsty_basilisk.12565	attack_styles	https://oldschool.runescape.wiki/w/Special:Redirect/revision/15200443	2026-08-06	OSRS Wiki Infobox Monster; fill-only sync
npc.bloodthirsty_basilisk.12565	hitpoints	https://oldschool.runescape.wiki/w/Special:Redirect/revision/15200443	2026-08-06	OSRS Wiki Infobox Monster; fill-only sync
npc.bloodthirsty_basilisk.12565	max_hit	https://oldschool.runescape.wiki/w/Special:Redirect/revision/15200443	2026-08-06	OSRS Wiki Infobox Monster; fill-only sync
npc.bloodthirsty_basilisk.12565	slayer_requirement	https://oldschool.runescape.wiki/w/Special:Redirect/revision/15200443	2026-08-06	OSRS Wiki Infobox Monster; fill-only sync
npc.bloodthirsty_basilisk_sentinel.12566	aggression	https://oldschool.runescape.wiki/w/Special:Redirect/revision/15200444	2026-08-06	OSRS Wiki Infobox Monster; fill-only sync
npc.bloodthirsty_basilisk_sentinel.12566	attack_speed	https://oldschool.runescape.wiki/w/Special:Redirect/revision/15200444	2026-08-06	OSRS Wiki Infobox Monster; fill-only sync
npc.bloodthirsty_basilisk_sentinel.12566	attack_styles	https://oldschool.runescape.wiki/w/Special:Redirect/revision/15200444	2026-08-06	OSRS Wiki Infobox Monster; fill-only sync
npc.bloodthirsty_basilisk_sentinel.12566	hitpoints	https://oldschool.runescape.wiki/w/Special:Redirect/revision/15200444	2026-08-06	OSRS Wiki Infobox Monster; fill-only sync
npc.bloodthirsty_basilisk_sentinel.12566	max_hit	https://oldschool.runescape.wiki/w/Special:Redirect/revision/15200444	2026-08-06	OSRS Wiki Infobox Monster; fill-only sync
npc.bloodthirsty_basilisk_sentinel.12566	slayer_requirement	https://oldschool.runescape.wiki/w/Special:Redirect/revision/15200444	2026-08-06	OSRS Wiki Infobox Monster; fill-only sync
npc.bloodthirsty_bloodveld.12568	aggression	https://oldschool.runescape.wiki/w/Special:Redirect/revision/15200436	2026-08-06	OSRS Wiki Infobox Monster; fill-only sync
npc.bloodthirsty_bloodveld.12568	attack_speed	https://oldschool.runescape.wiki/w/Special:Redirect/revision/15200436	2026-08-06	OSRS Wiki Infobox Monster; fill-only sync
npc.bloodthirsty_bloodveld.12568	attack_styles	https://oldschool.runescape.wiki/w/Special:Redirect/revision/15200436	2026-08-06	OSRS Wiki Infobox Monster; fill-only sync
npc.bloodthirsty_bloodveld.12568	hitpoints	https://oldschool.runescape.wiki/w/Special:Redirect/revision/15200436	2026-08-06	OSRS Wiki Infobox Monster; fill-only sync
npc.bloodthirsty_bloodveld.12568	max_hit	https://oldschool.runescape.wiki/w/Special:Redirect/revision/15200436	2026-08-06	OSRS Wiki Infobox Monster; fill-only sync
npc.bloodthirsty_bloodveld.12568	slayer_requirement	https://oldschool.runescape.wiki/w/Special:Redirect/revision/15200436	2026-08-06	OSRS Wiki Infobox Monster; fill-only sync
npc.bloodthirsty_choke_devil.12575	aggression	https://oldschool.runescape.wiki/w/Special:Redirect/revision/15204806	2026-08-06	OSRS Wiki Infobox Monster; fill-only sync
npc.bloodthirsty_choke_devil.12575	attack_speed	https://oldschool.runescape.wiki/w/Special:Redirect/revision/15204806	2026-08-06	OSRS Wiki Infobox Monster; fill-only sync
npc.bloodthirsty_choke_devil.12575	attack_styles	https://oldschool.runescape.wiki/w/Special:Redirect/revision/15204806	2026-08-06	OSRS Wiki Infobox Monster; fill-only sync
npc.bloodthirsty_choke_devil.12575	hitpoints	https://oldschool.runescape.wiki/w/Special:Redirect/revision/15204806	2026-08-06	OSRS Wiki Infobox Monster; fill-only sync
npc.bloodthirsty_choke_devil.12575	slayer_requirement	https://oldschool.runescape.wiki/w/Special:Redirect/revision/15204806	2026-08-06	OSRS Wiki Infobox Monster; fill-only sync
npc.bloodthirsty_cockathrice.12562	aggression	https://oldschool.runescape.wiki/w/Special:Redirect/revision/15200440	2026-08-06	OSRS Wiki Infobox Monster; fill-only sync
npc.bloodthirsty_cockathrice.12562	attack_speed	https://oldschool.runescape.wiki/w/Special:Redirect/revision/15200440	2026-08-06	OSRS Wiki Infobox Monster; fill-only sync
npc.bloodthirsty_cockathrice.12562	attack_styles	https://oldschool.runescape.wiki/w/Special:Redirect/revision/15200440	2026-08-06	OSRS Wiki Infobox Monster; fill-only sync
npc.bloodthirsty_cockathrice.12562	hitpoints	https://oldschool.runescape.wiki/w/Special:Redirect/revision/15200440	2026-08-06	OSRS Wiki Infobox Monster; fill-only sync
npc.bloodthirsty_cockathrice.12562	max_hit	https://oldschool.runescape.wiki/w/Special:Redirect/revision/15200440	2026-08-06	OSRS Wiki Infobox Monster; fill-only sync
npc.bloodthirsty_cockathrice.12562	slayer_requirement	https://oldschool.runescape.wiki/w/Special:Redirect/revision/15200440	2026-08-06	OSRS Wiki Infobox Monster; fill-only sync
npc.bloodthirsty_crawler.12539	aggression	https://oldschool.runescape.wiki/w/Special:Redirect/revision/15204798	2026-08-06	OSRS Wiki Infobox Monster; fill-only sync
npc.bloodthirsty_crawler.12539	attack_speed	https://oldschool.runescape.wiki/w/Special:Redirect/revision/15204798	2026-08-06	OSRS Wiki Infobox Monster; fill-only sync
npc.bloodthirsty_crawler.12539	attack_styles	https://oldschool.runescape.wiki/w/Special:Redirect/revision/15204798	2026-08-06	OSRS Wiki Infobox Monster; fill-only sync
npc.bloodthirsty_crawler.12539	hazards	https://oldschool.runescape.wiki/w/Special:Redirect/revision/15204798	2026-08-06	OSRS Wiki Infobox Monster; fill-only sync
npc.bloodthirsty_crawler.12539	hitpoints	https://oldschool.runescape.wiki/w/Special:Redirect/revision/15204798	2026-08-06	OSRS Wiki Infobox Monster; fill-only sync
npc.bloodthirsty_crawler.12539	slayer_requirement	https://oldschool.runescape.wiki/w/Special:Redirect/revision/15204798	2026-08-06	OSRS Wiki Infobox Monster; fill-only sync
npc.bloodthirsty_drake.12586	aggression	https://oldschool.runescape.wiki/w/Special:Redirect/revision/15200461	2026-08-06	OSRS Wiki Infobox Monster; fill-only sync
npc.bloodthirsty_drake.12586	attack_speed	https://oldschool.runescape.wiki/w/Special:Redirect/revision/15200461	2026-08-06	OSRS Wiki Infobox Monster; fill-only sync
npc.bloodthirsty_drake.12586	attack_styles	https://oldschool.runescape.wiki/w/Special:Redirect/revision/15200461	2026-08-06	OSRS Wiki Infobox Monster; fill-only sync
npc.bloodthirsty_drake.12586	hitpoints	https://oldschool.runescape.wiki/w/Special:Redirect/revision/15200461	2026-08-06	OSRS Wiki Infobox Monster; fill-only sync
npc.bloodthirsty_drake.12586	max_hit	https://oldschool.runescape.wiki/w/Special:Redirect/revision/15200461	2026-08-06	OSRS Wiki Infobox Monster; fill-only sync
npc.bloodthirsty_drake.12586	slayer_requirement	https://oldschool.runescape.wiki/w/Special:Redirect/revision/15200461	2026-08-06	OSRS Wiki Infobox Monster; fill-only sync
npc.bloodthirsty_gargoyle.12578	aggression	https://oldschool.runescape.wiki/w/Special:Redirect/revision/15204807	2026-08-06	OSRS Wiki Infobox Monster; fill-only sync
npc.bloodthirsty_gargoyle.12578	attack_speed	https://oldschool.runescape.wiki/w/Special:Redirect/revision/15204807	2026-08-06	OSRS Wiki Infobox Monster; fill-only sync
npc.bloodthirsty_gargoyle.12578	attack_styles	https://oldschool.runescape.wiki/w/Special:Redirect/revision/15204807	2026-08-06	OSRS Wiki Infobox Monster; fill-only sync
npc.bloodthirsty_gargoyle.12578	hitpoints	https://oldschool.runescape.wiki/w/Special:Redirect/revision/15204807	2026-08-06	OSRS Wiki Infobox Monster; fill-only sync
npc.bloodthirsty_gargoyle.12578	slayer_requirement	https://oldschool.runescape.wiki/w/Special:Redirect/revision/15204807	2026-08-06	OSRS Wiki Infobox Monster; fill-only sync
npc.bloodthirsty_hand.12538	aggression	https://oldschool.runescape.wiki/w/Special:Redirect/revision/15204797	2026-08-06	OSRS Wiki Infobox Monster; fill-only sync
npc.bloodthirsty_hand.12538	attack_speed	https://oldschool.runescape.wiki/w/Special:Redirect/revision/15204797	2026-08-06	OSRS Wiki Infobox Monster; fill-only sync
npc.bloodthirsty_hand.12538	attack_styles	https://oldschool.runescape.wiki/w/Special:Redirect/revision/15204797	2026-08-06	OSRS Wiki Infobox Monster; fill-only sync
npc.bloodthirsty_hand.12538	hitpoints	https://oldschool.runescape.wiki/w/Special:Redirect/revision/15204797	2026-08-06	OSRS Wiki Infobox Monster; fill-only sync
npc.bloodthirsty_hand.12538	slayer_requirement	https://oldschool.runescape.wiki/w/Special:Redirect/revision/15204797	2026-08-06	OSRS Wiki Infobox Monster; fill-only sync
npc.bloodthirsty_hydra.12588	aggression	https://oldschool.runescape.wiki/w/Special:Redirect/revision/15200462	2026-08-06	OSRS Wiki Infobox Monster; fill-only sync
npc.bloodthirsty_hydra.12588	attack_speed	https://oldschool.runescape.wiki/w/Special:Redirect/revision/15200462	2026-08-06	OSRS Wiki Infobox Monster; fill-only sync
npc.bloodthirsty_hydra.12588	attack_styles	https://oldschool.runescape.wiki/w/Special:Redirect/revision/15200462	2026-08-06	OSRS Wiki Infobox Monster; fill-only sync
npc.bloodthirsty_hydra.12588	hitpoints	https://oldschool.runescape.wiki/w/Special:Redirect/revision/15200462	2026-08-06	OSRS Wiki Infobox Monster; fill-only sync
npc.bloodthirsty_hydra.12588	max_hit	https://oldschool.runescape.wiki/w/Special:Redirect/revision/15200462	2026-08-06	OSRS Wiki Infobox Monster; fill-only sync
npc.bloodthirsty_hydra.12588	slayer_requirement	https://oldschool.runescape.wiki/w/Special:Redirect/revision/15200462	2026-08-06	OSRS Wiki Infobox Monster; fill-only sync
npc.bloodthirsty_infernal_pyrelord.12564	aggression	https://oldschool.runescape.wiki/w/Special:Redirect/revision/15200442	2026-08-06	OSRS Wiki Infobox Monster; fill-only sync
npc.bloodthirsty_infernal_pyrelord.12564	attack_speed	https://oldschool.runescape.wiki/w/Special:Redirect/revision/15200442	2026-08-06	OSRS Wiki Infobox Monster; fill-only sync
npc.bloodthirsty_infernal_pyrelord.12564	attack_styles	https://oldschool.runescape.wiki/w/Special:Redirect/revision/15200442	2026-08-06	OSRS Wiki Infobox Monster; fill-only sync
npc.bloodthirsty_infernal_pyrelord.12564	hitpoints	https://oldschool.runescape.wiki/w/Special:Redirect/revision/15200442	2026-08-06	OSRS Wiki Infobox Monster; fill-only sync
npc.bloodthirsty_infernal_pyrelord.12564	slayer_requirement	https://oldschool.runescape.wiki/w/Special:Redirect/revision/15200442	2026-08-06	OSRS Wiki Infobox Monster; fill-only sync
npc.bloodthirsty_jelly.12570	aggression	https://oldschool.runescape.wiki/w/Special:Redirect/revision/15200447	2026-08-06	OSRS Wiki Infobox Monster; fill-only sync
npc.bloodthirsty_jelly.12570	attack_speed	https://oldschool.runescape.wiki/w/Special:Redirect/revision/15200447	2026-08-06	OSRS Wiki Infobox Monster; fill-only sync
npc.bloodthirsty_jelly.12570	attack_styles	https://oldschool.runescape.wiki/w/Special:Redirect/revision/15200447	2026-08-06	OSRS Wiki Infobox Monster; fill-only sync
npc.bloodthirsty_jelly.12570	hitpoints	https://oldschool.runescape.wiki/w/Special:Redirect/revision/15200447	2026-08-06	OSRS Wiki Infobox Monster; fill-only sync
npc.bloodthirsty_jelly.12570	max_hit	https://oldschool.runescape.wiki/w/Special:Redirect/revision/15200447	2026-08-06	OSRS Wiki Infobox Monster; fill-only sync
npc.bloodthirsty_jelly.12570	slayer_requirement	https://oldschool.runescape.wiki/w/Special:Redirect/revision/15200447	2026-08-06	OSRS Wiki Infobox Monster; fill-only sync
npc.bloodthirsty_kurask.12576	aggression	https://oldschool.runescape.wiki/w/Special:Redirect/revision/15200453	2026-08-06	OSRS Wiki Infobox Monster; fill-only sync
npc.bloodthirsty_kurask.12576	attack_speed	https://oldschool.runescape.wiki/w/Special:Redirect/revision/15200453	2026-08-06	OSRS Wiki Infobox Monster; fill-only sync
npc.bloodthirsty_kurask.12576	attack_styles	https://oldschool.runescape.wiki/w/Special:Redirect/revision/15200453	2026-08-06	OSRS Wiki Infobox Monster; fill-only sync
npc.bloodthirsty_kurask.12576	hitpoints	https://oldschool.runescape.wiki/w/Special:Redirect/revision/15200453	2026-08-06	OSRS Wiki Infobox Monster; fill-only sync
npc.bloodthirsty_kurask.12576	max_hit	https://oldschool.runescape.wiki/w/Special:Redirect/revision/15200453	2026-08-06	OSRS Wiki Infobox Monster; fill-only sync
npc.bloodthirsty_kurask.12576	slayer_requirement	https://oldschool.runescape.wiki/w/Special:Redirect/revision/15200453	2026-08-06	OSRS Wiki Infobox Monster; fill-only sync
npc.bloodthirsty_mage.12567	aggression	https://oldschool.runescape.wiki/w/Special:Redirect/revision/15204802	2026-08-06	OSRS Wiki Infobox Monster; fill-only sync
npc.bloodthirsty_mage.12567	attack_speed	https://oldschool.runescape.wiki/w/Special:Redirect/revision/15204802	2026-08-06	OSRS Wiki Infobox Monster; fill-only sync
npc.bloodthirsty_mage.12567	attack_styles	https://oldschool.runescape.wiki/w/Special:Redirect/revision/15204802	2026-08-06	OSRS Wiki Infobox Monster; fill-only sync
npc.bloodthirsty_mage.12567	hitpoints	https://oldschool.runescape.wiki/w/Special:Redirect/revision/15204802	2026-08-06	OSRS Wiki Infobox Monster; fill-only sync
npc.bloodthirsty_mage.12567	slayer_requirement	https://oldschool.runescape.wiki/w/Special:Redirect/revision/15204802	2026-08-06	OSRS Wiki Infobox Monster; fill-only sync
npc.bloodthirsty_mutated_bloodveld.12569	aggression	https://oldschool.runescape.wiki/w/Special:Redirect/revision/15200446	2026-08-06	OSRS Wiki Infobox Monster; fill-only sync
npc.bloodthirsty_mutated_bloodveld.12569	attack_speed	https://oldschool.runescape.wiki/w/Special:Redirect/revision/15200446	2026-08-06	OSRS Wiki Infobox Monster; fill-only sync
npc.bloodthirsty_mutated_bloodveld.12569	attack_styles	https://oldschool.runescape.wiki/w/Special:Redirect/revision/15200446	2026-08-06	OSRS Wiki Infobox Monster; fill-only sync
npc.bloodthirsty_mutated_bloodveld.12569	hitpoints	https://oldschool.runescape.wiki/w/Special:Redirect/revision/15200446	2026-08-06	OSRS Wiki Infobox Monster; fill-only sync
npc.bloodthirsty_mutated_bloodveld.12569	max_hit	https://oldschool.runescape.wiki/w/Special:Redirect/revision/15200446	2026-08-06	OSRS Wiki Infobox Monster; fill-only sync
npc.bloodthirsty_mutated_bloodveld.12569	slayer_requirement	https://oldschool.runescape.wiki/w/Special:Redirect/revision/15200446	2026-08-06	OSRS Wiki Infobox Monster; fill-only sync
npc.bloodthirsty_nechryarch.12582	aggression	https://oldschool.runescape.wiki/w/Special:Redirect/revision/15200458	2026-08-06	OSRS Wiki Infobox Monster; fill-only sync
npc.bloodthirsty_nechryarch.12582	attack_speed	https://oldschool.runescape.wiki/w/Special:Redirect/revision/15200458	2026-08-06	OSRS Wiki Infobox Monster; fill-only sync
npc.bloodthirsty_nechryarch.12582	attack_styles	https://oldschool.runescape.wiki/w/Special:Redirect/revision/15200458	2026-08-06	OSRS Wiki Infobox Monster; fill-only sync
npc.bloodthirsty_nechryarch.12582	hitpoints	https://oldschool.runescape.wiki/w/Special:Redirect/revision/15200458	2026-08-06	OSRS Wiki Infobox Monster; fill-only sync
npc.bloodthirsty_nechryarch.12582	max_hit	https://oldschool.runescape.wiki/w/Special:Redirect/revision/15200458	2026-08-06	OSRS Wiki Infobox Monster; fill-only sync
npc.bloodthirsty_nechryarch.12582	slayer_requirement	https://oldschool.runescape.wiki/w/Special:Redirect/revision/15200458	2026-08-06	OSRS Wiki Infobox Monster; fill-only sync
npc.bloodthirsty_night_beast.12580	aggression	https://oldschool.runescape.wiki/w/Special:Redirect/revision/15200456	2026-08-06	OSRS Wiki Infobox Monster; fill-only sync
npc.bloodthirsty_night_beast.12580	attack_speed	https://oldschool.runescape.wiki/w/Special:Redirect/revision/15200456	2026-08-06	OSRS Wiki Infobox Monster; fill-only sync
npc.bloodthirsty_night_beast.12580	attack_styles	https://oldschool.runescape.wiki/w/Special:Redirect/revision/15200456	2026-08-06	OSRS Wiki Infobox Monster; fill-only sync
npc.bloodthirsty_night_beast.12580	hitpoints	https://oldschool.runescape.wiki/w/Special:Redirect/revision/15200456	2026-08-06	OSRS Wiki Infobox Monster; fill-only sync
npc.bloodthirsty_night_beast.12580	max_hit	https://oldschool.runescape.wiki/w/Special:Redirect/revision/15200456	2026-08-06	OSRS Wiki Infobox Monster; fill-only sync
npc.bloodthirsty_night_beast.12580	slayer_requirement	https://oldschool.runescape.wiki/w/Special:Redirect/revision/15200456	2026-08-06	OSRS Wiki Infobox Monster; fill-only sync
npc.bloodthirsty_pyrelord.12563	aggression	https://oldschool.runescape.wiki/w/Special:Redirect/revision/15200441	2026-08-06	OSRS Wiki Infobox Monster; fill-only sync
npc.bloodthirsty_pyrelord.12563	attack_speed	https://oldschool.runescape.wiki/w/Special:Redirect/revision/15200441	2026-08-06	OSRS Wiki Infobox Monster; fill-only sync
npc.bloodthirsty_pyrelord.12563	attack_styles	https://oldschool.runescape.wiki/w/Special:Redirect/revision/15200441	2026-08-06	OSRS Wiki Infobox Monster; fill-only sync
npc.bloodthirsty_pyrelord.12563	hitpoints	https://oldschool.runescape.wiki/w/Special:Redirect/revision/15200441	2026-08-06	OSRS Wiki Infobox Monster; fill-only sync
npc.bloodthirsty_pyrelord.12563	slayer_requirement	https://oldschool.runescape.wiki/w/Special:Redirect/revision/15200441	2026-08-06	OSRS Wiki Infobox Monster; fill-only sync
npc.bloodthirsty_repugnant_spectre.12574	aggression	https://oldschool.runescape.wiki/w/Special:Redirect/revision/15204805	2026-08-06	OSRS Wiki Infobox Monster; fill-only sync
npc.bloodthirsty_repugnant_spectre.12574	attack_speed	https://oldschool.runescape.wiki/w/Special:Redirect/revision/15204805	2026-08-06	OSRS Wiki Infobox Monster; fill-only sync
npc.bloodthirsty_repugnant_spectre.12574	attack_styles	https://oldschool.runescape.wiki/w/Special:Redirect/revision/15204805	2026-08-06	OSRS Wiki Infobox Monster; fill-only sync
npc.bloodthirsty_repugnant_spectre.12574	hitpoints	https://oldschool.runescape.wiki/w/Special:Redirect/revision/15204805	2026-08-06	OSRS Wiki Infobox Monster; fill-only sync
npc.bloodthirsty_repugnant_spectre.12574	slayer_requirement	https://oldschool.runescape.wiki/w/Special:Redirect/revision/15204805	2026-08-06	OSRS Wiki Infobox Monster; fill-only sync
npc.bloodthirsty_shadow_wyrm.12584	aggression	https://oldschool.runescape.wiki/w/Special:Redirect/revision/15200460	2026-08-06	OSRS Wiki Infobox Monster; fill-only sync
npc.bloodthirsty_shadow_wyrm.12584	attack_speed	https://oldschool.runescape.wiki/w/Special:Redirect/revision/15200460	2026-08-06	OSRS Wiki Infobox Monster; fill-only sync
npc.bloodthirsty_shadow_wyrm.12584	attack_styles	https://oldschool.runescape.wiki/w/Special:Redirect/revision/15200460	2026-08-06	OSRS Wiki Infobox Monster; fill-only sync
npc.bloodthirsty_shadow_wyrm.12584	hitpoints	https://oldschool.runescape.wiki/w/Special:Redirect/revision/15200460	2026-08-06	OSRS Wiki Infobox Monster; fill-only sync
npc.bloodthirsty_shadow_wyrm.12584	max_hit	https://oldschool.runescape.wiki/w/Special:Redirect/revision/15200460	2026-08-06	OSRS Wiki Infobox Monster; fill-only sync
npc.bloodthirsty_shadow_wyrm.12584	slayer_requirement	https://oldschool.runescape.wiki/w/Special:Redirect/revision/15200460	2026-08-06	OSRS Wiki Infobox Monster; fill-only sync
npc.bloodthirsty_smoke_devil.12577	aggression	https://oldschool.runescape.wiki/w/Special:Redirect/revision/15200454	2026-08-06	OSRS Wiki Infobox Monster; fill-only sync
npc.bloodthirsty_smoke_devil.12577	attack_speed	https://oldschool.runescape.wiki/w/Special:Redirect/revision/15200454	2026-08-06	OSRS Wiki Infobox Monster; fill-only sync
npc.bloodthirsty_smoke_devil.12577	attack_styles	https://oldschool.runescape.wiki/w/Special:Redirect/revision/15200454	2026-08-06	OSRS Wiki Infobox Monster; fill-only sync
npc.bloodthirsty_smoke_devil.12577	hitpoints	https://oldschool.runescape.wiki/w/Special:Redirect/revision/15200454	2026-08-06	OSRS Wiki Infobox Monster; fill-only sync
npc.bloodthirsty_smoke_devil.12577	max_hit	https://oldschool.runescape.wiki/w/Special:Redirect/revision/15200454	2026-08-06	OSRS Wiki Infobox Monster; fill-only sync
npc.bloodthirsty_smoke_devil.12577	slayer_requirement	https://oldschool.runescape.wiki/w/Special:Redirect/revision/15200454	2026-08-06	OSRS Wiki Infobox Monster; fill-only sync
npc.bloodthirsty_spectre.12573	aggression	https://oldschool.runescape.wiki/w/Special:Redirect/revision/15204804	2026-08-06	OSRS Wiki Infobox Monster; fill-only sync
npc.bloodthirsty_spectre.12573	attack_speed	https://oldschool.runescape.wiki/w/Special:Redirect/revision/15204804	2026-08-06	OSRS Wiki Infobox Monster; fill-only sync
npc.bloodthirsty_spectre.12573	attack_styles	https://oldschool.runescape.wiki/w/Special:Redirect/revision/15204804	2026-08-06	OSRS Wiki Infobox Monster; fill-only sync
npc.bloodthirsty_spectre.12573	hitpoints	https://oldschool.runescape.wiki/w/Special:Redirect/revision/15204804	2026-08-06	OSRS Wiki Infobox Monster; fill-only sync
npc.bloodthirsty_spectre.12573	slayer_requirement	https://oldschool.runescape.wiki/w/Special:Redirect/revision/15204804	2026-08-06	OSRS Wiki Infobox Monster; fill-only sync
npc.bloodthirsty_turoth.12583	aggression	https://oldschool.runescape.wiki/w/Special:Redirect/revision/15200459	2026-08-06	OSRS Wiki Infobox Monster; fill-only sync
npc.bloodthirsty_turoth.12583	attack_speed	https://oldschool.runescape.wiki/w/Special:Redirect/revision/15200459	2026-08-06	OSRS Wiki Infobox Monster; fill-only sync
npc.bloodthirsty_turoth.12583	attack_styles	https://oldschool.runescape.wiki/w/Special:Redirect/revision/15200459	2026-08-06	OSRS Wiki Infobox Monster; fill-only sync
npc.bloodthirsty_turoth.12583	hitpoints	https://oldschool.runescape.wiki/w/Special:Redirect/revision/15200459	2026-08-06	OSRS Wiki Infobox Monster; fill-only sync
npc.bloodthirsty_turoth.12583	max_hit	https://oldschool.runescape.wiki/w/Special:Redirect/revision/15200459	2026-08-06	OSRS Wiki Infobox Monster; fill-only sync
npc.bloodthirsty_turoth.12583	slayer_requirement	https://oldschool.runescape.wiki/w/Special:Redirect/revision/15200459	2026-08-06	OSRS Wiki Infobox Monster; fill-only sync
npc.bloodthirsty_twisted_banshee.12542	aggression	https://oldschool.runescape.wiki/w/Special:Redirect/revision/15204800	2026-08-06	OSRS Wiki Infobox Monster; fill-only sync
npc.bloodthirsty_twisted_banshee.12542	attack_speed	https://oldschool.runescape.wiki/w/Special:Redirect/revision/15204800	2026-08-06	OSRS Wiki Infobox Monster; fill-only sync
npc.bloodthirsty_twisted_banshee.12542	attack_styles	https://oldschool.runescape.wiki/w/Special:Redirect/revision/15204800	2026-08-06	OSRS Wiki Infobox Monster; fill-only sync
npc.bloodthirsty_twisted_banshee.12542	hitpoints	https://oldschool.runescape.wiki/w/Special:Redirect/revision/15204800	2026-08-06	OSRS Wiki Infobox Monster; fill-only sync
npc.bloodthirsty_twisted_banshee.12542	slayer_requirement	https://oldschool.runescape.wiki/w/Special:Redirect/revision/15204800	2026-08-06	OSRS Wiki Infobox Monster; fill-only sync
npc.bloodthirsty_warped_jelly.12571	aggression	https://oldschool.runescape.wiki/w/Special:Redirect/revision/15200448	2026-08-06	OSRS Wiki Infobox Monster; fill-only sync
npc.bloodthirsty_warped_jelly.12571	attack_speed	https://oldschool.runescape.wiki/w/Special:Redirect/revision/15200448	2026-08-06	OSRS Wiki Infobox Monster; fill-only sync
npc.bloodthirsty_warped_jelly.12571	attack_styles	https://oldschool.runescape.wiki/w/Special:Redirect/revision/15200448	2026-08-06	OSRS Wiki Infobox Monster; fill-only sync
npc.bloodthirsty_warped_jelly.12571	hitpoints	https://oldschool.runescape.wiki/w/Special:Redirect/revision/15200448	2026-08-06	OSRS Wiki Infobox Monster; fill-only sync
npc.bloodthirsty_warped_jelly.12571	max_hit	https://oldschool.runescape.wiki/w/Special:Redirect/revision/15200448	2026-08-06	OSRS Wiki Infobox Monster; fill-only sync
npc.bloodthirsty_warped_jelly.12571	slayer_requirement	https://oldschool.runescape.wiki/w/Special:Redirect/revision/15200448	2026-08-06	OSRS Wiki Infobox Monster; fill-only sync
npc.bloodveld.484	attack_speed	https://oldschool.runescape.wiki/w/Special:Redirect/revision/15283090	2026-08-06	OSRS Wiki Infobox Monster; fill-only sync
npc.bloodworm.1678	attack_speed	https://oldschool.runescape.wiki/w/Special:Redirect/revision/15199750	2026-08-06	OSRS Wiki Infobox Monster; fill-only sync
npc.bloody_jack.15682	aggression	https://oldschool.runescape.wiki/w/Special:Redirect/revision/15218387	2026-08-06	OSRS Wiki Infobox Monster; fill-only sync
npc.bloody_jack.15682	attack_speed	https://oldschool.runescape.wiki/w/Special:Redirect/revision/15218387	2026-08-06	OSRS Wiki Infobox Monster; fill-only sync
npc.bloody_jack.15682	attack_styles	https://oldschool.runescape.wiki/w/Special:Redirect/revision/15218387	2026-08-06	OSRS Wiki Infobox Monster; fill-only sync
npc.bloody_jack.15682	hitpoints	https://oldschool.runescape.wiki/w/Special:Redirect/revision/15218387	2026-08-06	OSRS Wiki Infobox Monster; fill-only sync
npc.bloody_jack.15682	max_hit	https://oldschool.runescape.wiki/w/Special:Redirect/revision/15218387	2026-08-06	OSRS Wiki Infobox Monster; fill-only sync
npc.blue_dagannoth.15166	aggression	https://oldschool.runescape.wiki/w/Special:Redirect/revision/15200725	2026-08-06	OSRS Wiki Infobox Monster; fill-only sync
npc.blue_dagannoth.15166	attack_speed	https://oldschool.runescape.wiki/w/Special:Redirect/revision/15200725	2026-08-06	OSRS Wiki Infobox Monster; fill-only sync
npc.blue_dagannoth.15166	attack_styles	https://oldschool.runescape.wiki/w/Special:Redirect/revision/15200725	2026-08-06	OSRS Wiki Infobox Monster; fill-only sync
npc.blue_dagannoth.15166	hitpoints	https://oldschool.runescape.wiki/w/Special:Redirect/revision/15200725	2026-08-06	OSRS Wiki Infobox Monster; fill-only sync
npc.blue_dagannoth.15166	max_hit	https://oldschool.runescape.wiki/w/Special:Redirect/revision/15200725	2026-08-06	OSRS Wiki Infobox Monster; fill-only sync
npc.blue_dragon.265	attack_speed	https://oldschool.runescape.wiki/w/Special:Redirect/revision/15199254	2026-08-06	OSRS Wiki Infobox Monster; fill-only sync
npc.blue_moon.13013	aggression	https://oldschool.runescape.wiki/w/Special:Redirect/revision/15215836	2026-08-06	OSRS Wiki Infobox Monster; fill-only sync
npc.blue_moon.13013	attack_speed	https://oldschool.runescape.wiki/w/Special:Redirect/revision/15215836	2026-08-06	OSRS Wiki Infobox Monster; fill-only sync
npc.blue_moon.13013	attack_styles	https://oldschool.runescape.wiki/w/Special:Redirect/revision/15215836	2026-08-06	OSRS Wiki Infobox Monster; fill-only sync
npc.blue_moon.13013	hitpoints	https://oldschool.runescape.wiki/w/Special:Redirect/revision/15215836	2026-08-06	OSRS Wiki Infobox Monster; fill-only sync
npc.blue_moon.13013	max_hit	https://oldschool.runescape.wiki/w/Special:Redirect/revision/15215836	2026-08-06	OSRS Wiki Infobox Monster; fill-only sync
npc.boar.11066	aggression	https://oldschool.runescape.wiki/w/Special:Redirect/revision/15200265	2026-08-06	OSRS Wiki Infobox Monster; fill-only sync
npc.boar.11066	attack_speed	https://oldschool.runescape.wiki/w/Special:Redirect/revision/15200265	2026-08-06	OSRS Wiki Infobox Monster; fill-only sync
npc.boar.11066	attack_styles	https://oldschool.runescape.wiki/w/Special:Redirect/revision/15200265	2026-08-06	OSRS Wiki Infobox Monster; fill-only sync
npc.boar.11066	hitpoints	https://oldschool.runescape.wiki/w/Special:Redirect/revision/15200265	2026-08-06	OSRS Wiki Infobox Monster; fill-only sync
npc.boar.11066	max_hit	https://oldschool.runescape.wiki/w/Special:Redirect/revision/15200265	2026-08-06	OSRS Wiki Infobox Monster; fill-only sync
npc.boatswain_bill_teak.15678	aggression	https://oldschool.runescape.wiki/w/Special:Redirect/revision/15218389	2026-08-06	OSRS Wiki Infobox Monster; fill-only sync
npc.boatswain_bill_teak.15678	attack_speed	https://oldschool.runescape.wiki/w/Special:Redirect/revision/15218389	2026-08-06	OSRS Wiki Infobox Monster; fill-only sync
npc.boatswain_bill_teak.15678	attack_styles	https://oldschool.runescape.wiki/w/Special:Redirect/revision/15218389	2026-08-06	OSRS Wiki Infobox Monster; fill-only sync
npc.boatswain_bill_teak.15678	hitpoints	https://oldschool.runescape.wiki/w/Special:Redirect/revision/15218389	2026-08-06	OSRS Wiki Infobox Monster; fill-only sync
npc.boatswain_bill_teak.15678	max_hit	https://oldschool.runescape.wiki/w/Special:Redirect/revision/15218389	2026-08-06	OSRS Wiki Infobox Monster; fill-only sync
npc.body_golem.10691	aggression	https://oldschool.runescape.wiki/w/Special:Redirect/revision/15270688	2026-08-06	OSRS Wiki Infobox Monster; fill-only sync
npc.body_golem.10691	attack_speed	https://oldschool.runescape.wiki/w/Special:Redirect/revision/15270688	2026-08-06	OSRS Wiki Infobox Monster; fill-only sync
npc.body_golem.10691	attack_styles	https://oldschool.runescape.wiki/w/Special:Redirect/revision/15270688	2026-08-06	OSRS Wiki Infobox Monster; fill-only sync
npc.body_golem.10691	hitpoints	https://oldschool.runescape.wiki/w/Special:Redirect/revision/15270688	2026-08-06	OSRS Wiki Infobox Monster; fill-only sync
npc.body_golem.10691	max_hit	https://oldschool.runescape.wiki/w/Special:Redirect/revision/15270688	2026-08-06	OSRS Wiki Infobox Monster; fill-only sync
npc.boris.2613	attack_speed	https://oldschool.runescape.wiki/w/Special:Redirect/revision/15199951	2026-08-06	OSRS Wiki Infobox Monster; fill-only sync
npc.borrokar.3939	aggression	https://oldschool.runescape.wiki/w/Special:Redirect/revision/15199667	2026-08-06	OSRS Wiki Infobox Monster; fill-only sync
npc.borrokar.3939	attack_speed	https://oldschool.runescape.wiki/w/Special:Redirect/revision/15199667	2026-08-06	OSRS Wiki Infobox Monster; fill-only sync
npc.borrokar.3939	attack_styles	https://oldschool.runescape.wiki/w/Special:Redirect/revision/15199667	2026-08-06	OSRS Wiki Infobox Monster; fill-only sync
npc.borrokar.3939	hitpoints	https://oldschool.runescape.wiki/w/Special:Redirect/revision/15199667	2026-08-06	OSRS Wiki Infobox Monster; fill-only sync
npc.borrokar.3939	max_hit	https://oldschool.runescape.wiki/w/Special:Redirect/revision/15199667	2026-08-06	OSRS Wiki Infobox Monster; fill-only sync
npc.bouncer.1224	attack_speed	https://oldschool.runescape.wiki/w/Special:Redirect/revision/15199444	2026-08-06	OSRS Wiki Infobox Monster; fill-only sync
npc.branda_the_fire_queen.12596	aggression	https://oldschool.runescape.wiki/w/Special:Redirect/revision/15200593	2026-08-06	OSRS Wiki Infobox Monster; fill-only sync
npc.branda_the_fire_queen.12596	attack_speed	https://oldschool.runescape.wiki/w/Special:Redirect/revision/15200593	2026-08-06	OSRS Wiki Infobox Monster; fill-only sync
npc.branda_the_fire_queen.12596	attack_styles	https://oldschool.runescape.wiki/w/Special:Redirect/revision/15200593	2026-08-06	OSRS Wiki Infobox Monster; fill-only sync
npc.branda_the_fire_queen.12596	hitpoints	https://oldschool.runescape.wiki/w/Special:Redirect/revision/15200593	2026-08-06	OSRS Wiki Infobox Monster; fill-only sync
npc.branda_the_fire_queen.12596	max_hit	https://oldschool.runescape.wiki/w/Special:Redirect/revision/15200593	2026-08-06	OSRS Wiki Infobox Monster; fill-only sync
npc.brassican_mage.7310	aggression	https://oldschool.runescape.wiki/w/Special:Redirect/revision/15267817	2026-08-06	OSRS Wiki Infobox Monster; fill-only sync
npc.brassican_mage.7310	attack_speed	https://oldschool.runescape.wiki/w/Special:Redirect/revision/15267817	2026-08-06	OSRS Wiki Infobox Monster; fill-only sync
npc.brassican_mage.7310	attack_styles	https://oldschool.runescape.wiki/w/Special:Redirect/revision/15267817	2026-08-06	OSRS Wiki Infobox Monster; fill-only sync
npc.brassican_mage.7310	hitpoints	https://oldschool.runescape.wiki/w/Special:Redirect/revision/15267817	2026-08-06	OSRS Wiki Infobox Monster; fill-only sync
npc.brassican_mage.7310	max_hit	https://oldschool.runescape.wiki/w/Special:Redirect/revision/15267817	2026-08-06	OSRS Wiki Infobox Monster; fill-only sync
npc.brawler.1734	attack_speed	https://oldschool.runescape.wiki/w/Special:Redirect/revision/15199564	2026-08-06	OSRS Wiki Infobox Monster; fill-only sync
npc.bree.2208	attack_speed	https://oldschool.runescape.wiki/w/Special:Redirect/revision/15217907	2026-08-06	OSRS Wiki Infobox Monster; fill-only sync
npc.breoca.4107	aggression	https://oldschool.runescape.wiki/w/Special:Redirect/revision/15283616	2026-08-06	OSRS Wiki Infobox Monster; fill-only sync
npc.breoca.4107	attack_speed	https://oldschool.runescape.wiki/w/Special:Redirect/revision/15283616	2026-08-06	OSRS Wiki Infobox Monster; fill-only sync
npc.breoca.4107	attack_styles	https://oldschool.runescape.wiki/w/Special:Redirect/revision/15283616	2026-08-06	OSRS Wiki Infobox Monster; fill-only sync
npc.breoca.4107	hitpoints	https://oldschool.runescape.wiki/w/Special:Redirect/revision/15283616	2026-08-06	OSRS Wiki Infobox Monster; fill-only sync
npc.breoca.4107	max_hit	https://oldschool.runescape.wiki/w/Special:Redirect/revision/15283616	2026-08-06	OSRS Wiki Infobox Monster; fill-only sync
npc.brine_rat.4501	aggression	https://oldschool.runescape.wiki/w/Special:Redirect/revision/15273490	2026-08-06	OSRS Wiki Infobox Monster; fill-only sync
npc.brine_rat.4501	attack_speed	https://oldschool.runescape.wiki/w/Special:Redirect/revision/15273490	2026-08-06	OSRS Wiki Infobox Monster; fill-only sync
npc.brine_rat.4501	attack_styles	https://oldschool.runescape.wiki/w/Special:Redirect/revision/15273490	2026-08-06	OSRS Wiki Infobox Monster; fill-only sync
npc.brine_rat.4501	hitpoints	https://oldschool.runescape.wiki/w/Special:Redirect/revision/15273490	2026-08-06	OSRS Wiki Infobox Monster; fill-only sync
npc.brine_rat.4501	max_hit	https://oldschool.runescape.wiki/w/Special:Redirect/revision/15273490	2026-08-06	OSRS Wiki Infobox Monster; fill-only sync
npc.brine_rat.4501	slayer_requirement	https://oldschool.runescape.wiki/w/Special:Redirect/revision/15273490	2026-08-06	OSRS Wiki Infobox Monster; fill-only sync
npc.broddi.3685	aggression	https://oldschool.runescape.wiki/w/Special:Redirect/revision/15199972	2026-08-06	OSRS Wiki Infobox Monster; fill-only sync
npc.broddi.3685	attack_speed	https://oldschool.runescape.wiki/w/Special:Redirect/revision/15199972	2026-08-06	OSRS Wiki Infobox Monster; fill-only sync
npc.broddi.3685	attack_styles	https://oldschool.runescape.wiki/w/Special:Redirect/revision/15199972	2026-08-06	OSRS Wiki Infobox Monster; fill-only sync
npc.broddi.3685	hitpoints	https://oldschool.runescape.wiki/w/Special:Redirect/revision/15199972	2026-08-06	OSRS Wiki Infobox Monster; fill-only sync
npc.broddi.3685	max_hit	https://oldschool.runescape.wiki/w/Special:Redirect/revision/15199972	2026-08-06	OSRS Wiki Infobox Monster; fill-only sync
npc.bronze_dragon.270	attack_speed	https://oldschool.runescape.wiki/w/Special:Redirect/revision/15273773	2026-08-06	OSRS Wiki Infobox Monster; fill-only sync
npc.broodoo_victim.6409	aggression	https://oldschool.runescape.wiki/w/Special:Redirect/revision/15233909	2026-08-06	OSRS Wiki Infobox Monster; fill-only sync
npc.broodoo_victim.6409	attack_speed	https://oldschool.runescape.wiki/w/Special:Redirect/revision/15233909	2026-08-06	OSRS Wiki Infobox Monster; fill-only sync
npc.broodoo_victim.6409	attack_styles	https://oldschool.runescape.wiki/w/Special:Redirect/revision/15233909	2026-08-06	OSRS Wiki Infobox Monster; fill-only sync
npc.broodoo_victim.6409	hitpoints	https://oldschool.runescape.wiki/w/Special:Redirect/revision/15233909	2026-08-06	OSRS Wiki Infobox Monster; fill-only sync
npc.broodoo_victim.6409	max_hit	https://oldschool.runescape.wiki/w/Special:Redirect/revision/15233909	2026-08-06	OSRS Wiki Infobox Monster; fill-only sync
npc.bruise_blamish_snail.2647	attack_speed	https://oldschool.runescape.wiki/w/Special:Redirect/revision/15208155	2026-08-06	OSRS Wiki Infobox Monster; fill-only sync
npc.brutal_black_dragon.7275	aggression	https://oldschool.runescape.wiki/w/Special:Redirect/revision/15284902	2026-08-06	OSRS Wiki Infobox Monster; fill-only sync
npc.brutal_black_dragon.7275	attack_speed	https://oldschool.runescape.wiki/w/Special:Redirect/revision/15284902	2026-08-06	OSRS Wiki Infobox Monster; fill-only sync
npc.brutal_black_dragon.7275	attack_styles	https://oldschool.runescape.wiki/w/Special:Redirect/revision/15284902	2026-08-06	OSRS Wiki Infobox Monster; fill-only sync
npc.brutal_black_dragon.7275	hitpoints	https://oldschool.runescape.wiki/w/Special:Redirect/revision/15284902	2026-08-06	OSRS Wiki Infobox Monster; fill-only sync
npc.brutal_black_dragon.7275	max_hit	https://oldschool.runescape.wiki/w/Special:Redirect/revision/15284902	2026-08-06	OSRS Wiki Infobox Monster; fill-only sync
npc.brutal_black_dragon.7275	slayer_requirement	https://oldschool.runescape.wiki/w/Special:Redirect/revision/15284902	2026-08-06	OSRS Wiki Infobox Monster; fill-only sync
npc.brutal_blue_dragon.7273	aggression	https://oldschool.runescape.wiki/w/Special:Redirect/revision/15211302	2026-08-06	OSRS Wiki Infobox Monster; fill-only sync
npc.brutal_blue_dragon.7273	attack_speed	https://oldschool.runescape.wiki/w/Special:Redirect/revision/15211302	2026-08-06	OSRS Wiki Infobox Monster; fill-only sync
npc.brutal_blue_dragon.7273	attack_styles	https://oldschool.runescape.wiki/w/Special:Redirect/revision/15211302	2026-08-06	OSRS Wiki Infobox Monster; fill-only sync
npc.brutal_blue_dragon.7273	hitpoints	https://oldschool.runescape.wiki/w/Special:Redirect/revision/15211302	2026-08-06	OSRS Wiki Infobox Monster; fill-only sync
npc.brutal_blue_dragon.7273	max_hit	https://oldschool.runescape.wiki/w/Special:Redirect/revision/15211302	2026-08-06	OSRS Wiki Infobox Monster; fill-only sync
npc.brutal_green_dragon.2918	attack_speed	https://oldschool.runescape.wiki/w/Special:Redirect/revision/15216701	2026-08-06	OSRS Wiki Infobox Monster; fill-only sync
npc.brutal_red_dragon.7274	aggression	https://oldschool.runescape.wiki/w/Special:Redirect/revision/15211301	2026-08-06	OSRS Wiki Infobox Monster; fill-only sync
npc.brutal_red_dragon.7274	attack_speed	https://oldschool.runescape.wiki/w/Special:Redirect/revision/15211301	2026-08-06	OSRS Wiki Infobox Monster; fill-only sync
npc.brutal_red_dragon.7274	attack_styles	https://oldschool.runescape.wiki/w/Special:Redirect/revision/15211301	2026-08-06	OSRS Wiki Infobox Monster; fill-only sync
npc.brutal_red_dragon.7274	hitpoints	https://oldschool.runescape.wiki/w/Special:Redirect/revision/15211301	2026-08-06	OSRS Wiki Infobox Monster; fill-only sync
npc.brutal_red_dragon.7274	max_hit	https://oldschool.runescape.wiki/w/Special:Redirect/revision/15211301	2026-08-06	OSRS Wiki Infobox Monster; fill-only sync
npc.brutus.15626	aggression	https://oldschool.runescape.wiki/w/Special:Redirect/revision/15263932	2026-08-06	OSRS Wiki Infobox Monster; fill-only sync
npc.brutus.15626	attack_speed	https://oldschool.runescape.wiki/w/Special:Redirect/revision/15263932	2026-08-06	OSRS Wiki Infobox Monster; fill-only sync
npc.brutus.15626	attack_styles	https://oldschool.runescape.wiki/w/Special:Redirect/revision/15263932	2026-08-06	OSRS Wiki Infobox Monster; fill-only sync
npc.brutus.15626	hitpoints	https://oldschool.runescape.wiki/w/Special:Redirect/revision/15263932	2026-08-06	OSRS Wiki Infobox Monster; fill-only sync
npc.brutus.15626	max_hit	https://oldschool.runescape.wiki/w/Special:Redirect/revision/15263932	2026-08-06	OSRS Wiki Infobox Monster; fill-only sync
npc.bryophyta.8195	aggression	https://oldschool.runescape.wiki/w/Special:Redirect/revision/15275431	2026-08-06	OSRS Wiki Infobox Monster; fill-only sync
npc.bryophyta.8195	attack_speed	https://oldschool.runescape.wiki/w/Special:Redirect/revision/15275431	2026-08-06	OSRS Wiki Infobox Monster; fill-only sync
npc.bryophyta.8195	attack_styles	https://oldschool.runescape.wiki/w/Special:Redirect/revision/15275431	2026-08-06	OSRS Wiki Infobox Monster; fill-only sync
npc.bryophyta.8195	hazards	https://oldschool.runescape.wiki/w/Special:Redirect/revision/15275431	2026-08-06	OSRS Wiki Infobox Monster; fill-only sync
npc.bryophyta.8195	hitpoints	https://oldschool.runescape.wiki/w/Special:Redirect/revision/15275431	2026-08-06	OSRS Wiki Infobox Monster; fill-only sync
npc.bryophyta.8195	max_hit	https://oldschool.runescape.wiki/w/Special:Redirect/revision/15275431	2026-08-06	OSRS Wiki Infobox Monster; fill-only sync
npc.buffalo.13004	aggression	https://oldschool.runescape.wiki/w/Special:Redirect/revision/15200505	2026-08-06	OSRS Wiki Infobox Monster; fill-only sync
npc.buffalo.13004	attack_speed	https://oldschool.runescape.wiki/w/Special:Redirect/revision/15200505	2026-08-06	OSRS Wiki Infobox Monster; fill-only sync
npc.buffalo.13004	attack_styles	https://oldschool.runescape.wiki/w/Special:Redirect/revision/15200505	2026-08-06	OSRS Wiki Infobox Monster; fill-only sync
npc.buffalo.13004	hitpoints	https://oldschool.runescape.wiki/w/Special:Redirect/revision/15200505	2026-08-06	OSRS Wiki Infobox Monster; fill-only sync
npc.buffalo.13004	max_hit	https://oldschool.runescape.wiki/w/Special:Redirect/revision/15200505	2026-08-06	OSRS Wiki Infobox Monster; fill-only sync
npc.bull_shark.15194	aggression	https://oldschool.runescape.wiki/w/Special:Redirect/revision/15265636	2026-08-06	OSRS Wiki Infobox Monster; fill-only sync
npc.bull_shark.15194	attack_speed	https://oldschool.runescape.wiki/w/Special:Redirect/revision/15265636	2026-08-06	OSRS Wiki Infobox Monster; fill-only sync
npc.bull_shark.15194	attack_styles	https://oldschool.runescape.wiki/w/Special:Redirect/revision/15265636	2026-08-06	OSRS Wiki Infobox Monster; fill-only sync
npc.bull_shark.15194	hitpoints	https://oldschool.runescape.wiki/w/Special:Redirect/revision/15265636	2026-08-06	OSRS Wiki Infobox Monster; fill-only sync
npc.bull_shark.15194	max_hit	https://oldschool.runescape.wiki/w/Special:Redirect/revision/15265636	2026-08-06	OSRS Wiki Infobox Monster; fill-only sync
npc.bush_snake.6102	aggression	https://oldschool.runescape.wiki/w/Special:Redirect/revision/15199192	2026-08-06	OSRS Wiki Infobox Monster; fill-only sync
npc.bush_snake.6102	attack_speed	https://oldschool.runescape.wiki/w/Special:Redirect/revision/15199192	2026-08-06	OSRS Wiki Infobox Monster; fill-only sync
npc.bush_snake.6102	attack_styles	https://oldschool.runescape.wiki/w/Special:Redirect/revision/15199192	2026-08-06	OSRS Wiki Infobox Monster; fill-only sync
npc.bush_snake.6102	hazards	https://oldschool.runescape.wiki/w/Special:Redirect/revision/15199192	2026-08-06	OSRS Wiki Infobox Monster; fill-only sync
npc.bush_snake.6102	hitpoints	https://oldschool.runescape.wiki/w/Special:Redirect/revision/15199192	2026-08-06	OSRS Wiki Infobox Monster; fill-only sync
npc.bush_snake.6102	max_hit	https://oldschool.runescape.wiki/w/Special:Redirect/revision/15199192	2026-08-06	OSRS Wiki Infobox Monster; fill-only sync
npc.butterfly_ray.15216	aggression	https://oldschool.runescape.wiki/w/Special:Redirect/revision/15228827	2026-08-06	OSRS Wiki Infobox Monster; fill-only sync
npc.butterfly_ray.15216	attack_speed	https://oldschool.runescape.wiki/w/Special:Redirect/revision/15228827	2026-08-06	OSRS Wiki Infobox Monster; fill-only sync
npc.butterfly_ray.15216	attack_styles	https://oldschool.runescape.wiki/w/Special:Redirect/revision/15228827	2026-08-06	OSRS Wiki Infobox Monster; fill-only sync
npc.butterfly_ray.15216	hitpoints	https://oldschool.runescape.wiki/w/Special:Redirect/revision/15228827	2026-08-06	OSRS Wiki Infobox Monster; fill-only sync
npc.butterfly_ray.15216	max_hit	https://oldschool.runescape.wiki/w/Special:Redirect/revision/15228827	2026-08-06	OSRS Wiki Infobox Monster; fill-only sync
npc.callisto.6503	aggression	https://oldschool.runescape.wiki/w/Special:Redirect/revision/15285311	2026-08-06	OSRS Wiki Infobox Monster; fill-only sync
npc.callisto.6503	attack_speed	https://oldschool.runescape.wiki/w/Special:Redirect/revision/15285311	2026-08-06	OSRS Wiki Infobox Monster; fill-only sync
npc.callisto.6503	attack_styles	https://oldschool.runescape.wiki/w/Special:Redirect/revision/15285311	2026-08-06	OSRS Wiki Infobox Monster; fill-only sync
npc.callisto.6503	hitpoints	https://oldschool.runescape.wiki/w/Special:Redirect/revision/15285311	2026-08-06	OSRS Wiki Infobox Monster; fill-only sync
npc.callisto.6503	max_hit	https://oldschool.runescape.wiki/w/Special:Redirect/revision/15285311	2026-08-06	OSRS Wiki Infobox Monster; fill-only sync
npc.calvar_ion.11993	aggression	https://oldschool.runescape.wiki/w/Special:Redirect/revision/15276762	2026-08-06	OSRS Wiki Infobox Monster; fill-only sync
npc.calvar_ion.11993	attack_speed	https://oldschool.runescape.wiki/w/Special:Redirect/revision/15276762	2026-08-06	OSRS Wiki Infobox Monster; fill-only sync
npc.calvar_ion.11993	attack_styles	https://oldschool.runescape.wiki/w/Special:Redirect/revision/15276762	2026-08-06	OSRS Wiki Infobox Monster; fill-only sync
npc.calvar_ion.11993	hitpoints	https://oldschool.runescape.wiki/w/Special:Redirect/revision/15276762	2026-08-06	OSRS Wiki Infobox Monster; fill-only sync
npc.calvar_ion.11993	max_hit	https://oldschool.runescape.wiki/w/Special:Redirect/revision/15276762	2026-08-06	OSRS Wiki Infobox Monster; fill-only sync
npc.camp_dweller.1379	attack_speed	https://oldschool.runescape.wiki/w/Special:Redirect/revision/15200025	2026-08-06	OSRS Wiki Infobox Monster; fill-only sync
npc.captain_jack.15684	aggression	https://oldschool.runescape.wiki/w/Special:Redirect/revision/15218391	2026-08-06	OSRS Wiki Infobox Monster; fill-only sync
npc.captain_jack.15684	attack_speed	https://oldschool.runescape.wiki/w/Special:Redirect/revision/15218391	2026-08-06	OSRS Wiki Infobox Monster; fill-only sync
npc.captain_jack.15684	attack_styles	https://oldschool.runescape.wiki/w/Special:Redirect/revision/15218391	2026-08-06	OSRS Wiki Infobox Monster; fill-only sync
npc.captain_jack.15684	hitpoints	https://oldschool.runescape.wiki/w/Special:Redirect/revision/15218391	2026-08-06	OSRS Wiki Infobox Monster; fill-only sync
npc.captain_jack.15684	max_hit	https://oldschool.runescape.wiki/w/Special:Redirect/revision/15218391	2026-08-06	OSRS Wiki Infobox Monster; fill-only sync
npc.captain_ruban_acer.15683	aggression	https://oldschool.runescape.wiki/w/Special:Redirect/revision/15218393	2026-08-06	OSRS Wiki Infobox Monster; fill-only sync
npc.captain_ruban_acer.15683	attack_speed	https://oldschool.runescape.wiki/w/Special:Redirect/revision/15218393	2026-08-06	OSRS Wiki Infobox Monster; fill-only sync
npc.captain_ruban_acer.15683	attack_styles	https://oldschool.runescape.wiki/w/Special:Redirect/revision/15218393	2026-08-06	OSRS Wiki Infobox Monster; fill-only sync
npc.captain_ruban_acer.15683	hitpoints	https://oldschool.runescape.wiki/w/Special:Redirect/revision/15218393	2026-08-06	OSRS Wiki Infobox Monster; fill-only sync
npc.captain_ruban_acer.15683	max_hit	https://oldschool.runescape.wiki/w/Special:Redirect/revision/15218393	2026-08-06	OSRS Wiki Infobox Monster; fill-only sync
npc.carnivorous_chinchompa.2911	attack_speed	https://oldschool.runescape.wiki/w/Special:Redirect/revision/15199287	2026-08-06	OSRS Wiki Infobox Monster; fill-only sync
npc.catablepon.2474	attack_speed	https://oldschool.runescape.wiki/w/Special:Redirect/revision/15275488	2026-08-06	OSRS Wiki Infobox Monster; fill-only sync
npc.cave_abomination.7401	aggression	https://oldschool.runescape.wiki/w/Special:Redirect/revision/15283119	2026-08-06	OSRS Wiki Infobox Monster; fill-only sync
npc.cave_abomination.7401	attack_speed	https://oldschool.runescape.wiki/w/Special:Redirect/revision/15283119	2026-08-06	OSRS Wiki Infobox Monster; fill-only sync
npc.cave_abomination.7401	attack_styles	https://oldschool.runescape.wiki/w/Special:Redirect/revision/15283119	2026-08-06	OSRS Wiki Infobox Monster; fill-only sync
npc.cave_abomination.7401	hitpoints	https://oldschool.runescape.wiki/w/Special:Redirect/revision/15283119	2026-08-06	OSRS Wiki Infobox Monster; fill-only sync
npc.cave_abomination.7401	max_hit	https://oldschool.runescape.wiki/w/Special:Redirect/revision/15283119	2026-08-06	OSRS Wiki Infobox Monster; fill-only sync
npc.cave_abomination.7401	slayer_requirement	https://oldschool.runescape.wiki/w/Special:Redirect/revision/15283119	2026-08-06	OSRS Wiki Infobox Monster; fill-only sync
npc.cave_bug.481	attack_speed	https://oldschool.runescape.wiki/w/Special:Redirect/revision/15199199	2026-08-06	OSRS Wiki Infobox Monster; fill-only sync
npc.cave_crawler.406	attack_speed	https://oldschool.runescape.wiki/w/Special:Redirect/revision/15283970	2026-08-06	OSRS Wiki Infobox Monster; fill-only sync
npc.cave_goblin_guard.5334	aggression	https://oldschool.runescape.wiki/w/Special:Redirect/revision/15237744	2026-08-06	OSRS Wiki Infobox Monster; fill-only sync
npc.cave_goblin_guard.5334	attack_speed	https://oldschool.runescape.wiki/w/Special:Redirect/revision/15237744	2026-08-06	OSRS Wiki Infobox Monster; fill-only sync
npc.cave_goblin_guard.5334	attack_styles	https://oldschool.runescape.wiki/w/Special:Redirect/revision/15237744	2026-08-06	OSRS Wiki Infobox Monster; fill-only sync
npc.cave_goblin_guard.5334	hitpoints	https://oldschool.runescape.wiki/w/Special:Redirect/revision/15237744	2026-08-06	OSRS Wiki Infobox Monster; fill-only sync
npc.cave_goblin_guard.5334	max_hit	https://oldschool.runescape.wiki/w/Special:Redirect/revision/15237744	2026-08-06	OSRS Wiki Infobox Monster; fill-only sync
npc.cave_goblin_miner.5330	aggression	https://oldschool.runescape.wiki/w/Special:Redirect/revision/15199391	2026-08-06	OSRS Wiki Infobox Monster; fill-only sync
npc.cave_goblin_miner.5330	attack_speed	https://oldschool.runescape.wiki/w/Special:Redirect/revision/15199391	2026-08-06	OSRS Wiki Infobox Monster; fill-only sync
npc.cave_goblin_miner.5330	attack_styles	https://oldschool.runescape.wiki/w/Special:Redirect/revision/15199391	2026-08-06	OSRS Wiki Infobox Monster; fill-only sync
npc.cave_goblin_miner.5330	hitpoints	https://oldschool.runescape.wiki/w/Special:Redirect/revision/15199391	2026-08-06	OSRS Wiki Infobox Monster; fill-only sync
npc.cave_goblin_miner.5330	max_hit	https://oldschool.runescape.wiki/w/Special:Redirect/revision/15199391	2026-08-06	OSRS Wiki Infobox Monster; fill-only sync
npc.cave_horror.1047	attack_speed	https://oldschool.runescape.wiki/w/Special:Redirect/revision/15285587	2026-08-06	OSRS Wiki Infobox Monster; fill-only sync
npc.cave_lizard.7424	aggression	https://oldschool.runescape.wiki/w/Special:Redirect/revision/15259348	2026-08-06	OSRS Wiki Infobox Monster; fill-only sync
npc.cave_lizard.7424	attack_speed	https://oldschool.runescape.wiki/w/Special:Redirect/revision/15259348	2026-08-06	OSRS Wiki Infobox Monster; fill-only sync
npc.cave_lizard.7424	attack_styles	https://oldschool.runescape.wiki/w/Special:Redirect/revision/15259348	2026-08-06	OSRS Wiki Infobox Monster; fill-only sync
npc.cave_lizard.7424	hitpoints	https://oldschool.runescape.wiki/w/Special:Redirect/revision/15259348	2026-08-06	OSRS Wiki Infobox Monster; fill-only sync
npc.cave_lizard.7424	max_hit	https://oldschool.runescape.wiki/w/Special:Redirect/revision/15259348	2026-08-06	OSRS Wiki Infobox Monster; fill-only sync
npc.cave_slime.480	attack_speed	https://oldschool.runescape.wiki/w/Special:Redirect/revision/15240672	2026-08-06	OSRS Wiki Infobox Monster; fill-only sync
npc.ceolburg.4111	aggression	https://oldschool.runescape.wiki/w/Special:Redirect/revision/15283615	2026-08-06	OSRS Wiki Infobox Monster; fill-only sync
npc.ceolburg.4111	attack_speed	https://oldschool.runescape.wiki/w/Special:Redirect/revision/15283615	2026-08-06	OSRS Wiki Infobox Monster; fill-only sync
npc.ceolburg.4111	attack_styles	https://oldschool.runescape.wiki/w/Special:Redirect/revision/15283615	2026-08-06	OSRS Wiki Infobox Monster; fill-only sync
npc.ceolburg.4111	hitpoints	https://oldschool.runescape.wiki/w/Special:Redirect/revision/15283615	2026-08-06	OSRS Wiki Infobox Monster; fill-only sync
npc.ceolburg.4111	max_hit	https://oldschool.runescape.wiki/w/Special:Redirect/revision/15283615	2026-08-06	OSRS Wiki Infobox Monster; fill-only sync
npc.cerberus.5862	aggression	https://oldschool.runescape.wiki/w/Special:Redirect/revision/15286707	2026-08-06	OSRS Wiki Infobox Monster; fill-only sync
npc.cerberus.5862	attack_speed	https://oldschool.runescape.wiki/w/Special:Redirect/revision/15286707	2026-08-06	OSRS Wiki Infobox Monster; fill-only sync
npc.cerberus.5862	attack_styles	https://oldschool.runescape.wiki/w/Special:Redirect/revision/15286707	2026-08-06	OSRS Wiki Infobox Monster; fill-only sync
npc.cerberus.5862	hitpoints	https://oldschool.runescape.wiki/w/Special:Redirect/revision/15286707	2026-08-06	OSRS Wiki Infobox Monster; fill-only sync
npc.cerberus.5862	max_hit	https://oldschool.runescape.wiki/w/Special:Redirect/revision/15286707	2026-08-06	OSRS Wiki Infobox Monster; fill-only sync
npc.cerberus.5862	slayer_requirement	https://oldschool.runescape.wiki/w/Special:Redirect/revision/15286707	2026-08-06	OSRS Wiki Infobox Monster; fill-only sync
npc.champion_of_scabaras.11483	aggression	https://oldschool.runescape.wiki/w/Special:Redirect/revision/15242426	2026-08-06	OSRS Wiki Infobox Monster; fill-only sync
npc.champion_of_scabaras.11483	attack_speed	https://oldschool.runescape.wiki/w/Special:Redirect/revision/15242426	2026-08-06	OSRS Wiki Infobox Monster; fill-only sync
npc.champion_of_scabaras.11483	attack_styles	https://oldschool.runescape.wiki/w/Special:Redirect/revision/15242426	2026-08-06	OSRS Wiki Infobox Monster; fill-only sync
npc.champion_of_scabaras.11483	hitpoints	https://oldschool.runescape.wiki/w/Special:Redirect/revision/15242426	2026-08-06	OSRS Wiki Infobox Monster; fill-only sync
npc.champion_of_scabaras.11483	max_hit	https://oldschool.runescape.wiki/w/Special:Redirect/revision/15242426	2026-08-06	OSRS Wiki Infobox Monster; fill-only sync
npc.chaos_druid.520	attack_speed	https://oldschool.runescape.wiki/w/Special:Redirect/revision/15259337	2026-08-06	OSRS Wiki Infobox Monster; fill-only sync
npc.chaos_druid_warrior.532	attack_speed	https://oldschool.runescape.wiki/w/Special:Redirect/revision/15285299	2026-08-06	OSRS Wiki Infobox Monster; fill-only sync
npc.chaos_dwarf.291	attack_speed	https://oldschool.runescape.wiki/w/Special:Redirect/revision/15209447	2026-08-06	OSRS Wiki Infobox Monster; fill-only sync
npc.chaos_elemental.2054	attack_speed	https://oldschool.runescape.wiki/w/Special:Redirect/revision/15260583	2026-08-06	OSRS Wiki Infobox Monster; fill-only sync
npc.chaos_fanatic.6619	aggression	https://oldschool.runescape.wiki/w/Special:Redirect/revision/15285029	2026-08-06	OSRS Wiki Infobox Monster; fill-only sync
npc.chaos_fanatic.6619	attack_speed	https://oldschool.runescape.wiki/w/Special:Redirect/revision/15285029	2026-08-06	OSRS Wiki Infobox Monster; fill-only sync
npc.chaos_fanatic.6619	attack_styles	https://oldschool.runescape.wiki/w/Special:Redirect/revision/15285029	2026-08-06	OSRS Wiki Infobox Monster; fill-only sync
npc.chaos_fanatic.6619	hitpoints	https://oldschool.runescape.wiki/w/Special:Redirect/revision/15285029	2026-08-06	OSRS Wiki Infobox Monster; fill-only sync
npc.chaos_fanatic.6619	max_hit	https://oldschool.runescape.wiki/w/Special:Redirect/revision/15285029	2026-08-06	OSRS Wiki Infobox Monster; fill-only sync
npc.chaos_golem.10689	aggression	https://oldschool.runescape.wiki/w/Special:Redirect/revision/15270689	2026-08-06	OSRS Wiki Infobox Monster; fill-only sync
npc.chaos_golem.10689	attack_speed	https://oldschool.runescape.wiki/w/Special:Redirect/revision/15270689	2026-08-06	OSRS Wiki Infobox Monster; fill-only sync
npc.chaos_golem.10689	attack_styles	https://oldschool.runescape.wiki/w/Special:Redirect/revision/15270689	2026-08-06	OSRS Wiki Infobox Monster; fill-only sync
npc.chaos_golem.10689	hitpoints	https://oldschool.runescape.wiki/w/Special:Redirect/revision/15270689	2026-08-06	OSRS Wiki Infobox Monster; fill-only sync
npc.chaos_golem.10689	max_hit	https://oldschool.runescape.wiki/w/Special:Redirect/revision/15270689	2026-08-06	OSRS Wiki Infobox Monster; fill-only sync
npc.chaotic_death_spawn.6716	aggression	https://oldschool.runescape.wiki/w/Special:Redirect/revision/15273356	2026-08-06	OSRS Wiki Infobox Monster; fill-only sync
npc.chaotic_death_spawn.6716	attack_speed	https://oldschool.runescape.wiki/w/Special:Redirect/revision/15273356	2026-08-06	OSRS Wiki Infobox Monster; fill-only sync
npc.chaotic_death_spawn.6716	attack_styles	https://oldschool.runescape.wiki/w/Special:Redirect/revision/15273356	2026-08-06	OSRS Wiki Infobox Monster; fill-only sync
npc.chaotic_death_spawn.6716	hitpoints	https://oldschool.runescape.wiki/w/Special:Redirect/revision/15273356	2026-08-06	OSRS Wiki Infobox Monster; fill-only sync
npc.chaotic_death_spawn.6716	max_hit	https://oldschool.runescape.wiki/w/Special:Redirect/revision/15273356	2026-08-06	OSRS Wiki Infobox Monster; fill-only sync
npc.chasm_crawler.7389	aggression	https://oldschool.runescape.wiki/w/Special:Redirect/revision/15283121	2026-08-06	OSRS Wiki Infobox Monster; fill-only sync
npc.chasm_crawler.7389	attack_speed	https://oldschool.runescape.wiki/w/Special:Redirect/revision/15283121	2026-08-06	OSRS Wiki Infobox Monster; fill-only sync
npc.chasm_crawler.7389	attack_styles	https://oldschool.runescape.wiki/w/Special:Redirect/revision/15283121	2026-08-06	OSRS Wiki Infobox Monster; fill-only sync
npc.chasm_crawler.7389	hazards	https://oldschool.runescape.wiki/w/Special:Redirect/revision/15283121	2026-08-06	OSRS Wiki Infobox Monster; fill-only sync
npc.chasm_crawler.7389	hitpoints	https://oldschool.runescape.wiki/w/Special:Redirect/revision/15283121	2026-08-06	OSRS Wiki Infobox Monster; fill-only sync
npc.chasm_crawler.7389	max_hit	https://oldschool.runescape.wiki/w/Special:Redirect/revision/15283121	2026-08-06	OSRS Wiki Infobox Monster; fill-only sync
npc.chasm_crawler.7389	slayer_requirement	https://oldschool.runescape.wiki/w/Special:Redirect/revision/15283121	2026-08-06	OSRS Wiki Infobox Monster; fill-only sync
npc.chicken	aggression	https://oldschool.runescape.wiki/w/Special:Redirect/revision/15283952	2026-08-06	OSRS Wiki Infobox Monster; fill-only sync
npc.chicken	attack_speed	https://oldschool.runescape.wiki/w/Special:Redirect/revision/15283952	2026-08-06	OSRS Wiki Infobox Monster; fill-only sync
npc.chicken	attack_styles	https://oldschool.runescape.wiki/w/Special:Redirect/revision/15283952	2026-08-06	OSRS Wiki Infobox Monster; fill-only sync
npc.chicken	hitpoints	https://raw.githubusercontent.com/osrsbox/osrsbox-db/master/docs/monsters-json/1173.json	2026-08-01	canonical NPC 1173; source record last updated 2021-07-12
npc.chicken	max_hit	https://oldschool.runescape.wiki/w/Special:Redirect/revision/15283952	2026-08-06	OSRS Wiki Infobox Monster; fill-only sync
npc.chicken	quest	manual catalogue review	2026-08-01	ordinary chicken family is not quest-specific
npc.chicken	unique_drops	manual drop-table review	2026-08-01	no exclusive drop identified in the canonical chicken table
npc.chilled_jelly.13799	aggression	https://oldschool.runescape.wiki/w/Special:Redirect/revision/15283104	2026-08-06	OSRS Wiki Infobox Monster; fill-only sync
npc.chilled_jelly.13799	attack_speed	https://oldschool.runescape.wiki/w/Special:Redirect/revision/15283104	2026-08-06	OSRS Wiki Infobox Monster; fill-only sync
npc.chilled_jelly.13799	attack_styles	https://oldschool.runescape.wiki/w/Special:Redirect/revision/15283104	2026-08-06	OSRS Wiki Infobox Monster; fill-only sync
npc.chilled_jelly.13799	hitpoints	https://oldschool.runescape.wiki/w/Special:Redirect/revision/15283104	2026-08-06	OSRS Wiki Infobox Monster; fill-only sync
npc.chilled_jelly.13799	max_hit	https://oldschool.runescape.wiki/w/Special:Redirect/revision/15283104	2026-08-06	OSRS Wiki Infobox Monster; fill-only sync
npc.chilled_jelly.13799	slayer_requirement	https://oldschool.runescape.wiki/w/Special:Redirect/revision/15283104	2026-08-06	OSRS Wiki Infobox Monster; fill-only sync
npc.chimalli.14362	aggression	https://oldschool.runescape.wiki/w/Special:Redirect/revision/15204547	2026-08-06	OSRS Wiki Infobox Monster; fill-only sync
npc.chimalli.14362	attack_speed	https://oldschool.runescape.wiki/w/Special:Redirect/revision/15204547	2026-08-06	OSRS Wiki Infobox Monster; fill-only sync
npc.chimalli.14362	attack_styles	https://oldschool.runescape.wiki/w/Special:Redirect/revision/15204547	2026-08-06	OSRS Wiki Infobox Monster; fill-only sync
npc.chimalli.14362	hitpoints	https://oldschool.runescape.wiki/w/Special:Redirect/revision/15204547	2026-08-06	OSRS Wiki Infobox Monster; fill-only sync
npc.chimalli.14362	max_hit	https://oldschool.runescape.wiki/w/Special:Redirect/revision/15204547	2026-08-06	OSRS Wiki Infobox Monster; fill-only sync
npc.choke_devil.7404	aggression	https://oldschool.runescape.wiki/w/Special:Redirect/revision/15283142	2026-08-06	OSRS Wiki Infobox Monster; fill-only sync
npc.choke_devil.7404	attack_speed	https://oldschool.runescape.wiki/w/Special:Redirect/revision/15283142	2026-08-06	OSRS Wiki Infobox Monster; fill-only sync
npc.choke_devil.7404	attack_styles	https://oldschool.runescape.wiki/w/Special:Redirect/revision/15283142	2026-08-06	OSRS Wiki Infobox Monster; fill-only sync
npc.choke_devil.7404	hitpoints	https://oldschool.runescape.wiki/w/Special:Redirect/revision/15283142	2026-08-06	OSRS Wiki Infobox Monster; fill-only sync
npc.choke_devil.7404	max_hit	https://oldschool.runescape.wiki/w/Special:Redirect/revision/15283142	2026-08-06	OSRS Wiki Infobox Monster; fill-only sync
npc.choke_devil.7404	slayer_requirement	https://oldschool.runescape.wiki/w/Special:Redirect/revision/15283142	2026-08-06	OSRS Wiki Infobox Monster; fill-only sync
npc.chompy_bird.1475	attack_speed	https://oldschool.runescape.wiki/w/Special:Redirect/revision/15236005	2026-08-06	OSRS Wiki Infobox Monster; fill-only sync
npc.chompy_bird.1475	max_hit	https://oldschool.runescape.wiki/w/Special:Redirect/revision/15236005	2026-08-06	OSRS Wiki Infobox Monster; fill-only sync
npc.chronozon.4987	aggression	https://oldschool.runescape.wiki/w/Special:Redirect/revision/15215842	2026-08-06	OSRS Wiki Infobox Monster; fill-only sync
npc.chronozon.4987	attack_speed	https://oldschool.runescape.wiki/w/Special:Redirect/revision/15215842	2026-08-06	OSRS Wiki Infobox Monster; fill-only sync
npc.chronozon.4987	attack_styles	https://oldschool.runescape.wiki/w/Special:Redirect/revision/15215842	2026-08-06	OSRS Wiki Infobox Monster; fill-only sync
npc.chronozon.4987	hitpoints	https://oldschool.runescape.wiki/w/Special:Redirect/revision/15215842	2026-08-06	OSRS Wiki Infobox Monster; fill-only sync
npc.chronozon.4987	max_hit	https://oldschool.runescape.wiki/w/Special:Redirect/revision/15215842	2026-08-06	OSRS Wiki Infobox Monster; fill-only sync
npc.chuck_up.15169	aggression	https://oldschool.runescape.wiki/w/Special:Redirect/revision/15200728	2026-08-06	OSRS Wiki Infobox Monster; fill-only sync
npc.chuck_up.15169	attack_speed	https://oldschool.runescape.wiki/w/Special:Redirect/revision/15200728	2026-08-06	OSRS Wiki Infobox Monster; fill-only sync
npc.chuck_up.15169	attack_styles	https://oldschool.runescape.wiki/w/Special:Redirect/revision/15200728	2026-08-06	OSRS Wiki Infobox Monster; fill-only sync
npc.chuck_up.15169	hitpoints	https://oldschool.runescape.wiki/w/Special:Redirect/revision/15200728	2026-08-06	OSRS Wiki Infobox Monster; fill-only sync
npc.chuck_up.15169	max_hit	https://oldschool.runescape.wiki/w/Special:Redirect/revision/15200728	2026-08-06	OSRS Wiki Infobox Monster; fill-only sync
npc.city_guard.4373	aggression	https://oldschool.runescape.wiki/w/Special:Redirect/revision/15199462	2026-08-06	OSRS Wiki Infobox Monster; fill-only sync
npc.city_guard.4373	attack_speed	https://oldschool.runescape.wiki/w/Special:Redirect/revision/15199462	2026-08-06	OSRS Wiki Infobox Monster; fill-only sync
npc.city_guard.4373	attack_styles	https://oldschool.runescape.wiki/w/Special:Redirect/revision/15199462	2026-08-06	OSRS Wiki Infobox Monster; fill-only sync
npc.city_guard.4373	hitpoints	https://oldschool.runescape.wiki/w/Special:Redirect/revision/15199462	2026-08-06	OSRS Wiki Infobox Monster; fill-only sync
npc.city_guard.4373	max_hit	https://oldschool.runescape.wiki/w/Special:Redirect/revision/15199462	2026-08-06	OSRS Wiki Infobox Monster; fill-only sync
npc.cockathrice.7393	aggression	https://oldschool.runescape.wiki/w/Special:Redirect/revision/15283004	2026-08-06	OSRS Wiki Infobox Monster; fill-only sync
npc.cockathrice.7393	attack_speed	https://oldschool.runescape.wiki/w/Special:Redirect/revision/15283004	2026-08-06	OSRS Wiki Infobox Monster; fill-only sync
npc.cockathrice.7393	attack_styles	https://oldschool.runescape.wiki/w/Special:Redirect/revision/15283004	2026-08-06	OSRS Wiki Infobox Monster; fill-only sync
npc.cockathrice.7393	hitpoints	https://oldschool.runescape.wiki/w/Special:Redirect/revision/15283004	2026-08-06	OSRS Wiki Infobox Monster; fill-only sync
npc.cockathrice.7393	max_hit	https://oldschool.runescape.wiki/w/Special:Redirect/revision/15283004	2026-08-06	OSRS Wiki Infobox Monster; fill-only sync
npc.cockathrice.7393	slayer_requirement	https://oldschool.runescape.wiki/w/Special:Redirect/revision/15283004	2026-08-06	OSRS Wiki Infobox Monster; fill-only sync
npc.cockatrice.419	attack_speed	https://oldschool.runescape.wiki/w/Special:Redirect/revision/15286118	2026-08-06	OSRS Wiki Infobox Monster; fill-only sync
npc.colonel_radick.4406	aggression	https://oldschool.runescape.wiki/w/Special:Redirect/revision/15241087	2026-08-06	OSRS Wiki Infobox Monster; fill-only sync
npc.colonel_radick.4406	attack_speed	https://oldschool.runescape.wiki/w/Special:Redirect/revision/15241087	2026-08-06	OSRS Wiki Infobox Monster; fill-only sync
npc.colonel_radick.4406	attack_styles	https://oldschool.runescape.wiki/w/Special:Redirect/revision/15241087	2026-08-06	OSRS Wiki Infobox Monster; fill-only sync
npc.colonel_radick.4406	hitpoints	https://oldschool.runescape.wiki/w/Special:Redirect/revision/15241087	2026-08-06	OSRS Wiki Infobox Monster; fill-only sync
npc.colonel_radick.4406	max_hit	https://oldschool.runescape.wiki/w/Special:Redirect/revision/15241087	2026-08-06	OSRS Wiki Infobox Monster; fill-only sync
npc.colossal_hydra.10402	aggression	https://oldschool.runescape.wiki/w/Special:Redirect/revision/15285803	2026-08-06	OSRS Wiki Infobox Monster; fill-only sync
npc.colossal_hydra.10402	attack_speed	https://oldschool.runescape.wiki/w/Special:Redirect/revision/15285803	2026-08-06	OSRS Wiki Infobox Monster; fill-only sync
npc.colossal_hydra.10402	attack_styles	https://oldschool.runescape.wiki/w/Special:Redirect/revision/15285803	2026-08-06	OSRS Wiki Infobox Monster; fill-only sync
npc.colossal_hydra.10402	hitpoints	https://oldschool.runescape.wiki/w/Special:Redirect/revision/15285803	2026-08-06	OSRS Wiki Infobox Monster; fill-only sync
npc.colossal_hydra.10402	max_hit	https://oldschool.runescape.wiki/w/Special:Redirect/revision/15285803	2026-08-06	OSRS Wiki Infobox Monster; fill-only sync
npc.colossal_hydra.10402	slayer_requirement	https://oldschool.runescape.wiki/w/Special:Redirect/revision/15285803	2026-08-06	OSRS Wiki Infobox Monster; fill-only sync
npc.commander_zilyana.2205	attack_speed	https://oldschool.runescape.wiki/w/Special:Redirect/revision/15247762	2026-08-06	OSRS Wiki Infobox Monster; fill-only sync
npc.confused_barbarian.2920	attack_speed	https://oldschool.runescape.wiki/w/Special:Redirect/revision/15199559	2026-08-06	OSRS Wiki Infobox Monster; fill-only sync
npc.confusion_beast.1067	attack_speed	https://oldschool.runescape.wiki/w/Special:Redirect/revision/15199269	2026-08-06	OSRS Wiki Infobox Monster; fill-only sync
npc.corporeal_beast.319	attack_speed	https://oldschool.runescape.wiki/w/Special:Redirect/revision/15281958	2026-08-06	OSRS Wiki Infobox Monster; fill-only sync
npc.corrupt_lizardman.7997	aggression	https://oldschool.runescape.wiki/w/Special:Redirect/revision/15200061	2026-08-06	OSRS Wiki Infobox Monster; fill-only sync
npc.corrupt_lizardman.7997	attack_speed	https://oldschool.runescape.wiki/w/Special:Redirect/revision/15200061	2026-08-06	OSRS Wiki Infobox Monster; fill-only sync
npc.corrupt_lizardman.7997	attack_styles	https://oldschool.runescape.wiki/w/Special:Redirect/revision/15200061	2026-08-06	OSRS Wiki Infobox Monster; fill-only sync
npc.corrupt_lizardman.7997	hazards	https://oldschool.runescape.wiki/w/Special:Redirect/revision/15200061	2026-08-06	OSRS Wiki Infobox Monster; fill-only sync
npc.corrupt_lizardman.7997	hitpoints	https://oldschool.runescape.wiki/w/Special:Redirect/revision/15200061	2026-08-06	OSRS Wiki Infobox Monster; fill-only sync
npc.corrupt_lizardman.7997	max_hit	https://oldschool.runescape.wiki/w/Special:Redirect/revision/15200061	2026-08-06	OSRS Wiki Infobox Monster; fill-only sync
npc.corrupted_bat.9042	aggression	https://oldschool.runescape.wiki/w/Special:Redirect/revision/15273375	2026-08-06	OSRS Wiki Infobox Monster; fill-only sync
npc.corrupted_bat.9042	attack_speed	https://oldschool.runescape.wiki/w/Special:Redirect/revision/15273375	2026-08-06	OSRS Wiki Infobox Monster; fill-only sync
npc.corrupted_bat.9042	attack_styles	https://oldschool.runescape.wiki/w/Special:Redirect/revision/15273375	2026-08-06	OSRS Wiki Infobox Monster; fill-only sync
npc.corrupted_bat.9042	hitpoints	https://oldschool.runescape.wiki/w/Special:Redirect/revision/15273375	2026-08-06	OSRS Wiki Infobox Monster; fill-only sync
npc.corrupted_bat.9042	max_hit	https://oldschool.runescape.wiki/w/Special:Redirect/revision/15273375	2026-08-06	OSRS Wiki Infobox Monster; fill-only sync
npc.corrupted_bear.9046	aggression	https://oldschool.runescape.wiki/w/Special:Redirect/revision/15272634	2026-08-06	OSRS Wiki Infobox Monster; fill-only sync
npc.corrupted_bear.9046	attack_speed	https://oldschool.runescape.wiki/w/Special:Redirect/revision/15272634	2026-08-06	OSRS Wiki Infobox Monster; fill-only sync
npc.corrupted_bear.9046	attack_styles	https://oldschool.runescape.wiki/w/Special:Redirect/revision/15272634	2026-08-06	OSRS Wiki Infobox Monster; fill-only sync
npc.corrupted_bear.9046	hitpoints	https://oldschool.runescape.wiki/w/Special:Redirect/revision/15272634	2026-08-06	OSRS Wiki Infobox Monster; fill-only sync
npc.corrupted_bear.9046	max_hit	https://oldschool.runescape.wiki/w/Special:Redirect/revision/15272634	2026-08-06	OSRS Wiki Infobox Monster; fill-only sync
npc.corrupted_dark_beast.9048	aggression	https://oldschool.runescape.wiki/w/Special:Redirect/revision/15272639	2026-08-06	OSRS Wiki Infobox Monster; fill-only sync
npc.corrupted_dark_beast.9048	attack_speed	https://oldschool.runescape.wiki/w/Special:Redirect/revision/15272639	2026-08-06	OSRS Wiki Infobox Monster; fill-only sync
npc.corrupted_dark_beast.9048	attack_styles	https://oldschool.runescape.wiki/w/Special:Redirect/revision/15272639	2026-08-06	OSRS Wiki Infobox Monster; fill-only sync
npc.corrupted_dark_beast.9048	hitpoints	https://oldschool.runescape.wiki/w/Special:Redirect/revision/15272639	2026-08-06	OSRS Wiki Infobox Monster; fill-only sync
npc.corrupted_dark_beast.9048	max_hit	https://oldschool.runescape.wiki/w/Special:Redirect/revision/15272639	2026-08-06	OSRS Wiki Infobox Monster; fill-only sync
npc.corrupted_dragon.9047	aggression	https://oldschool.runescape.wiki/w/Special:Redirect/revision/15272635	2026-08-06	OSRS Wiki Infobox Monster; fill-only sync
npc.corrupted_dragon.9047	attack_speed	https://oldschool.runescape.wiki/w/Special:Redirect/revision/15272635	2026-08-06	OSRS Wiki Infobox Monster; fill-only sync
npc.corrupted_dragon.9047	attack_styles	https://oldschool.runescape.wiki/w/Special:Redirect/revision/15272635	2026-08-06	OSRS Wiki Infobox Monster; fill-only sync
npc.corrupted_dragon.9047	hitpoints	https://oldschool.runescape.wiki/w/Special:Redirect/revision/15272635	2026-08-06	OSRS Wiki Infobox Monster; fill-only sync
npc.corrupted_dragon.9047	max_hit	https://oldschool.runescape.wiki/w/Special:Redirect/revision/15272635	2026-08-06	OSRS Wiki Infobox Monster; fill-only sync
npc.corrupted_hunllef.9035	aggression	https://oldschool.runescape.wiki/w/Special:Redirect/revision/15274243	2026-08-06	OSRS Wiki Infobox Monster; fill-only sync
npc.corrupted_hunllef.9035	attack_speed	https://oldschool.runescape.wiki/w/Special:Redirect/revision/15274243	2026-08-06	OSRS Wiki Infobox Monster; fill-only sync
npc.corrupted_hunllef.9035	attack_styles	https://oldschool.runescape.wiki/w/Special:Redirect/revision/15274243	2026-08-06	OSRS Wiki Infobox Monster; fill-only sync
npc.corrupted_hunllef.9035	hitpoints	https://oldschool.runescape.wiki/w/Special:Redirect/revision/15274243	2026-08-06	OSRS Wiki Infobox Monster; fill-only sync
npc.corrupted_hunllef.9035	max_hit	https://oldschool.runescape.wiki/w/Special:Redirect/revision/15274243	2026-08-06	OSRS Wiki Infobox Monster; fill-only sync
npc.corrupted_rat.9040	aggression	https://oldschool.runescape.wiki/w/Special:Redirect/revision/15273372	2026-08-06	OSRS Wiki Infobox Monster; fill-only sync
npc.corrupted_rat.9040	attack_speed	https://oldschool.runescape.wiki/w/Special:Redirect/revision/15273372	2026-08-06	OSRS Wiki Infobox Monster; fill-only sync
npc.corrupted_rat.9040	attack_styles	https://oldschool.runescape.wiki/w/Special:Redirect/revision/15273372	2026-08-06	OSRS Wiki Infobox Monster; fill-only sync
npc.corrupted_rat.9040	hitpoints	https://oldschool.runescape.wiki/w/Special:Redirect/revision/15273372	2026-08-06	OSRS Wiki Infobox Monster; fill-only sync
npc.corrupted_rat.9040	max_hit	https://oldschool.runescape.wiki/w/Special:Redirect/revision/15273372	2026-08-06	OSRS Wiki Infobox Monster; fill-only sync
npc.corrupted_scorpion.9044	aggression	https://oldschool.runescape.wiki/w/Special:Redirect/revision/15272627	2026-08-06	OSRS Wiki Infobox Monster; fill-only sync
npc.corrupted_scorpion.9044	attack_speed	https://oldschool.runescape.wiki/w/Special:Redirect/revision/15272627	2026-08-06	OSRS Wiki Infobox Monster; fill-only sync
npc.corrupted_scorpion.9044	attack_styles	https://oldschool.runescape.wiki/w/Special:Redirect/revision/15272627	2026-08-06	OSRS Wiki Infobox Monster; fill-only sync
npc.corrupted_scorpion.9044	hitpoints	https://oldschool.runescape.wiki/w/Special:Redirect/revision/15272627	2026-08-06	OSRS Wiki Infobox Monster; fill-only sync
npc.corrupted_scorpion.9044	max_hit	https://oldschool.runescape.wiki/w/Special:Redirect/revision/15272627	2026-08-06	OSRS Wiki Infobox Monster; fill-only sync
npc.corrupted_spider.9041	aggression	https://oldschool.runescape.wiki/w/Special:Redirect/revision/15273374	2026-08-06	OSRS Wiki Infobox Monster; fill-only sync
npc.corrupted_spider.9041	attack_speed	https://oldschool.runescape.wiki/w/Special:Redirect/revision/15273374	2026-08-06	OSRS Wiki Infobox Monster; fill-only sync
npc.corrupted_spider.9041	attack_styles	https://oldschool.runescape.wiki/w/Special:Redirect/revision/15273374	2026-08-06	OSRS Wiki Infobox Monster; fill-only sync
npc.corrupted_spider.9041	hitpoints	https://oldschool.runescape.wiki/w/Special:Redirect/revision/15273374	2026-08-06	OSRS Wiki Infobox Monster; fill-only sync
npc.corrupted_spider.9041	max_hit	https://oldschool.runescape.wiki/w/Special:Redirect/revision/15273374	2026-08-06	OSRS Wiki Infobox Monster; fill-only sync
npc.corrupted_unicorn.9043	aggression	https://oldschool.runescape.wiki/w/Special:Redirect/revision/15272625	2026-08-06	OSRS Wiki Infobox Monster; fill-only sync
npc.corrupted_unicorn.9043	attack_speed	https://oldschool.runescape.wiki/w/Special:Redirect/revision/15272625	2026-08-06	OSRS Wiki Infobox Monster; fill-only sync
npc.corrupted_unicorn.9043	attack_styles	https://oldschool.runescape.wiki/w/Special:Redirect/revision/15272625	2026-08-06	OSRS Wiki Infobox Monster; fill-only sync
npc.corrupted_unicorn.9043	hitpoints	https://oldschool.runescape.wiki/w/Special:Redirect/revision/15272625	2026-08-06	OSRS Wiki Infobox Monster; fill-only sync
npc.corrupted_unicorn.9043	max_hit	https://oldschool.runescape.wiki/w/Special:Redirect/revision/15272625	2026-08-06	OSRS Wiki Infobox Monster; fill-only sync
npc.corrupted_wolf.9045	aggression	https://oldschool.runescape.wiki/w/Special:Redirect/revision/15272630	2026-08-06	OSRS Wiki Infobox Monster; fill-only sync
npc.corrupted_wolf.9045	attack_speed	https://oldschool.runescape.wiki/w/Special:Redirect/revision/15272630	2026-08-06	OSRS Wiki Infobox Monster; fill-only sync
npc.corrupted_wolf.9045	attack_styles	https://oldschool.runescape.wiki/w/Special:Redirect/revision/15272630	2026-08-06	OSRS Wiki Infobox Monster; fill-only sync
npc.corrupted_wolf.9045	hitpoints	https://oldschool.runescape.wiki/w/Special:Redirect/revision/15272630	2026-08-06	OSRS Wiki Infobox Monster; fill-only sync
npc.corrupted_wolf.9045	max_hit	https://oldschool.runescape.wiki/w/Special:Redirect/revision/15272630	2026-08-06	OSRS Wiki Infobox Monster; fill-only sync
npc.corsair_traitor.7949	aggression	https://oldschool.runescape.wiki/w/Special:Redirect/revision/15200045	2026-08-06	OSRS Wiki Infobox Monster; fill-only sync
npc.corsair_traitor.7949	attack_speed	https://oldschool.runescape.wiki/w/Special:Redirect/revision/15200045	2026-08-06	OSRS Wiki Infobox Monster; fill-only sync
npc.corsair_traitor.7949	attack_styles	https://oldschool.runescape.wiki/w/Special:Redirect/revision/15200045	2026-08-06	OSRS Wiki Infobox Monster; fill-only sync
npc.corsair_traitor.7949	hitpoints	https://oldschool.runescape.wiki/w/Special:Redirect/revision/15200045	2026-08-06	OSRS Wiki Infobox Monster; fill-only sync
npc.corsair_traitor.7949	max_hit	https://oldschool.runescape.wiki/w/Special:Redirect/revision/15200045	2026-08-06	OSRS Wiki Infobox Monster; fill-only sync
npc.count_draynor.3481	aggression	https://oldschool.runescape.wiki/w/Special:Redirect/revision/15286206	2026-08-06	OSRS Wiki Infobox Monster; fill-only sync
npc.count_draynor.3481	attack_speed	https://oldschool.runescape.wiki/w/Special:Redirect/revision/15286206	2026-08-06	OSRS Wiki Infobox Monster; fill-only sync
npc.count_draynor.3481	attack_styles	https://oldschool.runescape.wiki/w/Special:Redirect/revision/15286206	2026-08-06	OSRS Wiki Infobox Monster; fill-only sync
npc.count_draynor.3481	hitpoints	https://oldschool.runescape.wiki/w/Special:Redirect/revision/15286206	2026-08-06	OSRS Wiki Infobox Monster; fill-only sync
npc.count_draynor.3481	max_hit	https://oldschool.runescape.wiki/w/Special:Redirect/revision/15286206	2026-08-06	OSRS Wiki Infobox Monster; fill-only sync
npc.cow	aggression	https://oldschool.runescape.wiki/w/Special:Redirect/revision/15254984	2026-08-06	OSRS Wiki Infobox Monster; fill-only sync
npc.cow	attack_speed	https://oldschool.runescape.wiki/w/Special:Redirect/revision/15254984	2026-08-06	OSRS Wiki Infobox Monster; fill-only sync
npc.cow	attack_styles	https://oldschool.runescape.wiki/w/Special:Redirect/revision/15254984	2026-08-06	OSRS Wiki Infobox Monster; fill-only sync
npc.cow	hitpoints	https://oldschool.runescape.wiki/w/Special:Redirect/revision/15254984	2026-08-06	OSRS Wiki Infobox Monster; fill-only sync
npc.cow	max_hit	https://oldschool.runescape.wiki/w/Special:Redirect/revision/15254984	2026-08-06	OSRS Wiki Infobox Monster; fill-only sync
npc.cow_calf.2792	attack_speed	https://oldschool.runescape.wiki/w/Special:Redirect/revision/15199604	2026-08-06	OSRS Wiki Infobox Monster; fill-only sync
npc.crab.4819	aggression	https://oldschool.runescape.wiki/w/Special:Redirect/revision/15199497	2026-08-06	OSRS Wiki Infobox Monster; fill-only sync
npc.crab.4819	attack_speed	https://oldschool.runescape.wiki/w/Special:Redirect/revision/15199497	2026-08-06	OSRS Wiki Infobox Monster; fill-only sync
npc.crab.4819	attack_styles	https://oldschool.runescape.wiki/w/Special:Redirect/revision/15199497	2026-08-06	OSRS Wiki Infobox Monster; fill-only sync
npc.crab.4819	hitpoints	https://oldschool.runescape.wiki/w/Special:Redirect/revision/15199497	2026-08-06	OSRS Wiki Infobox Monster; fill-only sync
npc.crab.4819	max_hit	https://oldschool.runescape.wiki/w/Special:Redirect/revision/15199497	2026-08-06	OSRS Wiki Infobox Monster; fill-only sync
npc.crawling_hand.448	attack_speed	https://oldschool.runescape.wiki/w/Special:Redirect/revision/15283389	2026-08-06	OSRS Wiki Infobox Monster; fill-only sync
npc.crazy_archaeologist.6618	aggression	https://oldschool.runescape.wiki/w/Special:Redirect/revision/15267737	2026-08-06	OSRS Wiki Infobox Monster; fill-only sync
npc.crazy_archaeologist.6618	attack_speed	https://oldschool.runescape.wiki/w/Special:Redirect/revision/15267737	2026-08-06	OSRS Wiki Infobox Monster; fill-only sync
npc.crazy_archaeologist.6618	attack_styles	https://oldschool.runescape.wiki/w/Special:Redirect/revision/15267737	2026-08-06	OSRS Wiki Infobox Monster; fill-only sync
npc.crazy_archaeologist.6618	hitpoints	https://oldschool.runescape.wiki/w/Special:Redirect/revision/15267737	2026-08-06	OSRS Wiki Infobox Monster; fill-only sync
npc.crazy_archaeologist.6618	max_hit	https://oldschool.runescape.wiki/w/Special:Redirect/revision/15267737	2026-08-06	OSRS Wiki Infobox Monster; fill-only sync
npc.crimson_sanguisphera.12369	aggression	https://oldschool.runescape.wiki/w/Special:Redirect/revision/15200379	2026-08-06	OSRS Wiki Infobox Monster; fill-only sync
npc.crimson_sanguisphera.12369	attack_speed	https://oldschool.runescape.wiki/w/Special:Redirect/revision/15200379	2026-08-06	OSRS Wiki Infobox Monster; fill-only sync
npc.crimson_sanguisphera.12369	attack_styles	https://oldschool.runescape.wiki/w/Special:Redirect/revision/15200379	2026-08-06	OSRS Wiki Infobox Monster; fill-only sync
npc.crimson_sanguisphera.12369	hitpoints	https://oldschool.runescape.wiki/w/Special:Redirect/revision/15200379	2026-08-06	OSRS Wiki Infobox Monster; fill-only sync
npc.crimson_sanguisphera.12369	max_hit	https://oldschool.runescape.wiki/w/Special:Redirect/revision/15200379	2026-08-06	OSRS Wiki Infobox Monster; fill-only sync
npc.crocodile.4184	aggression	https://oldschool.runescape.wiki/w/Special:Redirect/revision/15217126	2026-08-06	OSRS Wiki Infobox Monster; fill-only sync
npc.crocodile.4184	attack_speed	https://oldschool.runescape.wiki/w/Special:Redirect/revision/15217126	2026-08-06	OSRS Wiki Infobox Monster; fill-only sync
npc.crocodile.4184	attack_styles	https://oldschool.runescape.wiki/w/Special:Redirect/revision/15217126	2026-08-06	OSRS Wiki Infobox Monster; fill-only sync
npc.crocodile.4184	hitpoints	https://oldschool.runescape.wiki/w/Special:Redirect/revision/15217126	2026-08-06	OSRS Wiki Infobox Monster; fill-only sync
npc.crocodile.4184	max_hit	https://oldschool.runescape.wiki/w/Special:Redirect/revision/15217126	2026-08-06	OSRS Wiki Infobox Monster; fill-only sync
npc.cruor.11285	aggression	https://oldschool.runescape.wiki/w/Special:Redirect/revision/15221130	2026-08-06	OSRS Wiki Infobox Monster; fill-only sync
npc.cruor.11285	attack_speed	https://oldschool.runescape.wiki/w/Special:Redirect/revision/15221130	2026-08-06	OSRS Wiki Infobox Monster; fill-only sync
npc.cruor.11285	attack_styles	https://oldschool.runescape.wiki/w/Special:Redirect/revision/15221130	2026-08-06	OSRS Wiki Infobox Monster; fill-only sync
npc.cruor.11285	hitpoints	https://oldschool.runescape.wiki/w/Special:Redirect/revision/15221130	2026-08-06	OSRS Wiki Infobox Monster; fill-only sync
npc.cruor.11285	max_hit	https://oldschool.runescape.wiki/w/Special:Redirect/revision/15221130	2026-08-06	OSRS Wiki Infobox Monster; fill-only sync
npc.crushing_hand.7388	aggression	https://oldschool.runescape.wiki/w/Special:Redirect/revision/15283120	2026-08-06	OSRS Wiki Infobox Monster; fill-only sync
npc.crushing_hand.7388	attack_speed	https://oldschool.runescape.wiki/w/Special:Redirect/revision/15283120	2026-08-06	OSRS Wiki Infobox Monster; fill-only sync
npc.crushing_hand.7388	attack_styles	https://oldschool.runescape.wiki/w/Special:Redirect/revision/15283120	2026-08-06	OSRS Wiki Infobox Monster; fill-only sync
npc.crushing_hand.7388	hitpoints	https://oldschool.runescape.wiki/w/Special:Redirect/revision/15283120	2026-08-06	OSRS Wiki Infobox Monster; fill-only sync
npc.crushing_hand.7388	max_hit	https://oldschool.runescape.wiki/w/Special:Redirect/revision/15283120	2026-08-06	OSRS Wiki Infobox Monster; fill-only sync
npc.crushing_hand.7388	slayer_requirement	https://oldschool.runescape.wiki/w/Special:Redirect/revision/15283120	2026-08-06	OSRS Wiki Infobox Monster; fill-only sync
npc.crypt_rat.1679	attack_speed	https://oldschool.runescape.wiki/w/Special:Redirect/revision/15199839	2026-08-06	OSRS Wiki Infobox Monster; fill-only sync
npc.crypt_spider.1683	attack_speed	https://oldschool.runescape.wiki/w/Special:Redirect/revision/15199757	2026-08-06	OSRS Wiki Infobox Monster; fill-only sync
npc.crystalline_bat.9028	aggression	https://oldschool.runescape.wiki/w/Special:Redirect/revision/15273366	2026-08-06	OSRS Wiki Infobox Monster; fill-only sync
npc.crystalline_bat.9028	attack_speed	https://oldschool.runescape.wiki/w/Special:Redirect/revision/15273366	2026-08-06	OSRS Wiki Infobox Monster; fill-only sync
npc.crystalline_bat.9028	attack_styles	https://oldschool.runescape.wiki/w/Special:Redirect/revision/15273366	2026-08-06	OSRS Wiki Infobox Monster; fill-only sync
npc.crystalline_bat.9028	hitpoints	https://oldschool.runescape.wiki/w/Special:Redirect/revision/15273366	2026-08-06	OSRS Wiki Infobox Monster; fill-only sync
npc.crystalline_bat.9028	max_hit	https://oldschool.runescape.wiki/w/Special:Redirect/revision/15273366	2026-08-06	OSRS Wiki Infobox Monster; fill-only sync
npc.crystalline_bear.9032	aggression	https://oldschool.runescape.wiki/w/Special:Redirect/revision/15272617	2026-08-06	OSRS Wiki Infobox Monster; fill-only sync
npc.crystalline_bear.9032	attack_speed	https://oldschool.runescape.wiki/w/Special:Redirect/revision/15272617	2026-08-06	OSRS Wiki Infobox Monster; fill-only sync
npc.crystalline_bear.9032	attack_styles	https://oldschool.runescape.wiki/w/Special:Redirect/revision/15272617	2026-08-06	OSRS Wiki Infobox Monster; fill-only sync
npc.crystalline_bear.9032	hitpoints	https://oldschool.runescape.wiki/w/Special:Redirect/revision/15272617	2026-08-06	OSRS Wiki Infobox Monster; fill-only sync
npc.crystalline_bear.9032	max_hit	https://oldschool.runescape.wiki/w/Special:Redirect/revision/15272617	2026-08-06	OSRS Wiki Infobox Monster; fill-only sync
npc.crystalline_dark_beast.9034	aggression	https://oldschool.runescape.wiki/w/Special:Redirect/revision/15272620	2026-08-06	OSRS Wiki Infobox Monster; fill-only sync
npc.crystalline_dark_beast.9034	attack_speed	https://oldschool.runescape.wiki/w/Special:Redirect/revision/15272620	2026-08-06	OSRS Wiki Infobox Monster; fill-only sync
npc.crystalline_dark_beast.9034	attack_styles	https://oldschool.runescape.wiki/w/Special:Redirect/revision/15272620	2026-08-06	OSRS Wiki Infobox Monster; fill-only sync
npc.crystalline_dark_beast.9034	hitpoints	https://oldschool.runescape.wiki/w/Special:Redirect/revision/15272620	2026-08-06	OSRS Wiki Infobox Monster; fill-only sync
npc.crystalline_dark_beast.9034	max_hit	https://oldschool.runescape.wiki/w/Special:Redirect/revision/15272620	2026-08-06	OSRS Wiki Infobox Monster; fill-only sync
npc.crystalline_dragon.9033	aggression	https://oldschool.runescape.wiki/w/Special:Redirect/revision/15272619	2026-08-06	OSRS Wiki Infobox Monster; fill-only sync
npc.crystalline_dragon.9033	attack_speed	https://oldschool.runescape.wiki/w/Special:Redirect/revision/15272619	2026-08-06	OSRS Wiki Infobox Monster; fill-only sync
npc.crystalline_dragon.9033	attack_styles	https://oldschool.runescape.wiki/w/Special:Redirect/revision/15272619	2026-08-06	OSRS Wiki Infobox Monster; fill-only sync
npc.crystalline_dragon.9033	hitpoints	https://oldschool.runescape.wiki/w/Special:Redirect/revision/15272619	2026-08-06	OSRS Wiki Infobox Monster; fill-only sync
npc.crystalline_dragon.9033	max_hit	https://oldschool.runescape.wiki/w/Special:Redirect/revision/15272619	2026-08-06	OSRS Wiki Infobox Monster; fill-only sync
npc.crystalline_hunllef.9021	aggression	https://oldschool.runescape.wiki/w/Special:Redirect/revision/15273480	2026-08-06	OSRS Wiki Infobox Monster; fill-only sync
npc.crystalline_hunllef.9021	attack_speed	https://oldschool.runescape.wiki/w/Special:Redirect/revision/15273480	2026-08-06	OSRS Wiki Infobox Monster; fill-only sync
npc.crystalline_hunllef.9021	attack_styles	https://oldschool.runescape.wiki/w/Special:Redirect/revision/15273480	2026-08-06	OSRS Wiki Infobox Monster; fill-only sync
npc.crystalline_hunllef.9021	hitpoints	https://oldschool.runescape.wiki/w/Special:Redirect/revision/15273480	2026-08-06	OSRS Wiki Infobox Monster; fill-only sync
npc.crystalline_hunllef.9021	max_hit	https://oldschool.runescape.wiki/w/Special:Redirect/revision/15273480	2026-08-06	OSRS Wiki Infobox Monster; fill-only sync
npc.crystalline_rat.9026	aggression	https://oldschool.runescape.wiki/w/Special:Redirect/revision/15273369	2026-08-06	OSRS Wiki Infobox Monster; fill-only sync
npc.crystalline_rat.9026	attack_speed	https://oldschool.runescape.wiki/w/Special:Redirect/revision/15273369	2026-08-06	OSRS Wiki Infobox Monster; fill-only sync
npc.crystalline_rat.9026	attack_styles	https://oldschool.runescape.wiki/w/Special:Redirect/revision/15273369	2026-08-06	OSRS Wiki Infobox Monster; fill-only sync
npc.crystalline_rat.9026	hitpoints	https://oldschool.runescape.wiki/w/Special:Redirect/revision/15273369	2026-08-06	OSRS Wiki Infobox Monster; fill-only sync
npc.crystalline_rat.9026	max_hit	https://oldschool.runescape.wiki/w/Special:Redirect/revision/15273369	2026-08-06	OSRS Wiki Infobox Monster; fill-only sync
npc.crystalline_scorpion.9030	aggression	https://oldschool.runescape.wiki/w/Special:Redirect/revision/15272613	2026-08-06	OSRS Wiki Infobox Monster; fill-only sync
npc.crystalline_scorpion.9030	attack_speed	https://oldschool.runescape.wiki/w/Special:Redirect/revision/15272613	2026-08-06	OSRS Wiki Infobox Monster; fill-only sync
npc.crystalline_scorpion.9030	attack_styles	https://oldschool.runescape.wiki/w/Special:Redirect/revision/15272613	2026-08-06	OSRS Wiki Infobox Monster; fill-only sync
npc.crystalline_scorpion.9030	hitpoints	https://oldschool.runescape.wiki/w/Special:Redirect/revision/15272613	2026-08-06	OSRS Wiki Infobox Monster; fill-only sync
npc.crystalline_scorpion.9030	max_hit	https://oldschool.runescape.wiki/w/Special:Redirect/revision/15272613	2026-08-06	OSRS Wiki Infobox Monster; fill-only sync
npc.crystalline_spider.9027	aggression	https://oldschool.runescape.wiki/w/Special:Redirect/revision/15273368	2026-08-06	OSRS Wiki Infobox Monster; fill-only sync
npc.crystalline_spider.9027	attack_speed	https://oldschool.runescape.wiki/w/Special:Redirect/revision/15273368	2026-08-06	OSRS Wiki Infobox Monster; fill-only sync
npc.crystalline_spider.9027	attack_styles	https://oldschool.runescape.wiki/w/Special:Redirect/revision/15273368	2026-08-06	OSRS Wiki Infobox Monster; fill-only sync
npc.crystalline_spider.9027	hitpoints	https://oldschool.runescape.wiki/w/Special:Redirect/revision/15273368	2026-08-06	OSRS Wiki Infobox Monster; fill-only sync
npc.crystalline_spider.9027	max_hit	https://oldschool.runescape.wiki/w/Special:Redirect/revision/15273368	2026-08-06	OSRS Wiki Infobox Monster; fill-only sync
npc.crystalline_unicorn.9029	aggression	https://oldschool.runescape.wiki/w/Special:Redirect/revision/15272612	2026-08-06	OSRS Wiki Infobox Monster; fill-only sync
npc.crystalline_unicorn.9029	attack_speed	https://oldschool.runescape.wiki/w/Special:Redirect/revision/15272612	2026-08-06	OSRS Wiki Infobox Monster; fill-only sync
npc.crystalline_unicorn.9029	attack_styles	https://oldschool.runescape.wiki/w/Special:Redirect/revision/15272612	2026-08-06	OSRS Wiki Infobox Monster; fill-only sync
npc.crystalline_unicorn.9029	hitpoints	https://oldschool.runescape.wiki/w/Special:Redirect/revision/15272612	2026-08-06	OSRS Wiki Infobox Monster; fill-only sync
npc.crystalline_unicorn.9029	max_hit	https://oldschool.runescape.wiki/w/Special:Redirect/revision/15272612	2026-08-06	OSRS Wiki Infobox Monster; fill-only sync
npc.crystalline_wolf.9031	aggression	https://oldschool.runescape.wiki/w/Special:Redirect/revision/15272615	2026-08-06	OSRS Wiki Infobox Monster; fill-only sync
npc.crystalline_wolf.9031	attack_speed	https://oldschool.runescape.wiki/w/Special:Redirect/revision/15272615	2026-08-06	OSRS Wiki Infobox Monster; fill-only sync
npc.crystalline_wolf.9031	attack_styles	https://oldschool.runescape.wiki/w/Special:Redirect/revision/15272615	2026-08-06	OSRS Wiki Infobox Monster; fill-only sync
npc.crystalline_wolf.9031	hitpoints	https://oldschool.runescape.wiki/w/Special:Redirect/revision/15272615	2026-08-06	OSRS Wiki Infobox Monster; fill-only sync
npc.crystalline_wolf.9031	max_hit	https://oldschool.runescape.wiki/w/Special:Redirect/revision/15272615	2026-08-06	OSRS Wiki Infobox Monster; fill-only sync
npc.cuffs.3279	aggression	https://oldschool.runescape.wiki/w/Special:Redirect/revision/15199865	2026-08-06	OSRS Wiki Infobox Monster; fill-only sync
npc.cuffs.3279	attack_speed	https://oldschool.runescape.wiki/w/Special:Redirect/revision/15199865	2026-08-06	OSRS Wiki Infobox Monster; fill-only sync
npc.cuffs.3279	attack_styles	https://oldschool.runescape.wiki/w/Special:Redirect/revision/15199865	2026-08-06	OSRS Wiki Infobox Monster; fill-only sync
npc.cuffs.3279	hitpoints	https://oldschool.runescape.wiki/w/Special:Redirect/revision/15199865	2026-08-06	OSRS Wiki Infobox Monster; fill-only sync
npc.cuffs.3279	max_hit	https://oldschool.runescape.wiki/w/Special:Redirect/revision/15199865	2026-08-06	OSRS Wiki Infobox Monster; fill-only sync
npc.culinaromancer.4878	aggression	https://oldschool.runescape.wiki/w/Special:Redirect/revision/15199314	2026-08-06	OSRS Wiki Infobox Monster; fill-only sync
npc.culinaromancer.4878	attack_speed	https://oldschool.runescape.wiki/w/Special:Redirect/revision/15199314	2026-08-06	OSRS Wiki Infobox Monster; fill-only sync
npc.culinaromancer.4878	attack_styles	https://oldschool.runescape.wiki/w/Special:Redirect/revision/15199314	2026-08-06	OSRS Wiki Infobox Monster; fill-only sync
npc.culinaromancer.4878	hitpoints	https://oldschool.runescape.wiki/w/Special:Redirect/revision/15199314	2026-08-06	OSRS Wiki Infobox Monster; fill-only sync
npc.culinaromancer.4878	max_hit	https://oldschool.runescape.wiki/w/Special:Redirect/revision/15199314	2026-08-06	OSRS Wiki Infobox Monster; fill-only sync
npc.cultist.12918	aggression	https://oldschool.runescape.wiki/w/Special:Redirect/revision/15200496	2026-08-06	OSRS Wiki Infobox Monster; fill-only sync
npc.cultist.12918	attack_speed	https://oldschool.runescape.wiki/w/Special:Redirect/revision/15200496	2026-08-06	OSRS Wiki Infobox Monster; fill-only sync
npc.cultist.12918	attack_styles	https://oldschool.runescape.wiki/w/Special:Redirect/revision/15200496	2026-08-06	OSRS Wiki Infobox Monster; fill-only sync
npc.cultist.12918	hitpoints	https://oldschool.runescape.wiki/w/Special:Redirect/revision/15200496	2026-08-06	OSRS Wiki Infobox Monster; fill-only sync
npc.cultist.12918	max_hit	https://oldschool.runescape.wiki/w/Special:Redirect/revision/15200496	2026-08-06	OSRS Wiki Infobox Monster; fill-only sync
npc.cursed_baboon.11717	aggression	https://oldschool.runescape.wiki/w/Special:Redirect/revision/15200311	2026-08-06	OSRS Wiki Infobox Monster; fill-only sync
npc.cursed_baboon.11717	attack_speed	https://oldschool.runescape.wiki/w/Special:Redirect/revision/15200311	2026-08-06	OSRS Wiki Infobox Monster; fill-only sync
npc.cursed_baboon.11717	hitpoints	https://oldschool.runescape.wiki/w/Special:Redirect/revision/15200311	2026-08-06	OSRS Wiki Infobox Monster; fill-only sync
npc.cursed_baboon.11717	max_hit	https://oldschool.runescape.wiki/w/Special:Redirect/revision/15200311	2026-08-06	OSRS Wiki Infobox Monster; fill-only sync
npc.cuthbert_lord_of_dread.12957	aggression	https://oldschool.runescape.wiki/w/Special:Redirect/revision/15207602	2026-08-06	OSRS Wiki Infobox Monster; fill-only sync
npc.cuthbert_lord_of_dread.12957	attack_speed	https://oldschool.runescape.wiki/w/Special:Redirect/revision/15207602	2026-08-06	OSRS Wiki Infobox Monster; fill-only sync
npc.cuthbert_lord_of_dread.12957	attack_styles	https://oldschool.runescape.wiki/w/Special:Redirect/revision/15207602	2026-08-06	OSRS Wiki Infobox Monster; fill-only sync
npc.cuthbert_lord_of_dread.12957	hitpoints	https://oldschool.runescape.wiki/w/Special:Redirect/revision/15207602	2026-08-06	OSRS Wiki Infobox Monster; fill-only sync
npc.cuthbert_lord_of_dread.12957	max_hit	https://oldschool.runescape.wiki/w/Special:Redirect/revision/15207602	2026-08-06	OSRS Wiki Infobox Monster; fill-only sync
npc.cyclops.2097	attack_speed	https://oldschool.runescape.wiki/w/Special:Redirect/revision/15286033	2026-08-06	OSRS Wiki Infobox Monster; fill-only sync
npc.dad.4130	aggression	https://oldschool.runescape.wiki/w/Special:Redirect/revision/15199512	2026-08-06	OSRS Wiki Infobox Monster; fill-only sync
npc.dad.4130	attack_speed	https://oldschool.runescape.wiki/w/Special:Redirect/revision/15199512	2026-08-06	OSRS Wiki Infobox Monster; fill-only sync
npc.dad.4130	attack_styles	https://oldschool.runescape.wiki/w/Special:Redirect/revision/15199512	2026-08-06	OSRS Wiki Infobox Monster; fill-only sync
npc.dad.4130	hitpoints	https://oldschool.runescape.wiki/w/Special:Redirect/revision/15199512	2026-08-06	OSRS Wiki Infobox Monster; fill-only sync
npc.dad.4130	max_hit	https://oldschool.runescape.wiki/w/Special:Redirect/revision/15199512	2026-08-06	OSRS Wiki Infobox Monster; fill-only sync
npc.daddy_s_special_water.15167	aggression	https://oldschool.runescape.wiki/w/Special:Redirect/revision/15200729	2026-08-06	OSRS Wiki Infobox Monster; fill-only sync
npc.daddy_s_special_water.15167	attack_speed	https://oldschool.runescape.wiki/w/Special:Redirect/revision/15200729	2026-08-06	OSRS Wiki Infobox Monster; fill-only sync
npc.daddy_s_special_water.15167	attack_styles	https://oldschool.runescape.wiki/w/Special:Redirect/revision/15200729	2026-08-06	OSRS Wiki Infobox Monster; fill-only sync
npc.daddy_s_special_water.15167	hitpoints	https://oldschool.runescape.wiki/w/Special:Redirect/revision/15200729	2026-08-06	OSRS Wiki Infobox Monster; fill-only sync
npc.daddy_s_special_water.15167	max_hit	https://oldschool.runescape.wiki/w/Special:Redirect/revision/15200729	2026-08-06	OSRS Wiki Infobox Monster; fill-only sync
npc.dagannoth.140	attack_speed	https://oldschool.runescape.wiki/w/Special:Redirect/revision/15276900	2026-08-06	OSRS Wiki Infobox Monster; fill-only sync
npc.dagannoth_fledgeling.2264	attack_speed	https://oldschool.runescape.wiki/w/Special:Redirect/revision/15215849	2026-08-06	OSRS Wiki Infobox Monster; fill-only sync
npc.dagannoth_mother.983	attack_speed	https://oldschool.runescape.wiki/w/Special:Redirect/revision/15199457	2026-08-06	OSRS Wiki Infobox Monster; fill-only sync
npc.dagannoth_prime.2266	attack_speed	https://oldschool.runescape.wiki/w/Special:Redirect/revision/15240567	2026-08-06	OSRS Wiki Infobox Monster; fill-only sync
npc.dagannoth_rex.2267	attack_speed	https://oldschool.runescape.wiki/w/Special:Redirect/revision/15275562	2026-08-06	OSRS Wiki Infobox Monster; fill-only sync
npc.dagannoth_spawn.3184	aggression	https://oldschool.runescape.wiki/w/Special:Redirect/revision/15215850	2026-08-06	OSRS Wiki Infobox Monster; fill-only sync
npc.dagannoth_spawn.3184	attack_speed	https://oldschool.runescape.wiki/w/Special:Redirect/revision/15215850	2026-08-06	OSRS Wiki Infobox Monster; fill-only sync
npc.dagannoth_spawn.3184	attack_styles	https://oldschool.runescape.wiki/w/Special:Redirect/revision/15215850	2026-08-06	OSRS Wiki Infobox Monster; fill-only sync
npc.dagannoth_spawn.3184	hitpoints	https://oldschool.runescape.wiki/w/Special:Redirect/revision/15215850	2026-08-06	OSRS Wiki Infobox Monster; fill-only sync
npc.dagannoth_spawn.3184	max_hit	https://oldschool.runescape.wiki/w/Special:Redirect/revision/15215850	2026-08-06	OSRS Wiki Infobox Monster; fill-only sync
npc.dagannoth_supreme.2265	attack_speed	https://oldschool.runescape.wiki/w/Special:Redirect/revision/15270155	2026-08-06	OSRS Wiki Infobox Monster; fill-only sync
npc.damien_leucurte.9564	aggression	https://oldschool.runescape.wiki/w/Special:Redirect/revision/15200071	2026-08-06	OSRS Wiki Infobox Monster; fill-only sync
npc.damien_leucurte.9564	attack_speed	https://oldschool.runescape.wiki/w/Special:Redirect/revision/15200071	2026-08-06	OSRS Wiki Infobox Monster; fill-only sync
npc.damien_leucurte.9564	attack_styles	https://oldschool.runescape.wiki/w/Special:Redirect/revision/15200071	2026-08-06	OSRS Wiki Infobox Monster; fill-only sync
npc.damien_leucurte.9564	hazards	https://oldschool.runescape.wiki/w/Special:Redirect/revision/15200071	2026-08-06	OSRS Wiki Infobox Monster; fill-only sync
npc.damien_leucurte.9564	hitpoints	https://oldschool.runescape.wiki/w/Special:Redirect/revision/15200071	2026-08-06	OSRS Wiki Infobox Monster; fill-only sync
npc.damien_leucurte.9564	max_hit	https://oldschool.runescape.wiki/w/Special:Redirect/revision/15200071	2026-08-06	OSRS Wiki Infobox Monster; fill-only sync
npc.damis.682	attack_speed	https://oldschool.runescape.wiki/w/Special:Redirect/revision/15210041	2026-08-06	OSRS Wiki Infobox Monster; fill-only sync
npc.dark_ankou.7296	aggression	https://oldschool.runescape.wiki/w/Special:Redirect/revision/15266204	2026-08-06	OSRS Wiki Infobox Monster; fill-only sync
npc.dark_ankou.7296	attack_speed	https://oldschool.runescape.wiki/w/Special:Redirect/revision/15266204	2026-08-06	OSRS Wiki Infobox Monster; fill-only sync
npc.dark_ankou.7296	attack_styles	https://oldschool.runescape.wiki/w/Special:Redirect/revision/15266204	2026-08-06	OSRS Wiki Infobox Monster; fill-only sync
npc.dark_ankou.7296	hitpoints	https://oldschool.runescape.wiki/w/Special:Redirect/revision/15266204	2026-08-06	OSRS Wiki Infobox Monster; fill-only sync
npc.dark_ankou.7296	max_hit	https://oldschool.runescape.wiki/w/Special:Redirect/revision/15266204	2026-08-06	OSRS Wiki Infobox Monster; fill-only sync
npc.dark_beast.4005	aggression	https://oldschool.runescape.wiki/w/Special:Redirect/revision/15286484	2026-08-06	OSRS Wiki Infobox Monster; fill-only sync
npc.dark_beast.4005	attack_speed	https://oldschool.runescape.wiki/w/Special:Redirect/revision/15286484	2026-08-06	OSRS Wiki Infobox Monster; fill-only sync
npc.dark_beast.4005	attack_styles	https://oldschool.runescape.wiki/w/Special:Redirect/revision/15286484	2026-08-06	OSRS Wiki Infobox Monster; fill-only sync
npc.dark_beast.4005	hitpoints	https://oldschool.runescape.wiki/w/Special:Redirect/revision/15286484	2026-08-06	OSRS Wiki Infobox Monster; fill-only sync
npc.dark_beast.4005	max_hit	https://oldschool.runescape.wiki/w/Special:Redirect/revision/15286484	2026-08-06	OSRS Wiki Infobox Monster; fill-only sync
npc.dark_beast.4005	slayer_requirement	https://oldschool.runescape.wiki/w/Special:Redirect/revision/15286484	2026-08-06	OSRS Wiki Infobox Monster; fill-only sync
npc.dark_energy_core.320	attack_speed	https://oldschool.runescape.wiki/w/Special:Redirect/revision/15264596	2026-08-06	OSRS Wiki Infobox Monster; fill-only sync
npc.dark_warrior.531	attack_speed	https://oldschool.runescape.wiki/w/Special:Redirect/revision/15271573	2026-08-06	OSRS Wiki Infobox Monster; fill-only sync
npc.dark_wizard.510	attack_speed	https://oldschool.runescape.wiki/w/Special:Redirect/revision/15199187	2026-08-06	OSRS Wiki Infobox Monster; fill-only sync
npc.dawn.7852	aggression	https://oldschool.runescape.wiki/w/Special:Redirect/revision/15283149	2026-08-06	OSRS Wiki Infobox Monster; fill-only sync
npc.dawn.7852	attack_speed	https://oldschool.runescape.wiki/w/Special:Redirect/revision/15283149	2026-08-06	OSRS Wiki Infobox Monster; fill-only sync
npc.dawn.7852	attack_styles	https://oldschool.runescape.wiki/w/Special:Redirect/revision/15283149	2026-08-06	OSRS Wiki Infobox Monster; fill-only sync
npc.dawn.7852	hitpoints	https://oldschool.runescape.wiki/w/Special:Redirect/revision/15283149	2026-08-06	OSRS Wiki Infobox Monster; fill-only sync
npc.dawn.7852	max_hit	https://oldschool.runescape.wiki/w/Special:Redirect/revision/15283149	2026-08-06	OSRS Wiki Infobox Monster; fill-only sync
npc.dawn.7852	slayer_requirement	https://oldschool.runescape.wiki/w/Special:Redirect/revision/15283149	2026-08-06	OSRS Wiki Infobox Monster; fill-only sync
npc.deadly_red_spider.3021	attack_speed	https://oldschool.runescape.wiki/w/Special:Redirect/revision/15199305	2026-08-06	OSRS Wiki Infobox Monster; fill-only sync
npc.death_spawn.10	attack_speed	https://oldschool.runescape.wiki/w/Special:Redirect/revision/15275539	2026-08-06	OSRS Wiki Infobox Monster; fill-only sync
npc.death_wing.509	attack_speed	https://oldschool.runescape.wiki/w/Special:Redirect/revision/15199521	2026-08-06	OSRS Wiki Infobox Monster; fill-only sync
npc.defiler.1724	attack_speed	https://oldschool.runescape.wiki/w/Special:Redirect/revision/15199563	2026-08-06	OSRS Wiki Infobox Monster; fill-only sync
npc.delrith.5079	aggression	https://oldschool.runescape.wiki/w/Special:Redirect/revision/15216579	2026-08-06	OSRS Wiki Infobox Monster; fill-only sync
npc.delrith.5079	attack_speed	https://oldschool.runescape.wiki/w/Special:Redirect/revision/15216579	2026-08-06	OSRS Wiki Infobox Monster; fill-only sync
npc.delrith.5079	attack_styles	https://oldschool.runescape.wiki/w/Special:Redirect/revision/15216579	2026-08-06	OSRS Wiki Infobox Monster; fill-only sync
npc.delrith.5079	hitpoints	https://oldschool.runescape.wiki/w/Special:Redirect/revision/15216579	2026-08-06	OSRS Wiki Infobox Monster; fill-only sync
npc.delrith.5079	max_hit	https://oldschool.runescape.wiki/w/Special:Redirect/revision/15216579	2026-08-06	OSRS Wiki Infobox Monster; fill-only sync
npc.demonic_brutus.15628	aggression	https://oldschool.runescape.wiki/w/Special:Redirect/revision/15214877	2026-08-06	OSRS Wiki Infobox Monster; fill-only sync
npc.demonic_brutus.15628	attack_speed	https://oldschool.runescape.wiki/w/Special:Redirect/revision/15214877	2026-08-06	OSRS Wiki Infobox Monster; fill-only sync
npc.demonic_brutus.15628	attack_styles	https://oldschool.runescape.wiki/w/Special:Redirect/revision/15214877	2026-08-06	OSRS Wiki Infobox Monster; fill-only sync
npc.demonic_brutus.15628	hitpoints	https://oldschool.runescape.wiki/w/Special:Redirect/revision/15214877	2026-08-06	OSRS Wiki Infobox Monster; fill-only sync
npc.demonic_brutus.15628	max_hit	https://oldschool.runescape.wiki/w/Special:Redirect/revision/15214877	2026-08-06	OSRS Wiki Infobox Monster; fill-only sync
npc.demonic_gorilla.7144	aggression	https://oldschool.runescape.wiki/w/Special:Redirect/revision/15272668	2026-08-06	OSRS Wiki Infobox Monster; fill-only sync
npc.demonic_gorilla.7144	attack_speed	https://oldschool.runescape.wiki/w/Special:Redirect/revision/15272668	2026-08-06	OSRS Wiki Infobox Monster; fill-only sync
npc.demonic_gorilla.7144	attack_styles	https://oldschool.runescape.wiki/w/Special:Redirect/revision/15272668	2026-08-06	OSRS Wiki Infobox Monster; fill-only sync
npc.demonic_gorilla.7144	hitpoints	https://oldschool.runescape.wiki/w/Special:Redirect/revision/15272668	2026-08-06	OSRS Wiki Infobox Monster; fill-only sync
npc.demonic_gorilla.7144	max_hit	https://oldschool.runescape.wiki/w/Special:Redirect/revision/15272668	2026-08-06	OSRS Wiki Infobox Monster; fill-only sync
npc.deranged_archaeologist.7806	aggression	https://oldschool.runescape.wiki/w/Special:Redirect/revision/15273150	2026-08-06	OSRS Wiki Infobox Monster; fill-only sync
npc.deranged_archaeologist.7806	attack_speed	https://oldschool.runescape.wiki/w/Special:Redirect/revision/15273150	2026-08-06	OSRS Wiki Infobox Monster; fill-only sync
npc.deranged_archaeologist.7806	attack_styles	https://oldschool.runescape.wiki/w/Special:Redirect/revision/15273150	2026-08-06	OSRS Wiki Infobox Monster; fill-only sync
npc.deranged_archaeologist.7806	hitpoints	https://oldschool.runescape.wiki/w/Special:Redirect/revision/15273150	2026-08-06	OSRS Wiki Infobox Monster; fill-only sync
npc.deranged_archaeologist.7806	max_hit	https://oldschool.runescape.wiki/w/Special:Redirect/revision/15273150	2026-08-06	OSRS Wiki Infobox Monster; fill-only sync
npc.derwen.7859	aggression	https://oldschool.runescape.wiki/w/Special:Redirect/revision/15200056	2026-08-06	OSRS Wiki Infobox Monster; fill-only sync
npc.derwen.7859	attack_speed	https://oldschool.runescape.wiki/w/Special:Redirect/revision/15200056	2026-08-06	OSRS Wiki Infobox Monster; fill-only sync
npc.derwen.7859	attack_styles	https://oldschool.runescape.wiki/w/Special:Redirect/revision/15200056	2026-08-06	OSRS Wiki Infobox Monster; fill-only sync
npc.derwen.7859	hitpoints	https://oldschool.runescape.wiki/w/Special:Redirect/revision/15200056	2026-08-06	OSRS Wiki Infobox Monster; fill-only sync
npc.derwen.7859	max_hit	https://oldschool.runescape.wiki/w/Special:Redirect/revision/15200056	2026-08-06	OSRS Wiki Infobox Monster; fill-only sync
npc.desert_lizard.459	attack_speed	https://oldschool.runescape.wiki/w/Special:Redirect/revision/15212948	2026-08-06	OSRS Wiki Infobox Monster; fill-only sync
npc.desert_wolf.4649	aggression	https://oldschool.runescape.wiki/w/Special:Redirect/revision/15232050	2026-08-06	OSRS Wiki Infobox Monster; fill-only sync
npc.desert_wolf.4649	attack_speed	https://oldschool.runescape.wiki/w/Special:Redirect/revision/15232050	2026-08-06	OSRS Wiki Infobox Monster; fill-only sync
npc.desert_wolf.4649	attack_styles	https://oldschool.runescape.wiki/w/Special:Redirect/revision/15232050	2026-08-06	OSRS Wiki Infobox Monster; fill-only sync
npc.desert_wolf.4649	hitpoints	https://oldschool.runescape.wiki/w/Special:Redirect/revision/15232050	2026-08-06	OSRS Wiki Infobox Monster; fill-only sync
npc.desert_wolf.4649	max_hit	https://oldschool.runescape.wiki/w/Special:Redirect/revision/15232050	2026-08-06	OSRS Wiki Infobox Monster; fill-only sync
npc.dessourt.4883	aggression	https://oldschool.runescape.wiki/w/Special:Redirect/revision/15199470	2026-08-06	OSRS Wiki Infobox Monster; fill-only sync
npc.dessourt.4883	attack_speed	https://oldschool.runescape.wiki/w/Special:Redirect/revision/15199470	2026-08-06	OSRS Wiki Infobox Monster; fill-only sync
npc.dessourt.4883	attack_styles	https://oldschool.runescape.wiki/w/Special:Redirect/revision/15199470	2026-08-06	OSRS Wiki Infobox Monster; fill-only sync
npc.dessourt.4883	hitpoints	https://oldschool.runescape.wiki/w/Special:Redirect/revision/15199470	2026-08-06	OSRS Wiki Infobox Monster; fill-only sync
npc.dessourt.4883	max_hit	https://oldschool.runescape.wiki/w/Special:Redirect/revision/15199470	2026-08-06	OSRS Wiki Infobox Monster; fill-only sync
npc.dessous.3459	attack_speed	https://oldschool.runescape.wiki/w/Special:Redirect/revision/15272137	2026-08-06	OSRS Wiki Infobox Monster; fill-only sync
npc.deviant_spectre.7279	aggression	https://oldschool.runescape.wiki/w/Special:Redirect/revision/15285305	2026-08-06	OSRS Wiki Infobox Monster; fill-only sync
npc.deviant_spectre.7279	attack_speed	https://oldschool.runescape.wiki/w/Special:Redirect/revision/15285305	2026-08-06	OSRS Wiki Infobox Monster; fill-only sync
npc.deviant_spectre.7279	attack_styles	https://oldschool.runescape.wiki/w/Special:Redirect/revision/15285305	2026-08-06	OSRS Wiki Infobox Monster; fill-only sync
npc.deviant_spectre.7279	hitpoints	https://oldschool.runescape.wiki/w/Special:Redirect/revision/15285305	2026-08-06	OSRS Wiki Infobox Monster; fill-only sync
npc.deviant_spectre.7279	max_hit	https://oldschool.runescape.wiki/w/Special:Redirect/revision/15285305	2026-08-06	OSRS Wiki Infobox Monster; fill-only sync
npc.deviant_spectre.7279	slayer_requirement	https://oldschool.runescape.wiki/w/Special:Redirect/revision/15285305	2026-08-06	OSRS Wiki Infobox Monster; fill-only sync
npc.dharok_the_wretched.1673	attack_speed	https://oldschool.runescape.wiki/w/Special:Redirect/revision/15232188	2026-08-06	OSRS Wiki Infobox Monster; fill-only sync
npc.dire_bat.15757	aggression	https://oldschool.runescape.wiki/w/Special:Redirect/revision/15277205	2026-08-06	OSRS Wiki Infobox Monster; fill-only sync
npc.dire_bat.15757	attack_speed	https://oldschool.runescape.wiki/w/Special:Redirect/revision/15277205	2026-08-06	OSRS Wiki Infobox Monster; fill-only sync
npc.dire_bat.15757	attack_styles	https://oldschool.runescape.wiki/w/Special:Redirect/revision/15277205	2026-08-06	OSRS Wiki Infobox Monster; fill-only sync
npc.dire_bat.15757	hazards	https://oldschool.runescape.wiki/w/Special:Redirect/revision/15277205	2026-08-06	OSRS Wiki Infobox Monster; fill-only sync
npc.dire_bat.15757	hitpoints	https://oldschool.runescape.wiki/w/Special:Redirect/revision/15277205	2026-08-06	OSRS Wiki Infobox Monster; fill-only sync
npc.dire_bat.15757	max_hit	https://oldschool.runescape.wiki/w/Special:Redirect/revision/15277205	2026-08-06	OSRS Wiki Infobox Monster; fill-only sync
npc.dire_gryphon.14859	aggression	https://oldschool.runescape.wiki/w/Special:Redirect/revision/15283096	2026-08-06	OSRS Wiki Infobox Monster; fill-only sync
npc.dire_gryphon.14859	attack_speed	https://oldschool.runescape.wiki/w/Special:Redirect/revision/15283096	2026-08-06	OSRS Wiki Infobox Monster; fill-only sync
npc.dire_gryphon.14859	attack_styles	https://oldschool.runescape.wiki/w/Special:Redirect/revision/15283096	2026-08-06	OSRS Wiki Infobox Monster; fill-only sync
npc.dire_gryphon.14859	hitpoints	https://oldschool.runescape.wiki/w/Special:Redirect/revision/15283096	2026-08-06	OSRS Wiki Infobox Monster; fill-only sync
npc.dire_gryphon.14859	max_hit	https://oldschool.runescape.wiki/w/Special:Redirect/revision/15283096	2026-08-06	OSRS Wiki Infobox Monster; fill-only sync
npc.dire_gryphon.14859	slayer_requirement	https://oldschool.runescape.wiki/w/Special:Redirect/revision/15283096	2026-08-06	OSRS Wiki Infobox Monster; fill-only sync
npc.dire_wolf.3426	aggression	https://oldschool.runescape.wiki/w/Special:Redirect/revision/15208070	2026-08-06	OSRS Wiki Infobox Monster; fill-only sync
npc.dire_wolf.3426	attack_speed	https://oldschool.runescape.wiki/w/Special:Redirect/revision/15208070	2026-08-06	OSRS Wiki Infobox Monster; fill-only sync
npc.dire_wolf.3426	attack_styles	https://oldschool.runescape.wiki/w/Special:Redirect/revision/15208070	2026-08-06	OSRS Wiki Infobox Monster; fill-only sync
npc.dire_wolf.3426	hitpoints	https://oldschool.runescape.wiki/w/Special:Redirect/revision/15208070	2026-08-06	OSRS Wiki Infobox Monster; fill-only sync
npc.dire_wolf.3426	max_hit	https://oldschool.runescape.wiki/w/Special:Redirect/revision/15208070	2026-08-06	OSRS Wiki Infobox Monster; fill-only sync
npc.dire_wolf_alpha.13812	aggression	https://oldschool.runescape.wiki/w/Special:Redirect/revision/15208071	2026-08-06	OSRS Wiki Infobox Monster; fill-only sync
npc.dire_wolf_alpha.13812	attack_speed	https://oldschool.runescape.wiki/w/Special:Redirect/revision/15208071	2026-08-06	OSRS Wiki Infobox Monster; fill-only sync
npc.dire_wolf_alpha.13812	attack_styles	https://oldschool.runescape.wiki/w/Special:Redirect/revision/15208071	2026-08-06	OSRS Wiki Infobox Monster; fill-only sync
npc.dire_wolf_alpha.13812	hitpoints	https://oldschool.runescape.wiki/w/Special:Redirect/revision/15208071	2026-08-06	OSRS Wiki Infobox Monster; fill-only sync
npc.dire_wolf_alpha.13812	max_hit	https://oldschool.runescape.wiki/w/Special:Redirect/revision/15208071	2026-08-06	OSRS Wiki Infobox Monster; fill-only sync
npc.disciple_of_iban.8997	aggression	https://oldschool.runescape.wiki/w/Special:Redirect/revision/15199382	2026-08-06	OSRS Wiki Infobox Monster; fill-only sync
npc.disciple_of_iban.8997	attack_speed	https://oldschool.runescape.wiki/w/Special:Redirect/revision/15199382	2026-08-06	OSRS Wiki Infobox Monster; fill-only sync
npc.disciple_of_iban.8997	attack_styles	https://oldschool.runescape.wiki/w/Special:Redirect/revision/15199382	2026-08-06	OSRS Wiki Infobox Monster; fill-only sync
npc.disciple_of_iban.8997	hitpoints	https://oldschool.runescape.wiki/w/Special:Redirect/revision/15199382	2026-08-06	OSRS Wiki Infobox Monster; fill-only sync
npc.disciple_of_iban.8997	max_hit	https://oldschool.runescape.wiki/w/Special:Redirect/revision/15199382	2026-08-06	OSRS Wiki Infobox Monster; fill-only sync
npc.dolphin.15234	aggression	https://oldschool.runescape.wiki/w/Special:Redirect/revision/15227238	2026-08-06	OSRS Wiki Infobox Monster; fill-only sync
npc.dolphin.15234	attack_speed	https://oldschool.runescape.wiki/w/Special:Redirect/revision/15227238	2026-08-06	OSRS Wiki Infobox Monster; fill-only sync
npc.dolphin.15234	attack_styles	https://oldschool.runescape.wiki/w/Special:Redirect/revision/15227238	2026-08-06	OSRS Wiki Infobox Monster; fill-only sync
npc.dolphin.15234	hitpoints	https://oldschool.runescape.wiki/w/Special:Redirect/revision/15227238	2026-08-06	OSRS Wiki Infobox Monster; fill-only sync
npc.dolphin.15234	max_hit	https://oldschool.runescape.wiki/w/Special:Redirect/revision/15227238	2026-08-06	OSRS Wiki Infobox Monster; fill-only sync
npc.don_t_know_what.8439	aggression	https://oldschool.runescape.wiki/w/Special:Redirect/revision/15215851	2026-08-06	OSRS Wiki Infobox Monster; fill-only sync
npc.don_t_know_what.8439	attack_speed	https://oldschool.runescape.wiki/w/Special:Redirect/revision/15215851	2026-08-06	OSRS Wiki Infobox Monster; fill-only sync
npc.don_t_know_what.8439	attack_styles	https://oldschool.runescape.wiki/w/Special:Redirect/revision/15215851	2026-08-06	OSRS Wiki Infobox Monster; fill-only sync
npc.don_t_know_what.8439	hitpoints	https://oldschool.runescape.wiki/w/Special:Redirect/revision/15215851	2026-08-06	OSRS Wiki Infobox Monster; fill-only sync
npc.don_t_know_what.8439	max_hit	https://oldschool.runescape.wiki/w/Special:Redirect/revision/15215851	2026-08-06	OSRS Wiki Infobox Monster; fill-only sync
npc.donny_the_lad.302	attack_speed	https://oldschool.runescape.wiki/w/Special:Redirect/revision/15270602	2026-08-06	OSRS Wiki Infobox Monster; fill-only sync
npc.doom_of_mokhaiotl.14707	aggression	https://oldschool.runescape.wiki/w/Special:Redirect/revision/15276851	2026-08-06	OSRS Wiki Infobox Monster; fill-only sync
npc.doom_of_mokhaiotl.14707	attack_speed	https://oldschool.runescape.wiki/w/Special:Redirect/revision/15276851	2026-08-06	OSRS Wiki Infobox Monster; fill-only sync
npc.doom_of_mokhaiotl.14707	attack_styles	https://oldschool.runescape.wiki/w/Special:Redirect/revision/15276851	2026-08-06	OSRS Wiki Infobox Monster; fill-only sync
npc.doom_of_mokhaiotl.14707	hazards	https://oldschool.runescape.wiki/w/Special:Redirect/revision/15276851	2026-08-06	OSRS Wiki Infobox Monster; fill-only sync
npc.doom_of_mokhaiotl.14707	hitpoints	https://oldschool.runescape.wiki/w/Special:Redirect/revision/15276851	2026-08-06	OSRS Wiki Infobox Monster; fill-only sync
npc.doom_of_mokhaiotl.14707	max_hit	https://oldschool.runescape.wiki/w/Special:Redirect/revision/15276851	2026-08-06	OSRS Wiki Infobox Monster; fill-only sync
npc.doomion.8995	aggression	https://oldschool.runescape.wiki/w/Special:Redirect/revision/15199585	2026-08-06	OSRS Wiki Infobox Monster; fill-only sync
npc.doomion.8995	attack_speed	https://oldschool.runescape.wiki/w/Special:Redirect/revision/15199585	2026-08-06	OSRS Wiki Infobox Monster; fill-only sync
npc.doomion.8995	attack_styles	https://oldschool.runescape.wiki/w/Special:Redirect/revision/15199585	2026-08-06	OSRS Wiki Infobox Monster; fill-only sync
npc.doomion.8995	hitpoints	https://oldschool.runescape.wiki/w/Special:Redirect/revision/15199585	2026-08-06	OSRS Wiki Infobox Monster; fill-only sync
npc.doomion.8995	max_hit	https://oldschool.runescape.wiki/w/Special:Redirect/revision/15199585	2026-08-06	OSRS Wiki Infobox Monster; fill-only sync
npc.double_agent.1777	attack_speed	https://oldschool.runescape.wiki/w/Special:Redirect/revision/15199596	2026-08-06	OSRS Wiki Infobox Monster; fill-only sync
npc.drake.8612	aggression	https://oldschool.runescape.wiki/w/Special:Redirect/revision/15283159	2026-08-06	OSRS Wiki Infobox Monster; fill-only sync
npc.drake.8612	attack_speed	https://oldschool.runescape.wiki/w/Special:Redirect/revision/15283159	2026-08-06	OSRS Wiki Infobox Monster; fill-only sync
npc.drake.8612	attack_styles	https://oldschool.runescape.wiki/w/Special:Redirect/revision/15283159	2026-08-06	OSRS Wiki Infobox Monster; fill-only sync
npc.drake.8612	hitpoints	https://oldschool.runescape.wiki/w/Special:Redirect/revision/15283159	2026-08-06	OSRS Wiki Infobox Monster; fill-only sync
npc.drake.8612	max_hit	https://oldschool.runescape.wiki/w/Special:Redirect/revision/15283159	2026-08-06	OSRS Wiki Infobox Monster; fill-only sync
npc.drake.8612	slayer_requirement	https://oldschool.runescape.wiki/w/Special:Redirect/revision/15283159	2026-08-06	OSRS Wiki Infobox Monster; fill-only sync
npc.dreadborn_araxyte.13680	aggression	https://oldschool.runescape.wiki/w/Special:Redirect/revision/15286747	2026-08-06	OSRS Wiki Infobox Monster; fill-only sync
npc.dreadborn_araxyte.13680	attack_speed	https://oldschool.runescape.wiki/w/Special:Redirect/revision/15286747	2026-08-06	OSRS Wiki Infobox Monster; fill-only sync
npc.dreadborn_araxyte.13680	attack_styles	https://oldschool.runescape.wiki/w/Special:Redirect/revision/15286747	2026-08-06	OSRS Wiki Infobox Monster; fill-only sync
npc.dreadborn_araxyte.13680	hazards	https://oldschool.runescape.wiki/w/Special:Redirect/revision/15286747	2026-08-06	OSRS Wiki Infobox Monster; fill-only sync
npc.dreadborn_araxyte.13680	hitpoints	https://oldschool.runescape.wiki/w/Special:Redirect/revision/15286747	2026-08-06	OSRS Wiki Infobox Monster; fill-only sync
npc.dreadborn_araxyte.13680	max_hit	https://oldschool.runescape.wiki/w/Special:Redirect/revision/15286747	2026-08-06	OSRS Wiki Infobox Monster; fill-only sync
npc.dreadborn_araxyte.13680	slayer_requirement	https://oldschool.runescape.wiki/w/Special:Redirect/revision/15286747	2026-08-06	OSRS Wiki Infobox Monster; fill-only sync
npc.drink_troll.15164	aggression	https://oldschool.runescape.wiki/w/Special:Redirect/revision/15200619	2026-08-06	OSRS Wiki Infobox Monster; fill-only sync
npc.drink_troll.15164	attack_speed	https://oldschool.runescape.wiki/w/Special:Redirect/revision/15200619	2026-08-06	OSRS Wiki Infobox Monster; fill-only sync
npc.drink_troll.15164	attack_styles	https://oldschool.runescape.wiki/w/Special:Redirect/revision/15200619	2026-08-06	OSRS Wiki Infobox Monster; fill-only sync
npc.drink_troll.15164	hitpoints	https://oldschool.runescape.wiki/w/Special:Redirect/revision/15200619	2026-08-06	OSRS Wiki Infobox Monster; fill-only sync
npc.drink_troll.15164	max_hit	https://oldschool.runescape.wiki/w/Special:Redirect/revision/15200619	2026-08-06	OSRS Wiki Infobox Monster; fill-only sync
npc.drink_troll_queen.15175	aggression	https://oldschool.runescape.wiki/w/Special:Redirect/revision/15227259	2026-08-06	OSRS Wiki Infobox Monster; fill-only sync
npc.drink_troll_queen.15175	attack_speed	https://oldschool.runescape.wiki/w/Special:Redirect/revision/15227259	2026-08-06	OSRS Wiki Infobox Monster; fill-only sync
npc.drink_troll_queen.15175	attack_styles	https://oldschool.runescape.wiki/w/Special:Redirect/revision/15227259	2026-08-06	OSRS Wiki Infobox Monster; fill-only sync
npc.drink_troll_queen.15175	hitpoints	https://oldschool.runescape.wiki/w/Special:Redirect/revision/15227259	2026-08-06	OSRS Wiki Infobox Monster; fill-only sync
npc.drink_troll_queen.15175	max_hit	https://oldschool.runescape.wiki/w/Special:Redirect/revision/15227259	2026-08-06	OSRS Wiki Infobox Monster; fill-only sync
npc.druid.3258	aggression	https://oldschool.runescape.wiki/w/Special:Redirect/revision/15258500	2026-08-06	OSRS Wiki Infobox Monster; fill-only sync
npc.druid.3258	attack_speed	https://oldschool.runescape.wiki/w/Special:Redirect/revision/15258500	2026-08-06	OSRS Wiki Infobox Monster; fill-only sync
npc.druid.3258	attack_styles	https://oldschool.runescape.wiki/w/Special:Redirect/revision/15258500	2026-08-06	OSRS Wiki Infobox Monster; fill-only sync
npc.druid.3258	hitpoints	https://oldschool.runescape.wiki/w/Special:Redirect/revision/15258500	2026-08-06	OSRS Wiki Infobox Monster; fill-only sync
npc.druid.3258	max_hit	https://oldschool.runescape.wiki/w/Special:Redirect/revision/15258500	2026-08-06	OSRS Wiki Infobox Monster; fill-only sync
npc.drunken_man.3263	aggression	https://oldschool.runescape.wiki/w/Special:Redirect/revision/15199764	2026-08-06	OSRS Wiki Infobox Monster; fill-only sync
npc.drunken_man.3263	attack_speed	https://oldschool.runescape.wiki/w/Special:Redirect/revision/15199764	2026-08-06	OSRS Wiki Infobox Monster; fill-only sync
npc.drunken_man.3263	attack_styles	https://oldschool.runescape.wiki/w/Special:Redirect/revision/15199764	2026-08-06	OSRS Wiki Infobox Monster; fill-only sync
npc.drunken_man.3263	hitpoints	https://oldschool.runescape.wiki/w/Special:Redirect/revision/15199764	2026-08-06	OSRS Wiki Infobox Monster; fill-only sync
npc.drunken_man.3263	max_hit	https://oldschool.runescape.wiki/w/Special:Redirect/revision/15199764	2026-08-06	OSRS Wiki Infobox Monster; fill-only sync
npc.duck.1838	attack_speed	https://oldschool.runescape.wiki/w/Special:Redirect/revision/15284078	2026-08-06	OSRS Wiki Infobox Monster; fill-only sync
npc.duck.1838	max_hit	https://oldschool.runescape.wiki/w/Special:Redirect/revision/15284078	2026-08-06	OSRS Wiki Infobox Monster; fill-only sync
npc.duckling.2001	attack_speed	https://oldschool.runescape.wiki/w/Special:Redirect/revision/15199375	2026-08-06	OSRS Wiki Infobox Monster; fill-only sync
npc.duckling.2001	max_hit	https://oldschool.runescape.wiki/w/Special:Redirect/revision/15199375	2026-08-06	OSRS Wiki Infobox Monster; fill-only sync
npc.duke.5258	aggression	https://oldschool.runescape.wiki/w/Special:Redirect/revision/15275314	2026-08-06	OSRS Wiki Infobox Monster; fill-only sync
npc.duke.5258	attack_speed	https://oldschool.runescape.wiki/w/Special:Redirect/revision/15275314	2026-08-06	OSRS Wiki Infobox Monster; fill-only sync
npc.duke.5258	attack_styles	https://oldschool.runescape.wiki/w/Special:Redirect/revision/15275314	2026-08-06	OSRS Wiki Infobox Monster; fill-only sync
npc.duke.5258	hitpoints	https://oldschool.runescape.wiki/w/Special:Redirect/revision/15275314	2026-08-06	OSRS Wiki Infobox Monster; fill-only sync
npc.duke.5258	max_hit	https://oldschool.runescape.wiki/w/Special:Redirect/revision/15275314	2026-08-06	OSRS Wiki Infobox Monster; fill-only sync
npc.duke_sucellus.12191	aggression	https://oldschool.runescape.wiki/w/Special:Redirect/revision/15275314	2026-08-06	OSRS Wiki Infobox Monster; fill-only sync
npc.duke_sucellus.12191	attack_speed	https://oldschool.runescape.wiki/w/Special:Redirect/revision/15275314	2026-08-06	OSRS Wiki Infobox Monster; fill-only sync
npc.duke_sucellus.12191	attack_styles	https://oldschool.runescape.wiki/w/Special:Redirect/revision/15275314	2026-08-06	OSRS Wiki Infobox Monster; fill-only sync
npc.duke_sucellus.12191	hitpoints	https://oldschool.runescape.wiki/w/Special:Redirect/revision/15275314	2026-08-06	OSRS Wiki Infobox Monster; fill-only sync
npc.duke_sucellus.12191	max_hit	https://oldschool.runescape.wiki/w/Special:Redirect/revision/15275314	2026-08-06	OSRS Wiki Infobox Monster; fill-only sync
npc.dungeon_rat.2865	attack_speed	https://oldschool.runescape.wiki/w/Special:Redirect/revision/15199206	2026-08-06	OSRS Wiki Infobox Monster; fill-only sync
npc.durial321.13662	aggression	https://oldschool.runescape.wiki/w/Special:Redirect/revision/15267865	2026-08-06	OSRS Wiki Infobox Monster; fill-only sync
npc.durial321.13662	attack_speed	https://oldschool.runescape.wiki/w/Special:Redirect/revision/15267865	2026-08-06	OSRS Wiki Infobox Monster; fill-only sync
npc.durial321.13662	attack_styles	https://oldschool.runescape.wiki/w/Special:Redirect/revision/15267865	2026-08-06	OSRS Wiki Infobox Monster; fill-only sync
npc.durial321.13662	hitpoints	https://oldschool.runescape.wiki/w/Special:Redirect/revision/15267865	2026-08-06	OSRS Wiki Infobox Monster; fill-only sync
npc.durial321.13662	max_hit	https://oldschool.runescape.wiki/w/Special:Redirect/revision/15267865	2026-08-06	OSRS Wiki Infobox Monster; fill-only sync
npc.dusk.7851	aggression	https://oldschool.runescape.wiki/w/Special:Redirect/revision/15283151	2026-08-06	OSRS Wiki Infobox Monster; fill-only sync
npc.dusk.7851	attack_speed	https://oldschool.runescape.wiki/w/Special:Redirect/revision/15283151	2026-08-06	OSRS Wiki Infobox Monster; fill-only sync
npc.dusk.7851	attack_styles	https://oldschool.runescape.wiki/w/Special:Redirect/revision/15283151	2026-08-06	OSRS Wiki Infobox Monster; fill-only sync
npc.dusk.7851	hitpoints	https://oldschool.runescape.wiki/w/Special:Redirect/revision/15283151	2026-08-06	OSRS Wiki Infobox Monster; fill-only sync
npc.dusk.7851	max_hit	https://oldschool.runescape.wiki/w/Special:Redirect/revision/15283151	2026-08-06	OSRS Wiki Infobox Monster; fill-only sync
npc.dusk.7851	slayer_requirement	https://oldschool.runescape.wiki/w/Special:Redirect/revision/15283151	2026-08-06	OSRS Wiki Infobox Monster; fill-only sync
npc.dust_devil.423	attack_speed	https://oldschool.runescape.wiki/w/Special:Redirect/revision/15281340	2026-08-06	OSRS Wiki Infobox Monster; fill-only sync
npc.dwarf.290	attack_speed	https://oldschool.runescape.wiki/w/Special:Redirect/revision/15199341	2026-08-06	OSRS Wiki Infobox Monster; fill-only sync
npc.dwarf_gang_member.1354	attack_speed	https://oldschool.runescape.wiki/w/Special:Redirect/revision/15199785	2026-08-06	OSRS Wiki Infobox Monster; fill-only sync
npc.eadburg.4095	aggression	https://oldschool.runescape.wiki/w/Special:Redirect/revision/15200009	2026-08-06	OSRS Wiki Infobox Monster; fill-only sync
npc.eadburg.4095	attack_speed	https://oldschool.runescape.wiki/w/Special:Redirect/revision/15200009	2026-08-06	OSRS Wiki Infobox Monster; fill-only sync
npc.eadburg.4095	attack_styles	https://oldschool.runescape.wiki/w/Special:Redirect/revision/15200009	2026-08-06	OSRS Wiki Infobox Monster; fill-only sync
npc.eadburg.4095	hitpoints	https://oldschool.runescape.wiki/w/Special:Redirect/revision/15200009	2026-08-06	OSRS Wiki Infobox Monster; fill-only sync
npc.eadburg.4095	max_hit	https://oldschool.runescape.wiki/w/Special:Redirect/revision/15200009	2026-08-06	OSRS Wiki Infobox Monster; fill-only sync
npc.eagle_ray.15214	aggression	https://oldschool.runescape.wiki/w/Special:Redirect/revision/15228801	2026-08-06	OSRS Wiki Infobox Monster; fill-only sync
npc.eagle_ray.15214	attack_speed	https://oldschool.runescape.wiki/w/Special:Redirect/revision/15228801	2026-08-06	OSRS Wiki Infobox Monster; fill-only sync
npc.eagle_ray.15214	attack_styles	https://oldschool.runescape.wiki/w/Special:Redirect/revision/15228801	2026-08-06	OSRS Wiki Infobox Monster; fill-only sync
npc.eagle_ray.15214	hitpoints	https://oldschool.runescape.wiki/w/Special:Redirect/revision/15228801	2026-08-06	OSRS Wiki Infobox Monster; fill-only sync
npc.eagle_ray.15214	max_hit	https://oldschool.runescape.wiki/w/Special:Redirect/revision/15228801	2026-08-06	OSRS Wiki Infobox Monster; fill-only sync
npc.earth_elemental.1366	attack_speed	https://oldschool.runescape.wiki/w/Special:Redirect/revision/15266539	2026-08-06	OSRS Wiki Infobox Monster; fill-only sync
npc.earth_warrior.2840	attack_speed	https://oldschool.runescape.wiki/w/Special:Redirect/revision/15275440	2026-08-06	OSRS Wiki Infobox Monster; fill-only sync
npc.earth_warrior_champion.3328	aggression	https://oldschool.runescape.wiki/w/Special:Redirect/revision/15213167	2026-08-06	OSRS Wiki Infobox Monster; fill-only sync
npc.earth_warrior_champion.3328	attack_speed	https://oldschool.runescape.wiki/w/Special:Redirect/revision/15213167	2026-08-06	OSRS Wiki Infobox Monster; fill-only sync
npc.earth_warrior_champion.3328	attack_styles	https://oldschool.runescape.wiki/w/Special:Redirect/revision/15213167	2026-08-06	OSRS Wiki Infobox Monster; fill-only sync
npc.earth_warrior_champion.3328	hitpoints	https://oldschool.runescape.wiki/w/Special:Redirect/revision/15213167	2026-08-06	OSRS Wiki Infobox Monster; fill-only sync
npc.earth_warrior_champion.3328	max_hit	https://oldschool.runescape.wiki/w/Special:Redirect/revision/15213167	2026-08-06	OSRS Wiki Infobox Monster; fill-only sync
npc.earth_wizard.1558	attack_speed	https://oldschool.runescape.wiki/w/Special:Redirect/revision/15276390	2026-08-06	OSRS Wiki Infobox Monster; fill-only sync
npc.earthen_nagua.14420	aggression	https://oldschool.runescape.wiki/w/Special:Redirect/revision/15232759	2026-08-06	OSRS Wiki Infobox Monster; fill-only sync
npc.earthen_nagua.14420	attack_speed	https://oldschool.runescape.wiki/w/Special:Redirect/revision/15232759	2026-08-06	OSRS Wiki Infobox Monster; fill-only sync
npc.earthen_nagua.14420	attack_styles	https://oldschool.runescape.wiki/w/Special:Redirect/revision/15232759	2026-08-06	OSRS Wiki Infobox Monster; fill-only sync
npc.earthen_nagua.14420	hitpoints	https://oldschool.runescape.wiki/w/Special:Redirect/revision/15232759	2026-08-06	OSRS Wiki Infobox Monster; fill-only sync
npc.earthen_nagua.14420	max_hit	https://oldschool.runescape.wiki/w/Special:Redirect/revision/15232759	2026-08-06	OSRS Wiki Infobox Monster; fill-only sync
npc.earthen_nagua.14420	slayer_requirement	https://oldschool.runescape.wiki/w/Special:Redirect/revision/15232759	2026-08-06	OSRS Wiki Infobox Monster; fill-only sync
npc.eclipse_moon.13012	aggression	https://oldschool.runescape.wiki/w/Special:Redirect/revision/15273980	2026-08-06	OSRS Wiki Infobox Monster; fill-only sync
npc.eclipse_moon.13012	attack_speed	https://oldschool.runescape.wiki/w/Special:Redirect/revision/15273980	2026-08-06	OSRS Wiki Infobox Monster; fill-only sync
npc.eclipse_moon.13012	attack_styles	https://oldschool.runescape.wiki/w/Special:Redirect/revision/15273980	2026-08-06	OSRS Wiki Infobox Monster; fill-only sync
npc.eclipse_moon.13012	hitpoints	https://oldschool.runescape.wiki/w/Special:Redirect/revision/15273980	2026-08-06	OSRS Wiki Infobox Monster; fill-only sync
npc.eclipse_moon.13012	max_hit	https://oldschool.runescape.wiki/w/Special:Redirect/revision/15273980	2026-08-06	OSRS Wiki Infobox Monster; fill-only sync
npc.eduard.2618	attack_speed	https://oldschool.runescape.wiki/w/Special:Redirect/revision/15199952	2026-08-06	OSRS Wiki Infobox Monster; fill-only sync
npc.einar.3675	aggression	https://oldschool.runescape.wiki/w/Special:Redirect/revision/15199973	2026-08-06	OSRS Wiki Infobox Monster; fill-only sync
npc.einar.3675	attack_speed	https://oldschool.runescape.wiki/w/Special:Redirect/revision/15199973	2026-08-06	OSRS Wiki Infobox Monster; fill-only sync
npc.einar.3675	attack_styles	https://oldschool.runescape.wiki/w/Special:Redirect/revision/15199973	2026-08-06	OSRS Wiki Infobox Monster; fill-only sync
npc.einar.3675	hitpoints	https://oldschool.runescape.wiki/w/Special:Redirect/revision/15199973	2026-08-06	OSRS Wiki Infobox Monster; fill-only sync
npc.einar.3675	max_hit	https://oldschool.runescape.wiki/w/Special:Redirect/revision/15199973	2026-08-06	OSRS Wiki Infobox Monster; fill-only sync
npc.elder_aquanite.15502	aggression	https://oldschool.runescape.wiki/w/Special:Redirect/revision/15286904	2026-08-06	OSRS Wiki Infobox Monster; fill-only sync
npc.elder_aquanite.15502	attack_speed	https://oldschool.runescape.wiki/w/Special:Redirect/revision/15286904	2026-08-06	OSRS Wiki Infobox Monster; fill-only sync
npc.elder_aquanite.15502	attack_styles	https://oldschool.runescape.wiki/w/Special:Redirect/revision/15286904	2026-08-06	OSRS Wiki Infobox Monster; fill-only sync
npc.elder_aquanite.15502	hitpoints	https://oldschool.runescape.wiki/w/Special:Redirect/revision/15286904	2026-08-06	OSRS Wiki Infobox Monster; fill-only sync
npc.elder_aquanite.15502	max_hit	https://oldschool.runescape.wiki/w/Special:Redirect/revision/15286904	2026-08-06	OSRS Wiki Infobox Monster; fill-only sync
npc.elder_aquanite.15502	slayer_requirement	https://oldschool.runescape.wiki/w/Special:Redirect/revision/15286904	2026-08-06	OSRS Wiki Infobox Monster; fill-only sync
npc.elder_chaos_druid.6607	aggression	https://oldschool.runescape.wiki/w/Special:Redirect/revision/15209504	2026-08-06	OSRS Wiki Infobox Monster; fill-only sync
npc.elder_chaos_druid.6607	attack_speed	https://oldschool.runescape.wiki/w/Special:Redirect/revision/15209504	2026-08-06	OSRS Wiki Infobox Monster; fill-only sync
npc.elder_chaos_druid.6607	attack_styles	https://oldschool.runescape.wiki/w/Special:Redirect/revision/15209504	2026-08-06	OSRS Wiki Infobox Monster; fill-only sync
npc.elder_chaos_druid.6607	hitpoints	https://oldschool.runescape.wiki/w/Special:Redirect/revision/15209504	2026-08-06	OSRS Wiki Infobox Monster; fill-only sync
npc.elder_chaos_druid.6607	max_hit	https://oldschool.runescape.wiki/w/Special:Redirect/revision/15209504	2026-08-06	OSRS Wiki Infobox Monster; fill-only sync
npc.elder_custodian_stalker.14704	aggression	https://oldschool.runescape.wiki/w/Special:Redirect/revision/15288931	2026-08-06	OSRS Wiki Infobox Monster; fill-only sync
npc.elder_custodian_stalker.14704	attack_speed	https://oldschool.runescape.wiki/w/Special:Redirect/revision/15288931	2026-08-06	OSRS Wiki Infobox Monster; fill-only sync
npc.elder_custodian_stalker.14704	attack_styles	https://oldschool.runescape.wiki/w/Special:Redirect/revision/15288931	2026-08-06	OSRS Wiki Infobox Monster; fill-only sync
npc.elder_custodian_stalker.14704	hitpoints	https://oldschool.runescape.wiki/w/Special:Redirect/revision/15288931	2026-08-06	OSRS Wiki Infobox Monster; fill-only sync
npc.elder_custodian_stalker.14704	max_hit	https://oldschool.runescape.wiki/w/Special:Redirect/revision/15288931	2026-08-06	OSRS Wiki Infobox Monster; fill-only sync
npc.elder_custodian_stalker.14704	slayer_requirement	https://oldschool.runescape.wiki/w/Special:Redirect/revision/15288931	2026-08-06	OSRS Wiki Infobox Monster; fill-only sync
npc.eldric_the_ice_king.14147	aggression	https://oldschool.runescape.wiki/w/Special:Redirect/revision/15271709	2026-08-06	OSRS Wiki Infobox Monster; fill-only sync
npc.eldric_the_ice_king.14147	attack_speed	https://oldschool.runescape.wiki/w/Special:Redirect/revision/15271709	2026-08-06	OSRS Wiki Infobox Monster; fill-only sync
npc.eldric_the_ice_king.14147	attack_styles	https://oldschool.runescape.wiki/w/Special:Redirect/revision/15271709	2026-08-06	OSRS Wiki Infobox Monster; fill-only sync
npc.eldric_the_ice_king.14147	hitpoints	https://oldschool.runescape.wiki/w/Special:Redirect/revision/15271709	2026-08-06	OSRS Wiki Infobox Monster; fill-only sync
npc.eldric_the_ice_king.14147	max_hit	https://oldschool.runescape.wiki/w/Special:Redirect/revision/15271709	2026-08-06	OSRS Wiki Infobox Monster; fill-only sync
npc.elf_archer.5295	aggression	https://oldschool.runescape.wiki/w/Special:Redirect/revision/15200146	2026-08-06	OSRS Wiki Infobox Monster; fill-only sync
npc.elf_archer.5295	attack_speed	https://oldschool.runescape.wiki/w/Special:Redirect/revision/15200146	2026-08-06	OSRS Wiki Infobox Monster; fill-only sync
npc.elf_archer.5295	attack_styles	https://oldschool.runescape.wiki/w/Special:Redirect/revision/15200146	2026-08-06	OSRS Wiki Infobox Monster; fill-only sync
npc.elf_archer.5295	hitpoints	https://oldschool.runescape.wiki/w/Special:Redirect/revision/15200146	2026-08-06	OSRS Wiki Infobox Monster; fill-only sync
npc.elf_archer.5295	max_hit	https://oldschool.runescape.wiki/w/Special:Redirect/revision/15200146	2026-08-06	OSRS Wiki Infobox Monster; fill-only sync
npc.elf_warrior.5293	aggression	https://oldschool.runescape.wiki/w/Special:Redirect/revision/15285495	2026-08-06	OSRS Wiki Infobox Monster; fill-only sync
npc.elf_warrior.5293	attack_speed	https://oldschool.runescape.wiki/w/Special:Redirect/revision/15285495	2026-08-06	OSRS Wiki Infobox Monster; fill-only sync
npc.elf_warrior.5293	attack_styles	https://oldschool.runescape.wiki/w/Special:Redirect/revision/15285495	2026-08-06	OSRS Wiki Infobox Monster; fill-only sync
npc.elf_warrior.5293	hitpoints	https://oldschool.runescape.wiki/w/Special:Redirect/revision/15285495	2026-08-06	OSRS Wiki Infobox Monster; fill-only sync
npc.elf_warrior.5293	max_hit	https://oldschool.runescape.wiki/w/Special:Redirect/revision/15285495	2026-08-06	OSRS Wiki Infobox Monster; fill-only sync
npc.elidinis_warden.11753	aggression	https://oldschool.runescape.wiki/w/Special:Redirect/revision/15272445	2026-08-06	OSRS Wiki Infobox Monster; fill-only sync
npc.elidinis_warden.11753	attack_speed	https://oldschool.runescape.wiki/w/Special:Redirect/revision/15272445	2026-08-06	OSRS Wiki Infobox Monster; fill-only sync
npc.elidinis_warden.11753	attack_styles	https://oldschool.runescape.wiki/w/Special:Redirect/revision/15272445	2026-08-06	OSRS Wiki Infobox Monster; fill-only sync
npc.elidinis_warden.11753	hitpoints	https://oldschool.runescape.wiki/w/Special:Redirect/revision/15272445	2026-08-06	OSRS Wiki Infobox Monster; fill-only sync
npc.elidinis_warden.11753	max_hit	https://oldschool.runescape.wiki/w/Special:Redirect/revision/15272445	2026-08-06	OSRS Wiki Infobox Monster; fill-only sync
npc.elite_black_knight.13463	aggression	https://oldschool.runescape.wiki/w/Special:Redirect/revision/15275739	2026-08-06	OSRS Wiki Infobox Monster; fill-only sync
npc.elite_black_knight.13463	attack_speed	https://oldschool.runescape.wiki/w/Special:Redirect/revision/15275739	2026-08-06	OSRS Wiki Infobox Monster; fill-only sync
npc.elite_black_knight.13463	attack_styles	https://oldschool.runescape.wiki/w/Special:Redirect/revision/15275739	2026-08-06	OSRS Wiki Infobox Monster; fill-only sync
npc.elite_black_knight.13463	hitpoints	https://oldschool.runescape.wiki/w/Special:Redirect/revision/15275739	2026-08-06	OSRS Wiki Infobox Monster; fill-only sync
npc.elite_black_knight.13463	max_hit	https://oldschool.runescape.wiki/w/Special:Redirect/revision/15275739	2026-08-06	OSRS Wiki Infobox Monster; fill-only sync
npc.elite_dark_mage.13469	aggression	https://oldschool.runescape.wiki/w/Special:Redirect/revision/15200524	2026-08-06	OSRS Wiki Infobox Monster; fill-only sync
npc.elite_dark_mage.13469	attack_speed	https://oldschool.runescape.wiki/w/Special:Redirect/revision/15200524	2026-08-06	OSRS Wiki Infobox Monster; fill-only sync
npc.elite_dark_mage.13469	attack_styles	https://oldschool.runescape.wiki/w/Special:Redirect/revision/15200524	2026-08-06	OSRS Wiki Infobox Monster; fill-only sync
npc.elite_dark_mage.13469	hitpoints	https://oldschool.runescape.wiki/w/Special:Redirect/revision/15200524	2026-08-06	OSRS Wiki Infobox Monster; fill-only sync
npc.elite_dark_mage.13469	max_hit	https://oldschool.runescape.wiki/w/Special:Redirect/revision/15200524	2026-08-06	OSRS Wiki Infobox Monster; fill-only sync
npc.elite_dark_ranger.13467	aggression	https://oldschool.runescape.wiki/w/Special:Redirect/revision/15200525	2026-08-06	OSRS Wiki Infobox Monster; fill-only sync
npc.elite_dark_ranger.13467	attack_speed	https://oldschool.runescape.wiki/w/Special:Redirect/revision/15200525	2026-08-06	OSRS Wiki Infobox Monster; fill-only sync
npc.elite_dark_ranger.13467	attack_styles	https://oldschool.runescape.wiki/w/Special:Redirect/revision/15200525	2026-08-06	OSRS Wiki Infobox Monster; fill-only sync
npc.elite_dark_ranger.13467	hitpoints	https://oldschool.runescape.wiki/w/Special:Redirect/revision/15200525	2026-08-06	OSRS Wiki Infobox Monster; fill-only sync
npc.elite_dark_ranger.13467	max_hit	https://oldschool.runescape.wiki/w/Special:Redirect/revision/15200525	2026-08-06	OSRS Wiki Infobox Monster; fill-only sync
npc.elite_dark_warrior.13465	aggression	https://oldschool.runescape.wiki/w/Special:Redirect/revision/15200526	2026-08-06	OSRS Wiki Infobox Monster; fill-only sync
npc.elite_dark_warrior.13465	attack_speed	https://oldschool.runescape.wiki/w/Special:Redirect/revision/15200526	2026-08-06	OSRS Wiki Infobox Monster; fill-only sync
npc.elite_dark_warrior.13465	attack_styles	https://oldschool.runescape.wiki/w/Special:Redirect/revision/15200526	2026-08-06	OSRS Wiki Infobox Monster; fill-only sync
npc.elite_dark_warrior.13465	hitpoints	https://oldschool.runescape.wiki/w/Special:Redirect/revision/15200526	2026-08-06	OSRS Wiki Infobox Monster; fill-only sync
npc.elite_dark_warrior.13465	max_hit	https://oldschool.runescape.wiki/w/Special:Redirect/revision/15200526	2026-08-06	OSRS Wiki Infobox Monster; fill-only sync
npc.elite_khazard_guard.13531	aggression	https://oldschool.runescape.wiki/w/Special:Redirect/revision/15200527	2026-08-06	OSRS Wiki Infobox Monster; fill-only sync
npc.elite_khazard_guard.13531	attack_speed	https://oldschool.runescape.wiki/w/Special:Redirect/revision/15200527	2026-08-06	OSRS Wiki Infobox Monster; fill-only sync
npc.elite_khazard_guard.13531	attack_styles	https://oldschool.runescape.wiki/w/Special:Redirect/revision/15200527	2026-08-06	OSRS Wiki Infobox Monster; fill-only sync
npc.elite_khazard_guard.13531	hitpoints	https://oldschool.runescape.wiki/w/Special:Redirect/revision/15200527	2026-08-06	OSRS Wiki Infobox Monster; fill-only sync
npc.elite_khazard_guard.13531	max_hit	https://oldschool.runescape.wiki/w/Special:Redirect/revision/15200527	2026-08-06	OSRS Wiki Infobox Monster; fill-only sync
npc.elvarg.6349	aggression	https://oldschool.runescape.wiki/w/Special:Redirect/revision/15233362	2026-08-06	OSRS Wiki Infobox Monster; fill-only sync
npc.elvarg.6349	attack_speed	https://oldschool.runescape.wiki/w/Special:Redirect/revision/15233362	2026-08-06	OSRS Wiki Infobox Monster; fill-only sync
npc.elvarg.6349	attack_styles	https://oldschool.runescape.wiki/w/Special:Redirect/revision/15233362	2026-08-06	OSRS Wiki Infobox Monster; fill-only sync
npc.elvarg.6349	hitpoints	https://oldschool.runescape.wiki/w/Special:Redirect/revision/15233362	2026-08-06	OSRS Wiki Infobox Monster; fill-only sync
npc.elvarg.6349	max_hit	https://oldschool.runescape.wiki/w/Special:Redirect/revision/15233362	2026-08-06	OSRS Wiki Infobox Monster; fill-only sync
npc.embertailed_jerboa.13139	aggression	https://oldschool.runescape.wiki/w/Special:Redirect/revision/15200481	2026-08-06	OSRS Wiki Infobox Monster; fill-only sync
npc.embertailed_jerboa.13139	attack_speed	https://oldschool.runescape.wiki/w/Special:Redirect/revision/15200481	2026-08-06	OSRS Wiki Infobox Monster; fill-only sync
npc.embertailed_jerboa.13139	attack_styles	https://oldschool.runescape.wiki/w/Special:Redirect/revision/15200481	2026-08-06	OSRS Wiki Infobox Monster; fill-only sync
npc.embertailed_jerboa.13139	hitpoints	https://oldschool.runescape.wiki/w/Special:Redirect/revision/15200481	2026-08-06	OSRS Wiki Infobox Monster; fill-only sync
npc.embertailed_jerboa.13139	max_hit	https://oldschool.runescape.wiki/w/Special:Redirect/revision/15200481	2026-08-06	OSRS Wiki Infobox Monster; fill-only sync
npc.emissary_acolyte.13732	aggression	https://oldschool.runescape.wiki/w/Special:Redirect/revision/15237462	2026-08-06	OSRS Wiki Infobox Monster; fill-only sync
npc.emissary_acolyte.13732	attack_speed	https://oldschool.runescape.wiki/w/Special:Redirect/revision/15237462	2026-08-06	OSRS Wiki Infobox Monster; fill-only sync
npc.emissary_acolyte.13732	attack_styles	https://oldschool.runescape.wiki/w/Special:Redirect/revision/15237462	2026-08-06	OSRS Wiki Infobox Monster; fill-only sync
npc.emissary_acolyte.13732	hitpoints	https://oldschool.runescape.wiki/w/Special:Redirect/revision/15237462	2026-08-06	OSRS Wiki Infobox Monster; fill-only sync
npc.emissary_acolyte.13732	max_hit	https://oldschool.runescape.wiki/w/Special:Redirect/revision/15237462	2026-08-06	OSRS Wiki Infobox Monster; fill-only sync
npc.emissary_archer.14407	aggression	https://oldschool.runescape.wiki/w/Special:Redirect/revision/15200704	2026-08-06	OSRS Wiki Infobox Monster; fill-only sync
npc.emissary_archer.14407	attack_speed	https://oldschool.runescape.wiki/w/Special:Redirect/revision/15200704	2026-08-06	OSRS Wiki Infobox Monster; fill-only sync
npc.emissary_archer.14407	attack_styles	https://oldschool.runescape.wiki/w/Special:Redirect/revision/15200704	2026-08-06	OSRS Wiki Infobox Monster; fill-only sync
npc.emissary_archer.14407	hitpoints	https://oldschool.runescape.wiki/w/Special:Redirect/revision/15200704	2026-08-06	OSRS Wiki Infobox Monster; fill-only sync
npc.emissary_ascended.13744	aggression	https://oldschool.runescape.wiki/w/Special:Redirect/revision/15239681	2026-08-06	OSRS Wiki Infobox Monster; fill-only sync
npc.emissary_ascended.13744	attack_speed	https://oldschool.runescape.wiki/w/Special:Redirect/revision/15239681	2026-08-06	OSRS Wiki Infobox Monster; fill-only sync
npc.emissary_ascended.13744	attack_styles	https://oldschool.runescape.wiki/w/Special:Redirect/revision/15239681	2026-08-06	OSRS Wiki Infobox Monster; fill-only sync
npc.emissary_ascended.13744	hitpoints	https://oldschool.runescape.wiki/w/Special:Redirect/revision/15239681	2026-08-06	OSRS Wiki Infobox Monster; fill-only sync
npc.emissary_ascended.13744	max_hit	https://oldschool.runescape.wiki/w/Special:Redirect/revision/15239681	2026-08-06	OSRS Wiki Infobox Monster; fill-only sync
npc.emissary_brawler.13773	aggression	https://oldschool.runescape.wiki/w/Special:Redirect/revision/15225780	2026-08-06	OSRS Wiki Infobox Monster; fill-only sync
npc.emissary_brawler.13773	attack_speed	https://oldschool.runescape.wiki/w/Special:Redirect/revision/15225780	2026-08-06	OSRS Wiki Infobox Monster; fill-only sync
npc.emissary_brawler.13773	attack_styles	https://oldschool.runescape.wiki/w/Special:Redirect/revision/15225780	2026-08-06	OSRS Wiki Infobox Monster; fill-only sync
npc.emissary_brawler.13773	hitpoints	https://oldschool.runescape.wiki/w/Special:Redirect/revision/15225780	2026-08-06	OSRS Wiki Infobox Monster; fill-only sync
npc.emissary_brawler.13773	max_hit	https://oldschool.runescape.wiki/w/Special:Redirect/revision/15225780	2026-08-06	OSRS Wiki Infobox Monster; fill-only sync
npc.emissary_chosen.13738	aggression	https://oldschool.runescape.wiki/w/Special:Redirect/revision/15239642	2026-08-06	OSRS Wiki Infobox Monster; fill-only sync
npc.emissary_chosen.13738	attack_speed	https://oldschool.runescape.wiki/w/Special:Redirect/revision/15239642	2026-08-06	OSRS Wiki Infobox Monster; fill-only sync
npc.emissary_chosen.13738	attack_styles	https://oldschool.runescape.wiki/w/Special:Redirect/revision/15239642	2026-08-06	OSRS Wiki Infobox Monster; fill-only sync
npc.emissary_chosen.13738	hitpoints	https://oldschool.runescape.wiki/w/Special:Redirect/revision/15239642	2026-08-06	OSRS Wiki Infobox Monster; fill-only sync
npc.emissary_chosen.13738	max_hit	https://oldschool.runescape.wiki/w/Special:Redirect/revision/15239642	2026-08-06	OSRS Wiki Infobox Monster; fill-only sync
npc.emissary_conjurer.13777	aggression	https://oldschool.runescape.wiki/w/Special:Redirect/revision/15200558	2026-08-06	OSRS Wiki Infobox Monster; fill-only sync
npc.emissary_conjurer.13777	attack_speed	https://oldschool.runescape.wiki/w/Special:Redirect/revision/15200558	2026-08-06	OSRS Wiki Infobox Monster; fill-only sync
npc.emissary_conjurer.13777	attack_styles	https://oldschool.runescape.wiki/w/Special:Redirect/revision/15200558	2026-08-06	OSRS Wiki Infobox Monster; fill-only sync
npc.emissary_conjurer.13777	hitpoints	https://oldschool.runescape.wiki/w/Special:Redirect/revision/15200558	2026-08-06	OSRS Wiki Infobox Monster; fill-only sync
npc.emissary_conjurer.13777	max_hit	https://oldschool.runescape.wiki/w/Special:Redirect/revision/15200558	2026-08-06	OSRS Wiki Infobox Monster; fill-only sync
npc.emissary_enforcer.14268	aggression	https://oldschool.runescape.wiki/w/Special:Redirect/revision/15208053	2026-08-06	OSRS Wiki Infobox Monster; fill-only sync
npc.emissary_enforcer.14268	attack_speed	https://oldschool.runescape.wiki/w/Special:Redirect/revision/15208053	2026-08-06	OSRS Wiki Infobox Monster; fill-only sync
npc.emissary_enforcer.14268	attack_styles	https://oldschool.runescape.wiki/w/Special:Redirect/revision/15208053	2026-08-06	OSRS Wiki Infobox Monster; fill-only sync
npc.emissary_enforcer.14268	hitpoints	https://oldschool.runescape.wiki/w/Special:Redirect/revision/15208053	2026-08-06	OSRS Wiki Infobox Monster; fill-only sync
npc.emissary_enforcer.14268	max_hit	https://oldschool.runescape.wiki/w/Special:Redirect/revision/15208053	2026-08-06	OSRS Wiki Infobox Monster; fill-only sync
npc.enclave_guard.4381	aggression	https://oldschool.runescape.wiki/w/Special:Redirect/revision/15199463	2026-08-06	OSRS Wiki Infobox Monster; fill-only sync
npc.enclave_guard.4381	attack_speed	https://oldschool.runescape.wiki/w/Special:Redirect/revision/15199463	2026-08-06	OSRS Wiki Infobox Monster; fill-only sync
npc.enclave_guard.4381	attack_styles	https://oldschool.runescape.wiki/w/Special:Redirect/revision/15199463	2026-08-06	OSRS Wiki Infobox Monster; fill-only sync
npc.enclave_guard.4381	hitpoints	https://oldschool.runescape.wiki/w/Special:Redirect/revision/15199463	2026-08-06	OSRS Wiki Infobox Monster; fill-only sync
npc.enclave_guard.4381	max_hit	https://oldschool.runescape.wiki/w/Special:Redirect/revision/15199463	2026-08-06	OSRS Wiki Infobox Monster; fill-only sync
npc.ennius_tullus.14331	aggression	https://oldschool.runescape.wiki/w/Special:Redirect/revision/15200470	2026-08-06	OSRS Wiki Infobox Monster; fill-only sync
npc.ennius_tullus.14331	attack_speed	https://oldschool.runescape.wiki/w/Special:Redirect/revision/15200470	2026-08-06	OSRS Wiki Infobox Monster; fill-only sync
npc.ennius_tullus.14331	attack_styles	https://oldschool.runescape.wiki/w/Special:Redirect/revision/15200470	2026-08-06	OSRS Wiki Infobox Monster; fill-only sync
npc.ennius_tullus.14331	hitpoints	https://oldschool.runescape.wiki/w/Special:Redirect/revision/15200470	2026-08-06	OSRS Wiki Infobox Monster; fill-only sync
npc.ennius_tullus.14331	max_hit	https://oldschool.runescape.wiki/w/Special:Redirect/revision/15200470	2026-08-06	OSRS Wiki Infobox Monster; fill-only sync
npc.enormous_tentacle.5535	aggression	https://oldschool.runescape.wiki/w/Special:Redirect/revision/15275538	2026-08-06	OSRS Wiki Infobox Monster; fill-only sync
npc.enormous_tentacle.5535	attack_speed	https://oldschool.runescape.wiki/w/Special:Redirect/revision/15275538	2026-08-06	OSRS Wiki Infobox Monster; fill-only sync
npc.enormous_tentacle.5535	attack_styles	https://oldschool.runescape.wiki/w/Special:Redirect/revision/15275538	2026-08-06	OSRS Wiki Infobox Monster; fill-only sync
npc.enormous_tentacle.5535	hitpoints	https://oldschool.runescape.wiki/w/Special:Redirect/revision/15275538	2026-08-06	OSRS Wiki Infobox Monster; fill-only sync
npc.enormous_tentacle.5535	max_hit	https://oldschool.runescape.wiki/w/Special:Redirect/revision/15275538	2026-08-06	OSRS Wiki Infobox Monster; fill-only sync
npc.enormous_tentacle.5535	slayer_requirement	https://oldschool.runescape.wiki/w/Special:Redirect/revision/15275538	2026-08-06	OSRS Wiki Infobox Monster; fill-only sync
npc.enraged_barbarian_spirit.5564	aggression	https://oldschool.runescape.wiki/w/Special:Redirect/revision/15199733	2026-08-06	OSRS Wiki Infobox Monster; fill-only sync
npc.enraged_barbarian_spirit.5564	attack_speed	https://oldschool.runescape.wiki/w/Special:Redirect/revision/15199733	2026-08-06	OSRS Wiki Infobox Monster; fill-only sync
npc.enraged_barbarian_spirit.5564	attack_styles	https://oldschool.runescape.wiki/w/Special:Redirect/revision/15199733	2026-08-06	OSRS Wiki Infobox Monster; fill-only sync
npc.enraged_barbarian_spirit.5564	hitpoints	https://oldschool.runescape.wiki/w/Special:Redirect/revision/15199733	2026-08-06	OSRS Wiki Infobox Monster; fill-only sync
npc.enraged_barbarian_spirit.5564	max_hit	https://oldschool.runescape.wiki/w/Special:Redirect/revision/15199733	2026-08-06	OSRS Wiki Infobox Monster; fill-only sync
npc.enraged_boar.11227	aggression	https://oldschool.runescape.wiki/w/Special:Redirect/revision/15200278	2026-08-06	OSRS Wiki Infobox Monster; fill-only sync
npc.enraged_boar.11227	attack_speed	https://oldschool.runescape.wiki/w/Special:Redirect/revision/15200278	2026-08-06	OSRS Wiki Infobox Monster; fill-only sync
npc.enraged_boar.11227	attack_styles	https://oldschool.runescape.wiki/w/Special:Redirect/revision/15200278	2026-08-06	OSRS Wiki Infobox Monster; fill-only sync
npc.enraged_boar.11227	hitpoints	https://oldschool.runescape.wiki/w/Special:Redirect/revision/15200278	2026-08-06	OSRS Wiki Infobox Monster; fill-only sync
npc.enraged_boar.11227	max_hit	https://oldschool.runescape.wiki/w/Special:Redirect/revision/15200278	2026-08-06	OSRS Wiki Infobox Monster; fill-only sync
npc.ent.6594	aggression	https://oldschool.runescape.wiki/w/Special:Redirect/revision/15274555	2026-08-06	OSRS Wiki Infobox Monster; fill-only sync
npc.ent.6594	attack_speed	https://oldschool.runescape.wiki/w/Special:Redirect/revision/15274555	2026-08-06	OSRS Wiki Infobox Monster; fill-only sync
npc.ent.6594	attack_styles	https://oldschool.runescape.wiki/w/Special:Redirect/revision/15274555	2026-08-06	OSRS Wiki Infobox Monster; fill-only sync
npc.ent.6594	hitpoints	https://oldschool.runescape.wiki/w/Special:Redirect/revision/15274555	2026-08-06	OSRS Wiki Infobox Monster; fill-only sync
npc.ent.6594	max_hit	https://oldschool.runescape.wiki/w/Special:Redirect/revision/15274555	2026-08-06	OSRS Wiki Infobox Monster; fill-only sync
npc.entrana_firebird.4927	aggression	https://oldschool.runescape.wiki/w/Special:Redirect/revision/15199440	2026-08-06	OSRS Wiki Infobox Monster; fill-only sync
npc.entrana_firebird.4927	attack_speed	https://oldschool.runescape.wiki/w/Special:Redirect/revision/15199440	2026-08-06	OSRS Wiki Infobox Monster; fill-only sync
npc.entrana_firebird.4927	attack_styles	https://oldschool.runescape.wiki/w/Special:Redirect/revision/15199440	2026-08-06	OSRS Wiki Infobox Monster; fill-only sync
npc.entrana_firebird.4927	hitpoints	https://oldschool.runescape.wiki/w/Special:Redirect/revision/15199440	2026-08-06	OSRS Wiki Infobox Monster; fill-only sync
npc.entrana_firebird.4927	max_hit	https://oldschool.runescape.wiki/w/Special:Redirect/revision/15199440	2026-08-06	OSRS Wiki Infobox Monster; fill-only sync
npc.essyllt.8950	aggression	https://oldschool.runescape.wiki/w/Special:Redirect/revision/15199480	2026-08-06	OSRS Wiki Infobox Monster; fill-only sync
npc.essyllt.8950	attack_speed	https://oldschool.runescape.wiki/w/Special:Redirect/revision/15199480	2026-08-06	OSRS Wiki Infobox Monster; fill-only sync
npc.essyllt.8950	attack_styles	https://oldschool.runescape.wiki/w/Special:Redirect/revision/15199480	2026-08-06	OSRS Wiki Infobox Monster; fill-only sync
npc.essyllt.8950	hitpoints	https://oldschool.runescape.wiki/w/Special:Redirect/revision/15199480	2026-08-06	OSRS Wiki Infobox Monster; fill-only sync
npc.essyllt.8950	max_hit	https://oldschool.runescape.wiki/w/Special:Redirect/revision/15199480	2026-08-06	OSRS Wiki Infobox Monster; fill-only sync
npc.evelot.12047	aggression	https://oldschool.runescape.wiki/w/Special:Redirect/revision/15200335	2026-08-06	OSRS Wiki Infobox Monster; fill-only sync
npc.evelot.12047	attack_speed	https://oldschool.runescape.wiki/w/Special:Redirect/revision/15200335	2026-08-06	OSRS Wiki Infobox Monster; fill-only sync
npc.evelot.12047	attack_styles	https://oldschool.runescape.wiki/w/Special:Redirect/revision/15200335	2026-08-06	OSRS Wiki Infobox Monster; fill-only sync
npc.evelot.12047	hitpoints	https://oldschool.runescape.wiki/w/Special:Redirect/revision/15200335	2026-08-06	OSRS Wiki Infobox Monster; fill-only sync
npc.evelot.12047	max_hit	https://oldschool.runescape.wiki/w/Special:Redirect/revision/15200335	2026-08-06	OSRS Wiki Infobox Monster; fill-only sync
npc.evil_chicken.1870	attack_speed	https://oldschool.runescape.wiki/w/Special:Redirect/revision/15263659	2026-08-06	OSRS Wiki Infobox Monster; fill-only sync
npc.evil_creature.1241	aggression	CL864 quest catalogue-gap review using pinned cache revision 239	2026-08-02	Manual high-confidence quest-gap activation
npc.evil_creature.1241	attack_styles	CL864 quest catalogue-gap review using pinned cache revision 239	2026-08-02	Manual high-confidence quest-gap activation
npc.evil_creature.1241	notes	CL864 quest catalogue-gap review using pinned cache revision 239	2026-08-02	Manual high-confidence quest-gap activation
npc.evil_spirit.625	attack_speed	https://oldschool.runescape.wiki/w/Special:Redirect/revision/15199641	2026-08-06	OSRS Wiki Infobox Monster; fill-only sync
npc.experiment.1273	attack_speed	https://oldschool.runescape.wiki/w/Special:Redirect/revision/15199186	2026-08-06	OSRS Wiki Infobox Monster; fill-only sync
npc.experiment_no_2.5126	aggression	https://oldschool.runescape.wiki/w/Special:Redirect/revision/15199729	2026-08-06	OSRS Wiki Infobox Monster; fill-only sync
npc.experiment_no_2.5126	attack_speed	https://oldschool.runescape.wiki/w/Special:Redirect/revision/15199729	2026-08-06	OSRS Wiki Infobox Monster; fill-only sync
npc.experiment_no_2.5126	attack_styles	https://oldschool.runescape.wiki/w/Special:Redirect/revision/15199729	2026-08-06	OSRS Wiki Infobox Monster; fill-only sync
npc.experiment_no_2.5126	hitpoints	https://oldschool.runescape.wiki/w/Special:Redirect/revision/15199729	2026-08-06	OSRS Wiki Infobox Monster; fill-only sync
npc.experiment_no_2.5126	max_hit	https://oldschool.runescape.wiki/w/Special:Redirect/revision/15199729	2026-08-06	OSRS Wiki Infobox Monster; fill-only sync
npc.fareed.3456	aggression	https://oldschool.runescape.wiki/w/Special:Redirect/revision/15199315	2026-08-06	OSRS Wiki Infobox Monster; fill-only sync
npc.fareed.3456	attack_speed	https://oldschool.runescape.wiki/w/Special:Redirect/revision/15199315	2026-08-06	OSRS Wiki Infobox Monster; fill-only sync
npc.fareed.3456	attack_styles	https://oldschool.runescape.wiki/w/Special:Redirect/revision/15199315	2026-08-06	OSRS Wiki Infobox Monster; fill-only sync
npc.fareed.3456	hitpoints	https://oldschool.runescape.wiki/w/Special:Redirect/revision/15199315	2026-08-06	OSRS Wiki Infobox Monster; fill-only sync
npc.fareed.3456	max_hit	https://oldschool.runescape.wiki/w/Special:Redirect/revision/15199315	2026-08-06	OSRS Wiki Infobox Monster; fill-only sync
npc.fear_reaper.1066	attack_speed	https://oldschool.runescape.wiki/w/Special:Redirect/revision/15199746	2026-08-06	OSRS Wiki Infobox Monster; fill-only sync
npc.feral_vampyre.3137	attack_speed	https://oldschool.runescape.wiki/w/Special:Redirect/revision/15199173	2026-08-06	OSRS Wiki Infobox Monster; fill-only sync
npc.ferocious_barbarian_spirit.5566	aggression	https://oldschool.runescape.wiki/w/Special:Redirect/revision/15199734	2026-08-06	OSRS Wiki Infobox Monster; fill-only sync
npc.ferocious_barbarian_spirit.5566	attack_speed	https://oldschool.runescape.wiki/w/Special:Redirect/revision/15199734	2026-08-06	OSRS Wiki Infobox Monster; fill-only sync
npc.ferocious_barbarian_spirit.5566	attack_styles	https://oldschool.runescape.wiki/w/Special:Redirect/revision/15199734	2026-08-06	OSRS Wiki Infobox Monster; fill-only sync
npc.ferocious_barbarian_spirit.5566	hitpoints	https://oldschool.runescape.wiki/w/Special:Redirect/revision/15199734	2026-08-06	OSRS Wiki Infobox Monster; fill-only sync
npc.ferocious_barbarian_spirit.5566	max_hit	https://oldschool.runescape.wiki/w/Special:Redirect/revision/15199734	2026-08-06	OSRS Wiki Infobox Monster; fill-only sync
npc.fever_spider.626	attack_speed	https://oldschool.runescape.wiki/w/Special:Redirect/revision/15275482	2026-08-06	OSRS Wiki Infobox Monster; fill-only sync
npc.fever_spider.626	hazards	https://oldschool.runescape.wiki/w/Special:Redirect/revision/15275482	2026-08-06	OSRS Wiki Infobox Monster; fill-only sync
npc.fire_elemental.1365	attack_speed	https://oldschool.runescape.wiki/w/Special:Redirect/revision/15199721	2026-08-06	OSRS Wiki Infobox Monster; fill-only sync
npc.fire_giant.2075	attack_speed	https://oldschool.runescape.wiki/w/Special:Redirect/revision/15277579	2026-08-06	OSRS Wiki Infobox Monster; fill-only sync
npc.fire_warrior_of_lesarkus.3448	aggression	https://oldschool.runescape.wiki/w/Special:Redirect/revision/15199652	2026-08-06	OSRS Wiki Infobox Monster; fill-only sync
npc.fire_warrior_of_lesarkus.3448	attack_speed	https://oldschool.runescape.wiki/w/Special:Redirect/revision/15199652	2026-08-06	OSRS Wiki Infobox Monster; fill-only sync
npc.fire_warrior_of_lesarkus.3448	attack_styles	https://oldschool.runescape.wiki/w/Special:Redirect/revision/15199652	2026-08-06	OSRS Wiki Infobox Monster; fill-only sync
npc.fire_warrior_of_lesarkus.3448	hitpoints	https://oldschool.runescape.wiki/w/Special:Redirect/revision/15199652	2026-08-06	OSRS Wiki Infobox Monster; fill-only sync
npc.fire_warrior_of_lesarkus.3448	max_hit	https://oldschool.runescape.wiki/w/Special:Redirect/revision/15199652	2026-08-06	OSRS Wiki Infobox Monster; fill-only sync
npc.fire_wizard.1556	attack_speed	https://oldschool.runescape.wiki/w/Special:Redirect/revision/15276391	2026-08-06	OSRS Wiki Infobox Monster; fill-only sync
npc.fiyr_shade.1286	attack_speed	https://oldschool.runescape.wiki/w/Special:Redirect/revision/15229541	2026-08-06	OSRS Wiki Infobox Monster; fill-only sync
npc.fiyr_shadow.1285	attack_speed	https://oldschool.runescape.wiki/w/Special:Redirect/revision/15229541	2026-08-06	OSRS Wiki Infobox Monster; fill-only sync
npc.flambeed.4881	aggression	https://oldschool.runescape.wiki/w/Special:Redirect/revision/15215854	2026-08-06	OSRS Wiki Infobox Monster; fill-only sync
npc.flambeed.4881	attack_speed	https://oldschool.runescape.wiki/w/Special:Redirect/revision/15215854	2026-08-06	OSRS Wiki Infobox Monster; fill-only sync
npc.flambeed.4881	attack_styles	https://oldschool.runescape.wiki/w/Special:Redirect/revision/15215854	2026-08-06	OSRS Wiki Infobox Monster; fill-only sync
npc.flambeed.4881	hitpoints	https://oldschool.runescape.wiki/w/Special:Redirect/revision/15215854	2026-08-06	OSRS Wiki Infobox Monster; fill-only sync
npc.flambeed.4881	max_hit	https://oldschool.runescape.wiki/w/Special:Redirect/revision/15215854	2026-08-06	OSRS Wiki Infobox Monster; fill-only sync
npc.flaming_pyrelord.7394	aggression	https://oldschool.runescape.wiki/w/Special:Redirect/revision/15283010	2026-08-06	OSRS Wiki Infobox Monster; fill-only sync
npc.flaming_pyrelord.7394	attack_speed	https://oldschool.runescape.wiki/w/Special:Redirect/revision/15283010	2026-08-06	OSRS Wiki Infobox Monster; fill-only sync
npc.flaming_pyrelord.7394	attack_styles	https://oldschool.runescape.wiki/w/Special:Redirect/revision/15283010	2026-08-06	OSRS Wiki Infobox Monster; fill-only sync
npc.flaming_pyrelord.7394	hitpoints	https://oldschool.runescape.wiki/w/Special:Redirect/revision/15283010	2026-08-06	OSRS Wiki Infobox Monster; fill-only sync
npc.flaming_pyrelord.7394	max_hit	https://oldschool.runescape.wiki/w/Special:Redirect/revision/15283010	2026-08-06	OSRS Wiki Infobox Monster; fill-only sync
npc.flaming_pyrelord.7394	slayer_requirement	https://oldschool.runescape.wiki/w/Special:Redirect/revision/15283010	2026-08-06	OSRS Wiki Infobox Monster; fill-only sync
npc.flawed_golem.10695	aggression	https://oldschool.runescape.wiki/w/Special:Redirect/revision/15270680	2026-08-06	OSRS Wiki Infobox Monster; fill-only sync
npc.flawed_golem.10695	attack_speed	https://oldschool.runescape.wiki/w/Special:Redirect/revision/15270680	2026-08-06	OSRS Wiki Infobox Monster; fill-only sync
npc.flawed_golem.10695	attack_styles	https://oldschool.runescape.wiki/w/Special:Redirect/revision/15270680	2026-08-06	OSRS Wiki Infobox Monster; fill-only sync
npc.flawed_golem.10695	hitpoints	https://oldschool.runescape.wiki/w/Special:Redirect/revision/15270680	2026-08-06	OSRS Wiki Infobox Monster; fill-only sync
npc.flawed_golem.10695	max_hit	https://oldschool.runescape.wiki/w/Special:Redirect/revision/15270680	2026-08-06	OSRS Wiki Infobox Monster; fill-only sync
npc.flesh_crawler.2498	attack_speed	https://oldschool.runescape.wiki/w/Special:Redirect/revision/15275490	2026-08-06	OSRS Wiki Infobox Monster; fill-only sync
npc.flight_kilisa.3165	aggression	https://oldschool.runescape.wiki/w/Special:Redirect/revision/15199574	2026-08-06	OSRS Wiki Infobox Monster; fill-only sync
npc.flight_kilisa.3165	attack_speed	https://oldschool.runescape.wiki/w/Special:Redirect/revision/15199574	2026-08-06	OSRS Wiki Infobox Monster; fill-only sync
npc.flight_kilisa.3165	attack_styles	https://oldschool.runescape.wiki/w/Special:Redirect/revision/15199574	2026-08-06	OSRS Wiki Infobox Monster; fill-only sync
npc.flight_kilisa.3165	hitpoints	https://oldschool.runescape.wiki/w/Special:Redirect/revision/15199574	2026-08-06	OSRS Wiki Infobox Monster; fill-only sync
npc.flight_kilisa.3165	max_hit	https://oldschool.runescape.wiki/w/Special:Redirect/revision/15199574	2026-08-06	OSRS Wiki Infobox Monster; fill-only sync
npc.flockleader_geerin.3164	aggression	https://oldschool.runescape.wiki/w/Special:Redirect/revision/15205102	2026-08-06	OSRS Wiki Infobox Monster; fill-only sync
npc.flockleader_geerin.3164	attack_speed	https://oldschool.runescape.wiki/w/Special:Redirect/revision/15205102	2026-08-06	OSRS Wiki Infobox Monster; fill-only sync
npc.flockleader_geerin.3164	attack_styles	https://oldschool.runescape.wiki/w/Special:Redirect/revision/15205102	2026-08-06	OSRS Wiki Infobox Monster; fill-only sync
npc.flockleader_geerin.3164	hitpoints	https://oldschool.runescape.wiki/w/Special:Redirect/revision/15205102	2026-08-06	OSRS Wiki Infobox Monster; fill-only sync
npc.flockleader_geerin.3164	max_hit	https://oldschool.runescape.wiki/w/Special:Redirect/revision/15205102	2026-08-06	OSRS Wiki Infobox Monster; fill-only sync
npc.foreman.1429	attack_speed	https://oldschool.runescape.wiki/w/Special:Redirect/revision/15199793	2026-08-06	OSRS Wiki Infobox Monster; fill-only sync
npc.forgotten_soul.10523	aggression	https://oldschool.runescape.wiki/w/Special:Redirect/revision/15200219	2026-08-06	OSRS Wiki Infobox Monster; fill-only sync
npc.forgotten_soul.10523	attack_speed	https://oldschool.runescape.wiki/w/Special:Redirect/revision/15200219	2026-08-06	OSRS Wiki Infobox Monster; fill-only sync
npc.forgotten_soul.10523	attack_styles	https://oldschool.runescape.wiki/w/Special:Redirect/revision/15200219	2026-08-06	OSRS Wiki Infobox Monster; fill-only sync
npc.forgotten_soul.10523	hitpoints	https://oldschool.runescape.wiki/w/Special:Redirect/revision/15200219	2026-08-06	OSRS Wiki Infobox Monster; fill-only sync
npc.forgotten_soul.10523	max_hit	https://oldschool.runescape.wiki/w/Special:Redirect/revision/15200219	2026-08-06	OSRS Wiki Infobox Monster; fill-only sync
npc.fortress_guard.4772	aggression	https://oldschool.runescape.wiki/w/Special:Redirect/revision/15286929	2026-08-06	OSRS Wiki Infobox Monster; fill-only sync
npc.fortress_guard.4772	attack_speed	https://oldschool.runescape.wiki/w/Special:Redirect/revision/15286929	2026-08-06	OSRS Wiki Infobox Monster; fill-only sync
npc.fortress_guard.4772	attack_styles	https://oldschool.runescape.wiki/w/Special:Redirect/revision/15286929	2026-08-06	OSRS Wiki Infobox Monster; fill-only sync
npc.fortress_guard.4772	hitpoints	https://oldschool.runescape.wiki/w/Special:Redirect/revision/15286929	2026-08-06	OSRS Wiki Infobox Monster; fill-only sync
npc.fortress_guard.4772	max_hit	https://oldschool.runescape.wiki/w/Special:Redirect/revision/15286929	2026-08-06	OSRS Wiki Infobox Monster; fill-only sync
npc.fox.3901	aggression	https://oldschool.runescape.wiki/w/Special:Redirect/revision/15200046	2026-08-06	OSRS Wiki Infobox Monster; fill-only sync
npc.fox.3901	attack_speed	https://oldschool.runescape.wiki/w/Special:Redirect/revision/15200046	2026-08-06	OSRS Wiki Infobox Monster; fill-only sync
npc.fox.3901	attack_styles	https://oldschool.runescape.wiki/w/Special:Redirect/revision/15200046	2026-08-06	OSRS Wiki Infobox Monster; fill-only sync
npc.fox.3901	hitpoints	https://oldschool.runescape.wiki/w/Special:Redirect/revision/15200046	2026-08-06	OSRS Wiki Infobox Monster; fill-only sync
npc.fox.3901	max_hit	https://oldschool.runescape.wiki/w/Special:Redirect/revision/15200046	2026-08-06	OSRS Wiki Infobox Monster; fill-only sync
npc.fragment_of_seren.8917	aggression	https://oldschool.runescape.wiki/w/Special:Redirect/revision/15284224	2026-08-06	OSRS Wiki Infobox Monster; fill-only sync
npc.fragment_of_seren.8917	attack_speed	https://oldschool.runescape.wiki/w/Special:Redirect/revision/15284224	2026-08-06	OSRS Wiki Infobox Monster; fill-only sync
npc.fragment_of_seren.8917	attack_styles	https://oldschool.runescape.wiki/w/Special:Redirect/revision/15284224	2026-08-06	OSRS Wiki Infobox Monster; fill-only sync
npc.fragment_of_seren.8917	hitpoints	https://oldschool.runescape.wiki/w/Special:Redirect/revision/15284224	2026-08-06	OSRS Wiki Infobox Monster; fill-only sync
npc.fragment_of_seren.8917	max_hit	https://oldschool.runescape.wiki/w/Special:Redirect/revision/15284224	2026-08-06	OSRS Wiki Infobox Monster; fill-only sync
npc.freidir.3938	aggression	https://oldschool.runescape.wiki/w/Special:Redirect/revision/15199666	2026-08-06	OSRS Wiki Infobox Monster; fill-only sync
npc.freidir.3938	attack_speed	https://oldschool.runescape.wiki/w/Special:Redirect/revision/15199666	2026-08-06	OSRS Wiki Infobox Monster; fill-only sync
npc.freidir.3938	attack_styles	https://oldschool.runescape.wiki/w/Special:Redirect/revision/15199666	2026-08-06	OSRS Wiki Infobox Monster; fill-only sync
npc.freidir.3938	hitpoints	https://oldschool.runescape.wiki/w/Special:Redirect/revision/15199666	2026-08-06	OSRS Wiki Infobox Monster; fill-only sync
npc.freidir.3938	max_hit	https://oldschool.runescape.wiki/w/Special:Redirect/revision/15199666	2026-08-06	OSRS Wiki Infobox Monster; fill-only sync
npc.fremennik_warband_archer.12814	aggression	https://oldschool.runescape.wiki/w/Special:Redirect/revision/15263423	2026-08-06	OSRS Wiki Infobox Monster; fill-only sync
npc.fremennik_warband_archer.12814	attack_speed	https://oldschool.runescape.wiki/w/Special:Redirect/revision/15263423	2026-08-06	OSRS Wiki Infobox Monster; fill-only sync
npc.fremennik_warband_archer.12814	attack_styles	https://oldschool.runescape.wiki/w/Special:Redirect/revision/15263423	2026-08-06	OSRS Wiki Infobox Monster; fill-only sync
npc.fremennik_warband_archer.12814	hitpoints	https://oldschool.runescape.wiki/w/Special:Redirect/revision/15263423	2026-08-06	OSRS Wiki Infobox Monster; fill-only sync
npc.fremennik_warband_archer.12814	max_hit	https://oldschool.runescape.wiki/w/Special:Redirect/revision/15263423	2026-08-06	OSRS Wiki Infobox Monster; fill-only sync
npc.fremennik_warband_berserker.12816	aggression	https://oldschool.runescape.wiki/w/Special:Redirect/revision/15200485	2026-08-06	OSRS Wiki Infobox Monster; fill-only sync
npc.fremennik_warband_berserker.12816	attack_speed	https://oldschool.runescape.wiki/w/Special:Redirect/revision/15200485	2026-08-06	OSRS Wiki Infobox Monster; fill-only sync
npc.fremennik_warband_berserker.12816	attack_styles	https://oldschool.runescape.wiki/w/Special:Redirect/revision/15200485	2026-08-06	OSRS Wiki Infobox Monster; fill-only sync
npc.fremennik_warband_berserker.12816	hitpoints	https://oldschool.runescape.wiki/w/Special:Redirect/revision/15200485	2026-08-06	OSRS Wiki Infobox Monster; fill-only sync
npc.fremennik_warband_berserker.12816	max_hit	https://oldschool.runescape.wiki/w/Special:Redirect/revision/15200485	2026-08-06	OSRS Wiki Infobox Monster; fill-only sync
npc.fremennik_warband_seer.12815	aggression	https://oldschool.runescape.wiki/w/Special:Redirect/revision/15200484	2026-08-06	OSRS Wiki Infobox Monster; fill-only sync
npc.fremennik_warband_seer.12815	attack_speed	https://oldschool.runescape.wiki/w/Special:Redirect/revision/15200484	2026-08-06	OSRS Wiki Infobox Monster; fill-only sync
npc.fremennik_warband_seer.12815	attack_styles	https://oldschool.runescape.wiki/w/Special:Redirect/revision/15200484	2026-08-06	OSRS Wiki Infobox Monster; fill-only sync
npc.fremennik_warband_seer.12815	hitpoints	https://oldschool.runescape.wiki/w/Special:Redirect/revision/15200484	2026-08-06	OSRS Wiki Infobox Monster; fill-only sync
npc.fremennik_warband_seer.12815	max_hit	https://oldschool.runescape.wiki/w/Special:Redirect/revision/15200484	2026-08-06	OSRS Wiki Infobox Monster; fill-only sync
npc.frenzied_ice_troll_female.5825	aggression	https://oldschool.runescape.wiki/w/Special:Redirect/revision/15200373	2026-08-06	OSRS Wiki Infobox Monster; fill-only sync
npc.frenzied_ice_troll_female.5825	attack_speed	https://oldschool.runescape.wiki/w/Special:Redirect/revision/15200373	2026-08-06	OSRS Wiki Infobox Monster; fill-only sync
npc.frenzied_ice_troll_female.5825	attack_styles	https://oldschool.runescape.wiki/w/Special:Redirect/revision/15200373	2026-08-06	OSRS Wiki Infobox Monster; fill-only sync
npc.frenzied_ice_troll_female.5825	hitpoints	https://oldschool.runescape.wiki/w/Special:Redirect/revision/15200373	2026-08-06	OSRS Wiki Infobox Monster; fill-only sync
npc.frenzied_ice_troll_female.5825	max_hit	https://oldschool.runescape.wiki/w/Special:Redirect/revision/15200373	2026-08-06	OSRS Wiki Infobox Monster; fill-only sync
npc.frenzied_ice_troll_grunt.5826	aggression	https://oldschool.runescape.wiki/w/Special:Redirect/revision/15200374	2026-08-06	OSRS Wiki Infobox Monster; fill-only sync
npc.frenzied_ice_troll_grunt.5826	attack_speed	https://oldschool.runescape.wiki/w/Special:Redirect/revision/15200374	2026-08-06	OSRS Wiki Infobox Monster; fill-only sync
npc.frenzied_ice_troll_grunt.5826	attack_styles	https://oldschool.runescape.wiki/w/Special:Redirect/revision/15200374	2026-08-06	OSRS Wiki Infobox Monster; fill-only sync
npc.frenzied_ice_troll_grunt.5826	hitpoints	https://oldschool.runescape.wiki/w/Special:Redirect/revision/15200374	2026-08-06	OSRS Wiki Infobox Monster; fill-only sync
npc.frenzied_ice_troll_grunt.5826	max_hit	https://oldschool.runescape.wiki/w/Special:Redirect/revision/15200374	2026-08-06	OSRS Wiki Infobox Monster; fill-only sync
npc.frenzied_ice_troll_male.5824	aggression	https://oldschool.runescape.wiki/w/Special:Redirect/revision/15200375	2026-08-06	OSRS Wiki Infobox Monster; fill-only sync
npc.frenzied_ice_troll_male.5824	attack_speed	https://oldschool.runescape.wiki/w/Special:Redirect/revision/15200375	2026-08-06	OSRS Wiki Infobox Monster; fill-only sync
npc.frenzied_ice_troll_male.5824	attack_styles	https://oldschool.runescape.wiki/w/Special:Redirect/revision/15200375	2026-08-06	OSRS Wiki Infobox Monster; fill-only sync
npc.frenzied_ice_troll_male.5824	hitpoints	https://oldschool.runescape.wiki/w/Special:Redirect/revision/15200375	2026-08-06	OSRS Wiki Infobox Monster; fill-only sync
npc.frenzied_ice_troll_male.5824	max_hit	https://oldschool.runescape.wiki/w/Special:Redirect/revision/15200375	2026-08-06	OSRS Wiki Infobox Monster; fill-only sync
npc.frenzied_ice_troll_runt.5823	aggression	https://oldschool.runescape.wiki/w/Special:Redirect/revision/15200372	2026-08-06	OSRS Wiki Infobox Monster; fill-only sync
npc.frenzied_ice_troll_runt.5823	attack_speed	https://oldschool.runescape.wiki/w/Special:Redirect/revision/15200372	2026-08-06	OSRS Wiki Infobox Monster; fill-only sync
npc.frenzied_ice_troll_runt.5823	attack_styles	https://oldschool.runescape.wiki/w/Special:Redirect/revision/15200372	2026-08-06	OSRS Wiki Infobox Monster; fill-only sync
npc.frenzied_ice_troll_runt.5823	hitpoints	https://oldschool.runescape.wiki/w/Special:Redirect/revision/15200372	2026-08-06	OSRS Wiki Infobox Monster; fill-only sync
npc.frenzied_ice_troll_runt.5823	max_hit	https://oldschool.runescape.wiki/w/Special:Redirect/revision/15200372	2026-08-06	OSRS Wiki Infobox Monster; fill-only sync
npc.frigatebird.15226	aggression	https://oldschool.runescape.wiki/w/Special:Redirect/revision/15233961	2026-08-06	OSRS Wiki Infobox Monster; fill-only sync
npc.frigatebird.15226	attack_speed	https://oldschool.runescape.wiki/w/Special:Redirect/revision/15233961	2026-08-06	OSRS Wiki Infobox Monster; fill-only sync
npc.frigatebird.15226	attack_styles	https://oldschool.runescape.wiki/w/Special:Redirect/revision/15233961	2026-08-06	OSRS Wiki Infobox Monster; fill-only sync
npc.frigatebird.15226	hitpoints	https://oldschool.runescape.wiki/w/Special:Redirect/revision/15233961	2026-08-06	OSRS Wiki Infobox Monster; fill-only sync
npc.frigatebird.15226	max_hit	https://oldschool.runescape.wiki/w/Special:Redirect/revision/15233961	2026-08-06	OSRS Wiki Infobox Monster; fill-only sync
npc.frog.8702	aggression	https://oldschool.runescape.wiki/w/Special:Redirect/revision/15215856	2026-08-06	OSRS Wiki Infobox Monster; fill-only sync
npc.frog.8702	attack_speed	https://oldschool.runescape.wiki/w/Special:Redirect/revision/15215856	2026-08-06	OSRS Wiki Infobox Monster; fill-only sync
npc.frog.8702	attack_styles	https://oldschool.runescape.wiki/w/Special:Redirect/revision/15215856	2026-08-06	OSRS Wiki Infobox Monster; fill-only sync
npc.frog.8702	hitpoints	https://oldschool.runescape.wiki/w/Special:Redirect/revision/15215856	2026-08-06	OSRS Wiki Infobox Monster; fill-only sync
npc.frog.8702	max_hit	https://oldschool.runescape.wiki/w/Special:Redirect/revision/15215856	2026-08-06	OSRS Wiki Infobox Monster; fill-only sync
npc.frogeel.3600	aggression	https://oldschool.runescape.wiki/w/Special:Redirect/revision/15211352	2026-08-06	OSRS Wiki Infobox Monster; fill-only sync
npc.frogeel.3600	attack_speed	https://oldschool.runescape.wiki/w/Special:Redirect/revision/15211352	2026-08-06	OSRS Wiki Infobox Monster; fill-only sync
npc.frogeel.3600	attack_styles	https://oldschool.runescape.wiki/w/Special:Redirect/revision/15211352	2026-08-06	OSRS Wiki Infobox Monster; fill-only sync
npc.frogeel.3600	hitpoints	https://oldschool.runescape.wiki/w/Special:Redirect/revision/15211352	2026-08-06	OSRS Wiki Infobox Monster; fill-only sync
npc.frogeel.3600	max_hit	https://oldschool.runescape.wiki/w/Special:Redirect/revision/15211352	2026-08-06	OSRS Wiki Infobox Monster; fill-only sync
npc.frost_crab.13789	aggression	https://oldschool.runescape.wiki/w/Special:Redirect/revision/15200547	2026-08-06	OSRS Wiki Infobox Monster; fill-only sync
npc.frost_crab.13789	attack_speed	https://oldschool.runescape.wiki/w/Special:Redirect/revision/15200547	2026-08-06	OSRS Wiki Infobox Monster; fill-only sync
npc.frost_crab.13789	attack_styles	https://oldschool.runescape.wiki/w/Special:Redirect/revision/15200547	2026-08-06	OSRS Wiki Infobox Monster; fill-only sync
npc.frost_crab.13789	hitpoints	https://oldschool.runescape.wiki/w/Special:Redirect/revision/15200547	2026-08-06	OSRS Wiki Infobox Monster; fill-only sync
npc.frost_crab.13789	max_hit	https://oldschool.runescape.wiki/w/Special:Redirect/revision/15200547	2026-08-06	OSRS Wiki Infobox Monster; fill-only sync
npc.frost_dragon.14922	aggression	https://oldschool.runescape.wiki/w/Special:Redirect/revision/15276466	2026-08-06	OSRS Wiki Infobox Monster; fill-only sync
npc.frost_dragon.14922	attack_speed	https://oldschool.runescape.wiki/w/Special:Redirect/revision/15276466	2026-08-06	OSRS Wiki Infobox Monster; fill-only sync
npc.frost_dragon.14922	attack_styles	https://oldschool.runescape.wiki/w/Special:Redirect/revision/15276466	2026-08-06	OSRS Wiki Infobox Monster; fill-only sync
npc.frost_dragon.14922	hitpoints	https://oldschool.runescape.wiki/w/Special:Redirect/revision/15276466	2026-08-06	OSRS Wiki Infobox Monster; fill-only sync
npc.frost_dragon.14922	max_hit	https://oldschool.runescape.wiki/w/Special:Redirect/revision/15276466	2026-08-06	OSRS Wiki Infobox Monster; fill-only sync
npc.frost_nagua.13787	aggression	https://oldschool.runescape.wiki/w/Special:Redirect/revision/15276262	2026-08-06	OSRS Wiki Infobox Monster; fill-only sync
npc.frost_nagua.13787	attack_speed	https://oldschool.runescape.wiki/w/Special:Redirect/revision/15276262	2026-08-06	OSRS Wiki Infobox Monster; fill-only sync
npc.frost_nagua.13787	attack_styles	https://oldschool.runescape.wiki/w/Special:Redirect/revision/15276262	2026-08-06	OSRS Wiki Infobox Monster; fill-only sync
npc.frost_nagua.13787	hitpoints	https://oldschool.runescape.wiki/w/Special:Redirect/revision/15276262	2026-08-06	OSRS Wiki Infobox Monster; fill-only sync
npc.frost_nagua.13787	max_hit	https://oldschool.runescape.wiki/w/Special:Redirect/revision/15276262	2026-08-06	OSRS Wiki Infobox Monster; fill-only sync
npc.frost_nagua.13787	slayer_requirement	https://oldschool.runescape.wiki/w/Special:Redirect/revision/15276262	2026-08-06	OSRS Wiki Infobox Monster; fill-only sync
npc.fumus.11283	aggression	https://oldschool.runescape.wiki/w/Special:Redirect/revision/15221135	2026-08-06	OSRS Wiki Infobox Monster; fill-only sync
npc.fumus.11283	attack_speed	https://oldschool.runescape.wiki/w/Special:Redirect/revision/15221135	2026-08-06	OSRS Wiki Infobox Monster; fill-only sync
npc.fumus.11283	attack_styles	https://oldschool.runescape.wiki/w/Special:Redirect/revision/15221135	2026-08-06	OSRS Wiki Infobox Monster; fill-only sync
npc.fumus.11283	hazards	https://oldschool.runescape.wiki/w/Special:Redirect/revision/15221135	2026-08-06	OSRS Wiki Infobox Monster; fill-only sync
npc.fumus.11283	hitpoints	https://oldschool.runescape.wiki/w/Special:Redirect/revision/15221135	2026-08-06	OSRS Wiki Infobox Monster; fill-only sync
npc.fumus.11283	max_hit	https://oldschool.runescape.wiki/w/Special:Redirect/revision/15221135	2026-08-06	OSRS Wiki Infobox Monster; fill-only sync
npc.gadderanks.4484	aggression	https://oldschool.runescape.wiki/w/Special:Redirect/revision/15199449	2026-08-06	OSRS Wiki Infobox Monster; fill-only sync
npc.gadderanks.4484	attack_speed	https://oldschool.runescape.wiki/w/Special:Redirect/revision/15199449	2026-08-06	OSRS Wiki Infobox Monster; fill-only sync
npc.gadderanks.4484	attack_styles	https://oldschool.runescape.wiki/w/Special:Redirect/revision/15199449	2026-08-06	OSRS Wiki Infobox Monster; fill-only sync
npc.gadderanks.4484	hitpoints	https://oldschool.runescape.wiki/w/Special:Redirect/revision/15199449	2026-08-06	OSRS Wiki Infobox Monster; fill-only sync
npc.gadderanks.4484	max_hit	https://oldschool.runescape.wiki/w/Special:Redirect/revision/15199449	2026-08-06	OSRS Wiki Infobox Monster; fill-only sync
npc.galina.2625	attack_speed	https://oldschool.runescape.wiki/w/Special:Redirect/revision/15199953	2026-08-06	OSRS Wiki Infobox Monster; fill-only sync
npc.galvek.8095	aggression	https://oldschool.runescape.wiki/w/Special:Redirect/revision/15272224	2026-08-06	OSRS Wiki Infobox Monster; fill-only sync
npc.galvek.8095	attack_speed	https://oldschool.runescape.wiki/w/Special:Redirect/revision/15272224	2026-08-06	OSRS Wiki Infobox Monster; fill-only sync
npc.galvek.8095	attack_styles	https://oldschool.runescape.wiki/w/Special:Redirect/revision/15272224	2026-08-06	OSRS Wiki Infobox Monster; fill-only sync
npc.galvek.8095	hitpoints	https://oldschool.runescape.wiki/w/Special:Redirect/revision/15272224	2026-08-06	OSRS Wiki Infobox Monster; fill-only sync
npc.galvek.8095	max_hit	https://oldschool.runescape.wiki/w/Special:Redirect/revision/15272224	2026-08-06	OSRS Wiki Infobox Monster; fill-only sync
npc.gang_boss.6900	aggression	https://oldschool.runescape.wiki/w/Special:Redirect/revision/15199837	2026-08-06	OSRS Wiki Infobox Monster; fill-only sync
npc.gang_boss.6900	attack_speed	https://oldschool.runescape.wiki/w/Special:Redirect/revision/15199837	2026-08-06	OSRS Wiki Infobox Monster; fill-only sync
npc.gang_boss.6900	attack_styles	https://oldschool.runescape.wiki/w/Special:Redirect/revision/15199837	2026-08-06	OSRS Wiki Infobox Monster; fill-only sync
npc.gang_boss.6900	hitpoints	https://oldschool.runescape.wiki/w/Special:Redirect/revision/15199837	2026-08-06	OSRS Wiki Infobox Monster; fill-only sync
npc.gang_boss.6900	max_hit	https://oldschool.runescape.wiki/w/Special:Redirect/revision/15199837	2026-08-06	OSRS Wiki Infobox Monster; fill-only sync
npc.gangster.6896	aggression	https://oldschool.runescape.wiki/w/Special:Redirect/revision/15199836	2026-08-06	OSRS Wiki Infobox Monster; fill-only sync
npc.gangster.6896	attack_speed	https://oldschool.runescape.wiki/w/Special:Redirect/revision/15199836	2026-08-06	OSRS Wiki Infobox Monster; fill-only sync
npc.gangster.6896	attack_styles	https://oldschool.runescape.wiki/w/Special:Redirect/revision/15199836	2026-08-06	OSRS Wiki Infobox Monster; fill-only sync
npc.gangster.6896	hitpoints	https://oldschool.runescape.wiki/w/Special:Redirect/revision/15199836	2026-08-06	OSRS Wiki Infobox Monster; fill-only sync
npc.gangster.6896	max_hit	https://oldschool.runescape.wiki/w/Special:Redirect/revision/15199836	2026-08-06	OSRS Wiki Infobox Monster; fill-only sync
npc.gardener.3275	aggression	https://oldschool.runescape.wiki/w/Special:Redirect/revision/15258506	2026-08-06	OSRS Wiki Infobox Monster; fill-only sync
npc.gardener.3275	attack_speed	https://oldschool.runescape.wiki/w/Special:Redirect/revision/15258506	2026-08-06	OSRS Wiki Infobox Monster; fill-only sync
npc.gardener.3275	attack_styles	https://oldschool.runescape.wiki/w/Special:Redirect/revision/15258506	2026-08-06	OSRS Wiki Infobox Monster; fill-only sync
npc.gardener.3275	hitpoints	https://oldschool.runescape.wiki/w/Special:Redirect/revision/15258506	2026-08-06	OSRS Wiki Infobox Monster; fill-only sync
npc.gardener.3275	max_hit	https://oldschool.runescape.wiki/w/Special:Redirect/revision/15258506	2026-08-06	OSRS Wiki Infobox Monster; fill-only sync
npc.gargoyle.412	attack_speed	https://oldschool.runescape.wiki/w/Special:Redirect/revision/15285609	2026-08-06	OSRS Wiki Infobox Monster; fill-only sync
npc.gelatinnoth_mother.4884	aggression	https://oldschool.runescape.wiki/w/Special:Redirect/revision/15199515	2026-08-06	OSRS Wiki Infobox Monster; fill-only sync
npc.gelatinnoth_mother.4884	attack_speed	https://oldschool.runescape.wiki/w/Special:Redirect/revision/15199515	2026-08-06	OSRS Wiki Infobox Monster; fill-only sync
npc.gelatinnoth_mother.4884	attack_styles	https://oldschool.runescape.wiki/w/Special:Redirect/revision/15199515	2026-08-06	OSRS Wiki Infobox Monster; fill-only sync
npc.gelatinnoth_mother.4884	hitpoints	https://oldschool.runescape.wiki/w/Special:Redirect/revision/15199515	2026-08-06	OSRS Wiki Infobox Monster; fill-only sync
npc.gelatinnoth_mother.4884	max_hit	https://oldschool.runescape.wiki/w/Special:Redirect/revision/15199515	2026-08-06	OSRS Wiki Infobox Monster; fill-only sync
npc.gemstone_crab.14779	aggression	https://oldschool.runescape.wiki/w/Special:Redirect/revision/15271566	2026-08-06	OSRS Wiki Infobox Monster; fill-only sync
npc.gemstone_crab.14779	attack_speed	https://oldschool.runescape.wiki/w/Special:Redirect/revision/15271566	2026-08-06	OSRS Wiki Infobox Monster; fill-only sync
npc.gemstone_crab.14779	attack_styles	https://oldschool.runescape.wiki/w/Special:Redirect/revision/15271566	2026-08-06	OSRS Wiki Infobox Monster; fill-only sync
npc.gemstone_crab.14779	hitpoints	https://oldschool.runescape.wiki/w/Special:Redirect/revision/15271566	2026-08-06	OSRS Wiki Infobox Monster; fill-only sync
npc.gemstone_crab.14779	max_hit	https://oldschool.runescape.wiki/w/Special:Redirect/revision/15271566	2026-08-06	OSRS Wiki Infobox Monster; fill-only sync
npc.general_graardor.2215	attack_speed	https://oldschool.runescape.wiki/w/Special:Redirect/revision/15276905	2026-08-06	OSRS Wiki Infobox Monster; fill-only sync
npc.general_khazard.12025	aggression	https://oldschool.runescape.wiki/w/Special:Redirect/revision/15216084	2026-08-06	OSRS Wiki Infobox Monster; fill-only sync
npc.general_khazard.12025	attack_speed	https://oldschool.runescape.wiki/w/Special:Redirect/revision/15216084	2026-08-06	OSRS Wiki Infobox Monster; fill-only sync
npc.general_khazard.12025	attack_styles	https://oldschool.runescape.wiki/w/Special:Redirect/revision/15216084	2026-08-06	OSRS Wiki Infobox Monster; fill-only sync
npc.general_khazard.12025	hitpoints	https://oldschool.runescape.wiki/w/Special:Redirect/revision/15216084	2026-08-06	OSRS Wiki Infobox Monster; fill-only sync
npc.general_khazard.12025	max_hit	https://oldschool.runescape.wiki/w/Special:Redirect/revision/15216084	2026-08-06	OSRS Wiki Infobox Monster; fill-only sync
npc.georgy.2620	attack_speed	https://oldschool.runescape.wiki/w/Special:Redirect/revision/15199955	2026-08-06	OSRS Wiki Infobox Monster; fill-only sync
npc.ghast.946	attack_speed	https://oldschool.runescape.wiki/w/Special:Redirect/revision/15266981	2026-08-06	OSRS Wiki Infobox Monster; fill-only sync
npc.ghost.85	attack_speed	https://oldschool.runescape.wiki/w/Special:Redirect/revision/15212981	2026-08-06	OSRS Wiki Infobox Monster; fill-only sync
npc.ghoul.289	attack_speed	https://oldschool.runescape.wiki/w/Special:Redirect/revision/15271680	2026-08-06	OSRS Wiki Infobox Monster; fill-only sync
npc.ghoul_champion.3330	aggression	https://oldschool.runescape.wiki/w/Special:Redirect/revision/15213168	2026-08-06	OSRS Wiki Infobox Monster; fill-only sync
npc.ghoul_champion.3330	attack_speed	https://oldschool.runescape.wiki/w/Special:Redirect/revision/15213168	2026-08-06	OSRS Wiki Infobox Monster; fill-only sync
npc.ghoul_champion.3330	attack_styles	https://oldschool.runescape.wiki/w/Special:Redirect/revision/15213168	2026-08-06	OSRS Wiki Infobox Monster; fill-only sync
npc.ghoul_champion.3330	hitpoints	https://oldschool.runescape.wiki/w/Special:Redirect/revision/15213168	2026-08-06	OSRS Wiki Infobox Monster; fill-only sync
npc.ghoul_champion.3330	max_hit	https://oldschool.runescape.wiki/w/Special:Redirect/revision/15213168	2026-08-06	OSRS Wiki Infobox Monster; fill-only sync
npc.giant_ant.15436	aggression	https://oldschool.runescape.wiki/w/Special:Redirect/revision/15200733	2026-08-06	OSRS Wiki Infobox Monster; fill-only sync
npc.giant_ant.15436	attack_speed	https://oldschool.runescape.wiki/w/Special:Redirect/revision/15200733	2026-08-06	OSRS Wiki Infobox Monster; fill-only sync
npc.giant_ant.15436	attack_styles	https://oldschool.runescape.wiki/w/Special:Redirect/revision/15200733	2026-08-06	OSRS Wiki Infobox Monster; fill-only sync
npc.giant_ant.15436	hitpoints	https://oldschool.runescape.wiki/w/Special:Redirect/revision/15200733	2026-08-06	OSRS Wiki Infobox Monster; fill-only sync
npc.giant_ant.15436	max_hit	https://oldschool.runescape.wiki/w/Special:Redirect/revision/15200733	2026-08-06	OSRS Wiki Infobox Monster; fill-only sync
npc.giant_bat.2834	attack_speed	https://oldschool.runescape.wiki/w/Special:Redirect/revision/15258141	2026-08-06	OSRS Wiki Infobox Monster; fill-only sync
npc.giant_champion.3329	aggression	https://oldschool.runescape.wiki/w/Special:Redirect/revision/15213169	2026-08-06	OSRS Wiki Infobox Monster; fill-only sync
npc.giant_champion.3329	attack_speed	https://oldschool.runescape.wiki/w/Special:Redirect/revision/15213169	2026-08-06	OSRS Wiki Infobox Monster; fill-only sync
npc.giant_champion.3329	attack_styles	https://oldschool.runescape.wiki/w/Special:Redirect/revision/15213169	2026-08-06	OSRS Wiki Infobox Monster; fill-only sync
npc.giant_champion.3329	hitpoints	https://oldschool.runescape.wiki/w/Special:Redirect/revision/15213169	2026-08-06	OSRS Wiki Infobox Monster; fill-only sync
npc.giant_champion.3329	max_hit	https://oldschool.runescape.wiki/w/Special:Redirect/revision/15213169	2026-08-06	OSRS Wiki Infobox Monster; fill-only sync
npc.giant_crypt_rat.1680	attack_speed	https://oldschool.runescape.wiki/w/Special:Redirect/revision/15199840	2026-08-06	OSRS Wiki Infobox Monster; fill-only sync
npc.giant_crypt_spider.1684	attack_speed	https://oldschool.runescape.wiki/w/Special:Redirect/revision/15199758	2026-08-06	OSRS Wiki Infobox Monster; fill-only sync
npc.giant_frog.477	attack_speed	https://oldschool.runescape.wiki/w/Special:Redirect/revision/15215861	2026-08-06	OSRS Wiki Infobox Monster; fill-only sync
npc.giant_goblin.12452	aggression	https://oldschool.runescape.wiki/w/Special:Redirect/revision/15217952	2026-08-06	OSRS Wiki Infobox Monster; fill-only sync
npc.giant_goblin.12452	attack_speed	https://oldschool.runescape.wiki/w/Special:Redirect/revision/15217952	2026-08-06	OSRS Wiki Infobox Monster; fill-only sync
npc.giant_goblin.12452	attack_styles	https://oldschool.runescape.wiki/w/Special:Redirect/revision/15217952	2026-08-06	OSRS Wiki Infobox Monster; fill-only sync
npc.giant_goblin.12452	hitpoints	https://oldschool.runescape.wiki/w/Special:Redirect/revision/15217952	2026-08-06	OSRS Wiki Infobox Monster; fill-only sync
npc.giant_goblin.12452	max_hit	https://oldschool.runescape.wiki/w/Special:Redirect/revision/15217952	2026-08-06	OSRS Wiki Infobox Monster; fill-only sync
npc.giant_lobster.2994	attack_speed	https://oldschool.runescape.wiki/w/Special:Redirect/revision/15272822	2026-08-06	OSRS Wiki Infobox Monster; fill-only sync
npc.giant_mole.5779	aggression	https://oldschool.runescape.wiki/w/Special:Redirect/revision/15283594	2026-08-06	OSRS Wiki Infobox Monster; fill-only sync
npc.giant_mole.5779	attack_speed	https://oldschool.runescape.wiki/w/Special:Redirect/revision/15283594	2026-08-06	OSRS Wiki Infobox Monster; fill-only sync
npc.giant_mole.5779	attack_styles	https://oldschool.runescape.wiki/w/Special:Redirect/revision/15283594	2026-08-06	OSRS Wiki Infobox Monster; fill-only sync
npc.giant_mole.5779	hitpoints	https://oldschool.runescape.wiki/w/Special:Redirect/revision/15283594	2026-08-06	OSRS Wiki Infobox Monster; fill-only sync
npc.giant_mole.5779	max_hit	https://oldschool.runescape.wiki/w/Special:Redirect/revision/15283594	2026-08-06	OSRS Wiki Infobox Monster; fill-only sync
npc.giant_mosquito.1041	attack_speed	https://oldschool.runescape.wiki/w/Special:Redirect/revision/15199686	2026-08-06	OSRS Wiki Infobox Monster; fill-only sync
npc.giant_rat	attack_speed	https://oldschool.runescape.wiki/w/Special:Redirect/revision/15260179	2026-08-06	OSRS Wiki Infobox Monster; fill-only sync
npc.giant_roc.763	attack_speed	https://oldschool.runescape.wiki/w/Special:Redirect/revision/15218450	2026-08-06	OSRS Wiki Infobox Monster; fill-only sync
npc.giant_rock_crab.2261	attack_speed	https://oldschool.runescape.wiki/w/Special:Redirect/revision/15231255	2026-08-06	OSRS Wiki Infobox Monster; fill-only sync
npc.giant_rockslug.7392	aggression	https://oldschool.runescape.wiki/w/Special:Redirect/revision/15286793	2026-08-06	OSRS Wiki Infobox Monster; fill-only sync
npc.giant_rockslug.7392	attack_speed	https://oldschool.runescape.wiki/w/Special:Redirect/revision/15286793	2026-08-06	OSRS Wiki Infobox Monster; fill-only sync
npc.giant_rockslug.7392	attack_styles	https://oldschool.runescape.wiki/w/Special:Redirect/revision/15286793	2026-08-06	OSRS Wiki Infobox Monster; fill-only sync
npc.giant_rockslug.7392	hitpoints	https://oldschool.runescape.wiki/w/Special:Redirect/revision/15286793	2026-08-06	OSRS Wiki Infobox Monster; fill-only sync
npc.giant_rockslug.7392	max_hit	https://oldschool.runescape.wiki/w/Special:Redirect/revision/15286793	2026-08-06	OSRS Wiki Infobox Monster; fill-only sync
npc.giant_rockslug.7392	slayer_requirement	https://oldschool.runescape.wiki/w/Special:Redirect/revision/15286793	2026-08-06	OSRS Wiki Infobox Monster; fill-only sync
npc.giant_scarab.797	attack_speed	https://oldschool.runescape.wiki/w/Special:Redirect/revision/15199518	2026-08-06	OSRS Wiki Infobox Monster; fill-only sync
npc.giant_sea_snake.1101	attack_speed	https://oldschool.runescape.wiki/w/Special:Redirect/revision/15199601	2026-08-06	OSRS Wiki Infobox Monster; fill-only sync
npc.giant_snail.5628	aggression	https://oldschool.runescape.wiki/w/Special:Redirect/revision/15288887	2026-08-06	OSRS Wiki Infobox Monster; fill-only sync
npc.giant_snail.5628	attack_speed	https://oldschool.runescape.wiki/w/Special:Redirect/revision/15288887	2026-08-06	OSRS Wiki Infobox Monster; fill-only sync
npc.giant_snail.5628	attack_styles	https://oldschool.runescape.wiki/w/Special:Redirect/revision/15288887	2026-08-06	OSRS Wiki Infobox Monster; fill-only sync
npc.giant_snail.5628	hitpoints	https://oldschool.runescape.wiki/w/Special:Redirect/revision/15288887	2026-08-06	OSRS Wiki Infobox Monster; fill-only sync
npc.giant_snail.5628	max_hit	https://oldschool.runescape.wiki/w/Special:Redirect/revision/15288887	2026-08-06	OSRS Wiki Infobox Monster; fill-only sync
npc.giant_spider	attack_speed	https://oldschool.runescape.wiki/w/Special:Redirect/revision/15199262	2026-08-06	OSRS Wiki Infobox Monster; fill-only sync
npc.giant_wasp.15438	aggression	https://oldschool.runescape.wiki/w/Special:Redirect/revision/15200734	2026-08-06	OSRS Wiki Infobox Monster; fill-only sync
npc.giant_wasp.15438	attack_speed	https://oldschool.runescape.wiki/w/Special:Redirect/revision/15200734	2026-08-06	OSRS Wiki Infobox Monster; fill-only sync
npc.giant_wasp.15438	attack_styles	https://oldschool.runescape.wiki/w/Special:Redirect/revision/15200734	2026-08-06	OSRS Wiki Infobox Monster; fill-only sync
npc.giant_wasp.15438	hitpoints	https://oldschool.runescape.wiki/w/Special:Redirect/revision/15200734	2026-08-06	OSRS Wiki Infobox Monster; fill-only sync
npc.giant_wasp.15438	max_hit	https://oldschool.runescape.wiki/w/Special:Redirect/revision/15200734	2026-08-06	OSRS Wiki Infobox Monster; fill-only sync
npc.glacies.11286	aggression	https://oldschool.runescape.wiki/w/Special:Redirect/revision/15221131	2026-08-06	OSRS Wiki Infobox Monster; fill-only sync
npc.glacies.11286	attack_speed	https://oldschool.runescape.wiki/w/Special:Redirect/revision/15221131	2026-08-06	OSRS Wiki Infobox Monster; fill-only sync
npc.glacies.11286	attack_styles	https://oldschool.runescape.wiki/w/Special:Redirect/revision/15221131	2026-08-06	OSRS Wiki Infobox Monster; fill-only sync
npc.glacies.11286	hitpoints	https://oldschool.runescape.wiki/w/Special:Redirect/revision/15221131	2026-08-06	OSRS Wiki Infobox Monster; fill-only sync
npc.glacies.11286	max_hit	https://oldschool.runescape.wiki/w/Special:Redirect/revision/15221131	2026-08-06	OSRS Wiki Infobox Monster; fill-only sync
npc.glod.5129	aggression	https://oldschool.runescape.wiki/w/Special:Redirect/revision/15221322	2026-08-06	OSRS Wiki Infobox Monster; fill-only sync
npc.glod.5129	attack_speed	https://oldschool.runescape.wiki/w/Special:Redirect/revision/15221322	2026-08-06	OSRS Wiki Infobox Monster; fill-only sync
npc.glod.5129	attack_styles	https://oldschool.runescape.wiki/w/Special:Redirect/revision/15221322	2026-08-06	OSRS Wiki Infobox Monster; fill-only sync
npc.glod.5129	hitpoints	https://oldschool.runescape.wiki/w/Special:Redirect/revision/15221322	2026-08-06	OSRS Wiki Infobox Monster; fill-only sync
npc.glod.5129	max_hit	https://oldschool.runescape.wiki/w/Special:Redirect/revision/15221322	2026-08-06	OSRS Wiki Infobox Monster; fill-only sync
npc.glough.7101	aggression	https://oldschool.runescape.wiki/w/Special:Redirect/revision/15238403	2026-08-06	OSRS Wiki Infobox Monster; fill-only sync
npc.glough.7101	attack_speed	https://oldschool.runescape.wiki/w/Special:Redirect/revision/15238403	2026-08-06	OSRS Wiki Infobox Monster; fill-only sync
npc.glough.7101	attack_styles	https://oldschool.runescape.wiki/w/Special:Redirect/revision/15238403	2026-08-06	OSRS Wiki Infobox Monster; fill-only sync
npc.glough.7101	hitpoints	https://oldschool.runescape.wiki/w/Special:Redirect/revision/15238403	2026-08-06	OSRS Wiki Infobox Monster; fill-only sync
npc.glough.7101	max_hit	https://oldschool.runescape.wiki/w/Special:Redirect/revision/15238403	2026-08-06	OSRS Wiki Infobox Monster; fill-only sync
npc.gnome.5968	aggression	https://oldschool.runescape.wiki/w/Special:Redirect/revision/15267437	2026-08-06	OSRS Wiki Infobox Monster; fill-only sync
npc.gnome.5968	attack_speed	https://oldschool.runescape.wiki/w/Special:Redirect/revision/15267437	2026-08-06	OSRS Wiki Infobox Monster; fill-only sync
npc.gnome.5968	attack_styles	https://oldschool.runescape.wiki/w/Special:Redirect/revision/15267437	2026-08-06	OSRS Wiki Infobox Monster; fill-only sync
npc.gnome.5968	hitpoints	https://oldschool.runescape.wiki/w/Special:Redirect/revision/15267437	2026-08-06	OSRS Wiki Infobox Monster; fill-only sync
npc.gnome.5968	max_hit	https://oldschool.runescape.wiki/w/Special:Redirect/revision/15267437	2026-08-06	OSRS Wiki Infobox Monster; fill-only sync
npc.gnome_archer.6097	aggression	https://oldschool.runescape.wiki/w/Special:Redirect/revision/15199841	2026-08-06	OSRS Wiki Infobox Monster; fill-only sync
npc.gnome_archer.6097	attack_speed	https://oldschool.runescape.wiki/w/Special:Redirect/revision/15199841	2026-08-06	OSRS Wiki Infobox Monster; fill-only sync
npc.gnome_archer.6097	attack_styles	https://oldschool.runescape.wiki/w/Special:Redirect/revision/15199841	2026-08-06	OSRS Wiki Infobox Monster; fill-only sync
npc.gnome_archer.6097	hitpoints	https://oldschool.runescape.wiki/w/Special:Redirect/revision/15199841	2026-08-06	OSRS Wiki Infobox Monster; fill-only sync
npc.gnome_archer.6097	max_hit	https://oldschool.runescape.wiki/w/Special:Redirect/revision/15199841	2026-08-06	OSRS Wiki Infobox Monster; fill-only sync
npc.gnome_child.6077	aggression	https://oldschool.runescape.wiki/w/Special:Redirect/revision/15283830	2026-08-06	OSRS Wiki Infobox Monster; fill-only sync
npc.gnome_child.6077	attack_speed	https://oldschool.runescape.wiki/w/Special:Redirect/revision/15283830	2026-08-06	OSRS Wiki Infobox Monster; fill-only sync
npc.gnome_child.6077	attack_styles	https://oldschool.runescape.wiki/w/Special:Redirect/revision/15283830	2026-08-06	OSRS Wiki Infobox Monster; fill-only sync
npc.gnome_child.6077	hitpoints	https://oldschool.runescape.wiki/w/Special:Redirect/revision/15283830	2026-08-06	OSRS Wiki Infobox Monster; fill-only sync
npc.gnome_child.6077	max_hit	https://oldschool.runescape.wiki/w/Special:Redirect/revision/15283830	2026-08-06	OSRS Wiki Infobox Monster; fill-only sync
npc.gnome_driver.6098	aggression	https://oldschool.runescape.wiki/w/Special:Redirect/revision/15199842	2026-08-06	OSRS Wiki Infobox Monster; fill-only sync
npc.gnome_driver.6098	attack_speed	https://oldschool.runescape.wiki/w/Special:Redirect/revision/15199842	2026-08-06	OSRS Wiki Infobox Monster; fill-only sync
npc.gnome_driver.6098	attack_styles	https://oldschool.runescape.wiki/w/Special:Redirect/revision/15199842	2026-08-06	OSRS Wiki Infobox Monster; fill-only sync
npc.gnome_driver.6098	hitpoints	https://oldschool.runescape.wiki/w/Special:Redirect/revision/15199842	2026-08-06	OSRS Wiki Infobox Monster; fill-only sync
npc.gnome_driver.6098	max_hit	https://oldschool.runescape.wiki/w/Special:Redirect/revision/15199842	2026-08-06	OSRS Wiki Infobox Monster; fill-only sync
npc.gnome_guard.6081	aggression	https://oldschool.runescape.wiki/w/Special:Redirect/revision/15238383	2026-08-06	OSRS Wiki Infobox Monster; fill-only sync
npc.gnome_guard.6081	attack_speed	https://oldschool.runescape.wiki/w/Special:Redirect/revision/15238383	2026-08-06	OSRS Wiki Infobox Monster; fill-only sync
npc.gnome_guard.6081	attack_styles	https://oldschool.runescape.wiki/w/Special:Redirect/revision/15238383	2026-08-06	OSRS Wiki Infobox Monster; fill-only sync
npc.gnome_guard.6081	hitpoints	https://oldschool.runescape.wiki/w/Special:Redirect/revision/15238383	2026-08-06	OSRS Wiki Infobox Monster; fill-only sync
npc.gnome_guard.6081	max_hit	https://oldschool.runescape.wiki/w/Special:Redirect/revision/15238383	2026-08-06	OSRS Wiki Infobox Monster; fill-only sync
npc.gnome_mage.6099	aggression	https://oldschool.runescape.wiki/w/Special:Redirect/revision/15199843	2026-08-06	OSRS Wiki Infobox Monster; fill-only sync
npc.gnome_mage.6099	attack_speed	https://oldschool.runescape.wiki/w/Special:Redirect/revision/15199843	2026-08-06	OSRS Wiki Infobox Monster; fill-only sync
npc.gnome_mage.6099	attack_styles	https://oldschool.runescape.wiki/w/Special:Redirect/revision/15199843	2026-08-06	OSRS Wiki Infobox Monster; fill-only sync
npc.gnome_mage.6099	hitpoints	https://oldschool.runescape.wiki/w/Special:Redirect/revision/15199843	2026-08-06	OSRS Wiki Infobox Monster; fill-only sync
npc.gnome_mage.6099	max_hit	https://oldschool.runescape.wiki/w/Special:Redirect/revision/15199843	2026-08-06	OSRS Wiki Infobox Monster; fill-only sync
npc.gnome_troop.4973	aggression	https://oldschool.runescape.wiki/w/Special:Redirect/revision/15238385	2026-08-06	OSRS Wiki Infobox Monster; fill-only sync
npc.gnome_troop.4973	attack_speed	https://oldschool.runescape.wiki/w/Special:Redirect/revision/15238385	2026-08-06	OSRS Wiki Infobox Monster; fill-only sync
npc.gnome_troop.4973	attack_styles	https://oldschool.runescape.wiki/w/Special:Redirect/revision/15238385	2026-08-06	OSRS Wiki Infobox Monster; fill-only sync
npc.gnome_troop.4973	hitpoints	https://oldschool.runescape.wiki/w/Special:Redirect/revision/15238385	2026-08-06	OSRS Wiki Infobox Monster; fill-only sync
npc.gnome_troop.4973	max_hit	https://oldschool.runescape.wiki/w/Special:Redirect/revision/15238385	2026-08-06	OSRS Wiki Infobox Monster; fill-only sync
npc.gnome_woman.6086	aggression	https://oldschool.runescape.wiki/w/Special:Redirect/revision/15238427	2026-08-06	OSRS Wiki Infobox Monster; fill-only sync
npc.gnome_woman.6086	attack_speed	https://oldschool.runescape.wiki/w/Special:Redirect/revision/15238427	2026-08-06	OSRS Wiki Infobox Monster; fill-only sync
npc.gnome_woman.6086	attack_styles	https://oldschool.runescape.wiki/w/Special:Redirect/revision/15238427	2026-08-06	OSRS Wiki Infobox Monster; fill-only sync
npc.gnome_woman.6086	hitpoints	https://oldschool.runescape.wiki/w/Special:Redirect/revision/15238427	2026-08-06	OSRS Wiki Infobox Monster; fill-only sync
npc.gnome_woman.6086	max_hit	https://oldschool.runescape.wiki/w/Special:Redirect/revision/15238427	2026-08-06	OSRS Wiki Infobox Monster; fill-only sync
npc.goat.1792	attack_speed	https://oldschool.runescape.wiki/w/Special:Redirect/revision/15283661	2026-08-06	OSRS Wiki Infobox Monster; fill-only sync
npc.goblin	aggression	https://oldschool.runescape.wiki/w/Special:Redirect/revision/15257812	2026-08-06	OSRS Wiki Infobox Monster; fill-only sync
npc.goblin	attack_speed	https://oldschool.runescape.wiki/w/Special:Redirect/revision/15257812	2026-08-06	OSRS Wiki Infobox Monster; fill-only sync
npc.goblin	hitpoints	https://oldschool.runescape.wiki/w/Special:Redirect/revision/15257812	2026-08-06	OSRS Wiki Infobox Monster; fill-only sync
npc.goblin	max_hit	https://oldschool.runescape.wiki/w/Special:Redirect/revision/15257812	2026-08-06	OSRS Wiki Infobox Monster; fill-only sync
npc.goblin_champion.3353	aggression	https://oldschool.runescape.wiki/w/Special:Redirect/revision/15213170	2026-08-06	OSRS Wiki Infobox Monster; fill-only sync
npc.goblin_champion.3353	attack_speed	https://oldschool.runescape.wiki/w/Special:Redirect/revision/15213170	2026-08-06	OSRS Wiki Infobox Monster; fill-only sync
npc.goblin_champion.3353	attack_styles	https://oldschool.runescape.wiki/w/Special:Redirect/revision/15213170	2026-08-06	OSRS Wiki Infobox Monster; fill-only sync
npc.goblin_champion.3353	hitpoints	https://oldschool.runescape.wiki/w/Special:Redirect/revision/15213170	2026-08-06	OSRS Wiki Infobox Monster; fill-only sync
npc.goblin_champion.3353	max_hit	https://oldschool.runescape.wiki/w/Special:Redirect/revision/15213170	2026-08-06	OSRS Wiki Infobox Monster; fill-only sync
npc.goblin_guard.5369	aggression	https://oldschool.runescape.wiki/w/Special:Redirect/revision/15199782	2026-08-06	OSRS Wiki Infobox Monster; fill-only sync
npc.goblin_guard.5369	attack_speed	https://oldschool.runescape.wiki/w/Special:Redirect/revision/15199782	2026-08-06	OSRS Wiki Infobox Monster; fill-only sync
npc.goblin_guard.5369	attack_styles	https://oldschool.runescape.wiki/w/Special:Redirect/revision/15199782	2026-08-06	OSRS Wiki Infobox Monster; fill-only sync
npc.goblin_guard.5369	hitpoints	https://oldschool.runescape.wiki/w/Special:Redirect/revision/15199782	2026-08-06	OSRS Wiki Infobox Monster; fill-only sync
npc.goblin_guard.5369	max_hit	https://oldschool.runescape.wiki/w/Special:Redirect/revision/15199782	2026-08-06	OSRS Wiki Infobox Monster; fill-only sync
npc.golem_guard.14125	aggression	https://oldschool.runescape.wiki/w/Special:Redirect/revision/15200562	2026-08-06	OSRS Wiki Infobox Monster; fill-only sync
npc.golem_guard.14125	attack_speed	https://oldschool.runescape.wiki/w/Special:Redirect/revision/15200562	2026-08-06	OSRS Wiki Infobox Monster; fill-only sync
npc.golem_guard.14125	attack_styles	https://oldschool.runescape.wiki/w/Special:Redirect/revision/15200562	2026-08-06	OSRS Wiki Infobox Monster; fill-only sync
npc.golem_guard.14125	hitpoints	https://oldschool.runescape.wiki/w/Special:Redirect/revision/15200562	2026-08-06	OSRS Wiki Infobox Monster; fill-only sync
npc.golem_guard.14125	max_hit	https://oldschool.runescape.wiki/w/Special:Redirect/revision/15200562	2026-08-06	OSRS Wiki Infobox Monster; fill-only sync
npc.gorad.4367	aggression	https://oldschool.runescape.wiki/w/Special:Redirect/revision/15199459	2026-08-06	OSRS Wiki Infobox Monster; fill-only sync
npc.gorad.4367	attack_speed	https://oldschool.runescape.wiki/w/Special:Redirect/revision/15199459	2026-08-06	OSRS Wiki Infobox Monster; fill-only sync
npc.gorad.4367	attack_styles	https://oldschool.runescape.wiki/w/Special:Redirect/revision/15199459	2026-08-06	OSRS Wiki Infobox Monster; fill-only sync
npc.gorad.4367	hitpoints	https://oldschool.runescape.wiki/w/Special:Redirect/revision/15199459	2026-08-06	OSRS Wiki Infobox Monster; fill-only sync
npc.gorad.4367	max_hit	https://oldschool.runescape.wiki/w/Special:Redirect/revision/15199459	2026-08-06	OSRS Wiki Infobox Monster; fill-only sync
npc.gorak.1834	attack_speed	https://oldschool.runescape.wiki/w/Special:Redirect/revision/15275535	2026-08-06	OSRS Wiki Infobox Monster; fill-only sync
npc.grave_scorpion.5372	aggression	https://oldschool.runescape.wiki/w/Special:Redirect/revision/15199989	2026-08-06	OSRS Wiki Infobox Monster; fill-only sync
npc.grave_scorpion.5372	attack_speed	https://oldschool.runescape.wiki/w/Special:Redirect/revision/15199989	2026-08-06	OSRS Wiki Infobox Monster; fill-only sync
npc.grave_scorpion.5372	attack_styles	https://oldschool.runescape.wiki/w/Special:Redirect/revision/15199989	2026-08-06	OSRS Wiki Infobox Monster; fill-only sync
npc.grave_scorpion.5372	hitpoints	https://oldschool.runescape.wiki/w/Special:Redirect/revision/15199989	2026-08-06	OSRS Wiki Infobox Monster; fill-only sync
npc.grave_scorpion.5372	max_hit	https://oldschool.runescape.wiki/w/Special:Redirect/revision/15199989	2026-08-06	OSRS Wiki Infobox Monster; fill-only sync
npc.great_olm.7554	aggression	https://oldschool.runescape.wiki/w/Special:Redirect/revision/15232075	2026-08-06	OSRS Wiki Infobox Monster; fill-only sync
npc.great_olm.7554	attack_speed	https://oldschool.runescape.wiki/w/Special:Redirect/revision/15232075	2026-08-06	OSRS Wiki Infobox Monster; fill-only sync
npc.great_olm.7554	attack_styles	https://oldschool.runescape.wiki/w/Special:Redirect/revision/15232075	2026-08-06	OSRS Wiki Infobox Monster; fill-only sync
npc.great_olm.7554	hazards	https://oldschool.runescape.wiki/w/Special:Redirect/revision/15232075	2026-08-06	OSRS Wiki Infobox Monster; fill-only sync
npc.great_olm.7554	hitpoints	https://oldschool.runescape.wiki/w/Special:Redirect/revision/15232075	2026-08-06	OSRS Wiki Infobox Monster; fill-only sync
npc.great_olm.7554	max_hit	https://oldschool.runescape.wiki/w/Special:Redirect/revision/15232075	2026-08-06	OSRS Wiki Infobox Monster; fill-only sync
npc.great_white_shark.15200	aggression	https://oldschool.runescape.wiki/w/Special:Redirect/revision/15260695	2026-08-06	OSRS Wiki Infobox Monster; fill-only sync
npc.great_white_shark.15200	attack_speed	https://oldschool.runescape.wiki/w/Special:Redirect/revision/15260695	2026-08-06	OSRS Wiki Infobox Monster; fill-only sync
npc.great_white_shark.15200	attack_styles	https://oldschool.runescape.wiki/w/Special:Redirect/revision/15260695	2026-08-06	OSRS Wiki Infobox Monster; fill-only sync
npc.great_white_shark.15200	hitpoints	https://oldschool.runescape.wiki/w/Special:Redirect/revision/15260695	2026-08-06	OSRS Wiki Infobox Monster; fill-only sync
npc.great_white_shark.15200	max_hit	https://oldschool.runescape.wiki/w/Special:Redirect/revision/15260695	2026-08-06	OSRS Wiki Infobox Monster; fill-only sync
npc.greater_abyssal_demon.7410	aggression	https://oldschool.runescape.wiki/w/Special:Redirect/revision/15283162	2026-08-06	OSRS Wiki Infobox Monster; fill-only sync
npc.greater_abyssal_demon.7410	attack_speed	https://oldschool.runescape.wiki/w/Special:Redirect/revision/15283162	2026-08-06	OSRS Wiki Infobox Monster; fill-only sync
npc.greater_abyssal_demon.7410	attack_styles	https://oldschool.runescape.wiki/w/Special:Redirect/revision/15283162	2026-08-06	OSRS Wiki Infobox Monster; fill-only sync
npc.greater_abyssal_demon.7410	hitpoints	https://oldschool.runescape.wiki/w/Special:Redirect/revision/15283162	2026-08-06	OSRS Wiki Infobox Monster; fill-only sync
npc.greater_abyssal_demon.7410	max_hit	https://oldschool.runescape.wiki/w/Special:Redirect/revision/15283162	2026-08-06	OSRS Wiki Infobox Monster; fill-only sync
npc.greater_abyssal_demon.7410	slayer_requirement	https://oldschool.runescape.wiki/w/Special:Redirect/revision/15283162	2026-08-06	OSRS Wiki Infobox Monster; fill-only sync
npc.greater_demon.2025	attack_speed	https://oldschool.runescape.wiki/w/Special:Redirect/revision/15203743	2026-08-06	OSRS Wiki Infobox Monster; fill-only sync
npc.greater_nechryael.7278	aggression	https://oldschool.runescape.wiki/w/Special:Redirect/revision/15283157	2026-08-06	OSRS Wiki Infobox Monster; fill-only sync
npc.greater_nechryael.7278	attack_speed	https://oldschool.runescape.wiki/w/Special:Redirect/revision/15283157	2026-08-06	OSRS Wiki Infobox Monster; fill-only sync
npc.greater_nechryael.7278	attack_styles	https://oldschool.runescape.wiki/w/Special:Redirect/revision/15283157	2026-08-06	OSRS Wiki Infobox Monster; fill-only sync
npc.greater_nechryael.7278	hitpoints	https://oldschool.runescape.wiki/w/Special:Redirect/revision/15283157	2026-08-06	OSRS Wiki Infobox Monster; fill-only sync
npc.greater_nechryael.7278	max_hit	https://oldschool.runescape.wiki/w/Special:Redirect/revision/15283157	2026-08-06	OSRS Wiki Infobox Monster; fill-only sync
npc.greater_nechryael.7278	slayer_requirement	https://oldschool.runescape.wiki/w/Special:Redirect/revision/15283157	2026-08-06	OSRS Wiki Infobox Monster; fill-only sync
npc.green_dragon.260	attack_speed	https://oldschool.runescape.wiki/w/Special:Redirect/revision/15286222	2026-08-06	OSRS Wiki Infobox Monster; fill-only sync
npc.grey_golem.4744	aggression	https://oldschool.runescape.wiki/w/Special:Redirect/revision/15199724	2026-08-06	OSRS Wiki Infobox Monster; fill-only sync
npc.grey_golem.4744	attack_speed	https://oldschool.runescape.wiki/w/Special:Redirect/revision/15199724	2026-08-06	OSRS Wiki Infobox Monster; fill-only sync
npc.grey_golem.4744	attack_styles	https://oldschool.runescape.wiki/w/Special:Redirect/revision/15199724	2026-08-06	OSRS Wiki Infobox Monster; fill-only sync
npc.grey_golem.4744	hitpoints	https://oldschool.runescape.wiki/w/Special:Redirect/revision/15199724	2026-08-06	OSRS Wiki Infobox Monster; fill-only sync
npc.grey_golem.4744	max_hit	https://oldschool.runescape.wiki/w/Special:Redirect/revision/15199724	2026-08-06	OSRS Wiki Infobox Monster; fill-only sync
npc.grimy_lizard.13029	aggression	https://oldschool.runescape.wiki/w/Special:Redirect/revision/15200499	2026-08-06	OSRS Wiki Infobox Monster; fill-only sync
npc.grimy_lizard.13029	attack_speed	https://oldschool.runescape.wiki/w/Special:Redirect/revision/15200499	2026-08-06	OSRS Wiki Infobox Monster; fill-only sync
npc.grimy_lizard.13029	attack_styles	https://oldschool.runescape.wiki/w/Special:Redirect/revision/15200499	2026-08-06	OSRS Wiki Infobox Monster; fill-only sync
npc.grimy_lizard.13029	hazards	https://oldschool.runescape.wiki/w/Special:Redirect/revision/15200499	2026-08-06	OSRS Wiki Infobox Monster; fill-only sync
npc.grimy_lizard.13029	hitpoints	https://oldschool.runescape.wiki/w/Special:Redirect/revision/15200499	2026-08-06	OSRS Wiki Infobox Monster; fill-only sync
npc.grimy_lizard.13029	max_hit	https://oldschool.runescape.wiki/w/Special:Redirect/revision/15200499	2026-08-06	OSRS Wiki Infobox Monster; fill-only sync
npc.grimy_lizard.13029	slayer_requirement	https://oldschool.runescape.wiki/w/Special:Redirect/revision/15200499	2026-08-06	OSRS Wiki Infobox Monster; fill-only sync
npc.grip.4919	aggression	https://oldschool.runescape.wiki/w/Special:Redirect/revision/15199713	2026-08-06	OSRS Wiki Infobox Monster; fill-only sync
npc.grip.4919	attack_speed	https://oldschool.runescape.wiki/w/Special:Redirect/revision/15199713	2026-08-06	OSRS Wiki Infobox Monster; fill-only sync
npc.grip.4919	attack_styles	https://oldschool.runescape.wiki/w/Special:Redirect/revision/15199713	2026-08-06	OSRS Wiki Infobox Monster; fill-only sync
npc.grip.4919	hitpoints	https://oldschool.runescape.wiki/w/Special:Redirect/revision/15199713	2026-08-06	OSRS Wiki Infobox Monster; fill-only sync
npc.grip.4919	max_hit	https://oldschool.runescape.wiki/w/Special:Redirect/revision/15199713	2026-08-06	OSRS Wiki Infobox Monster; fill-only sync
npc.grizzly_bear.2838	attack_speed	https://oldschool.runescape.wiki/w/Special:Redirect/revision/15199247	2026-08-06	OSRS Wiki Infobox Monster; fill-only sync
npc.grizzly_bear_cub.3424	aggression	https://oldschool.runescape.wiki/w/Special:Redirect/revision/15199984	2026-08-06	OSRS Wiki Infobox Monster; fill-only sync
npc.grizzly_bear_cub.3424	attack_speed	https://oldschool.runescape.wiki/w/Special:Redirect/revision/15199984	2026-08-06	OSRS Wiki Infobox Monster; fill-only sync
npc.grizzly_bear_cub.3424	attack_styles	https://oldschool.runescape.wiki/w/Special:Redirect/revision/15199984	2026-08-06	OSRS Wiki Infobox Monster; fill-only sync
npc.grizzly_bear_cub.3424	hitpoints	https://oldschool.runescape.wiki/w/Special:Redirect/revision/15199984	2026-08-06	OSRS Wiki Infobox Monster; fill-only sync
npc.grizzly_bear_cub.3424	max_hit	https://oldschool.runescape.wiki/w/Special:Redirect/revision/15199984	2026-08-06	OSRS Wiki Infobox Monster; fill-only sync
npc.growler.2207	attack_speed	https://oldschool.runescape.wiki/w/Special:Redirect/revision/15199495	2026-08-06	OSRS Wiki Infobox Monster; fill-only sync
npc.growthling.8194	aggression	https://oldschool.runescape.wiki/w/Special:Redirect/revision/15240558	2026-08-06	OSRS Wiki Infobox Monster; fill-only sync
npc.growthling.8194	attack_speed	https://oldschool.runescape.wiki/w/Special:Redirect/revision/15240558	2026-08-06	OSRS Wiki Infobox Monster; fill-only sync
npc.growthling.8194	attack_styles	https://oldschool.runescape.wiki/w/Special:Redirect/revision/15240558	2026-08-06	OSRS Wiki Infobox Monster; fill-only sync
npc.growthling.8194	hitpoints	https://oldschool.runescape.wiki/w/Special:Redirect/revision/15240558	2026-08-06	OSRS Wiki Infobox Monster; fill-only sync
npc.growthling.8194	max_hit	https://oldschool.runescape.wiki/w/Special:Redirect/revision/15240558	2026-08-06	OSRS Wiki Infobox Monster; fill-only sync
npc.gryphon.14857	aggression	https://oldschool.runescape.wiki/w/Special:Redirect/revision/15287794	2026-08-06	OSRS Wiki Infobox Monster; fill-only sync
npc.gryphon.14857	attack_speed	https://oldschool.runescape.wiki/w/Special:Redirect/revision/15287794	2026-08-06	OSRS Wiki Infobox Monster; fill-only sync
npc.gryphon.14857	attack_styles	https://oldschool.runescape.wiki/w/Special:Redirect/revision/15287794	2026-08-06	OSRS Wiki Infobox Monster; fill-only sync
npc.gryphon.14857	hitpoints	https://oldschool.runescape.wiki/w/Special:Redirect/revision/15287794	2026-08-06	OSRS Wiki Infobox Monster; fill-only sync
npc.gryphon.14857	max_hit	https://oldschool.runescape.wiki/w/Special:Redirect/revision/15287794	2026-08-06	OSRS Wiki Infobox Monster; fill-only sync
npc.gryphon.14857	slayer_requirement	https://oldschool.runescape.wiki/w/Special:Redirect/revision/15287794	2026-08-06	OSRS Wiki Infobox Monster; fill-only sync
npc.guard	aggression	https://oldschool.runescape.wiki/w/Special:Redirect/revision/15286922	2026-08-06	OSRS Wiki Infobox Monster; fill-only sync
npc.guard	attack_speed	https://oldschool.runescape.wiki/w/Special:Redirect/revision/15286922	2026-08-06	OSRS Wiki Infobox Monster; fill-only sync
npc.guard	attack_styles	https://oldschool.runescape.wiki/w/Special:Redirect/revision/15286922	2026-08-06	OSRS Wiki Infobox Monster; fill-only sync
npc.guard	hitpoints	https://oldschool.runescape.wiki/w/Special:Redirect/revision/15286922	2026-08-06	OSRS Wiki Infobox Monster; fill-only sync
npc.guard	max_hit	https://oldschool.runescape.wiki/w/Special:Redirect/revision/15286922	2026-08-06	OSRS Wiki Infobox Monster; fill-only sync
npc.guard_bandit.1027	attack_speed	https://oldschool.runescape.wiki/w/Special:Redirect/revision/15199825	2026-08-06	OSRS Wiki Infobox Monster; fill-only sync
npc.guardian_drake.10400	aggression	https://oldschool.runescape.wiki/w/Special:Redirect/revision/15283160	2026-08-06	OSRS Wiki Infobox Monster; fill-only sync
npc.guardian_drake.10400	attack_speed	https://oldschool.runescape.wiki/w/Special:Redirect/revision/15283160	2026-08-06	OSRS Wiki Infobox Monster; fill-only sync
npc.guardian_drake.10400	attack_styles	https://oldschool.runescape.wiki/w/Special:Redirect/revision/15283160	2026-08-06	OSRS Wiki Infobox Monster; fill-only sync
npc.guardian_drake.10400	hitpoints	https://oldschool.runescape.wiki/w/Special:Redirect/revision/15283160	2026-08-06	OSRS Wiki Infobox Monster; fill-only sync
npc.guardian_drake.10400	max_hit	https://oldschool.runescape.wiki/w/Special:Redirect/revision/15283160	2026-08-06	OSRS Wiki Infobox Monster; fill-only sync
npc.guardian_drake.10400	slayer_requirement	https://oldschool.runescape.wiki/w/Special:Redirect/revision/15283160	2026-08-06	OSRS Wiki Infobox Monster; fill-only sync
npc.guardian_of_armadyl.3445	aggression	https://oldschool.runescape.wiki/w/Special:Redirect/revision/15199629	2026-08-06	OSRS Wiki Infobox Monster; fill-only sync
npc.guardian_of_armadyl.3445	attack_speed	https://oldschool.runescape.wiki/w/Special:Redirect/revision/15199629	2026-08-06	OSRS Wiki Infobox Monster; fill-only sync
npc.guardian_of_armadyl.3445	attack_styles	https://oldschool.runescape.wiki/w/Special:Redirect/revision/15199629	2026-08-06	OSRS Wiki Infobox Monster; fill-only sync
npc.guardian_of_armadyl.3445	hitpoints	https://oldschool.runescape.wiki/w/Special:Redirect/revision/15199629	2026-08-06	OSRS Wiki Infobox Monster; fill-only sync
npc.guardian_of_armadyl.3445	max_hit	https://oldschool.runescape.wiki/w/Special:Redirect/revision/15199629	2026-08-06	OSRS Wiki Infobox Monster; fill-only sync
npc.gunthor_the_brave.299	attack_speed	https://oldschool.runescape.wiki/w/Special:Redirect/revision/15199414	2026-08-06	OSRS Wiki Infobox Monster; fill-only sync
npc.guthan_the_infested.1674	attack_speed	https://oldschool.runescape.wiki/w/Special:Redirect/revision/15199258	2026-08-06	OSRS Wiki Infobox Monster; fill-only sync
npc.h_a_m_archer.5157	aggression	https://oldschool.runescape.wiki/w/Special:Redirect/revision/15199383	2026-08-06	OSRS Wiki Infobox Monster; fill-only sync
npc.h_a_m_archer.5157	attack_speed	https://oldschool.runescape.wiki/w/Special:Redirect/revision/15199383	2026-08-06	OSRS Wiki Infobox Monster; fill-only sync
npc.h_a_m_archer.5157	attack_styles	https://oldschool.runescape.wiki/w/Special:Redirect/revision/15199383	2026-08-06	OSRS Wiki Infobox Monster; fill-only sync
npc.h_a_m_archer.5157	hitpoints	https://oldschool.runescape.wiki/w/Special:Redirect/revision/15199383	2026-08-06	OSRS Wiki Infobox Monster; fill-only sync
npc.h_a_m_archer.5157	max_hit	https://oldschool.runescape.wiki/w/Special:Redirect/revision/15199383	2026-08-06	OSRS Wiki Infobox Monster; fill-only sync
npc.h_a_m_guard.2536	attack_speed	https://oldschool.runescape.wiki/w/Special:Redirect/revision/15199388	2026-08-06	OSRS Wiki Infobox Monster; fill-only sync
npc.h_a_m_mage.5158	aggression	https://oldschool.runescape.wiki/w/Special:Redirect/revision/15199436	2026-08-06	OSRS Wiki Infobox Monster; fill-only sync
npc.h_a_m_mage.5158	attack_speed	https://oldschool.runescape.wiki/w/Special:Redirect/revision/15199436	2026-08-06	OSRS Wiki Infobox Monster; fill-only sync
npc.h_a_m_mage.5158	attack_styles	https://oldschool.runescape.wiki/w/Special:Redirect/revision/15199436	2026-08-06	OSRS Wiki Infobox Monster; fill-only sync
npc.h_a_m_mage.5158	hitpoints	https://oldschool.runescape.wiki/w/Special:Redirect/revision/15199436	2026-08-06	OSRS Wiki Infobox Monster; fill-only sync
npc.h_a_m_mage.5158	max_hit	https://oldschool.runescape.wiki/w/Special:Redirect/revision/15199436	2026-08-06	OSRS Wiki Infobox Monster; fill-only sync
npc.hammerhead_shark.15196	aggression	https://oldschool.runescape.wiki/w/Special:Redirect/revision/15285222	2026-08-06	OSRS Wiki Infobox Monster; fill-only sync
npc.hammerhead_shark.15196	attack_speed	https://oldschool.runescape.wiki/w/Special:Redirect/revision/15285222	2026-08-06	OSRS Wiki Infobox Monster; fill-only sync
npc.hammerhead_shark.15196	attack_styles	https://oldschool.runescape.wiki/w/Special:Redirect/revision/15285222	2026-08-06	OSRS Wiki Infobox Monster; fill-only sync
npc.hammerhead_shark.15196	hitpoints	https://oldschool.runescape.wiki/w/Special:Redirect/revision/15285222	2026-08-06	OSRS Wiki Infobox Monster; fill-only sync
npc.hammerhead_shark.15196	max_hit	https://oldschool.runescape.wiki/w/Special:Redirect/revision/15285222	2026-08-06	OSRS Wiki Infobox Monster; fill-only sync
npc.harpie_bug_swarm.464	attack_speed	https://oldschool.runescape.wiki/w/Special:Redirect/revision/15199232	2026-08-06	OSRS Wiki Infobox Monster; fill-only sync
npc.head_guard.11093	aggression	https://oldschool.runescape.wiki/w/Special:Redirect/revision/15199829	2026-08-06	OSRS Wiki Infobox Monster; fill-only sync
npc.head_guard.11093	attack_speed	https://oldschool.runescape.wiki/w/Special:Redirect/revision/15199829	2026-08-06	OSRS Wiki Infobox Monster; fill-only sync
npc.head_guard.11093	attack_styles	https://oldschool.runescape.wiki/w/Special:Redirect/revision/15199829	2026-08-06	OSRS Wiki Infobox Monster; fill-only sync
npc.head_guard.11093	hitpoints	https://oldschool.runescape.wiki/w/Special:Redirect/revision/15199829	2026-08-06	OSRS Wiki Infobox Monster; fill-only sync
npc.head_guard.11093	max_hit	https://oldschool.runescape.wiki/w/Special:Redirect/revision/15199829	2026-08-06	OSRS Wiki Infobox Monster; fill-only sync
npc.head_menaphite_guard.11529	aggression	https://oldschool.runescape.wiki/w/Special:Redirect/revision/15200294	2026-08-06	OSRS Wiki Infobox Monster; fill-only sync
npc.head_menaphite_guard.11529	attack_speed	https://oldschool.runescape.wiki/w/Special:Redirect/revision/15200294	2026-08-06	OSRS Wiki Infobox Monster; fill-only sync
npc.head_menaphite_guard.11529	attack_styles	https://oldschool.runescape.wiki/w/Special:Redirect/revision/15200294	2026-08-06	OSRS Wiki Infobox Monster; fill-only sync
npc.head_menaphite_guard.11529	hitpoints	https://oldschool.runescape.wiki/w/Special:Redirect/revision/15200294	2026-08-06	OSRS Wiki Infobox Monster; fill-only sync
npc.head_menaphite_guard.11529	max_hit	https://oldschool.runescape.wiki/w/Special:Redirect/revision/15200294	2026-08-06	OSRS Wiki Infobox Monster; fill-only sync
npc.head_thief.4248	aggression	https://oldschool.runescape.wiki/w/Special:Redirect/revision/15199898	2026-08-06	OSRS Wiki Infobox Monster; fill-only sync
npc.head_thief.4248	attack_speed	https://oldschool.runescape.wiki/w/Special:Redirect/revision/15199898	2026-08-06	OSRS Wiki Infobox Monster; fill-only sync
npc.head_thief.4248	attack_styles	https://oldschool.runescape.wiki/w/Special:Redirect/revision/15199898	2026-08-06	OSRS Wiki Infobox Monster; fill-only sync
npc.head_thief.4248	hitpoints	https://oldschool.runescape.wiki/w/Special:Redirect/revision/15199898	2026-08-06	OSRS Wiki Infobox Monster; fill-only sync
npc.head_thief.4248	max_hit	https://oldschool.runescape.wiki/w/Special:Redirect/revision/15199898	2026-08-06	OSRS Wiki Infobox Monster; fill-only sync
npc.headless_beast.10493	aggression	https://oldschool.runescape.wiki/w/Special:Redirect/revision/15200212	2026-08-06	OSRS Wiki Infobox Monster; fill-only sync
npc.headless_beast.10493	attack_speed	https://oldschool.runescape.wiki/w/Special:Redirect/revision/15200212	2026-08-06	OSRS Wiki Infobox Monster; fill-only sync
npc.headless_beast.10493	attack_styles	https://oldschool.runescape.wiki/w/Special:Redirect/revision/15200212	2026-08-06	OSRS Wiki Infobox Monster; fill-only sync
npc.headless_beast.10493	hitpoints	https://oldschool.runescape.wiki/w/Special:Redirect/revision/15200212	2026-08-06	OSRS Wiki Infobox Monster; fill-only sync
npc.headless_beast.10493	max_hit	https://oldschool.runescape.wiki/w/Special:Redirect/revision/15200212	2026-08-06	OSRS Wiki Infobox Monster; fill-only sync
npc.hellhound.104	attack_speed	https://oldschool.runescape.wiki/w/Special:Redirect/revision/15199231	2026-08-06	OSRS Wiki Infobox Monster; fill-only sync
npc.hengel.3284	aggression	https://oldschool.runescape.wiki/w/Special:Redirect/revision/15200027	2026-08-06	OSRS Wiki Infobox Monster; fill-only sync
npc.hengel.3284	attack_speed	https://oldschool.runescape.wiki/w/Special:Redirect/revision/15200027	2026-08-06	OSRS Wiki Infobox Monster; fill-only sync
npc.hengel.3284	attack_styles	https://oldschool.runescape.wiki/w/Special:Redirect/revision/15200027	2026-08-06	OSRS Wiki Infobox Monster; fill-only sync
npc.hengel.3284	hitpoints	https://oldschool.runescape.wiki/w/Special:Redirect/revision/15200027	2026-08-06	OSRS Wiki Infobox Monster; fill-only sync
npc.hengel.3284	max_hit	https://oldschool.runescape.wiki/w/Special:Redirect/revision/15200027	2026-08-06	OSRS Wiki Infobox Monster; fill-only sync
npc.hermit_crab.14852	aggression	https://oldschool.runescape.wiki/w/Special:Redirect/revision/15286280	2026-08-06	OSRS Wiki Infobox Monster; fill-only sync
npc.hermit_crab.14852	attack_speed	https://oldschool.runescape.wiki/w/Special:Redirect/revision/15286280	2026-08-06	OSRS Wiki Infobox Monster; fill-only sync
npc.hermit_crab.14852	attack_styles	https://oldschool.runescape.wiki/w/Special:Redirect/revision/15286280	2026-08-06	OSRS Wiki Infobox Monster; fill-only sync
npc.hermit_crab.14852	hitpoints	https://oldschool.runescape.wiki/w/Special:Redirect/revision/15286280	2026-08-06	OSRS Wiki Infobox Monster; fill-only sync
npc.hermit_crab.14852	max_hit	https://oldschool.runescape.wiki/w/Special:Redirect/revision/15286280	2026-08-06	OSRS Wiki Infobox Monster; fill-only sync
npc.hero.3295	aggression	https://oldschool.runescape.wiki/w/Special:Redirect/revision/15267440	2026-08-06	OSRS Wiki Infobox Monster; fill-only sync
npc.hero.3295	attack_speed	https://oldschool.runescape.wiki/w/Special:Redirect/revision/15267440	2026-08-06	OSRS Wiki Infobox Monster; fill-only sync
npc.hero.3295	attack_styles	https://oldschool.runescape.wiki/w/Special:Redirect/revision/15267440	2026-08-06	OSRS Wiki Infobox Monster; fill-only sync
npc.hero.3295	hitpoints	https://oldschool.runescape.wiki/w/Special:Redirect/revision/15267440	2026-08-06	OSRS Wiki Infobox Monster; fill-only sync
npc.hero.3295	max_hit	https://oldschool.runescape.wiki/w/Special:Redirect/revision/15267440	2026-08-06	OSRS Wiki Infobox Monster; fill-only sync
npc.hespori.8583	aggression	https://oldschool.runescape.wiki/w/Special:Redirect/revision/15287161	2026-08-06	OSRS Wiki Infobox Monster; fill-only sync
npc.hespori.8583	attack_speed	https://oldschool.runescape.wiki/w/Special:Redirect/revision/15287161	2026-08-06	OSRS Wiki Infobox Monster; fill-only sync
npc.hespori.8583	attack_styles	https://oldschool.runescape.wiki/w/Special:Redirect/revision/15287161	2026-08-06	OSRS Wiki Infobox Monster; fill-only sync
npc.hespori.8583	hazards	https://oldschool.runescape.wiki/w/Special:Redirect/revision/15287161	2026-08-06	OSRS Wiki Infobox Monster; fill-only sync
npc.hespori.8583	hitpoints	https://oldschool.runescape.wiki/w/Special:Redirect/revision/15287161	2026-08-06	OSRS Wiki Infobox Monster; fill-only sync
npc.hespori.8583	max_hit	https://oldschool.runescape.wiki/w/Special:Redirect/revision/15287161	2026-08-06	OSRS Wiki Infobox Monster; fill-only sync
npc.hill_giant.2098	attack_speed	https://oldschool.runescape.wiki/w/Special:Redirect/revision/15272933	2026-08-06	OSRS Wiki Infobox Monster; fill-only sync
npc.hobgoblin.132	attack_speed	https://oldschool.runescape.wiki/w/Special:Redirect/revision/15277154	2026-08-06	OSRS Wiki Infobox Monster; fill-only sync
npc.hobgoblin_champion.3354	aggression	https://oldschool.runescape.wiki/w/Special:Redirect/revision/15213171	2026-08-06	OSRS Wiki Infobox Monster; fill-only sync
npc.hobgoblin_champion.3354	attack_speed	https://oldschool.runescape.wiki/w/Special:Redirect/revision/15213171	2026-08-06	OSRS Wiki Infobox Monster; fill-only sync
npc.hobgoblin_champion.3354	attack_styles	https://oldschool.runescape.wiki/w/Special:Redirect/revision/15213171	2026-08-06	OSRS Wiki Infobox Monster; fill-only sync
npc.hobgoblin_champion.3354	hitpoints	https://oldschool.runescape.wiki/w/Special:Redirect/revision/15213171	2026-08-06	OSRS Wiki Infobox Monster; fill-only sync
npc.hobgoblin_champion.3354	max_hit	https://oldschool.runescape.wiki/w/Special:Redirect/revision/15213171	2026-08-06	OSRS Wiki Infobox Monster; fill-only sync
npc.holthion.8996	aggression	https://oldschool.runescape.wiki/w/Special:Redirect/revision/15199630	2026-08-06	OSRS Wiki Infobox Monster; fill-only sync
npc.holthion.8996	attack_speed	https://oldschool.runescape.wiki/w/Special:Redirect/revision/15199630	2026-08-06	OSRS Wiki Infobox Monster; fill-only sync
npc.holthion.8996	attack_styles	https://oldschool.runescape.wiki/w/Special:Redirect/revision/15199630	2026-08-06	OSRS Wiki Infobox Monster; fill-only sync
npc.holthion.8996	hitpoints	https://oldschool.runescape.wiki/w/Special:Redirect/revision/15199630	2026-08-06	OSRS Wiki Infobox Monster; fill-only sync
npc.holthion.8996	max_hit	https://oldschool.runescape.wiki/w/Special:Redirect/revision/15199630	2026-08-06	OSRS Wiki Infobox Monster; fill-only sync
npc.hoop_snake.7802	aggression	https://oldschool.runescape.wiki/w/Special:Redirect/revision/15200017	2026-08-06	OSRS Wiki Infobox Monster; fill-only sync
npc.hoop_snake.7802	attack_speed	https://oldschool.runescape.wiki/w/Special:Redirect/revision/15200017	2026-08-06	OSRS Wiki Infobox Monster; fill-only sync
npc.hoop_snake.7802	attack_styles	https://oldschool.runescape.wiki/w/Special:Redirect/revision/15200017	2026-08-06	OSRS Wiki Infobox Monster; fill-only sync
npc.hoop_snake.7802	hitpoints	https://oldschool.runescape.wiki/w/Special:Redirect/revision/15200017	2026-08-06	OSRS Wiki Infobox Monster; fill-only sync
npc.hoop_snake.7802	max_hit	https://oldschool.runescape.wiki/w/Special:Redirect/revision/15200017	2026-08-06	OSRS Wiki Infobox Monster; fill-only sync
npc.hopeless_creature.1072	attack_speed	https://oldschool.runescape.wiki/w/Special:Redirect/revision/15199413	2026-08-06	OSRS Wiki Infobox Monster; fill-only sync
npc.hueycoatl_body.14017	aggression	https://oldschool.runescape.wiki/w/Special:Redirect/revision/15261562	2026-08-06	OSRS Wiki Infobox Monster; fill-only sync
npc.hueycoatl_body.14017	attack_speed	https://oldschool.runescape.wiki/w/Special:Redirect/revision/15261562	2026-08-06	OSRS Wiki Infobox Monster; fill-only sync
npc.hueycoatl_body.14017	attack_styles	https://oldschool.runescape.wiki/w/Special:Redirect/revision/15261562	2026-08-06	OSRS Wiki Infobox Monster; fill-only sync
npc.hueycoatl_body.14017	hitpoints	https://oldschool.runescape.wiki/w/Special:Redirect/revision/15261562	2026-08-06	OSRS Wiki Infobox Monster; fill-only sync
npc.hueycoatl_body.14017	max_hit	https://oldschool.runescape.wiki/w/Special:Redirect/revision/15261562	2026-08-06	OSRS Wiki Infobox Monster; fill-only sync
npc.hueycoatl_tail.14014	aggression	https://oldschool.runescape.wiki/w/Special:Redirect/revision/15261562	2026-08-06	OSRS Wiki Infobox Monster; fill-only sync
npc.hueycoatl_tail.14014	attack_speed	https://oldschool.runescape.wiki/w/Special:Redirect/revision/15261562	2026-08-06	OSRS Wiki Infobox Monster; fill-only sync
npc.hueycoatl_tail.14014	attack_styles	https://oldschool.runescape.wiki/w/Special:Redirect/revision/15261562	2026-08-06	OSRS Wiki Infobox Monster; fill-only sync
npc.hueycoatl_tail.14014	hitpoints	https://oldschool.runescape.wiki/w/Special:Redirect/revision/15261562	2026-08-06	OSRS Wiki Infobox Monster; fill-only sync
npc.hueycoatl_tail.14014	max_hit	https://oldschool.runescape.wiki/w/Special:Redirect/revision/15261562	2026-08-06	OSRS Wiki Infobox Monster; fill-only sync
npc.huge_spider.134	attack_speed	https://oldschool.runescape.wiki/w/Special:Redirect/revision/15199759	2026-08-06	OSRS Wiki Infobox Monster; fill-only sync
npc.husk.9454	aggression	https://oldschool.runescape.wiki/w/Special:Redirect/revision/15200188	2026-08-06	OSRS Wiki Infobox Monster; fill-only sync
npc.husk.9454	attack_speed	https://oldschool.runescape.wiki/w/Special:Redirect/revision/15200188	2026-08-06	OSRS Wiki Infobox Monster; fill-only sync
npc.husk.9454	attack_styles	https://oldschool.runescape.wiki/w/Special:Redirect/revision/15200188	2026-08-06	OSRS Wiki Infobox Monster; fill-only sync
npc.husk.9454	hitpoints	https://oldschool.runescape.wiki/w/Special:Redirect/revision/15200188	2026-08-06	OSRS Wiki Infobox Monster; fill-only sync
npc.husk.9454	max_hit	https://oldschool.runescape.wiki/w/Special:Redirect/revision/15200188	2026-08-06	OSRS Wiki Infobox Monster; fill-only sync
npc.hydra.8609	aggression	https://oldschool.runescape.wiki/w/Special:Redirect/revision/15285802	2026-08-06	OSRS Wiki Infobox Monster; fill-only sync
npc.hydra.8609	attack_speed	https://oldschool.runescape.wiki/w/Special:Redirect/revision/15285802	2026-08-06	OSRS Wiki Infobox Monster; fill-only sync
npc.hydra.8609	attack_styles	https://oldschool.runescape.wiki/w/Special:Redirect/revision/15285802	2026-08-06	OSRS Wiki Infobox Monster; fill-only sync
npc.hydra.8609	hazards	https://oldschool.runescape.wiki/w/Special:Redirect/revision/15285802	2026-08-06	OSRS Wiki Infobox Monster; fill-only sync
npc.hydra.8609	hitpoints	https://oldschool.runescape.wiki/w/Special:Redirect/revision/15285802	2026-08-06	OSRS Wiki Infobox Monster; fill-only sync
npc.hydra.8609	max_hit	https://oldschool.runescape.wiki/w/Special:Redirect/revision/15285802	2026-08-06	OSRS Wiki Infobox Monster; fill-only sync
npc.hydra.8609	slayer_requirement	https://oldschool.runescape.wiki/w/Special:Redirect/revision/15285802	2026-08-06	OSRS Wiki Infobox Monster; fill-only sync
npc.hygd.4110	aggression	https://oldschool.runescape.wiki/w/Special:Redirect/revision/15283612	2026-08-06	OSRS Wiki Infobox Monster; fill-only sync
npc.hygd.4110	attack_speed	https://oldschool.runescape.wiki/w/Special:Redirect/revision/15283612	2026-08-06	OSRS Wiki Infobox Monster; fill-only sync
npc.hygd.4110	attack_styles	https://oldschool.runescape.wiki/w/Special:Redirect/revision/15283612	2026-08-06	OSRS Wiki Infobox Monster; fill-only sync
npc.hygd.4110	hitpoints	https://oldschool.runescape.wiki/w/Special:Redirect/revision/15283612	2026-08-06	OSRS Wiki Infobox Monster; fill-only sync
npc.hygd.4110	max_hit	https://oldschool.runescape.wiki/w/Special:Redirect/revision/15283612	2026-08-06	OSRS Wiki Infobox Monster; fill-only sync
npc.i_dscim_you.15553	aggression	https://oldschool.runescape.wiki/w/Special:Redirect/revision/15217957	2026-08-06	OSRS Wiki Infobox Monster; fill-only sync
npc.i_dscim_you.15553	attack_speed	https://oldschool.runescape.wiki/w/Special:Redirect/revision/15217957	2026-08-06	OSRS Wiki Infobox Monster; fill-only sync
npc.i_dscim_you.15553	attack_styles	https://oldschool.runescape.wiki/w/Special:Redirect/revision/15217957	2026-08-06	OSRS Wiki Infobox Monster; fill-only sync
npc.i_dscim_you.15553	hitpoints	https://oldschool.runescape.wiki/w/Special:Redirect/revision/15217957	2026-08-06	OSRS Wiki Infobox Monster; fill-only sync
npc.i_dscim_you.15553	max_hit	https://oldschool.runescape.wiki/w/Special:Redirect/revision/15217957	2026-08-06	OSRS Wiki Infobox Monster; fill-only sync
npc.ice_elemental.14151	aggression	https://oldschool.runescape.wiki/w/Special:Redirect/revision/15200595	2026-08-06	OSRS Wiki Infobox Monster; fill-only sync
npc.ice_elemental.14151	attack_speed	https://oldschool.runescape.wiki/w/Special:Redirect/revision/15200595	2026-08-06	OSRS Wiki Infobox Monster; fill-only sync
npc.ice_elemental.14151	attack_styles	https://oldschool.runescape.wiki/w/Special:Redirect/revision/15200595	2026-08-06	OSRS Wiki Infobox Monster; fill-only sync
npc.ice_elemental.14151	hitpoints	https://oldschool.runescape.wiki/w/Special:Redirect/revision/15200595	2026-08-06	OSRS Wiki Infobox Monster; fill-only sync
npc.ice_elemental.14151	max_hit	https://oldschool.runescape.wiki/w/Special:Redirect/revision/15200595	2026-08-06	OSRS Wiki Infobox Monster; fill-only sync
npc.ice_giant.2085	attack_speed	https://oldschool.runescape.wiki/w/Special:Redirect/revision/15199301	2026-08-06	OSRS Wiki Infobox Monster; fill-only sync
npc.ice_queen.4922	aggression	https://oldschool.runescape.wiki/w/Special:Redirect/revision/15254243	2026-08-06	OSRS Wiki Infobox Monster; fill-only sync
npc.ice_queen.4922	attack_speed	https://oldschool.runescape.wiki/w/Special:Redirect/revision/15254243	2026-08-06	OSRS Wiki Infobox Monster; fill-only sync
npc.ice_queen.4922	attack_styles	https://oldschool.runescape.wiki/w/Special:Redirect/revision/15254243	2026-08-06	OSRS Wiki Infobox Monster; fill-only sync
npc.ice_queen.4922	hitpoints	https://oldschool.runescape.wiki/w/Special:Redirect/revision/15254243	2026-08-06	OSRS Wiki Infobox Monster; fill-only sync
npc.ice_queen.4922	max_hit	https://oldschool.runescape.wiki/w/Special:Redirect/revision/15254243	2026-08-06	OSRS Wiki Infobox Monster; fill-only sync
npc.ice_spider.3022	attack_speed	https://oldschool.runescape.wiki/w/Special:Redirect/revision/15231530	2026-08-06	OSRS Wiki Infobox Monster; fill-only sync
npc.ice_troll.648	attack_speed	https://oldschool.runescape.wiki/w/Special:Redirect/revision/15199343	2026-08-06	OSRS Wiki Infobox Monster; fill-only sync
npc.ice_troll_female.1876	attack_speed	https://oldschool.runescape.wiki/w/Special:Redirect/revision/15276241	2026-08-06	OSRS Wiki Infobox Monster; fill-only sync
npc.ice_troll_grunt.1877	attack_speed	https://oldschool.runescape.wiki/w/Special:Redirect/revision/15199265	2026-08-06	OSRS Wiki Infobox Monster; fill-only sync
npc.ice_troll_king.5822	aggression	https://oldschool.runescape.wiki/w/Special:Redirect/revision/15239645	2026-08-06	OSRS Wiki Infobox Monster; fill-only sync
npc.ice_troll_king.5822	attack_speed	https://oldschool.runescape.wiki/w/Special:Redirect/revision/15239645	2026-08-06	OSRS Wiki Infobox Monster; fill-only sync
npc.ice_troll_king.5822	attack_styles	https://oldschool.runescape.wiki/w/Special:Redirect/revision/15239645	2026-08-06	OSRS Wiki Infobox Monster; fill-only sync
npc.ice_troll_king.5822	hitpoints	https://oldschool.runescape.wiki/w/Special:Redirect/revision/15239645	2026-08-06	OSRS Wiki Infobox Monster; fill-only sync
npc.ice_troll_king.5822	max_hit	https://oldschool.runescape.wiki/w/Special:Redirect/revision/15239645	2026-08-06	OSRS Wiki Infobox Monster; fill-only sync
npc.ice_troll_male.1875	attack_speed	https://oldschool.runescape.wiki/w/Special:Redirect/revision/15199661	2026-08-06	OSRS Wiki Infobox Monster; fill-only sync
npc.ice_troll_runt.1874	attack_speed	https://oldschool.runescape.wiki/w/Special:Redirect/revision/15199610	2026-08-06	OSRS Wiki Infobox Monster; fill-only sync
npc.ice_warrior.2841	attack_speed	https://oldschool.runescape.wiki/w/Special:Redirect/revision/15275444	2026-08-06	OSRS Wiki Infobox Monster; fill-only sync
npc.ice_wolf.645	attack_speed	https://oldschool.runescape.wiki/w/Special:Redirect/revision/15199493	2026-08-06	OSRS Wiki Infobox Monster; fill-only sync
npc.icefiend.3140	attack_speed	https://oldschool.runescape.wiki/w/Special:Redirect/revision/15275445	2026-08-06	OSRS Wiki Infobox Monster; fill-only sync
npc.icelord.852	attack_speed	https://oldschool.runescape.wiki/w/Special:Redirect/revision/15199467	2026-08-06	OSRS Wiki Infobox Monster; fill-only sync
npc.imp.3134	attack_speed	https://oldschool.runescape.wiki/w/Special:Redirect/revision/15271036	2026-08-06	OSRS Wiki Infobox Monster; fill-only sync
npc.imp_champion.3355	aggression	https://oldschool.runescape.wiki/w/Special:Redirect/revision/15213172	2026-08-06	OSRS Wiki Infobox Monster; fill-only sync
npc.imp_champion.3355	attack_speed	https://oldschool.runescape.wiki/w/Special:Redirect/revision/15213172	2026-08-06	OSRS Wiki Infobox Monster; fill-only sync
npc.imp_champion.3355	attack_styles	https://oldschool.runescape.wiki/w/Special:Redirect/revision/15213172	2026-08-06	OSRS Wiki Infobox Monster; fill-only sync
npc.imp_champion.3355	hitpoints	https://oldschool.runescape.wiki/w/Special:Redirect/revision/15213172	2026-08-06	OSRS Wiki Infobox Monster; fill-only sync
npc.imp_champion.3355	max_hit	https://oldschool.runescape.wiki/w/Special:Redirect/revision/15213172	2026-08-06	OSRS Wiki Infobox Monster; fill-only sync
npc.impaler_deer.15759	aggression	https://oldschool.runescape.wiki/w/Special:Redirect/revision/15266593	2026-08-06	OSRS Wiki Infobox Monster; fill-only sync
npc.impaler_deer.15759	attack_speed	https://oldschool.runescape.wiki/w/Special:Redirect/revision/15266593	2026-08-06	OSRS Wiki Infobox Monster; fill-only sync
npc.impaler_deer.15759	attack_styles	https://oldschool.runescape.wiki/w/Special:Redirect/revision/15266593	2026-08-06	OSRS Wiki Infobox Monster; fill-only sync
npc.impaler_deer.15759	hitpoints	https://oldschool.runescape.wiki/w/Special:Redirect/revision/15266593	2026-08-06	OSRS Wiki Infobox Monster; fill-only sync
npc.impaler_deer.15759	max_hit	https://oldschool.runescape.wiki/w/Special:Redirect/revision/15266593	2026-08-06	OSRS Wiki Infobox Monster; fill-only sync
npc.imre.2614	attack_speed	https://oldschool.runescape.wiki/w/Special:Redirect/revision/15250570	2026-08-06	OSRS Wiki Infobox Monster; fill-only sync
npc.infernal_mage.443	attack_speed	https://oldschool.runescape.wiki/w/Special:Redirect/revision/15283087	2026-08-06	OSRS Wiki Infobox Monster; fill-only sync
npc.infernal_pyrelord.9465	aggression	https://oldschool.runescape.wiki/w/Special:Redirect/revision/15283086	2026-08-06	OSRS Wiki Infobox Monster; fill-only sync
npc.infernal_pyrelord.9465	attack_speed	https://oldschool.runescape.wiki/w/Special:Redirect/revision/15283086	2026-08-06	OSRS Wiki Infobox Monster; fill-only sync
npc.infernal_pyrelord.9465	attack_styles	https://oldschool.runescape.wiki/w/Special:Redirect/revision/15283086	2026-08-06	OSRS Wiki Infobox Monster; fill-only sync
npc.infernal_pyrelord.9465	hitpoints	https://oldschool.runescape.wiki/w/Special:Redirect/revision/15283086	2026-08-06	OSRS Wiki Infobox Monster; fill-only sync
npc.infernal_pyrelord.9465	max_hit	https://oldschool.runescape.wiki/w/Special:Redirect/revision/15283086	2026-08-06	OSRS Wiki Infobox Monster; fill-only sync
npc.infernal_pyrelord.9465	slayer_requirement	https://oldschool.runescape.wiki/w/Special:Redirect/revision/15283086	2026-08-06	OSRS Wiki Infobox Monster; fill-only sync
npc.insatiable_bloodveld.7397	aggression	https://oldschool.runescape.wiki/w/Special:Redirect/revision/15283091	2026-08-06	OSRS Wiki Infobox Monster; fill-only sync
npc.insatiable_bloodveld.7397	attack_speed	https://oldschool.runescape.wiki/w/Special:Redirect/revision/15283091	2026-08-06	OSRS Wiki Infobox Monster; fill-only sync
npc.insatiable_bloodveld.7397	attack_styles	https://oldschool.runescape.wiki/w/Special:Redirect/revision/15283091	2026-08-06	OSRS Wiki Infobox Monster; fill-only sync
npc.insatiable_bloodveld.7397	hitpoints	https://oldschool.runescape.wiki/w/Special:Redirect/revision/15283091	2026-08-06	OSRS Wiki Infobox Monster; fill-only sync
npc.insatiable_bloodveld.7397	max_hit	https://oldschool.runescape.wiki/w/Special:Redirect/revision/15283091	2026-08-06	OSRS Wiki Infobox Monster; fill-only sync
npc.insatiable_bloodveld.7397	slayer_requirement	https://oldschool.runescape.wiki/w/Special:Redirect/revision/15283091	2026-08-06	OSRS Wiki Infobox Monster; fill-only sync
npc.insatiable_mutated_bloodveld.7398	aggression	https://oldschool.runescape.wiki/w/Special:Redirect/revision/15283094	2026-08-06	OSRS Wiki Infobox Monster; fill-only sync
npc.insatiable_mutated_bloodveld.7398	attack_speed	https://oldschool.runescape.wiki/w/Special:Redirect/revision/15283094	2026-08-06	OSRS Wiki Infobox Monster; fill-only sync
npc.insatiable_mutated_bloodveld.7398	attack_styles	https://oldschool.runescape.wiki/w/Special:Redirect/revision/15283094	2026-08-06	OSRS Wiki Infobox Monster; fill-only sync
npc.insatiable_mutated_bloodveld.7398	hitpoints	https://oldschool.runescape.wiki/w/Special:Redirect/revision/15283094	2026-08-06	OSRS Wiki Infobox Monster; fill-only sync
npc.insatiable_mutated_bloodveld.7398	max_hit	https://oldschool.runescape.wiki/w/Special:Redirect/revision/15283094	2026-08-06	OSRS Wiki Infobox Monster; fill-only sync
npc.insatiable_mutated_bloodveld.7398	slayer_requirement	https://oldschool.runescape.wiki/w/Special:Redirect/revision/15283094	2026-08-06	OSRS Wiki Infobox Monster; fill-only sync
npc.invrigar_the_necromancer.511	attack_speed	https://oldschool.runescape.wiki/w/Special:Redirect/revision/15233777	2026-08-06	OSRS Wiki Infobox Monster; fill-only sync
npc.iorwerth_archer.3428	aggression	https://oldschool.runescape.wiki/w/Special:Redirect/revision/15200145	2026-08-06	OSRS Wiki Infobox Monster; fill-only sync
npc.iorwerth_archer.3428	attack_speed	https://oldschool.runescape.wiki/w/Special:Redirect/revision/15200145	2026-08-06	OSRS Wiki Infobox Monster; fill-only sync
npc.iorwerth_archer.3428	attack_styles	https://oldschool.runescape.wiki/w/Special:Redirect/revision/15200145	2026-08-06	OSRS Wiki Infobox Monster; fill-only sync
npc.iorwerth_archer.3428	hitpoints	https://oldschool.runescape.wiki/w/Special:Redirect/revision/15200145	2026-08-06	OSRS Wiki Infobox Monster; fill-only sync
npc.iorwerth_archer.3428	max_hit	https://oldschool.runescape.wiki/w/Special:Redirect/revision/15200145	2026-08-06	OSRS Wiki Infobox Monster; fill-only sync
npc.iorwerth_warrior.3429	aggression	https://oldschool.runescape.wiki/w/Special:Redirect/revision/15200144	2026-08-06	OSRS Wiki Infobox Monster; fill-only sync
npc.iorwerth_warrior.3429	attack_speed	https://oldschool.runescape.wiki/w/Special:Redirect/revision/15200144	2026-08-06	OSRS Wiki Infobox Monster; fill-only sync
npc.iorwerth_warrior.3429	attack_styles	https://oldschool.runescape.wiki/w/Special:Redirect/revision/15200144	2026-08-06	OSRS Wiki Infobox Monster; fill-only sync
npc.iorwerth_warrior.3429	hitpoints	https://oldschool.runescape.wiki/w/Special:Redirect/revision/15200144	2026-08-06	OSRS Wiki Infobox Monster; fill-only sync
npc.iorwerth_warrior.3429	max_hit	https://oldschool.runescape.wiki/w/Special:Redirect/revision/15200144	2026-08-06	OSRS Wiki Infobox Monster; fill-only sync
npc.irina.2622	attack_speed	https://oldschool.runescape.wiki/w/Special:Redirect/revision/15199956	2026-08-06	OSRS Wiki Infobox Monster; fill-only sync
npc.iron_dragon.272	attack_speed	https://oldschool.runescape.wiki/w/Special:Redirect/revision/15273774	2026-08-06	OSRS Wiki Infobox Monster; fill-only sync
npc.irvig_senay.3965	aggression	https://oldschool.runescape.wiki/w/Special:Redirect/revision/15215870	2026-08-06	OSRS Wiki Infobox Monster; fill-only sync
npc.irvig_senay.3965	attack_speed	https://oldschool.runescape.wiki/w/Special:Redirect/revision/15215870	2026-08-06	OSRS Wiki Infobox Monster; fill-only sync
npc.irvig_senay.3965	attack_styles	https://oldschool.runescape.wiki/w/Special:Redirect/revision/15215870	2026-08-06	OSRS Wiki Infobox Monster; fill-only sync
npc.irvig_senay.3965	hitpoints	https://oldschool.runescape.wiki/w/Special:Redirect/revision/15215870	2026-08-06	OSRS Wiki Infobox Monster; fill-only sync
npc.irvig_senay.3965	max_hit	https://oldschool.runescape.wiki/w/Special:Redirect/revision/15215870	2026-08-06	OSRS Wiki Infobox Monster; fill-only sync
npc.ithoi_the_navigator.7964	aggression	https://oldschool.runescape.wiki/w/Special:Redirect/revision/15284136	2026-08-06	OSRS Wiki Infobox Monster; fill-only sync
npc.ithoi_the_navigator.7964	attack_speed	https://oldschool.runescape.wiki/w/Special:Redirect/revision/15284136	2026-08-06	OSRS Wiki Infobox Monster; fill-only sync
npc.ithoi_the_navigator.7964	attack_styles	https://oldschool.runescape.wiki/w/Special:Redirect/revision/15284136	2026-08-06	OSRS Wiki Infobox Monster; fill-only sync
npc.ithoi_the_navigator.7964	hitpoints	https://oldschool.runescape.wiki/w/Special:Redirect/revision/15284136	2026-08-06	OSRS Wiki Infobox Monster; fill-only sync
npc.ithoi_the_navigator.7964	max_hit	https://oldschool.runescape.wiki/w/Special:Redirect/revision/15284136	2026-08-06	OSRS Wiki Infobox Monster; fill-only sync
npc.jackal.4185	aggression	https://oldschool.runescape.wiki/w/Special:Redirect/revision/15199397	2026-08-06	OSRS Wiki Infobox Monster; fill-only sync
npc.jackal.4185	attack_speed	https://oldschool.runescape.wiki/w/Special:Redirect/revision/15199397	2026-08-06	OSRS Wiki Infobox Monster; fill-only sync
npc.jackal.4185	attack_styles	https://oldschool.runescape.wiki/w/Special:Redirect/revision/15199397	2026-08-06	OSRS Wiki Infobox Monster; fill-only sync
npc.jackal.4185	hitpoints	https://oldschool.runescape.wiki/w/Special:Redirect/revision/15199397	2026-08-06	OSRS Wiki Infobox Monster; fill-only sync
npc.jackal.4185	max_hit	https://oldschool.runescape.wiki/w/Special:Redirect/revision/15199397	2026-08-06	OSRS Wiki Infobox Monster; fill-only sync
npc.jaguar.12976	aggression	https://oldschool.runescape.wiki/w/Special:Redirect/revision/15200503	2026-08-06	OSRS Wiki Infobox Monster; fill-only sync
npc.jaguar.12976	attack_speed	https://oldschool.runescape.wiki/w/Special:Redirect/revision/15200503	2026-08-06	OSRS Wiki Infobox Monster; fill-only sync
npc.jaguar.12976	attack_styles	https://oldschool.runescape.wiki/w/Special:Redirect/revision/15200503	2026-08-06	OSRS Wiki Infobox Monster; fill-only sync
npc.jaguar.12976	hitpoints	https://oldschool.runescape.wiki/w/Special:Redirect/revision/15200503	2026-08-06	OSRS Wiki Infobox Monster; fill-only sync
npc.jaguar.12976	max_hit	https://oldschool.runescape.wiki/w/Special:Redirect/revision/15200503	2026-08-06	OSRS Wiki Infobox Monster; fill-only sync
npc.jaguar_cub.12977	aggression	https://oldschool.runescape.wiki/w/Special:Redirect/revision/15200504	2026-08-06	OSRS Wiki Infobox Monster; fill-only sync
npc.jaguar_cub.12977	attack_speed	https://oldschool.runescape.wiki/w/Special:Redirect/revision/15200504	2026-08-06	OSRS Wiki Infobox Monster; fill-only sync
npc.jaguar_cub.12977	attack_styles	https://oldschool.runescape.wiki/w/Special:Redirect/revision/15200504	2026-08-06	OSRS Wiki Infobox Monster; fill-only sync
npc.jaguar_cub.12977	hitpoints	https://oldschool.runescape.wiki/w/Special:Redirect/revision/15200504	2026-08-06	OSRS Wiki Infobox Monster; fill-only sync
npc.jaguar_cub.12977	max_hit	https://oldschool.runescape.wiki/w/Special:Redirect/revision/15200504	2026-08-06	OSRS Wiki Infobox Monster; fill-only sync
npc.jaguar_warrior.12810	aggression	https://oldschool.runescape.wiki/w/Special:Redirect/revision/15200479	2026-08-06	OSRS Wiki Infobox Monster; fill-only sync
npc.jaguar_warrior.12810	attack_speed	https://oldschool.runescape.wiki/w/Special:Redirect/revision/15200479	2026-08-06	OSRS Wiki Infobox Monster; fill-only sync
npc.jaguar_warrior.12810	attack_styles	https://oldschool.runescape.wiki/w/Special:Redirect/revision/15200479	2026-08-06	OSRS Wiki Infobox Monster; fill-only sync
npc.jaguar_warrior.12810	hitpoints	https://oldschool.runescape.wiki/w/Special:Redirect/revision/15200479	2026-08-06	OSRS Wiki Infobox Monster; fill-only sync
npc.jaguar_warrior.12810	max_hit	https://oldschool.runescape.wiki/w/Special:Redirect/revision/15200479	2026-08-06	OSRS Wiki Infobox Monster; fill-only sync
npc.jail_guard.4276	aggression	https://oldschool.runescape.wiki/w/Special:Redirect/revision/15199200	2026-08-06	OSRS Wiki Infobox Monster; fill-only sync
npc.jail_guard.4276	attack_speed	https://oldschool.runescape.wiki/w/Special:Redirect/revision/15199200	2026-08-06	OSRS Wiki Infobox Monster; fill-only sync
npc.jail_guard.4276	attack_styles	https://oldschool.runescape.wiki/w/Special:Redirect/revision/15199200	2026-08-06	OSRS Wiki Infobox Monster; fill-only sync
npc.jail_guard.4276	hitpoints	https://oldschool.runescape.wiki/w/Special:Redirect/revision/15199200	2026-08-06	OSRS Wiki Infobox Monster; fill-only sync
npc.jail_guard.4276	max_hit	https://oldschool.runescape.wiki/w/Special:Redirect/revision/15199200	2026-08-06	OSRS Wiki Infobox Monster; fill-only sync
npc.jailer.300	attack_speed	https://oldschool.runescape.wiki/w/Special:Redirect/revision/15199648	2026-08-06	OSRS Wiki Infobox Monster; fill-only sync
npc.jake.3863	aggression	https://oldschool.runescape.wiki/w/Special:Redirect/revision/15199649	2026-08-06	OSRS Wiki Infobox Monster; fill-only sync
npc.jake.3863	attack_speed	https://oldschool.runescape.wiki/w/Special:Redirect/revision/15199649	2026-08-06	OSRS Wiki Infobox Monster; fill-only sync
npc.jake.3863	attack_styles	https://oldschool.runescape.wiki/w/Special:Redirect/revision/15199649	2026-08-06	OSRS Wiki Infobox Monster; fill-only sync
npc.jake.3863	hitpoints	https://oldschool.runescape.wiki/w/Special:Redirect/revision/15199649	2026-08-06	OSRS Wiki Infobox Monster; fill-only sync
npc.jake.3863	max_hit	https://oldschool.runescape.wiki/w/Special:Redirect/revision/15199649	2026-08-06	OSRS Wiki Infobox Monster; fill-only sync
npc.jal_ak.7693	aggression	https://oldschool.runescape.wiki/w/Special:Redirect/revision/15199992	2026-08-06	OSRS Wiki Infobox Monster; fill-only sync
npc.jal_ak.7693	attack_speed	https://oldschool.runescape.wiki/w/Special:Redirect/revision/15199992	2026-08-06	OSRS Wiki Infobox Monster; fill-only sync
npc.jal_ak.7693	attack_styles	https://oldschool.runescape.wiki/w/Special:Redirect/revision/15199992	2026-08-06	OSRS Wiki Infobox Monster; fill-only sync
npc.jal_ak.7693	hitpoints	https://oldschool.runescape.wiki/w/Special:Redirect/revision/15199992	2026-08-06	OSRS Wiki Infobox Monster; fill-only sync
npc.jal_ak.7693	max_hit	https://oldschool.runescape.wiki/w/Special:Redirect/revision/15199992	2026-08-06	OSRS Wiki Infobox Monster; fill-only sync
npc.jal_akrek_ket.7696	aggression	https://oldschool.runescape.wiki/w/Special:Redirect/revision/15200001	2026-08-06	OSRS Wiki Infobox Monster; fill-only sync
npc.jal_akrek_ket.7696	attack_speed	https://oldschool.runescape.wiki/w/Special:Redirect/revision/15200001	2026-08-06	OSRS Wiki Infobox Monster; fill-only sync
npc.jal_akrek_ket.7696	attack_styles	https://oldschool.runescape.wiki/w/Special:Redirect/revision/15200001	2026-08-06	OSRS Wiki Infobox Monster; fill-only sync
npc.jal_akrek_ket.7696	hitpoints	https://oldschool.runescape.wiki/w/Special:Redirect/revision/15200001	2026-08-06	OSRS Wiki Infobox Monster; fill-only sync
npc.jal_akrek_ket.7696	max_hit	https://oldschool.runescape.wiki/w/Special:Redirect/revision/15200001	2026-08-06	OSRS Wiki Infobox Monster; fill-only sync
npc.jal_akrek_mej.7694	aggression	https://oldschool.runescape.wiki/w/Special:Redirect/revision/15199996	2026-08-06	OSRS Wiki Infobox Monster; fill-only sync
npc.jal_akrek_mej.7694	attack_speed	https://oldschool.runescape.wiki/w/Special:Redirect/revision/15199996	2026-08-06	OSRS Wiki Infobox Monster; fill-only sync
npc.jal_akrek_mej.7694	attack_styles	https://oldschool.runescape.wiki/w/Special:Redirect/revision/15199996	2026-08-06	OSRS Wiki Infobox Monster; fill-only sync
npc.jal_akrek_mej.7694	hitpoints	https://oldschool.runescape.wiki/w/Special:Redirect/revision/15199996	2026-08-06	OSRS Wiki Infobox Monster; fill-only sync
npc.jal_akrek_mej.7694	max_hit	https://oldschool.runescape.wiki/w/Special:Redirect/revision/15199996	2026-08-06	OSRS Wiki Infobox Monster; fill-only sync
npc.jal_akrek_xil.7695	aggression	https://oldschool.runescape.wiki/w/Special:Redirect/revision/15199993	2026-08-06	OSRS Wiki Infobox Monster; fill-only sync
npc.jal_akrek_xil.7695	attack_speed	https://oldschool.runescape.wiki/w/Special:Redirect/revision/15199993	2026-08-06	OSRS Wiki Infobox Monster; fill-only sync
npc.jal_akrek_xil.7695	attack_styles	https://oldschool.runescape.wiki/w/Special:Redirect/revision/15199993	2026-08-06	OSRS Wiki Infobox Monster; fill-only sync
npc.jal_akrek_xil.7695	hitpoints	https://oldschool.runescape.wiki/w/Special:Redirect/revision/15199993	2026-08-06	OSRS Wiki Infobox Monster; fill-only sync
npc.jal_akrek_xil.7695	max_hit	https://oldschool.runescape.wiki/w/Special:Redirect/revision/15199993	2026-08-06	OSRS Wiki Infobox Monster; fill-only sync
npc.jal_imkot.7697	aggression	https://oldschool.runescape.wiki/w/Special:Redirect/revision/15214928	2026-08-06	OSRS Wiki Infobox Monster; fill-only sync
npc.jal_imkot.7697	attack_speed	https://oldschool.runescape.wiki/w/Special:Redirect/revision/15214928	2026-08-06	OSRS Wiki Infobox Monster; fill-only sync
npc.jal_imkot.7697	attack_styles	https://oldschool.runescape.wiki/w/Special:Redirect/revision/15214928	2026-08-06	OSRS Wiki Infobox Monster; fill-only sync
npc.jal_imkot.7697	hitpoints	https://oldschool.runescape.wiki/w/Special:Redirect/revision/15214928	2026-08-06	OSRS Wiki Infobox Monster; fill-only sync
npc.jal_imkot.7697	max_hit	https://oldschool.runescape.wiki/w/Special:Redirect/revision/15214928	2026-08-06	OSRS Wiki Infobox Monster; fill-only sync
npc.jal_mejjak.7708	aggression	https://oldschool.runescape.wiki/w/Special:Redirect/revision/15228967	2026-08-06	OSRS Wiki Infobox Monster; fill-only sync
npc.jal_mejjak.7708	attack_speed	https://oldschool.runescape.wiki/w/Special:Redirect/revision/15228967	2026-08-06	OSRS Wiki Infobox Monster; fill-only sync
npc.jal_mejjak.7708	attack_styles	https://oldschool.runescape.wiki/w/Special:Redirect/revision/15228967	2026-08-06	OSRS Wiki Infobox Monster; fill-only sync
npc.jal_mejjak.7708	hitpoints	https://oldschool.runescape.wiki/w/Special:Redirect/revision/15228967	2026-08-06	OSRS Wiki Infobox Monster; fill-only sync
npc.jal_mejjak.7708	max_hit	https://oldschool.runescape.wiki/w/Special:Redirect/revision/15228967	2026-08-06	OSRS Wiki Infobox Monster; fill-only sync
npc.jal_mejrah.7692	aggression	https://oldschool.runescape.wiki/w/Special:Redirect/revision/15199994	2026-08-06	OSRS Wiki Infobox Monster; fill-only sync
npc.jal_mejrah.7692	attack_speed	https://oldschool.runescape.wiki/w/Special:Redirect/revision/15199994	2026-08-06	OSRS Wiki Infobox Monster; fill-only sync
npc.jal_mejrah.7692	attack_styles	https://oldschool.runescape.wiki/w/Special:Redirect/revision/15199994	2026-08-06	OSRS Wiki Infobox Monster; fill-only sync
npc.jal_mejrah.7692	hitpoints	https://oldschool.runescape.wiki/w/Special:Redirect/revision/15199994	2026-08-06	OSRS Wiki Infobox Monster; fill-only sync
npc.jal_mejrah.7692	max_hit	https://oldschool.runescape.wiki/w/Special:Redirect/revision/15199994	2026-08-06	OSRS Wiki Infobox Monster; fill-only sync
npc.jal_nib.7691	aggression	https://oldschool.runescape.wiki/w/Special:Redirect/revision/15199995	2026-08-06	OSRS Wiki Infobox Monster; fill-only sync
npc.jal_nib.7691	attack_speed	https://oldschool.runescape.wiki/w/Special:Redirect/revision/15199995	2026-08-06	OSRS Wiki Infobox Monster; fill-only sync
npc.jal_nib.7691	attack_styles	https://oldschool.runescape.wiki/w/Special:Redirect/revision/15199995	2026-08-06	OSRS Wiki Infobox Monster; fill-only sync
npc.jal_nib.7691	hitpoints	https://oldschool.runescape.wiki/w/Special:Redirect/revision/15199995	2026-08-06	OSRS Wiki Infobox Monster; fill-only sync
npc.jal_nib.7691	max_hit	https://oldschool.runescape.wiki/w/Special:Redirect/revision/15199995	2026-08-06	OSRS Wiki Infobox Monster; fill-only sync
npc.jal_xil.7698	aggression	https://oldschool.runescape.wiki/w/Special:Redirect/revision/15199999	2026-08-06	OSRS Wiki Infobox Monster; fill-only sync
npc.jal_xil.7698	attack_speed	https://oldschool.runescape.wiki/w/Special:Redirect/revision/15199999	2026-08-06	OSRS Wiki Infobox Monster; fill-only sync
npc.jal_xil.7698	attack_styles	https://oldschool.runescape.wiki/w/Special:Redirect/revision/15199999	2026-08-06	OSRS Wiki Infobox Monster; fill-only sync
npc.jal_xil.7698	hitpoints	https://oldschool.runescape.wiki/w/Special:Redirect/revision/15199999	2026-08-06	OSRS Wiki Infobox Monster; fill-only sync
npc.jal_xil.7698	max_hit	https://oldschool.runescape.wiki/w/Special:Redirect/revision/15199999	2026-08-06	OSRS Wiki Infobox Monster; fill-only sync
npc.jal_zek.7699	aggression	https://oldschool.runescape.wiki/w/Special:Redirect/revision/15225612	2026-08-06	OSRS Wiki Infobox Monster; fill-only sync
npc.jal_zek.7699	attack_speed	https://oldschool.runescape.wiki/w/Special:Redirect/revision/15225612	2026-08-06	OSRS Wiki Infobox Monster; fill-only sync
npc.jal_zek.7699	attack_styles	https://oldschool.runescape.wiki/w/Special:Redirect/revision/15225612	2026-08-06	OSRS Wiki Infobox Monster; fill-only sync
npc.jal_zek.7699	hitpoints	https://oldschool.runescape.wiki/w/Special:Redirect/revision/15225612	2026-08-06	OSRS Wiki Infobox Monster; fill-only sync
npc.jal_zek.7699	max_hit	https://oldschool.runescape.wiki/w/Special:Redirect/revision/15225612	2026-08-06	OSRS Wiki Infobox Monster; fill-only sync
npc.jaltok_jad.7700	aggression	https://oldschool.runescape.wiki/w/Special:Redirect/revision/15200000	2026-08-06	OSRS Wiki Infobox Monster; fill-only sync
npc.jaltok_jad.7700	attack_speed	https://oldschool.runescape.wiki/w/Special:Redirect/revision/15200000	2026-08-06	OSRS Wiki Infobox Monster; fill-only sync
npc.jaltok_jad.7700	attack_styles	https://oldschool.runescape.wiki/w/Special:Redirect/revision/15200000	2026-08-06	OSRS Wiki Infobox Monster; fill-only sync
npc.jaltok_jad.7700	hitpoints	https://oldschool.runescape.wiki/w/Special:Redirect/revision/15200000	2026-08-06	OSRS Wiki Infobox Monster; fill-only sync
npc.jaltok_jad.7700	max_hit	https://oldschool.runescape.wiki/w/Special:Redirect/revision/15200000	2026-08-06	OSRS Wiki Infobox Monster; fill-only sync
npc.javelin_colossus.12817	aggression	https://oldschool.runescape.wiki/w/Special:Redirect/revision/15200486	2026-08-06	OSRS Wiki Infobox Monster; fill-only sync
npc.javelin_colossus.12817	attack_speed	https://oldschool.runescape.wiki/w/Special:Redirect/revision/15200486	2026-08-06	OSRS Wiki Infobox Monster; fill-only sync
npc.javelin_colossus.12817	attack_styles	https://oldschool.runescape.wiki/w/Special:Redirect/revision/15200486	2026-08-06	OSRS Wiki Infobox Monster; fill-only sync
npc.javelin_colossus.12817	hitpoints	https://oldschool.runescape.wiki/w/Special:Redirect/revision/15200486	2026-08-06	OSRS Wiki Infobox Monster; fill-only sync
npc.javelin_colossus.12817	max_hit	https://oldschool.runescape.wiki/w/Special:Redirect/revision/15200486	2026-08-06	OSRS Wiki Infobox Monster; fill-only sync
npc.jeff.3282	aggression	https://oldschool.runescape.wiki/w/Special:Redirect/revision/15199875	2026-08-06	OSRS Wiki Infobox Monster; fill-only sync
npc.jeff.3282	attack_speed	https://oldschool.runescape.wiki/w/Special:Redirect/revision/15199875	2026-08-06	OSRS Wiki Infobox Monster; fill-only sync
npc.jeff.3282	attack_styles	https://oldschool.runescape.wiki/w/Special:Redirect/revision/15199875	2026-08-06	OSRS Wiki Infobox Monster; fill-only sync
npc.jeff.3282	hitpoints	https://oldschool.runescape.wiki/w/Special:Redirect/revision/15199875	2026-08-06	OSRS Wiki Infobox Monster; fill-only sync
npc.jeff.3282	max_hit	https://oldschool.runescape.wiki/w/Special:Redirect/revision/15199875	2026-08-06	OSRS Wiki Infobox Monster; fill-only sync
npc.jelly.437	attack_speed	https://oldschool.runescape.wiki/w/Special:Redirect/revision/15283098	2026-08-06	OSRS Wiki Infobox Monster; fill-only sync
npc.jennella.3944	aggression	https://oldschool.runescape.wiki/w/Special:Redirect/revision/15199887	2026-08-06	OSRS Wiki Infobox Monster; fill-only sync
npc.jennella.3944	attack_speed	https://oldschool.runescape.wiki/w/Special:Redirect/revision/15199887	2026-08-06	OSRS Wiki Infobox Monster; fill-only sync
npc.jennella.3944	attack_styles	https://oldschool.runescape.wiki/w/Special:Redirect/revision/15199887	2026-08-06	OSRS Wiki Infobox Monster; fill-only sync
npc.jennella.3944	hitpoints	https://oldschool.runescape.wiki/w/Special:Redirect/revision/15199887	2026-08-06	OSRS Wiki Infobox Monster; fill-only sync
npc.jennella.3944	max_hit	https://oldschool.runescape.wiki/w/Special:Redirect/revision/15199887	2026-08-06	OSRS Wiki Infobox Monster; fill-only sync
npc.jhallan.12353	aggression	https://oldschool.runescape.wiki/w/Special:Redirect/revision/15277198	2026-08-06	OSRS Wiki Infobox Monster; fill-only sync
npc.jhallan.12353	attack_speed	https://oldschool.runescape.wiki/w/Special:Redirect/revision/15277198	2026-08-06	OSRS Wiki Infobox Monster; fill-only sync
npc.jhallan.12353	attack_styles	https://oldschool.runescape.wiki/w/Special:Redirect/revision/15277198	2026-08-06	OSRS Wiki Infobox Monster; fill-only sync
npc.jhallan.12353	hitpoints	https://oldschool.runescape.wiki/w/Special:Redirect/revision/15277198	2026-08-06	OSRS Wiki Infobox Monster; fill-only sync
npc.jhallan.12353	max_hit	https://oldschool.runescape.wiki/w/Special:Redirect/revision/15277198	2026-08-06	OSRS Wiki Infobox Monster; fill-only sync
npc.jogre.2094	attack_speed	https://oldschool.runescape.wiki/w/Special:Redirect/revision/15259543	2026-08-06	OSRS Wiki Infobox Monster; fill-only sync
npc.jogre_champion.3356	aggression	https://oldschool.runescape.wiki/w/Special:Redirect/revision/15213173	2026-08-06	OSRS Wiki Infobox Monster; fill-only sync
npc.jogre_champion.3356	attack_speed	https://oldschool.runescape.wiki/w/Special:Redirect/revision/15213173	2026-08-06	OSRS Wiki Infobox Monster; fill-only sync
npc.jogre_champion.3356	attack_styles	https://oldschool.runescape.wiki/w/Special:Redirect/revision/15213173	2026-08-06	OSRS Wiki Infobox Monster; fill-only sync
npc.jogre_champion.3356	hazards	https://oldschool.runescape.wiki/w/Special:Redirect/revision/15213173	2026-08-06	OSRS Wiki Infobox Monster; fill-only sync
npc.jogre_champion.3356	hitpoints	https://oldschool.runescape.wiki/w/Special:Redirect/revision/15213173	2026-08-06	OSRS Wiki Infobox Monster; fill-only sync
npc.jogre_champion.3356	max_hit	https://oldschool.runescape.wiki/w/Special:Redirect/revision/15213173	2026-08-06	OSRS Wiki Infobox Monster; fill-only sync
npc.jonny_the_beard.14139	aggression	https://oldschool.runescape.wiki/w/Special:Redirect/revision/15199578	2026-08-06	OSRS Wiki Infobox Monster; fill-only sync
npc.jonny_the_beard.14139	attack_speed	https://oldschool.runescape.wiki/w/Special:Redirect/revision/15199578	2026-08-06	OSRS Wiki Infobox Monster; fill-only sync
npc.jonny_the_beard.14139	attack_styles	https://oldschool.runescape.wiki/w/Special:Redirect/revision/15199578	2026-08-06	OSRS Wiki Infobox Monster; fill-only sync
npc.jonny_the_beard.14139	hitpoints	https://oldschool.runescape.wiki/w/Special:Redirect/revision/15199578	2026-08-06	OSRS Wiki Infobox Monster; fill-only sync
npc.jonny_the_beard.14139	max_hit	https://oldschool.runescape.wiki/w/Special:Redirect/revision/15199578	2026-08-06	OSRS Wiki Infobox Monster; fill-only sync
npc.joseph.2616	attack_speed	https://oldschool.runescape.wiki/w/Special:Redirect/revision/15199886	2026-08-06	OSRS Wiki Infobox Monster; fill-only sync
npc.jubbly_bird.4863	aggression	https://oldschool.runescape.wiki/w/Special:Redirect/revision/15267704	2026-08-06	OSRS Wiki Infobox Monster; fill-only sync
npc.jubbly_bird.4863	attack_speed	https://oldschool.runescape.wiki/w/Special:Redirect/revision/15267704	2026-08-06	OSRS Wiki Infobox Monster; fill-only sync
npc.jubbly_bird.4863	hitpoints	https://oldschool.runescape.wiki/w/Special:Redirect/revision/15267704	2026-08-06	OSRS Wiki Infobox Monster; fill-only sync
npc.jubbly_bird.4863	max_hit	https://oldschool.runescape.wiki/w/Special:Redirect/revision/15267704	2026-08-06	OSRS Wiki Infobox Monster; fill-only sync
npc.jubster.3604	aggression	https://oldschool.runescape.wiki/w/Special:Redirect/revision/15206349	2026-08-06	OSRS Wiki Infobox Monster; fill-only sync
npc.jubster.3604	attack_speed	https://oldschool.runescape.wiki/w/Special:Redirect/revision/15206349	2026-08-06	OSRS Wiki Infobox Monster; fill-only sync
npc.jubster.3604	attack_styles	https://oldschool.runescape.wiki/w/Special:Redirect/revision/15206349	2026-08-06	OSRS Wiki Infobox Monster; fill-only sync
npc.jubster.3604	hitpoints	https://oldschool.runescape.wiki/w/Special:Redirect/revision/15206349	2026-08-06	OSRS Wiki Infobox Monster; fill-only sync
npc.jubster.3604	max_hit	https://oldschool.runescape.wiki/w/Special:Redirect/revision/15206349	2026-08-06	OSRS Wiki Infobox Monster; fill-only sync
npc.judge_of_yama.10938	aggression	https://oldschool.runescape.wiki/w/Special:Redirect/revision/15215874	2026-08-06	OSRS Wiki Infobox Monster; fill-only sync
npc.judge_of_yama.10938	attack_speed	https://oldschool.runescape.wiki/w/Special:Redirect/revision/15215874	2026-08-06	OSRS Wiki Infobox Monster; fill-only sync
npc.judge_of_yama.10938	attack_styles	https://oldschool.runescape.wiki/w/Special:Redirect/revision/15215874	2026-08-06	OSRS Wiki Infobox Monster; fill-only sync
npc.judge_of_yama.10938	hitpoints	https://oldschool.runescape.wiki/w/Special:Redirect/revision/15215874	2026-08-06	OSRS Wiki Infobox Monster; fill-only sync
npc.judge_of_yama.10938	max_hit	https://oldschool.runescape.wiki/w/Special:Redirect/revision/15215874	2026-08-06	OSRS Wiki Infobox Monster; fill-only sync
npc.jungle_demon.1443	attack_speed	https://oldschool.runescape.wiki/w/Special:Redirect/revision/15199289	2026-08-06	OSRS Wiki Infobox Monster; fill-only sync
npc.jungle_horror.1042	attack_speed	https://oldschool.runescape.wiki/w/Special:Redirect/revision/15199303	2026-08-06	OSRS Wiki Infobox Monster; fill-only sync
npc.jungle_spider.3020	attack_speed	https://oldschool.runescape.wiki/w/Special:Redirect/revision/15239033	2026-08-06	OSRS Wiki Infobox Monster; fill-only sync
npc.jungle_wolf.232	attack_speed	https://oldschool.runescape.wiki/w/Special:Redirect/revision/15199942	2026-08-06	OSRS Wiki Infobox Monster; fill-only sync
npc.justiciar_zachariah.7858	aggression	https://oldschool.runescape.wiki/w/Special:Redirect/revision/15237747	2026-08-06	OSRS Wiki Infobox Monster; fill-only sync
npc.justiciar_zachariah.7858	attack_speed	https://oldschool.runescape.wiki/w/Special:Redirect/revision/15237747	2026-08-06	OSRS Wiki Infobox Monster; fill-only sync
npc.justiciar_zachariah.7858	attack_styles	https://oldschool.runescape.wiki/w/Special:Redirect/revision/15237747	2026-08-06	OSRS Wiki Infobox Monster; fill-only sync
npc.justiciar_zachariah.7858	hitpoints	https://oldschool.runescape.wiki/w/Special:Redirect/revision/15237747	2026-08-06	OSRS Wiki Infobox Monster; fill-only sync
npc.justiciar_zachariah.7858	max_hit	https://oldschool.runescape.wiki/w/Special:Redirect/revision/15237747	2026-08-06	OSRS Wiki Infobox Monster; fill-only sync
npc.juvenile_custodian_stalker.14702	aggression	https://oldschool.runescape.wiki/w/Special:Redirect/revision/15288930	2026-08-06	OSRS Wiki Infobox Monster; fill-only sync
npc.juvenile_custodian_stalker.14702	attack_speed	https://oldschool.runescape.wiki/w/Special:Redirect/revision/15288930	2026-08-06	OSRS Wiki Infobox Monster; fill-only sync
npc.juvenile_custodian_stalker.14702	attack_styles	https://oldschool.runescape.wiki/w/Special:Redirect/revision/15288930	2026-08-06	OSRS Wiki Infobox Monster; fill-only sync
npc.juvenile_custodian_stalker.14702	hitpoints	https://oldschool.runescape.wiki/w/Special:Redirect/revision/15288930	2026-08-06	OSRS Wiki Infobox Monster; fill-only sync
npc.juvenile_custodian_stalker.14702	max_hit	https://oldschool.runescape.wiki/w/Special:Redirect/revision/15288930	2026-08-06	OSRS Wiki Infobox Monster; fill-only sync
npc.juvenile_custodian_stalker.14702	slayer_requirement	https://oldschool.runescape.wiki/w/Special:Redirect/revision/15288930	2026-08-06	OSRS Wiki Infobox Monster; fill-only sync
npc.k_ril_tsutsaroth.3129	attack_speed	https://oldschool.runescape.wiki/w/Special:Redirect/revision/15235043	2026-08-06	OSRS Wiki Infobox Monster; fill-only sync
npc.kalphite_guardian.959	attack_speed	https://oldschool.runescape.wiki/w/Special:Redirect/revision/15240489	2026-08-06	OSRS Wiki Infobox Monster; fill-only sync
npc.kalphite_queen.963	attack_speed	https://oldschool.runescape.wiki/w/Special:Redirect/revision/15240484	2026-08-06	OSRS Wiki Infobox Monster; fill-only sync
npc.kalphite_soldier.138	attack_speed	https://oldschool.runescape.wiki/w/Special:Redirect/revision/15240656	2026-08-06	OSRS Wiki Infobox Monster; fill-only sync
npc.kalphite_worker.955	attack_speed	https://oldschool.runescape.wiki/w/Special:Redirect/revision/15240488	2026-08-06	OSRS Wiki Infobox Monster; fill-only sync
npc.kalrag.8993	aggression	https://oldschool.runescape.wiki/w/Special:Redirect/revision/15199478	2026-08-06	OSRS Wiki Infobox Monster; fill-only sync
npc.kalrag.8993	attack_speed	https://oldschool.runescape.wiki/w/Special:Redirect/revision/15199478	2026-08-06	OSRS Wiki Infobox Monster; fill-only sync
npc.kalrag.8993	attack_styles	https://oldschool.runescape.wiki/w/Special:Redirect/revision/15199478	2026-08-06	OSRS Wiki Infobox Monster; fill-only sync
npc.kalrag.8993	hitpoints	https://oldschool.runescape.wiki/w/Special:Redirect/revision/15199478	2026-08-06	OSRS Wiki Infobox Monster; fill-only sync
npc.kalrag.8993	max_hit	https://oldschool.runescape.wiki/w/Special:Redirect/revision/15199478	2026-08-06	OSRS Wiki Infobox Monster; fill-only sync
npc.kamil.3458	attack_speed	https://oldschool.runescape.wiki/w/Special:Redirect/revision/15255931	2026-08-06	OSRS Wiki Infobox Monster; fill-only sync
npc.karamel.4882	aggression	https://oldschool.runescape.wiki/w/Special:Redirect/revision/15215876	2026-08-06	OSRS Wiki Infobox Monster; fill-only sync
npc.karamel.4882	attack_speed	https://oldschool.runescape.wiki/w/Special:Redirect/revision/15215876	2026-08-06	OSRS Wiki Infobox Monster; fill-only sync
npc.karamel.4882	attack_styles	https://oldschool.runescape.wiki/w/Special:Redirect/revision/15215876	2026-08-06	OSRS Wiki Infobox Monster; fill-only sync
npc.karamel.4882	hitpoints	https://oldschool.runescape.wiki/w/Special:Redirect/revision/15215876	2026-08-06	OSRS Wiki Infobox Monster; fill-only sync
npc.karamel.4882	max_hit	https://oldschool.runescape.wiki/w/Special:Redirect/revision/15215876	2026-08-06	OSRS Wiki Infobox Monster; fill-only sync
npc.karil_the_tainted.1675	attack_speed	https://oldschool.runescape.wiki/w/Special:Redirect/revision/15199259	2026-08-06	OSRS Wiki Infobox Monster; fill-only sync
npc.kasonde.12262	aggression	https://oldschool.runescape.wiki/w/Special:Redirect/revision/15265760	2026-08-06	OSRS Wiki Infobox Monster; fill-only sync
npc.kasonde.12262	attack_speed	https://oldschool.runescape.wiki/w/Special:Redirect/revision/15265760	2026-08-06	OSRS Wiki Infobox Monster; fill-only sync
npc.kasonde.12262	attack_styles	https://oldschool.runescape.wiki/w/Special:Redirect/revision/15265760	2026-08-06	OSRS Wiki Infobox Monster; fill-only sync
npc.kasonde.12262	hazards	https://oldschool.runescape.wiki/w/Special:Redirect/revision/15265760	2026-08-06	OSRS Wiki Infobox Monster; fill-only sync
npc.kasonde.12262	hitpoints	https://oldschool.runescape.wiki/w/Special:Redirect/revision/15265760	2026-08-06	OSRS Wiki Infobox Monster; fill-only sync
npc.kasonde.12262	max_hit	https://oldschool.runescape.wiki/w/Special:Redirect/revision/15265760	2026-08-06	OSRS Wiki Infobox Monster; fill-only sync
npc.kasonde_the_craven.12331	aggression	https://oldschool.runescape.wiki/w/Special:Redirect/revision/15200397	2026-08-06	OSRS Wiki Infobox Monster; fill-only sync
npc.kasonde_the_craven.12331	attack_speed	https://oldschool.runescape.wiki/w/Special:Redirect/revision/15200397	2026-08-06	OSRS Wiki Infobox Monster; fill-only sync
npc.kasonde_the_craven.12331	attack_styles	https://oldschool.runescape.wiki/w/Special:Redirect/revision/15200397	2026-08-06	OSRS Wiki Infobox Monster; fill-only sync
npc.kasonde_the_craven.12331	hitpoints	https://oldschool.runescape.wiki/w/Special:Redirect/revision/15200397	2026-08-06	OSRS Wiki Infobox Monster; fill-only sync
npc.kasonde_the_craven.12331	max_hit	https://oldschool.runescape.wiki/w/Special:Redirect/revision/15200397	2026-08-06	OSRS Wiki Infobox Monster; fill-only sync
npc.keef.7105	aggression	https://oldschool.runescape.wiki/w/Special:Redirect/revision/15199871	2026-08-06	OSRS Wiki Infobox Monster; fill-only sync
npc.keef.7105	attack_speed	https://oldschool.runescape.wiki/w/Special:Redirect/revision/15199871	2026-08-06	OSRS Wiki Infobox Monster; fill-only sync
npc.keef.7105	attack_styles	https://oldschool.runescape.wiki/w/Special:Redirect/revision/15199871	2026-08-06	OSRS Wiki Infobox Monster; fill-only sync
npc.keef.7105	hitpoints	https://oldschool.runescape.wiki/w/Special:Redirect/revision/15199871	2026-08-06	OSRS Wiki Infobox Monster; fill-only sync
npc.keef.7105	max_hit	https://oldschool.runescape.wiki/w/Special:Redirect/revision/15199871	2026-08-06	OSRS Wiki Infobox Monster; fill-only sync
npc.kephri.11719	aggression	https://oldschool.runescape.wiki/w/Special:Redirect/revision/15200302	2026-08-06	OSRS Wiki Infobox Monster; fill-only sync
npc.kephri.11719	attack_speed	https://oldschool.runescape.wiki/w/Special:Redirect/revision/15200302	2026-08-06	OSRS Wiki Infobox Monster; fill-only sync
npc.kephri.11719	attack_styles	https://oldschool.runescape.wiki/w/Special:Redirect/revision/15200302	2026-08-06	OSRS Wiki Infobox Monster; fill-only sync
npc.kephri.11719	hitpoints	https://oldschool.runescape.wiki/w/Special:Redirect/revision/15200302	2026-08-06	OSRS Wiki Infobox Monster; fill-only sync
npc.kephri.11719	max_hit	https://oldschool.runescape.wiki/w/Special:Redirect/revision/15200302	2026-08-06	OSRS Wiki Infobox Monster; fill-only sync
npc.ket_zek.3125	attack_speed	https://oldschool.runescape.wiki/w/Special:Redirect/revision/15215877	2026-08-06	OSRS Wiki Infobox Monster; fill-only sync
npc.ketla_the_unworthy.12329	aggression	https://oldschool.runescape.wiki/w/Special:Redirect/revision/15212400	2026-08-06	OSRS Wiki Infobox Monster; fill-only sync
npc.ketla_the_unworthy.12329	attack_speed	https://oldschool.runescape.wiki/w/Special:Redirect/revision/15212400	2026-08-06	OSRS Wiki Infobox Monster; fill-only sync
npc.ketla_the_unworthy.12329	attack_styles	https://oldschool.runescape.wiki/w/Special:Redirect/revision/15212400	2026-08-06	OSRS Wiki Infobox Monster; fill-only sync
npc.ketla_the_unworthy.12329	hitpoints	https://oldschool.runescape.wiki/w/Special:Redirect/revision/15212400	2026-08-06	OSRS Wiki Infobox Monster; fill-only sync
npc.ketla_the_unworthy.12329	max_hit	https://oldschool.runescape.wiki/w/Special:Redirect/revision/15212400	2026-08-06	OSRS Wiki Infobox Monster; fill-only sync
npc.khazard_commander.4972	aggression	https://oldschool.runescape.wiki/w/Special:Redirect/revision/15199749	2026-08-06	OSRS Wiki Infobox Monster; fill-only sync
npc.khazard_commander.4972	attack_speed	https://oldschool.runescape.wiki/w/Special:Redirect/revision/15199749	2026-08-06	OSRS Wiki Infobox Monster; fill-only sync
npc.khazard_commander.4972	attack_styles	https://oldschool.runescape.wiki/w/Special:Redirect/revision/15199749	2026-08-06	OSRS Wiki Infobox Monster; fill-only sync
npc.khazard_commander.4972	hitpoints	https://oldschool.runescape.wiki/w/Special:Redirect/revision/15199749	2026-08-06	OSRS Wiki Infobox Monster; fill-only sync
npc.khazard_commander.4972	max_hit	https://oldschool.runescape.wiki/w/Special:Redirect/revision/15199749	2026-08-06	OSRS Wiki Infobox Monster; fill-only sync
npc.khazard_guard.1208	attack_speed	https://oldschool.runescape.wiki/w/Special:Redirect/revision/15199550	2026-08-06	OSRS Wiki Infobox Monster; fill-only sync
npc.khazard_ogre.1225	attack_speed	https://oldschool.runescape.wiki/w/Special:Redirect/revision/15199670	2026-08-06	OSRS Wiki Infobox Monster; fill-only sync
npc.khazard_scorpion.1226	attack_speed	https://oldschool.runescape.wiki/w/Special:Redirect/revision/15199669	2026-08-06	OSRS Wiki Infobox Monster; fill-only sync
npc.khazard_trooper.4969	aggression	https://oldschool.runescape.wiki/w/Special:Redirect/revision/15199549	2026-08-06	OSRS Wiki Infobox Monster; fill-only sync
npc.khazard_trooper.4969	attack_speed	https://oldschool.runescape.wiki/w/Special:Redirect/revision/15199549	2026-08-06	OSRS Wiki Infobox Monster; fill-only sync
npc.khazard_trooper.4969	attack_styles	https://oldschool.runescape.wiki/w/Special:Redirect/revision/15199549	2026-08-06	OSRS Wiki Infobox Monster; fill-only sync
npc.khazard_trooper.4969	hitpoints	https://oldschool.runescape.wiki/w/Special:Redirect/revision/15199549	2026-08-06	OSRS Wiki Infobox Monster; fill-only sync
npc.khazard_trooper.4969	max_hit	https://oldschool.runescape.wiki/w/Special:Redirect/revision/15199549	2026-08-06	OSRS Wiki Infobox Monster; fill-only sync
npc.khazard_warlord.6390	aggression	https://oldschool.runescape.wiki/w/Special:Redirect/revision/15199163	2026-08-06	OSRS Wiki Infobox Monster; fill-only sync
npc.khazard_warlord.6390	attack_speed	https://oldschool.runescape.wiki/w/Special:Redirect/revision/15199163	2026-08-06	OSRS Wiki Infobox Monster; fill-only sync
npc.khazard_warlord.6390	attack_styles	https://oldschool.runescape.wiki/w/Special:Redirect/revision/15199163	2026-08-06	OSRS Wiki Infobox Monster; fill-only sync
npc.khazard_warlord.6390	hitpoints	https://oldschool.runescape.wiki/w/Special:Redirect/revision/15199163	2026-08-06	OSRS Wiki Infobox Monster; fill-only sync
npc.khazard_warlord.6390	max_hit	https://oldschool.runescape.wiki/w/Special:Redirect/revision/15199163	2026-08-06	OSRS Wiki Infobox Monster; fill-only sync
npc.killerwatt.469	attack_speed	https://oldschool.runescape.wiki/w/Special:Redirect/revision/15215878	2026-08-06	OSRS Wiki Infobox Monster; fill-only sync
npc.king_black_dragon.239	attack_speed	https://oldschool.runescape.wiki/w/Special:Redirect/revision/15234126	2026-08-06	OSRS Wiki Infobox Monster; fill-only sync
npc.king_kurask.7405	aggression	https://oldschool.runescape.wiki/w/Special:Redirect/revision/15283143	2026-08-06	OSRS Wiki Infobox Monster; fill-only sync
npc.king_kurask.7405	attack_speed	https://oldschool.runescape.wiki/w/Special:Redirect/revision/15283143	2026-08-06	OSRS Wiki Infobox Monster; fill-only sync
npc.king_kurask.7405	attack_styles	https://oldschool.runescape.wiki/w/Special:Redirect/revision/15283143	2026-08-06	OSRS Wiki Infobox Monster; fill-only sync
npc.king_kurask.7405	hitpoints	https://oldschool.runescape.wiki/w/Special:Redirect/revision/15283143	2026-08-06	OSRS Wiki Infobox Monster; fill-only sync
npc.king_kurask.7405	max_hit	https://oldschool.runescape.wiki/w/Special:Redirect/revision/15283143	2026-08-06	OSRS Wiki Infobox Monster; fill-only sync
npc.king_kurask.7405	slayer_requirement	https://oldschool.runescape.wiki/w/Special:Redirect/revision/15283143	2026-08-06	OSRS Wiki Infobox Monster; fill-only sync
npc.king_roald.4163	aggression	https://oldschool.runescape.wiki/w/Special:Redirect/revision/15199212	2026-08-06	OSRS Wiki Infobox Monster; fill-only sync
npc.king_roald.4163	attack_speed	https://oldschool.runescape.wiki/w/Special:Redirect/revision/15199212	2026-08-06	OSRS Wiki Infobox Monster; fill-only sync
npc.king_roald.4163	attack_styles	https://oldschool.runescape.wiki/w/Special:Redirect/revision/15199212	2026-08-06	OSRS Wiki Infobox Monster; fill-only sync
npc.king_roald.4163	hitpoints	https://oldschool.runescape.wiki/w/Special:Redirect/revision/15199212	2026-08-06	OSRS Wiki Infobox Monster; fill-only sync
npc.king_roald.4163	max_hit	https://oldschool.runescape.wiki/w/Special:Redirect/revision/15199212	2026-08-06	OSRS Wiki Infobox Monster; fill-only sync
npc.king_sand_crab.7266	aggression	https://oldschool.runescape.wiki/w/Special:Redirect/revision/15199881	2026-08-06	OSRS Wiki Infobox Monster; fill-only sync
npc.king_sand_crab.7266	attack_speed	https://oldschool.runescape.wiki/w/Special:Redirect/revision/15199881	2026-08-06	OSRS Wiki Infobox Monster; fill-only sync
npc.king_sand_crab.7266	attack_styles	https://oldschool.runescape.wiki/w/Special:Redirect/revision/15199881	2026-08-06	OSRS Wiki Infobox Monster; fill-only sync
npc.king_sand_crab.7266	hitpoints	https://oldschool.runescape.wiki/w/Special:Redirect/revision/15199881	2026-08-06	OSRS Wiki Infobox Monster; fill-only sync
npc.king_sand_crab.7266	max_hit	https://oldschool.runescape.wiki/w/Special:Redirect/revision/15199881	2026-08-06	OSRS Wiki Infobox Monster; fill-only sync
npc.king_scorpion.3027	attack_speed	https://oldschool.runescape.wiki/w/Special:Redirect/revision/15199348	2026-08-06	OSRS Wiki Infobox Monster; fill-only sync
npc.knight_of_ardougne.3297	aggression	https://oldschool.runescape.wiki/w/Special:Redirect/revision/15267377	2026-08-06	OSRS Wiki Infobox Monster; fill-only sync
npc.knight_of_ardougne.3297	attack_speed	https://oldschool.runescape.wiki/w/Special:Redirect/revision/15267377	2026-08-06	OSRS Wiki Infobox Monster; fill-only sync
npc.knight_of_ardougne.3297	attack_styles	https://oldschool.runescape.wiki/w/Special:Redirect/revision/15267377	2026-08-06	OSRS Wiki Infobox Monster; fill-only sync
npc.knight_of_ardougne.3297	hitpoints	https://oldschool.runescape.wiki/w/Special:Redirect/revision/15267377	2026-08-06	OSRS Wiki Infobox Monster; fill-only sync
npc.knight_of_ardougne.3297	max_hit	https://oldschool.runescape.wiki/w/Special:Redirect/revision/15267377	2026-08-06	OSRS Wiki Infobox Monster; fill-only sync
npc.knight_of_saradomin.2213	attack_speed	https://oldschool.runescape.wiki/w/Special:Redirect/revision/15199546	2026-08-06	OSRS Wiki Infobox Monster; fill-only sync
npc.knight_of_varlamore.12916	aggression	https://oldschool.runescape.wiki/w/Special:Redirect/revision/15200508	2026-08-06	OSRS Wiki Infobox Monster; fill-only sync
npc.knight_of_varlamore.12916	attack_speed	https://oldschool.runescape.wiki/w/Special:Redirect/revision/15200508	2026-08-06	OSRS Wiki Infobox Monster; fill-only sync
npc.knight_of_varlamore.12916	attack_styles	https://oldschool.runescape.wiki/w/Special:Redirect/revision/15200508	2026-08-06	OSRS Wiki Infobox Monster; fill-only sync
npc.knight_of_varlamore.12916	hitpoints	https://oldschool.runescape.wiki/w/Special:Redirect/revision/15200508	2026-08-06	OSRS Wiki Infobox Monster; fill-only sync
npc.knight_of_varlamore.12916	max_hit	https://oldschool.runescape.wiki/w/Special:Redirect/revision/15200508	2026-08-06	OSRS Wiki Infobox Monster; fill-only sync
npc.kob.7107	aggression	https://oldschool.runescape.wiki/w/Special:Redirect/revision/15267873	2026-08-06	OSRS Wiki Infobox Monster; fill-only sync
npc.kob.7107	attack_speed	https://oldschool.runescape.wiki/w/Special:Redirect/revision/15267873	2026-08-06	OSRS Wiki Infobox Monster; fill-only sync
npc.kob.7107	attack_styles	https://oldschool.runescape.wiki/w/Special:Redirect/revision/15267873	2026-08-06	OSRS Wiki Infobox Monster; fill-only sync
npc.kob.7107	hitpoints	https://oldschool.runescape.wiki/w/Special:Redirect/revision/15267873	2026-08-06	OSRS Wiki Infobox Monster; fill-only sync
npc.kob.7107	max_hit	https://oldschool.runescape.wiki/w/Special:Redirect/revision/15267873	2026-08-06	OSRS Wiki Infobox Monster; fill-only sync
npc.kolodion.1609	attack_speed	https://oldschool.runescape.wiki/w/Special:Redirect/revision/15199471	2026-08-06	OSRS Wiki Infobox Monster; fill-only sync
npc.koschei_the_deathless.3897	aggression	CL864 quest catalogue-gap review using pinned cache revision 239	2026-08-02	Manual high-confidence quest-gap activation
npc.koschei_the_deathless.3897	attack_speed	CL864 quest catalogue-gap review using pinned cache revision 239	2026-08-02	Manual high-confidence quest-gap activation
npc.koschei_the_deathless.3897	attack_styles	CL864 quest catalogue-gap review using pinned cache revision 239	2026-08-02	Manual high-confidence quest-gap activation
npc.koschei_the_deathless.3897	hitpoints	CL864 quest catalogue-gap review using pinned cache revision 239	2026-08-02	Manual high-confidence quest-gap activation
npc.koschei_the_deathless.3897	max_hit	CL864 quest catalogue-gap review using pinned cache revision 239	2026-08-02	Manual high-confidence quest-gap activation
npc.koschei_the_deathless.3897	notes	CL864 quest catalogue-gap review using pinned cache revision 239	2026-08-02	Manual high-confidence quest-gap activation
npc.kraka.928	attack_speed	https://oldschool.runescape.wiki/w/Special:Redirect/revision/15199547	2026-08-06	OSRS Wiki Infobox Monster; fill-only sync
npc.kraken.494	attack_speed	https://oldschool.runescape.wiki/w/Special:Redirect/revision/15275537	2026-08-06	OSRS Wiki Infobox Monster; fill-only sync
npc.kree_arra.3162	attack_speed	https://oldschool.runescape.wiki/w/Special:Redirect/revision/15235236	2026-08-06	OSRS Wiki Infobox Monster; fill-only sync
npc.kroy.9560	aggression	https://oldschool.runescape.wiki/w/Special:Redirect/revision/15200070	2026-08-06	OSRS Wiki Infobox Monster; fill-only sync
npc.kroy.9560	attack_speed	https://oldschool.runescape.wiki/w/Special:Redirect/revision/15200070	2026-08-06	OSRS Wiki Infobox Monster; fill-only sync
npc.kroy.9560	attack_styles	https://oldschool.runescape.wiki/w/Special:Redirect/revision/15200070	2026-08-06	OSRS Wiki Infobox Monster; fill-only sync
npc.kroy.9560	hitpoints	https://oldschool.runescape.wiki/w/Special:Redirect/revision/15200070	2026-08-06	OSRS Wiki Infobox Monster; fill-only sync
npc.kroy.9560	max_hit	https://oldschool.runescape.wiki/w/Special:Redirect/revision/15200070	2026-08-06	OSRS Wiki Infobox Monster; fill-only sync
npc.kruk.6805	aggression	https://oldschool.runescape.wiki/w/Special:Redirect/revision/15217753	2026-08-06	OSRS Wiki Infobox Monster; fill-only sync
npc.kruk.6805	attack_speed	https://oldschool.runescape.wiki/w/Special:Redirect/revision/15217753	2026-08-06	OSRS Wiki Infobox Monster; fill-only sync
npc.kruk.6805	attack_styles	https://oldschool.runescape.wiki/w/Special:Redirect/revision/15217753	2026-08-06	OSRS Wiki Infobox Monster; fill-only sync
npc.kruk.6805	hitpoints	https://oldschool.runescape.wiki/w/Special:Redirect/revision/15217753	2026-08-06	OSRS Wiki Infobox Monster; fill-only sync
npc.kruk.6805	max_hit	https://oldschool.runescape.wiki/w/Special:Redirect/revision/15217753	2026-08-06	OSRS Wiki Infobox Monster; fill-only sync
npc.ksenia.2627	attack_speed	https://oldschool.runescape.wiki/w/Special:Redirect/revision/15199957	2026-08-06	OSRS Wiki Infobox Monster; fill-only sync
npc.kurask.410	attack_speed	https://oldschool.runescape.wiki/w/Special:Redirect/revision/15286436	2026-08-06	OSRS Wiki Infobox Monster; fill-only sync
npc.lanzig.3940	aggression	https://oldschool.runescape.wiki/w/Special:Redirect/revision/15199225	2026-08-06	OSRS Wiki Infobox Monster; fill-only sync
npc.lanzig.3940	attack_speed	https://oldschool.runescape.wiki/w/Special:Redirect/revision/15199225	2026-08-06	OSRS Wiki Infobox Monster; fill-only sync
npc.lanzig.3940	attack_styles	https://oldschool.runescape.wiki/w/Special:Redirect/revision/15199225	2026-08-06	OSRS Wiki Infobox Monster; fill-only sync
npc.lanzig.3940	hitpoints	https://oldschool.runescape.wiki/w/Special:Redirect/revision/15199225	2026-08-06	OSRS Wiki Infobox Monster; fill-only sync
npc.lanzig.3940	max_hit	https://oldschool.runescape.wiki/w/Special:Redirect/revision/15199225	2026-08-06	OSRS Wiki Infobox Monster; fill-only sync
npc.large_chicken.14510	aggression	https://oldschool.runescape.wiki/w/Special:Redirect/revision/15200687	2026-08-06	OSRS Wiki Infobox Monster; fill-only sync
npc.large_chicken.14510	attack_speed	https://oldschool.runescape.wiki/w/Special:Redirect/revision/15200687	2026-08-06	OSRS Wiki Infobox Monster; fill-only sync
npc.large_chicken.14510	attack_styles	https://oldschool.runescape.wiki/w/Special:Redirect/revision/15200687	2026-08-06	OSRS Wiki Infobox Monster; fill-only sync
npc.large_chicken.14510	hitpoints	https://oldschool.runescape.wiki/w/Special:Redirect/revision/15200687	2026-08-06	OSRS Wiki Infobox Monster; fill-only sync
npc.large_chicken.14510	max_hit	https://oldschool.runescape.wiki/w/Special:Redirect/revision/15200687	2026-08-06	OSRS Wiki Infobox Monster; fill-only sync
npc.large_mosquito.6272	aggression	https://oldschool.runescape.wiki/w/Special:Redirect/revision/15216710	2026-08-06	OSRS Wiki Infobox Monster; fill-only sync
npc.large_mosquito.6272	attack_speed	https://oldschool.runescape.wiki/w/Special:Redirect/revision/15216710	2026-08-06	OSRS Wiki Infobox Monster; fill-only sync
npc.large_mosquito.6272	attack_styles	https://oldschool.runescape.wiki/w/Special:Redirect/revision/15216710	2026-08-06	OSRS Wiki Infobox Monster; fill-only sync
npc.large_mosquito.6272	hitpoints	https://oldschool.runescape.wiki/w/Special:Redirect/revision/15216710	2026-08-06	OSRS Wiki Infobox Monster; fill-only sync
npc.large_mosquito.6272	max_hit	https://oldschool.runescape.wiki/w/Special:Redirect/revision/15216710	2026-08-06	OSRS Wiki Infobox Monster; fill-only sync
npc.lava_dragon.6593	aggression	https://oldschool.runescape.wiki/w/Special:Redirect/revision/15199620	2026-08-06	OSRS Wiki Infobox Monster; fill-only sync
npc.lava_dragon.6593	attack_speed	https://oldschool.runescape.wiki/w/Special:Redirect/revision/15199620	2026-08-06	OSRS Wiki Infobox Monster; fill-only sync
npc.lava_dragon.6593	attack_styles	https://oldschool.runescape.wiki/w/Special:Redirect/revision/15199620	2026-08-06	OSRS Wiki Infobox Monster; fill-only sync
npc.lava_dragon.6593	hitpoints	https://oldschool.runescape.wiki/w/Special:Redirect/revision/15199620	2026-08-06	OSRS Wiki Infobox Monster; fill-only sync
npc.lava_dragon.6593	max_hit	https://oldschool.runescape.wiki/w/Special:Redirect/revision/15199620	2026-08-06	OSRS Wiki Infobox Monster; fill-only sync
npc.lava_strykewyrm.15500	aggression	https://oldschool.runescape.wiki/w/Special:Redirect/revision/15284421	2026-08-06	OSRS Wiki Infobox Monster; fill-only sync
npc.lava_strykewyrm.15500	attack_speed	https://oldschool.runescape.wiki/w/Special:Redirect/revision/15284421	2026-08-06	OSRS Wiki Infobox Monster; fill-only sync
npc.lava_strykewyrm.15500	attack_styles	https://oldschool.runescape.wiki/w/Special:Redirect/revision/15284421	2026-08-06	OSRS Wiki Infobox Monster; fill-only sync
npc.lava_strykewyrm.15500	hitpoints	https://oldschool.runescape.wiki/w/Special:Redirect/revision/15284421	2026-08-06	OSRS Wiki Infobox Monster; fill-only sync
npc.lava_strykewyrm.15500	max_hit	https://oldschool.runescape.wiki/w/Special:Redirect/revision/15284421	2026-08-06	OSRS Wiki Infobox Monster; fill-only sync
npc.lava_strykewyrm.15500	slayer_requirement	https://oldschool.runescape.wiki/w/Special:Redirect/revision/15284421	2026-08-06	OSRS Wiki Infobox Monster; fill-only sync
npc.leech.3233	aggression	https://oldschool.runescape.wiki/w/Special:Redirect/revision/15199783	2026-08-06	OSRS Wiki Infobox Monster; fill-only sync
npc.leech.3233	attack_speed	https://oldschool.runescape.wiki/w/Special:Redirect/revision/15199783	2026-08-06	OSRS Wiki Infobox Monster; fill-only sync
npc.leech.3233	attack_styles	https://oldschool.runescape.wiki/w/Special:Redirect/revision/15199783	2026-08-06	OSRS Wiki Infobox Monster; fill-only sync
npc.leech.3233	hitpoints	https://oldschool.runescape.wiki/w/Special:Redirect/revision/15199783	2026-08-06	OSRS Wiki Infobox Monster; fill-only sync
npc.leech.3233	max_hit	https://oldschool.runescape.wiki/w/Special:Redirect/revision/15199783	2026-08-06	OSRS Wiki Infobox Monster; fill-only sync
npc.lensa.3943	aggression	https://oldschool.runescape.wiki/w/Special:Redirect/revision/15199668	2026-08-06	OSRS Wiki Infobox Monster; fill-only sync
npc.lensa.3943	attack_speed	https://oldschool.runescape.wiki/w/Special:Redirect/revision/15199668	2026-08-06	OSRS Wiki Infobox Monster; fill-only sync
npc.lensa.3943	attack_styles	https://oldschool.runescape.wiki/w/Special:Redirect/revision/15199668	2026-08-06	OSRS Wiki Infobox Monster; fill-only sync
npc.lensa.3943	hitpoints	https://oldschool.runescape.wiki/w/Special:Redirect/revision/15199668	2026-08-06	OSRS Wiki Infobox Monster; fill-only sync
npc.lensa.3943	max_hit	https://oldschool.runescape.wiki/w/Special:Redirect/revision/15199668	2026-08-06	OSRS Wiki Infobox Monster; fill-only sync
npc.leon_d_cour.3360	aggression	https://oldschool.runescape.wiki/w/Special:Redirect/revision/15213177	2026-08-06	OSRS Wiki Infobox Monster; fill-only sync
npc.leon_d_cour.3360	attack_speed	https://oldschool.runescape.wiki/w/Special:Redirect/revision/15213177	2026-08-06	OSRS Wiki Infobox Monster; fill-only sync
npc.leon_d_cour.3360	attack_styles	https://oldschool.runescape.wiki/w/Special:Redirect/revision/15213177	2026-08-06	OSRS Wiki Infobox Monster; fill-only sync
npc.leon_d_cour.3360	hitpoints	https://oldschool.runescape.wiki/w/Special:Redirect/revision/15213177	2026-08-06	OSRS Wiki Infobox Monster; fill-only sync
npc.leon_d_cour.3360	max_hit	https://oldschool.runescape.wiki/w/Special:Redirect/revision/15213177	2026-08-06	OSRS Wiki Infobox Monster; fill-only sync
npc.lesser_demon.2005	attack_speed	https://oldschool.runescape.wiki/w/Special:Redirect/revision/15199195	2026-08-06	OSRS Wiki Infobox Monster; fill-only sync
npc.lesser_demon_champion.3357	aggression	https://oldschool.runescape.wiki/w/Special:Redirect/revision/15279254	2026-08-06	OSRS Wiki Infobox Monster; fill-only sync
npc.lesser_demon_champion.3357	attack_speed	https://oldschool.runescape.wiki/w/Special:Redirect/revision/15279254	2026-08-06	OSRS Wiki Infobox Monster; fill-only sync
npc.lesser_demon_champion.3357	attack_styles	https://oldschool.runescape.wiki/w/Special:Redirect/revision/15279254	2026-08-06	OSRS Wiki Infobox Monster; fill-only sync
npc.lesser_demon_champion.3357	hitpoints	https://oldschool.runescape.wiki/w/Special:Redirect/revision/15279254	2026-08-06	OSRS Wiki Infobox Monster; fill-only sync
npc.lesser_demon_champion.3357	max_hit	https://oldschool.runescape.wiki/w/Special:Redirect/revision/15279254	2026-08-06	OSRS Wiki Infobox Monster; fill-only sync
npc.lev.2619	attack_speed	https://oldschool.runescape.wiki/w/Special:Redirect/revision/15258499	2026-08-06	OSRS Wiki Infobox Monster; fill-only sync
npc.liliya.2632	attack_speed	https://oldschool.runescape.wiki/w/Special:Redirect/revision/15199958	2026-08-06	OSRS Wiki Infobox Monster; fill-only sync
npc.lizard.458	attack_speed	https://oldschool.runescape.wiki/w/Special:Redirect/revision/15199809	2026-08-06	OSRS Wiki Infobox Monster; fill-only sync
npc.lizardman.6914	aggression	https://oldschool.runescape.wiki/w/Special:Redirect/revision/15203993	2026-08-06	OSRS Wiki Infobox Monster; fill-only sync
npc.lizardman.6914	attack_speed	https://oldschool.runescape.wiki/w/Special:Redirect/revision/15203993	2026-08-06	OSRS Wiki Infobox Monster; fill-only sync
npc.lizardman.6914	attack_styles	https://oldschool.runescape.wiki/w/Special:Redirect/revision/15203993	2026-08-06	OSRS Wiki Infobox Monster; fill-only sync
npc.lizardman.6914	hazards	https://oldschool.runescape.wiki/w/Special:Redirect/revision/15203993	2026-08-06	OSRS Wiki Infobox Monster; fill-only sync
npc.lizardman.6914	hitpoints	https://oldschool.runescape.wiki/w/Special:Redirect/revision/15203993	2026-08-06	OSRS Wiki Infobox Monster; fill-only sync
npc.lizardman.6914	max_hit	https://oldschool.runescape.wiki/w/Special:Redirect/revision/15203993	2026-08-06	OSRS Wiki Infobox Monster; fill-only sync
npc.lizardman_brute.6918	aggression	https://oldschool.runescape.wiki/w/Special:Redirect/revision/15215879	2026-08-06	OSRS Wiki Infobox Monster; fill-only sync
npc.lizardman_brute.6918	attack_speed	https://oldschool.runescape.wiki/w/Special:Redirect/revision/15215879	2026-08-06	OSRS Wiki Infobox Monster; fill-only sync
npc.lizardman_brute.6918	attack_styles	https://oldschool.runescape.wiki/w/Special:Redirect/revision/15215879	2026-08-06	OSRS Wiki Infobox Monster; fill-only sync
npc.lizardman_brute.6918	hazards	https://oldschool.runescape.wiki/w/Special:Redirect/revision/15215879	2026-08-06	OSRS Wiki Infobox Monster; fill-only sync
npc.lizardman_brute.6918	hitpoints	https://oldschool.runescape.wiki/w/Special:Redirect/revision/15215879	2026-08-06	OSRS Wiki Infobox Monster; fill-only sync
npc.lizardman_brute.6918	max_hit	https://oldschool.runescape.wiki/w/Special:Redirect/revision/15215879	2026-08-06	OSRS Wiki Infobox Monster; fill-only sync
npc.lizardman_shaman.6766	aggression	https://oldschool.runescape.wiki/w/Special:Redirect/revision/15221680	2026-08-06	OSRS Wiki Infobox Monster; fill-only sync
npc.lizardman_shaman.6766	attack_speed	https://oldschool.runescape.wiki/w/Special:Redirect/revision/15221680	2026-08-06	OSRS Wiki Infobox Monster; fill-only sync
npc.lizardman_shaman.6766	attack_styles	https://oldschool.runescape.wiki/w/Special:Redirect/revision/15221680	2026-08-06	OSRS Wiki Infobox Monster; fill-only sync
npc.lizardman_shaman.6766	hazards	https://oldschool.runescape.wiki/w/Special:Redirect/revision/15221680	2026-08-06	OSRS Wiki Infobox Monster; fill-only sync
npc.lizardman_shaman.6766	hitpoints	https://oldschool.runescape.wiki/w/Special:Redirect/revision/15221680	2026-08-06	OSRS Wiki Infobox Monster; fill-only sync
npc.lizardman_shaman.6766	max_hit	https://oldschool.runescape.wiki/w/Special:Redirect/revision/15221680	2026-08-06	OSRS Wiki Infobox Monster; fill-only sync
npc.loar_shade.1277	attack_speed	https://oldschool.runescape.wiki/w/Special:Redirect/revision/15199268	2026-08-06	OSRS Wiki Infobox Monster; fill-only sync
npc.lobstrosity.7796	aggression	https://oldschool.runescape.wiki/w/Special:Redirect/revision/15200015	2026-08-06	OSRS Wiki Infobox Monster; fill-only sync
npc.lobstrosity.7796	attack_speed	https://oldschool.runescape.wiki/w/Special:Redirect/revision/15200015	2026-08-06	OSRS Wiki Infobox Monster; fill-only sync
npc.lobstrosity.7796	attack_styles	https://oldschool.runescape.wiki/w/Special:Redirect/revision/15200015	2026-08-06	OSRS Wiki Infobox Monster; fill-only sync
npc.lobstrosity.7796	hitpoints	https://oldschool.runescape.wiki/w/Special:Redirect/revision/15200015	2026-08-06	OSRS Wiki Infobox Monster; fill-only sync
npc.lobstrosity.7796	max_hit	https://oldschool.runescape.wiki/w/Special:Redirect/revision/15200015	2026-08-06	OSRS Wiki Infobox Monster; fill-only sync
npc.locust.11584	aggression	https://oldschool.runescape.wiki/w/Special:Redirect/revision/15199818	2026-08-06	OSRS Wiki Infobox Monster; fill-only sync
npc.locust.11584	attack_speed	https://oldschool.runescape.wiki/w/Special:Redirect/revision/15199818	2026-08-06	OSRS Wiki Infobox Monster; fill-only sync
npc.locust.11584	attack_styles	https://oldschool.runescape.wiki/w/Special:Redirect/revision/15199818	2026-08-06	OSRS Wiki Infobox Monster; fill-only sync
npc.locust.11584	hitpoints	https://oldschool.runescape.wiki/w/Special:Redirect/revision/15199818	2026-08-06	OSRS Wiki Infobox Monster; fill-only sync
npc.locust.11584	max_hit	https://oldschool.runescape.wiki/w/Special:Redirect/revision/15199818	2026-08-06	OSRS Wiki Infobox Monster; fill-only sync
npc.locust_rider.795	attack_speed	https://oldschool.runescape.wiki/w/Special:Redirect/revision/15281959	2026-08-06	OSRS Wiki Infobox Monster; fill-only sync
npc.long_tailed_wyvern.7792	aggression	https://oldschool.runescape.wiki/w/Special:Redirect/revision/15270238	2026-08-06	OSRS Wiki Infobox Monster; fill-only sync
npc.long_tailed_wyvern.7792	attack_speed	https://oldschool.runescape.wiki/w/Special:Redirect/revision/15270238	2026-08-06	OSRS Wiki Infobox Monster; fill-only sync
npc.long_tailed_wyvern.7792	attack_styles	https://oldschool.runescape.wiki/w/Special:Redirect/revision/15270238	2026-08-06	OSRS Wiki Infobox Monster; fill-only sync
npc.long_tailed_wyvern.7792	hitpoints	https://oldschool.runescape.wiki/w/Special:Redirect/revision/15270238	2026-08-06	OSRS Wiki Infobox Monster; fill-only sync
npc.long_tailed_wyvern.7792	max_hit	https://oldschool.runescape.wiki/w/Special:Redirect/revision/15270238	2026-08-06	OSRS Wiki Infobox Monster; fill-only sync
npc.long_tailed_wyvern.7792	slayer_requirement	https://oldschool.runescape.wiki/w/Special:Redirect/revision/15270238	2026-08-06	OSRS Wiki Infobox Monster; fill-only sync
npc.lost_barbarian.2921	attack_speed	https://oldschool.runescape.wiki/w/Special:Redirect/revision/15286039	2026-08-06	OSRS Wiki Infobox Monster; fill-only sync
npc.lowerniel_drakan.16204	aggression	https://oldschool.runescape.wiki/w/Special:Redirect/revision/15279268	2026-08-06	OSRS Wiki Infobox Monster; fill-only sync
npc.lowerniel_drakan.16204	attack_speed	https://oldschool.runescape.wiki/w/Special:Redirect/revision/15279268	2026-08-06	OSRS Wiki Infobox Monster; fill-only sync
npc.lowerniel_drakan.16204	attack_styles	https://oldschool.runescape.wiki/w/Special:Redirect/revision/15279268	2026-08-06	OSRS Wiki Infobox Monster; fill-only sync
npc.lowerniel_drakan.16204	hitpoints	https://oldschool.runescape.wiki/w/Special:Redirect/revision/15279268	2026-08-06	OSRS Wiki Infobox Monster; fill-only sync
npc.lowerniel_drakan.16204	max_hit	https://oldschool.runescape.wiki/w/Special:Redirect/revision/15279268	2026-08-06	OSRS Wiki Infobox Monster; fill-only sync
npc.lucien.13607	aggression	https://oldschool.runescape.wiki/w/Special:Redirect/revision/15270764	2026-08-06	OSRS Wiki Infobox Monster; fill-only sync
npc.lucien.13607	attack_speed	https://oldschool.runescape.wiki/w/Special:Redirect/revision/15270764	2026-08-06	OSRS Wiki Infobox Monster; fill-only sync
npc.lucien.13607	attack_styles	https://oldschool.runescape.wiki/w/Special:Redirect/revision/15270764	2026-08-06	OSRS Wiki Infobox Monster; fill-only sync
npc.lucien.13607	hitpoints	https://oldschool.runescape.wiki/w/Special:Redirect/revision/15270764	2026-08-06	OSRS Wiki Infobox Monster; fill-only sync
npc.lucien.13607	max_hit	https://oldschool.runescape.wiki/w/Special:Redirect/revision/15270764	2026-08-06	OSRS Wiki Infobox Monster; fill-only sync
npc.lucius.14363	aggression	https://oldschool.runescape.wiki/w/Special:Redirect/revision/15204548	2026-08-06	OSRS Wiki Infobox Monster; fill-only sync
npc.lucius.14363	attack_speed	https://oldschool.runescape.wiki/w/Special:Redirect/revision/15204548	2026-08-06	OSRS Wiki Infobox Monster; fill-only sync
npc.lucius.14363	attack_styles	https://oldschool.runescape.wiki/w/Special:Redirect/revision/15204548	2026-08-06	OSRS Wiki Infobox Monster; fill-only sync
npc.lucius.14363	hitpoints	https://oldschool.runescape.wiki/w/Special:Redirect/revision/15204548	2026-08-06	OSRS Wiki Infobox Monster; fill-only sync
npc.lucius.14363	max_hit	https://oldschool.runescape.wiki/w/Special:Redirect/revision/15204548	2026-08-06	OSRS Wiki Infobox Monster; fill-only sync
npc.lynx.11068	aggression	https://oldschool.runescape.wiki/w/Special:Redirect/revision/15200264	2026-08-06	OSRS Wiki Infobox Monster; fill-only sync
npc.lynx.11068	attack_speed	https://oldschool.runescape.wiki/w/Special:Redirect/revision/15200264	2026-08-06	OSRS Wiki Infobox Monster; fill-only sync
npc.lynx.11068	attack_styles	https://oldschool.runescape.wiki/w/Special:Redirect/revision/15200264	2026-08-06	OSRS Wiki Infobox Monster; fill-only sync
npc.lynx.11068	hitpoints	https://oldschool.runescape.wiki/w/Special:Redirect/revision/15200264	2026-08-06	OSRS Wiki Infobox Monster; fill-only sync
npc.lynx.11068	max_hit	https://oldschool.runescape.wiki/w/Special:Redirect/revision/15200264	2026-08-06	OSRS Wiki Infobox Monster; fill-only sync
npc.lynx_tamer.11071	aggression	https://oldschool.runescape.wiki/w/Special:Redirect/revision/15200270	2026-08-06	OSRS Wiki Infobox Monster; fill-only sync
npc.lynx_tamer.11071	attack_speed	https://oldschool.runescape.wiki/w/Special:Redirect/revision/15200270	2026-08-06	OSRS Wiki Infobox Monster; fill-only sync
npc.lynx_tamer.11071	attack_styles	https://oldschool.runescape.wiki/w/Special:Redirect/revision/15200270	2026-08-06	OSRS Wiki Infobox Monster; fill-only sync
npc.lynx_tamer.11071	hitpoints	https://oldschool.runescape.wiki/w/Special:Redirect/revision/15200270	2026-08-06	OSRS Wiki Infobox Monster; fill-only sync
npc.lynx_tamer.11071	max_hit	https://oldschool.runescape.wiki/w/Special:Redirect/revision/15200270	2026-08-06	OSRS Wiki Infobox Monster; fill-only sync
npc.maggot_king.15742	aggression	https://oldschool.runescape.wiki/w/Special:Redirect/revision/15286590	2026-08-06	OSRS Wiki Infobox Monster; fill-only sync
npc.maggot_king.15742	attack_speed	https://oldschool.runescape.wiki/w/Special:Redirect/revision/15286590	2026-08-06	OSRS Wiki Infobox Monster; fill-only sync
npc.maggot_king.15742	attack_styles	https://oldschool.runescape.wiki/w/Special:Redirect/revision/15286590	2026-08-06	OSRS Wiki Infobox Monster; fill-only sync
npc.maggot_king.15742	hazards	https://oldschool.runescape.wiki/w/Special:Redirect/revision/15286590	2026-08-06	OSRS Wiki Infobox Monster; fill-only sync
npc.maggot_king.15742	hitpoints	https://oldschool.runescape.wiki/w/Special:Redirect/revision/15286590	2026-08-06	OSRS Wiki Infobox Monster; fill-only sync
npc.maggot_king.15742	max_hit	https://oldschool.runescape.wiki/w/Special:Redirect/revision/15286590	2026-08-06	OSRS Wiki Infobox Monster; fill-only sync
npc.magic_axe.2844	attack_speed	https://oldschool.runescape.wiki/w/Special:Redirect/revision/15242120	2026-08-06	OSRS Wiki Infobox Monster; fill-only sync
npc.magic_mark.13663	aggression	https://oldschool.runescape.wiki/w/Special:Redirect/revision/15217962	2026-08-06	OSRS Wiki Infobox Monster; fill-only sync
npc.magic_mark.13663	attack_speed	https://oldschool.runescape.wiki/w/Special:Redirect/revision/15217962	2026-08-06	OSRS Wiki Infobox Monster; fill-only sync
npc.magic_mark.13663	attack_styles	https://oldschool.runescape.wiki/w/Special:Redirect/revision/15217962	2026-08-06	OSRS Wiki Infobox Monster; fill-only sync
npc.magic_mark.13663	hitpoints	https://oldschool.runescape.wiki/w/Special:Redirect/revision/15217962	2026-08-06	OSRS Wiki Infobox Monster; fill-only sync
npc.magic_mark.13663	max_hit	https://oldschool.runescape.wiki/w/Special:Redirect/revision/15217962	2026-08-06	OSRS Wiki Infobox Monster; fill-only sync
npc.magma_strykewyrm.15504	aggression	https://oldschool.runescape.wiki/w/Special:Redirect/revision/15283139	2026-08-06	OSRS Wiki Infobox Monster; fill-only sync
npc.magma_strykewyrm.15504	attack_speed	https://oldschool.runescape.wiki/w/Special:Redirect/revision/15283139	2026-08-06	OSRS Wiki Infobox Monster; fill-only sync
npc.magma_strykewyrm.15504	attack_styles	https://oldschool.runescape.wiki/w/Special:Redirect/revision/15283139	2026-08-06	OSRS Wiki Infobox Monster; fill-only sync
npc.magma_strykewyrm.15504	hitpoints	https://oldschool.runescape.wiki/w/Special:Redirect/revision/15283139	2026-08-06	OSRS Wiki Infobox Monster; fill-only sync
npc.magma_strykewyrm.15504	max_hit	https://oldschool.runescape.wiki/w/Special:Redirect/revision/15283139	2026-08-06	OSRS Wiki Infobox Monster; fill-only sync
npc.magma_strykewyrm.15504	slayer_requirement	https://oldschool.runescape.wiki/w/Special:Redirect/revision/15283139	2026-08-06	OSRS Wiki Infobox Monster; fill-only sync
npc.malevolent_mage.7396	aggression	https://oldschool.runescape.wiki/w/Special:Redirect/revision/15283123	2026-08-06	OSRS Wiki Infobox Monster; fill-only sync
npc.malevolent_mage.7396	attack_speed	https://oldschool.runescape.wiki/w/Special:Redirect/revision/15283123	2026-08-06	OSRS Wiki Infobox Monster; fill-only sync
npc.malevolent_mage.7396	attack_styles	https://oldschool.runescape.wiki/w/Special:Redirect/revision/15283123	2026-08-06	OSRS Wiki Infobox Monster; fill-only sync
npc.malevolent_mage.7396	hitpoints	https://oldschool.runescape.wiki/w/Special:Redirect/revision/15283123	2026-08-06	OSRS Wiki Infobox Monster; fill-only sync
npc.malevolent_mage.7396	max_hit	https://oldschool.runescape.wiki/w/Special:Redirect/revision/15283123	2026-08-06	OSRS Wiki Infobox Monster; fill-only sync
npc.malevolent_mage.7396	slayer_requirement	https://oldschool.runescape.wiki/w/Special:Redirect/revision/15283123	2026-08-06	OSRS Wiki Infobox Monster; fill-only sync
npc.mammoth.6604	aggression	https://oldschool.runescape.wiki/w/Special:Redirect/revision/15199613	2026-08-06	OSRS Wiki Infobox Monster; fill-only sync
npc.mammoth.6604	attack_speed	https://oldschool.runescape.wiki/w/Special:Redirect/revision/15199613	2026-08-06	OSRS Wiki Infobox Monster; fill-only sync
npc.mammoth.6604	attack_styles	https://oldschool.runescape.wiki/w/Special:Redirect/revision/15199613	2026-08-06	OSRS Wiki Infobox Monster; fill-only sync
npc.mammoth.6604	hitpoints	https://oldschool.runescape.wiki/w/Special:Redirect/revision/15199613	2026-08-06	OSRS Wiki Infobox Monster; fill-only sync
npc.mammoth.6604	max_hit	https://oldschool.runescape.wiki/w/Special:Redirect/revision/15199613	2026-08-06	OSRS Wiki Infobox Monster; fill-only sync
npc.man	attack_speed	https://oldschool.runescape.wiki/w/Special:Redirect/revision/15267161	2026-08-06	OSRS Wiki Infobox Monster; fill-only sync
npc.maniacal_monkey.6803	aggression	https://oldschool.runescape.wiki/w/Special:Redirect/revision/15199870	2026-08-06	OSRS Wiki Infobox Monster; fill-only sync
npc.maniacal_monkey.6803	attack_speed	https://oldschool.runescape.wiki/w/Special:Redirect/revision/15199870	2026-08-06	OSRS Wiki Infobox Monster; fill-only sync
npc.maniacal_monkey.6803	attack_styles	https://oldschool.runescape.wiki/w/Special:Redirect/revision/15199870	2026-08-06	OSRS Wiki Infobox Monster; fill-only sync
npc.maniacal_monkey.6803	hitpoints	https://oldschool.runescape.wiki/w/Special:Redirect/revision/15199870	2026-08-06	OSRS Wiki Infobox Monster; fill-only sync
npc.maniacal_monkey.6803	max_hit	https://oldschool.runescape.wiki/w/Special:Redirect/revision/15199870	2026-08-06	OSRS Wiki Infobox Monster; fill-only sync
npc.maniacal_monkey_archer.7119	aggression	https://oldschool.runescape.wiki/w/Special:Redirect/revision/15199869	2026-08-06	OSRS Wiki Infobox Monster; fill-only sync
npc.maniacal_monkey_archer.7119	attack_speed	https://oldschool.runescape.wiki/w/Special:Redirect/revision/15199869	2026-08-06	OSRS Wiki Infobox Monster; fill-only sync
npc.maniacal_monkey_archer.7119	attack_styles	https://oldschool.runescape.wiki/w/Special:Redirect/revision/15199869	2026-08-06	OSRS Wiki Infobox Monster; fill-only sync
npc.maniacal_monkey_archer.7119	hitpoints	https://oldschool.runescape.wiki/w/Special:Redirect/revision/15199869	2026-08-06	OSRS Wiki Infobox Monster; fill-only sync
npc.maniacal_monkey_archer.7119	max_hit	https://oldschool.runescape.wiki/w/Special:Redirect/revision/15199869	2026-08-06	OSRS Wiki Infobox Monster; fill-only sync
npc.manticore.12818	aggression	https://oldschool.runescape.wiki/w/Special:Redirect/revision/15200487	2026-08-06	OSRS Wiki Infobox Monster; fill-only sync
npc.manticore.12818	attack_speed	https://oldschool.runescape.wiki/w/Special:Redirect/revision/15200487	2026-08-06	OSRS Wiki Infobox Monster; fill-only sync
npc.manticore.12818	attack_styles	https://oldschool.runescape.wiki/w/Special:Redirect/revision/15200487	2026-08-06	OSRS Wiki Infobox Monster; fill-only sync
npc.manticore.12818	hazards	https://oldschool.runescape.wiki/w/Special:Redirect/revision/15200487	2026-08-06	OSRS Wiki Infobox Monster; fill-only sync
npc.manticore.12818	hitpoints	https://oldschool.runescape.wiki/w/Special:Redirect/revision/15200487	2026-08-06	OSRS Wiki Infobox Monster; fill-only sync
npc.manticore.12818	max_hit	https://oldschool.runescape.wiki/w/Special:Redirect/revision/15200487	2026-08-06	OSRS Wiki Infobox Monster; fill-only sync
npc.marble_gargoyle.7407	aggression	https://oldschool.runescape.wiki/w/Special:Redirect/revision/15283148	2026-08-06	OSRS Wiki Infobox Monster; fill-only sync
npc.marble_gargoyle.7407	attack_speed	https://oldschool.runescape.wiki/w/Special:Redirect/revision/15283148	2026-08-06	OSRS Wiki Infobox Monster; fill-only sync
npc.marble_gargoyle.7407	attack_styles	https://oldschool.runescape.wiki/w/Special:Redirect/revision/15283148	2026-08-06	OSRS Wiki Infobox Monster; fill-only sync
npc.marble_gargoyle.7407	hitpoints	https://oldschool.runescape.wiki/w/Special:Redirect/revision/15283148	2026-08-06	OSRS Wiki Infobox Monster; fill-only sync
npc.marble_gargoyle.7407	max_hit	https://oldschool.runescape.wiki/w/Special:Redirect/revision/15283148	2026-08-06	OSRS Wiki Infobox Monster; fill-only sync
npc.marble_gargoyle.7407	slayer_requirement	https://oldschool.runescape.wiki/w/Special:Redirect/revision/15283148	2026-08-06	OSRS Wiki Infobox Monster; fill-only sync
npc.market_guard.2120	attack_speed	https://oldschool.runescape.wiki/w/Special:Redirect/revision/15199581	2026-08-06	OSRS Wiki Infobox Monster; fill-only sync
npc.mature_custodian_stalker.14703	aggression	https://oldschool.runescape.wiki/w/Special:Redirect/revision/15288928	2026-08-06	OSRS Wiki Infobox Monster; fill-only sync
npc.mature_custodian_stalker.14703	attack_speed	https://oldschool.runescape.wiki/w/Special:Redirect/revision/15288928	2026-08-06	OSRS Wiki Infobox Monster; fill-only sync
npc.mature_custodian_stalker.14703	attack_styles	https://oldschool.runescape.wiki/w/Special:Redirect/revision/15288928	2026-08-06	OSRS Wiki Infobox Monster; fill-only sync
npc.mature_custodian_stalker.14703	hitpoints	https://oldschool.runescape.wiki/w/Special:Redirect/revision/15288928	2026-08-06	OSRS Wiki Infobox Monster; fill-only sync
npc.mature_custodian_stalker.14703	max_hit	https://oldschool.runescape.wiki/w/Special:Redirect/revision/15288928	2026-08-06	OSRS Wiki Infobox Monster; fill-only sync
npc.mature_custodian_stalker.14703	slayer_requirement	https://oldschool.runescape.wiki/w/Special:Redirect/revision/15288928	2026-08-06	OSRS Wiki Infobox Monster; fill-only sync
npc.maxilla_beast.16233	hitpoints	https://oldschool.runescape.wiki/w/Special:Redirect/revision/15266600	2026-08-06	OSRS Wiki Infobox Monster; fill-only sync
npc.maxilla_beast.16233	max_hit	https://oldschool.runescape.wiki/w/Special:Redirect/revision/15266600	2026-08-06	OSRS Wiki Infobox Monster; fill-only sync
npc.me.785	attack_speed	https://oldschool.runescape.wiki/w/Special:Redirect/revision/15199475	2026-08-06	OSRS Wiki Infobox Monster; fill-only sync
npc.melzar_the_mad.823	attack_speed	https://oldschool.runescape.wiki/w/Special:Redirect/revision/15199366	2026-08-06	OSRS Wiki Infobox Monster; fill-only sync
npc.menaphite_akh.11492	aggression	https://oldschool.runescape.wiki/w/Special:Redirect/revision/15204178	2026-08-06	OSRS Wiki Infobox Monster; fill-only sync
npc.menaphite_akh.11492	attack_speed	https://oldschool.runescape.wiki/w/Special:Redirect/revision/15204178	2026-08-06	OSRS Wiki Infobox Monster; fill-only sync
npc.menaphite_akh.11492	attack_styles	https://oldschool.runescape.wiki/w/Special:Redirect/revision/15204178	2026-08-06	OSRS Wiki Infobox Monster; fill-only sync
npc.menaphite_akh.11492	hitpoints	https://oldschool.runescape.wiki/w/Special:Redirect/revision/15204178	2026-08-06	OSRS Wiki Infobox Monster; fill-only sync
npc.menaphite_akh.11492	max_hit	https://oldschool.runescape.wiki/w/Special:Redirect/revision/15204178	2026-08-06	OSRS Wiki Infobox Monster; fill-only sync
npc.menaphite_shadow.11462	aggression	https://oldschool.runescape.wiki/w/Special:Redirect/revision/15204104	2026-08-06	OSRS Wiki Infobox Monster; fill-only sync
npc.menaphite_shadow.11462	attack_speed	https://oldschool.runescape.wiki/w/Special:Redirect/revision/15204104	2026-08-06	OSRS Wiki Infobox Monster; fill-only sync
npc.menaphite_shadow.11462	attack_styles	https://oldschool.runescape.wiki/w/Special:Redirect/revision/15204104	2026-08-06	OSRS Wiki Infobox Monster; fill-only sync
npc.menaphite_shadow.11462	hitpoints	https://oldschool.runescape.wiki/w/Special:Redirect/revision/15204104	2026-08-06	OSRS Wiki Infobox Monster; fill-only sync
npc.menaphite_shadow.11462	max_hit	https://oldschool.runescape.wiki/w/Special:Redirect/revision/15204104	2026-08-06	OSRS Wiki Infobox Monster; fill-only sync
npc.menaphite_thug.3549	aggression	https://oldschool.runescape.wiki/w/Special:Redirect/revision/15267417	2026-08-06	OSRS Wiki Infobox Monster; fill-only sync
npc.menaphite_thug.3549	attack_speed	https://oldschool.runescape.wiki/w/Special:Redirect/revision/15267417	2026-08-06	OSRS Wiki Infobox Monster; fill-only sync
npc.menaphite_thug.3549	attack_styles	https://oldschool.runescape.wiki/w/Special:Redirect/revision/15267417	2026-08-06	OSRS Wiki Infobox Monster; fill-only sync
npc.menaphite_thug.3549	hitpoints	https://oldschool.runescape.wiki/w/Special:Redirect/revision/15267417	2026-08-06	OSRS Wiki Infobox Monster; fill-only sync
npc.menaphite_thug.3549	max_hit	https://oldschool.runescape.wiki/w/Special:Redirect/revision/15267417	2026-08-06	OSRS Wiki Infobox Monster; fill-only sync
npc.mercenary.4656	aggression	https://oldschool.runescape.wiki/w/Special:Redirect/revision/15199901	2026-08-06	OSRS Wiki Infobox Monster; fill-only sync
npc.mercenary.4656	attack_speed	https://oldschool.runescape.wiki/w/Special:Redirect/revision/15199901	2026-08-06	OSRS Wiki Infobox Monster; fill-only sync
npc.mercenary.4656	attack_styles	https://oldschool.runescape.wiki/w/Special:Redirect/revision/15199901	2026-08-06	OSRS Wiki Infobox Monster; fill-only sync
npc.mercenary.4656	hitpoints	https://oldschool.runescape.wiki/w/Special:Redirect/revision/15199901	2026-08-06	OSRS Wiki Infobox Monster; fill-only sync
npc.mercenary.4656	max_hit	https://oldschool.runescape.wiki/w/Special:Redirect/revision/15199901	2026-08-06	OSRS Wiki Infobox Monster; fill-only sync
npc.mercenary_axeman.13535	aggression	https://oldschool.runescape.wiki/w/Special:Redirect/revision/15200528	2026-08-06	OSRS Wiki Infobox Monster; fill-only sync
npc.mercenary_axeman.13535	attack_speed	https://oldschool.runescape.wiki/w/Special:Redirect/revision/15200528	2026-08-06	OSRS Wiki Infobox Monster; fill-only sync
npc.mercenary_axeman.13535	attack_styles	https://oldschool.runescape.wiki/w/Special:Redirect/revision/15200528	2026-08-06	OSRS Wiki Infobox Monster; fill-only sync
npc.mercenary_axeman.13535	hitpoints	https://oldschool.runescape.wiki/w/Special:Redirect/revision/15200528	2026-08-06	OSRS Wiki Infobox Monster; fill-only sync
npc.mercenary_axeman.13535	max_hit	https://oldschool.runescape.wiki/w/Special:Redirect/revision/15200528	2026-08-06	OSRS Wiki Infobox Monster; fill-only sync
npc.mercenary_captain.4635	aggression	https://oldschool.runescape.wiki/w/Special:Redirect/revision/15239038	2026-08-06	OSRS Wiki Infobox Monster; fill-only sync
npc.mercenary_captain.4635	attack_speed	https://oldschool.runescape.wiki/w/Special:Redirect/revision/15239038	2026-08-06	OSRS Wiki Infobox Monster; fill-only sync
npc.mercenary_captain.4635	attack_styles	https://oldschool.runescape.wiki/w/Special:Redirect/revision/15239038	2026-08-06	OSRS Wiki Infobox Monster; fill-only sync
npc.mercenary_captain.4635	hitpoints	https://oldschool.runescape.wiki/w/Special:Redirect/revision/15239038	2026-08-06	OSRS Wiki Infobox Monster; fill-only sync
npc.mercenary_captain.4635	max_hit	https://oldschool.runescape.wiki/w/Special:Redirect/revision/15239038	2026-08-06	OSRS Wiki Infobox Monster; fill-only sync
npc.mercenary_mage.13537	aggression	https://oldschool.runescape.wiki/w/Special:Redirect/revision/15200529	2026-08-06	OSRS Wiki Infobox Monster; fill-only sync
npc.mercenary_mage.13537	attack_speed	https://oldschool.runescape.wiki/w/Special:Redirect/revision/15200529	2026-08-06	OSRS Wiki Infobox Monster; fill-only sync
npc.mercenary_mage.13537	attack_styles	https://oldschool.runescape.wiki/w/Special:Redirect/revision/15200529	2026-08-06	OSRS Wiki Infobox Monster; fill-only sync
npc.mercenary_mage.13537	hitpoints	https://oldschool.runescape.wiki/w/Special:Redirect/revision/15200529	2026-08-06	OSRS Wiki Infobox Monster; fill-only sync
npc.mercenary_mage.13537	max_hit	https://oldschool.runescape.wiki/w/Special:Redirect/revision/15200529	2026-08-06	OSRS Wiki Infobox Monster; fill-only sync
npc.milla.2624	attack_speed	https://oldschool.runescape.wiki/w/Special:Redirect/revision/15199959	2026-08-06	OSRS Wiki Infobox Monster; fill-only sync
npc.mind_golem.10693	aggression	https://oldschool.runescape.wiki/w/Special:Redirect/revision/15270686	2026-08-06	OSRS Wiki Infobox Monster; fill-only sync
npc.mind_golem.10693	attack_speed	https://oldschool.runescape.wiki/w/Special:Redirect/revision/15270686	2026-08-06	OSRS Wiki Infobox Monster; fill-only sync
npc.mind_golem.10693	attack_styles	https://oldschool.runescape.wiki/w/Special:Redirect/revision/15270686	2026-08-06	OSRS Wiki Infobox Monster; fill-only sync
npc.mind_golem.10693	hitpoints	https://oldschool.runescape.wiki/w/Special:Redirect/revision/15270686	2026-08-06	OSRS Wiki Infobox Monster; fill-only sync
npc.mind_golem.10693	max_hit	https://oldschool.runescape.wiki/w/Special:Redirect/revision/15270686	2026-08-06	OSRS Wiki Infobox Monster; fill-only sync
npc.minotaur.2481	attack_speed	https://oldschool.runescape.wiki/w/Special:Redirect/revision/15204227	2026-08-06	OSRS Wiki Infobox Monster; fill-only sync
npc.mirrorback_araxyte.13671	aggression	https://oldschool.runescape.wiki/w/Special:Redirect/revision/15200545	2026-08-06	OSRS Wiki Infobox Monster; fill-only sync
npc.mirrorback_araxyte.13671	attack_speed	https://oldschool.runescape.wiki/w/Special:Redirect/revision/15200545	2026-08-06	OSRS Wiki Infobox Monster; fill-only sync
npc.mirrorback_araxyte.13671	attack_styles	https://oldschool.runescape.wiki/w/Special:Redirect/revision/15200545	2026-08-06	OSRS Wiki Infobox Monster; fill-only sync
npc.mirrorback_araxyte.13671	hazards	https://oldschool.runescape.wiki/w/Special:Redirect/revision/15200545	2026-08-06	OSRS Wiki Infobox Monster; fill-only sync
npc.mirrorback_araxyte.13671	hitpoints	https://oldschool.runescape.wiki/w/Special:Redirect/revision/15200545	2026-08-06	OSRS Wiki Infobox Monster; fill-only sync
npc.mirrorback_araxyte.13671	max_hit	https://oldschool.runescape.wiki/w/Special:Redirect/revision/15200545	2026-08-06	OSRS Wiki Infobox Monster; fill-only sync
npc.mirrorback_araxyte.13671	slayer_requirement	https://oldschool.runescape.wiki/w/Special:Redirect/revision/15200545	2026-08-06	OSRS Wiki Infobox Monster; fill-only sync
npc.mister_u.15679	aggression	https://oldschool.runescape.wiki/w/Special:Redirect/revision/15218410	2026-08-06	OSRS Wiki Infobox Monster; fill-only sync
npc.mister_u.15679	attack_speed	https://oldschool.runescape.wiki/w/Special:Redirect/revision/15218410	2026-08-06	OSRS Wiki Infobox Monster; fill-only sync
npc.mister_u.15679	attack_styles	https://oldschool.runescape.wiki/w/Special:Redirect/revision/15218410	2026-08-06	OSRS Wiki Infobox Monster; fill-only sync
npc.mister_u.15679	hitpoints	https://oldschool.runescape.wiki/w/Special:Redirect/revision/15218410	2026-08-06	OSRS Wiki Infobox Monster; fill-only sync
npc.mister_u.15679	max_hit	https://oldschool.runescape.wiki/w/Special:Redirect/revision/15218410	2026-08-06	OSRS Wiki Infobox Monster; fill-only sync
npc.mithril_dragon.2919	attack_speed	https://oldschool.runescape.wiki/w/Special:Redirect/revision/15234985	2026-08-06	OSRS Wiki Infobox Monster; fill-only sync
npc.mogre.2592	attack_speed	https://oldschool.runescape.wiki/w/Special:Redirect/revision/15275379	2026-08-06	OSRS Wiki Infobox Monster; fill-only sync
npc.molanisk.1	attack_speed	https://oldschool.runescape.wiki/w/Special:Redirect/revision/15215886	2026-08-06	OSRS Wiki Infobox Monster; fill-only sync
npc.monk.2579	attack_speed	https://oldschool.runescape.wiki/w/Special:Redirect/revision/15271018	2026-08-06	OSRS Wiki Infobox Monster; fill-only sync
npc.monk_of_zamorak.527	attack_speed	https://oldschool.runescape.wiki/w/Special:Redirect/revision/15247830	2026-08-06	OSRS Wiki Infobox Monster; fill-only sync
npc.monkey_archer.5272	aggression	https://oldschool.runescape.wiki/w/Special:Redirect/revision/15199637	2026-08-06	OSRS Wiki Infobox Monster; fill-only sync
npc.monkey_archer.5272	attack_speed	https://oldschool.runescape.wiki/w/Special:Redirect/revision/15199637	2026-08-06	OSRS Wiki Infobox Monster; fill-only sync
npc.monkey_archer.5272	attack_styles	https://oldschool.runescape.wiki/w/Special:Redirect/revision/15199637	2026-08-06	OSRS Wiki Infobox Monster; fill-only sync
npc.monkey_archer.5272	hitpoints	https://oldschool.runescape.wiki/w/Special:Redirect/revision/15199637	2026-08-06	OSRS Wiki Infobox Monster; fill-only sync
npc.monkey_archer.5272	max_hit	https://oldschool.runescape.wiki/w/Special:Redirect/revision/15199637	2026-08-06	OSRS Wiki Infobox Monster; fill-only sync
npc.monkey_guard.5271	aggression	https://oldschool.runescape.wiki/w/Special:Redirect/revision/15199592	2026-08-06	OSRS Wiki Infobox Monster; fill-only sync
npc.monkey_guard.5271	attack_speed	https://oldschool.runescape.wiki/w/Special:Redirect/revision/15199592	2026-08-06	OSRS Wiki Infobox Monster; fill-only sync
npc.monkey_guard.5271	attack_styles	https://oldschool.runescape.wiki/w/Special:Redirect/revision/15199592	2026-08-06	OSRS Wiki Infobox Monster; fill-only sync
npc.monkey_guard.5271	hitpoints	https://oldschool.runescape.wiki/w/Special:Redirect/revision/15199592	2026-08-06	OSRS Wiki Infobox Monster; fill-only sync
npc.monkey_guard.5271	max_hit	https://oldschool.runescape.wiki/w/Special:Redirect/revision/15199592	2026-08-06	OSRS Wiki Infobox Monster; fill-only sync
npc.monkey_zombie.5281	aggression	https://oldschool.runescape.wiki/w/Special:Redirect/revision/15199579	2026-08-06	OSRS Wiki Infobox Monster; fill-only sync
npc.monkey_zombie.5281	attack_speed	https://oldschool.runescape.wiki/w/Special:Redirect/revision/15199579	2026-08-06	OSRS Wiki Infobox Monster; fill-only sync
npc.monkey_zombie.5281	attack_styles	https://oldschool.runescape.wiki/w/Special:Redirect/revision/15199579	2026-08-06	OSRS Wiki Infobox Monster; fill-only sync
npc.monkey_zombie.5281	hitpoints	https://oldschool.runescape.wiki/w/Special:Redirect/revision/15199579	2026-08-06	OSRS Wiki Infobox Monster; fill-only sync
npc.monkey_zombie.5281	max_hit	https://oldschool.runescape.wiki/w/Special:Redirect/revision/15199579	2026-08-06	OSRS Wiki Infobox Monster; fill-only sync
npc.monstrous_basilisk.7395	aggression	https://oldschool.runescape.wiki/w/Special:Redirect/revision/15283131	2026-08-06	OSRS Wiki Infobox Monster; fill-only sync
npc.monstrous_basilisk.7395	attack_speed	https://oldschool.runescape.wiki/w/Special:Redirect/revision/15283131	2026-08-06	OSRS Wiki Infobox Monster; fill-only sync
npc.monstrous_basilisk.7395	attack_styles	https://oldschool.runescape.wiki/w/Special:Redirect/revision/15283131	2026-08-06	OSRS Wiki Infobox Monster; fill-only sync
npc.monstrous_basilisk.7395	hitpoints	https://oldschool.runescape.wiki/w/Special:Redirect/revision/15283131	2026-08-06	OSRS Wiki Infobox Monster; fill-only sync
npc.monstrous_basilisk.7395	max_hit	https://oldschool.runescape.wiki/w/Special:Redirect/revision/15283131	2026-08-06	OSRS Wiki Infobox Monster; fill-only sync
npc.monstrous_basilisk.7395	slayer_requirement	https://oldschool.runescape.wiki/w/Special:Redirect/revision/15283131	2026-08-06	OSRS Wiki Infobox Monster; fill-only sync
npc.moonlight_cockatrice.13030	aggression	https://oldschool.runescape.wiki/w/Special:Redirect/revision/15283005	2026-08-06	OSRS Wiki Infobox Monster; fill-only sync
npc.moonlight_cockatrice.13030	attack_speed	https://oldschool.runescape.wiki/w/Special:Redirect/revision/15283005	2026-08-06	OSRS Wiki Infobox Monster; fill-only sync
npc.moonlight_cockatrice.13030	attack_styles	https://oldschool.runescape.wiki/w/Special:Redirect/revision/15283005	2026-08-06	OSRS Wiki Infobox Monster; fill-only sync
npc.moonlight_cockatrice.13030	hitpoints	https://oldschool.runescape.wiki/w/Special:Redirect/revision/15283005	2026-08-06	OSRS Wiki Infobox Monster; fill-only sync
npc.moonlight_cockatrice.13030	max_hit	https://oldschool.runescape.wiki/w/Special:Redirect/revision/15283005	2026-08-06	OSRS Wiki Infobox Monster; fill-only sync
npc.moonlight_cockatrice.13030	slayer_requirement	https://oldschool.runescape.wiki/w/Special:Redirect/revision/15283005	2026-08-06	OSRS Wiki Infobox Monster; fill-only sync
npc.mosquito_swarm.6273	aggression	https://oldschool.runescape.wiki/w/Special:Redirect/revision/15216711	2026-08-06	OSRS Wiki Infobox Monster; fill-only sync
npc.mosquito_swarm.6273	attack_speed	https://oldschool.runescape.wiki/w/Special:Redirect/revision/15216711	2026-08-06	OSRS Wiki Infobox Monster; fill-only sync
npc.mosquito_swarm.6273	attack_styles	https://oldschool.runescape.wiki/w/Special:Redirect/revision/15216711	2026-08-06	OSRS Wiki Infobox Monster; fill-only sync
npc.mosquito_swarm.6273	hitpoints	https://oldschool.runescape.wiki/w/Special:Redirect/revision/15216711	2026-08-06	OSRS Wiki Infobox Monster; fill-only sync
npc.mosquito_swarm.6273	max_hit	https://oldschool.runescape.wiki/w/Special:Redirect/revision/15216711	2026-08-06	OSRS Wiki Infobox Monster; fill-only sync
npc.moss_giant.2090	attack_speed	https://oldschool.runescape.wiki/w/Special:Redirect/revision/15272974	2026-08-06	OSRS Wiki Infobox Monster; fill-only sync
npc.moss_guardian.891	attack_speed	https://oldschool.runescape.wiki/w/Special:Redirect/revision/15199663	2026-08-06	OSRS Wiki Infobox Monster; fill-only sync
npc.mosschin.11271	aggression	https://oldschool.runescape.wiki/w/Special:Redirect/revision/15200289	2026-08-06	OSRS Wiki Infobox Monster; fill-only sync
npc.mosschin.11271	attack_speed	https://oldschool.runescape.wiki/w/Special:Redirect/revision/15200289	2026-08-06	OSRS Wiki Infobox Monster; fill-only sync
npc.mosschin.11271	attack_styles	https://oldschool.runescape.wiki/w/Special:Redirect/revision/15200289	2026-08-06	OSRS Wiki Infobox Monster; fill-only sync
npc.mosschin.11271	hitpoints	https://oldschool.runescape.wiki/w/Special:Redirect/revision/15200289	2026-08-06	OSRS Wiki Infobox Monster; fill-only sync
npc.mosschin.11271	max_hit	https://oldschool.runescape.wiki/w/Special:Redirect/revision/15200289	2026-08-06	OSRS Wiki Infobox Monster; fill-only sync
npc.mother.8428	aggression	https://oldschool.runescape.wiki/w/Special:Redirect/revision/15200091	2026-08-06	OSRS Wiki Infobox Monster; fill-only sync
npc.mother.8428	attack_speed	https://oldschool.runescape.wiki/w/Special:Redirect/revision/15200091	2026-08-06	OSRS Wiki Infobox Monster; fill-only sync
npc.mother.8428	attack_styles	https://oldschool.runescape.wiki/w/Special:Redirect/revision/15200091	2026-08-06	OSRS Wiki Infobox Monster; fill-only sync
npc.mother.8428	hitpoints	https://oldschool.runescape.wiki/w/Special:Redirect/revision/15200091	2026-08-06	OSRS Wiki Infobox Monster; fill-only sync
npc.mother.8428	max_hit	https://oldschool.runescape.wiki/w/Special:Redirect/revision/15200091	2026-08-06	OSRS Wiki Infobox Monster; fill-only sync
npc.mountain_troll.936	attack_speed	https://oldschool.runescape.wiki/w/Special:Redirect/revision/15284660	2026-08-06	OSRS Wiki Infobox Monster; fill-only sync
npc.mounted_terrorbird_gnome.2067	attack_speed	https://oldschool.runescape.wiki/w/Special:Redirect/revision/15199587	2026-08-06	OSRS Wiki Infobox Monster; fill-only sync
npc.mourner.8844	aggression	https://oldschool.runescape.wiki/w/Special:Redirect/revision/15242506	2026-08-06	OSRS Wiki Infobox Monster; fill-only sync
npc.mourner.8844	attack_speed	https://oldschool.runescape.wiki/w/Special:Redirect/revision/15242506	2026-08-06	OSRS Wiki Infobox Monster; fill-only sync
npc.mourner.8844	attack_styles	https://oldschool.runescape.wiki/w/Special:Redirect/revision/15242506	2026-08-06	OSRS Wiki Infobox Monster; fill-only sync
npc.mourner.8844	hitpoints	https://oldschool.runescape.wiki/w/Special:Redirect/revision/15242506	2026-08-06	OSRS Wiki Infobox Monster; fill-only sync
npc.mourner.8844	max_hit	https://oldschool.runescape.wiki/w/Special:Redirect/revision/15242506	2026-08-06	OSRS Wiki Infobox Monster; fill-only sync
npc.mouse.5127	aggression	https://oldschool.runescape.wiki/w/Special:Redirect/revision/15199543	2026-08-06	OSRS Wiki Infobox Monster; fill-only sync
npc.mouse.5127	attack_speed	https://oldschool.runescape.wiki/w/Special:Redirect/revision/15199543	2026-08-06	OSRS Wiki Infobox Monster; fill-only sync
npc.mouse.5127	attack_styles	https://oldschool.runescape.wiki/w/Special:Redirect/revision/15199543	2026-08-06	OSRS Wiki Infobox Monster; fill-only sync
npc.mouse.5127	hitpoints	https://oldschool.runescape.wiki/w/Special:Redirect/revision/15199543	2026-08-06	OSRS Wiki Infobox Monster; fill-only sync
npc.mouse.5127	max_hit	https://oldschool.runescape.wiki/w/Special:Redirect/revision/15199543	2026-08-06	OSRS Wiki Infobox Monster; fill-only sync
npc.mudskipper.4820	aggression	https://oldschool.runescape.wiki/w/Special:Redirect/revision/15199407	2026-08-06	OSRS Wiki Infobox Monster; fill-only sync
npc.mudskipper.4820	attack_speed	https://oldschool.runescape.wiki/w/Special:Redirect/revision/15199407	2026-08-06	OSRS Wiki Infobox Monster; fill-only sync
npc.mudskipper.4820	attack_styles	https://oldschool.runescape.wiki/w/Special:Redirect/revision/15199407	2026-08-06	OSRS Wiki Infobox Monster; fill-only sync
npc.mudskipper.4820	hitpoints	https://oldschool.runescape.wiki/w/Special:Redirect/revision/15199407	2026-08-06	OSRS Wiki Infobox Monster; fill-only sync
npc.mudskipper.4820	max_hit	https://oldschool.runescape.wiki/w/Special:Redirect/revision/15199407	2026-08-06	OSRS Wiki Infobox Monster; fill-only sync
npc.mutant_tarn.6477	aggression	https://oldschool.runescape.wiki/w/Special:Redirect/revision/15207953	2026-08-06	OSRS Wiki Infobox Monster; fill-only sync
npc.mutant_tarn.6477	attack_speed	https://oldschool.runescape.wiki/w/Special:Redirect/revision/15207953	2026-08-06	OSRS Wiki Infobox Monster; fill-only sync
npc.mutant_tarn.6477	attack_styles	https://oldschool.runescape.wiki/w/Special:Redirect/revision/15207953	2026-08-06	OSRS Wiki Infobox Monster; fill-only sync
npc.mutant_tarn.6477	hitpoints	https://oldschool.runescape.wiki/w/Special:Redirect/revision/15207953	2026-08-06	OSRS Wiki Infobox Monster; fill-only sync
npc.mutant_tarn.6477	max_hit	https://oldschool.runescape.wiki/w/Special:Redirect/revision/15207953	2026-08-06	OSRS Wiki Infobox Monster; fill-only sync
npc.mutant_tarn.6477	slayer_requirement	https://oldschool.runescape.wiki/w/Special:Redirect/revision/15207953	2026-08-06	OSRS Wiki Infobox Monster; fill-only sync
npc.mutated_bloodveld.7276	aggression	https://oldschool.runescape.wiki/w/Special:Redirect/revision/15283093	2026-08-06	OSRS Wiki Infobox Monster; fill-only sync
npc.mutated_bloodveld.7276	attack_speed	https://oldschool.runescape.wiki/w/Special:Redirect/revision/15283093	2026-08-06	OSRS Wiki Infobox Monster; fill-only sync
npc.mutated_bloodveld.7276	attack_styles	https://oldschool.runescape.wiki/w/Special:Redirect/revision/15283093	2026-08-06	OSRS Wiki Infobox Monster; fill-only sync
npc.mutated_bloodveld.7276	hitpoints	https://oldschool.runescape.wiki/w/Special:Redirect/revision/15283093	2026-08-06	OSRS Wiki Infobox Monster; fill-only sync
npc.mutated_bloodveld.7276	max_hit	https://oldschool.runescape.wiki/w/Special:Redirect/revision/15283093	2026-08-06	OSRS Wiki Infobox Monster; fill-only sync
npc.mutated_bloodveld.7276	slayer_requirement	https://oldschool.runescape.wiki/w/Special:Redirect/revision/15283093	2026-08-06	OSRS Wiki Infobox Monster; fill-only sync
npc.mutated_terrorbird.12464	aggression	https://oldschool.runescape.wiki/w/Special:Redirect/revision/15283116	2026-08-06	OSRS Wiki Infobox Monster; fill-only sync
npc.mutated_terrorbird.12464	attack_speed	https://oldschool.runescape.wiki/w/Special:Redirect/revision/15283116	2026-08-06	OSRS Wiki Infobox Monster; fill-only sync
npc.mutated_terrorbird.12464	attack_styles	https://oldschool.runescape.wiki/w/Special:Redirect/revision/15283116	2026-08-06	OSRS Wiki Infobox Monster; fill-only sync
npc.mutated_terrorbird.12464	hitpoints	https://oldschool.runescape.wiki/w/Special:Redirect/revision/15283116	2026-08-06	OSRS Wiki Infobox Monster; fill-only sync
npc.mutated_terrorbird.12464	max_hit	https://oldschool.runescape.wiki/w/Special:Redirect/revision/15283116	2026-08-06	OSRS Wiki Infobox Monster; fill-only sync
npc.mutated_terrorbird.12464	slayer_requirement	https://oldschool.runescape.wiki/w/Special:Redirect/revision/15283116	2026-08-06	OSRS Wiki Infobox Monster; fill-only sync
npc.mutated_tortoise.12465	aggression	https://oldschool.runescape.wiki/w/Special:Redirect/revision/15283115	2026-08-06	OSRS Wiki Infobox Monster; fill-only sync
npc.mutated_tortoise.12465	attack_speed	https://oldschool.runescape.wiki/w/Special:Redirect/revision/15283115	2026-08-06	OSRS Wiki Infobox Monster; fill-only sync
npc.mutated_tortoise.12465	attack_styles	https://oldschool.runescape.wiki/w/Special:Redirect/revision/15283115	2026-08-06	OSRS Wiki Infobox Monster; fill-only sync
npc.mutated_tortoise.12465	hitpoints	https://oldschool.runescape.wiki/w/Special:Redirect/revision/15283115	2026-08-06	OSRS Wiki Infobox Monster; fill-only sync
npc.mutated_tortoise.12465	max_hit	https://oldschool.runescape.wiki/w/Special:Redirect/revision/15283115	2026-08-06	OSRS Wiki Infobox Monster; fill-only sync
npc.mutated_tortoise.12465	slayer_requirement	https://oldschool.runescape.wiki/w/Special:Redirect/revision/15283115	2026-08-06	OSRS Wiki Infobox Monster; fill-only sync
npc.mute_jack.15681	aggression	https://oldschool.runescape.wiki/w/Special:Redirect/revision/15218411	2026-08-06	OSRS Wiki Infobox Monster; fill-only sync
npc.mute_jack.15681	attack_speed	https://oldschool.runescape.wiki/w/Special:Redirect/revision/15218411	2026-08-06	OSRS Wiki Infobox Monster; fill-only sync
npc.mute_jack.15681	attack_styles	https://oldschool.runescape.wiki/w/Special:Redirect/revision/15218411	2026-08-06	OSRS Wiki Infobox Monster; fill-only sync
npc.mute_jack.15681	hitpoints	https://oldschool.runescape.wiki/w/Special:Redirect/revision/15218411	2026-08-06	OSRS Wiki Infobox Monster; fill-only sync
npc.mute_jack.15681	max_hit	https://oldschool.runescape.wiki/w/Special:Redirect/revision/15218411	2026-08-06	OSRS Wiki Infobox Monster; fill-only sync
npc.myre_blamish_snail.2634	attack_speed	https://oldschool.runescape.wiki/w/Special:Redirect/revision/15208157	2026-08-06	OSRS Wiki Infobox Monster; fill-only sync
npc.mysterious_figure.12300	aggression	https://oldschool.runescape.wiki/w/Special:Redirect/revision/15200396	2026-08-06	OSRS Wiki Infobox Monster; fill-only sync
npc.mysterious_figure.12300	attack_speed	https://oldschool.runescape.wiki/w/Special:Redirect/revision/15200396	2026-08-06	OSRS Wiki Infobox Monster; fill-only sync
npc.mysterious_figure.12300	attack_styles	https://oldschool.runescape.wiki/w/Special:Redirect/revision/15200396	2026-08-06	OSRS Wiki Infobox Monster; fill-only sync
npc.mysterious_figure.12300	hitpoints	https://oldschool.runescape.wiki/w/Special:Redirect/revision/15200396	2026-08-06	OSRS Wiki Infobox Monster; fill-only sync
npc.mysterious_figure.12300	max_hit	https://oldschool.runescape.wiki/w/Special:Redirect/revision/15200396	2026-08-06	OSRS Wiki Infobox Monster; fill-only sync
npc.naiatli.13838	attack_styles	CL864 quest catalogue-gap review using pinned cache revision 239	2026-08-02	Manual high-confidence quest-gap activation
npc.naiatli.13838	notes	CL864 quest catalogue-gap review using pinned cache revision 239	2026-08-02	Manual high-confidence quest-gap activation
npc.nail_beast.2946	attack_speed	https://oldschool.runescape.wiki/w/Special:Redirect/revision/15199688	2026-08-06	OSRS Wiki Infobox Monster; fill-only sync
npc.narf.3280	aggression	https://oldschool.runescape.wiki/w/Special:Redirect/revision/15199333	2026-08-06	OSRS Wiki Infobox Monster; fill-only sync
npc.narf.3280	attack_speed	https://oldschool.runescape.wiki/w/Special:Redirect/revision/15199333	2026-08-06	OSRS Wiki Infobox Monster; fill-only sync
npc.narf.3280	attack_styles	https://oldschool.runescape.wiki/w/Special:Redirect/revision/15199333	2026-08-06	OSRS Wiki Infobox Monster; fill-only sync
npc.narf.3280	hitpoints	https://oldschool.runescape.wiki/w/Special:Redirect/revision/15199333	2026-08-06	OSRS Wiki Infobox Monster; fill-only sync
npc.narf.3280	max_hit	https://oldschool.runescape.wiki/w/Special:Redirect/revision/15199333	2026-08-06	OSRS Wiki Infobox Monster; fill-only sync
npc.narwhal.15202	aggression	https://oldschool.runescape.wiki/w/Special:Redirect/revision/15262107	2026-08-06	OSRS Wiki Infobox Monster; fill-only sync
npc.narwhal.15202	attack_speed	https://oldschool.runescape.wiki/w/Special:Redirect/revision/15262107	2026-08-06	OSRS Wiki Infobox Monster; fill-only sync
npc.narwhal.15202	attack_styles	https://oldschool.runescape.wiki/w/Special:Redirect/revision/15262107	2026-08-06	OSRS Wiki Infobox Monster; fill-only sync
npc.narwhal.15202	hitpoints	https://oldschool.runescape.wiki/w/Special:Redirect/revision/15262107	2026-08-06	OSRS Wiki Infobox Monster; fill-only sync
npc.narwhal.15202	max_hit	https://oldschool.runescape.wiki/w/Special:Redirect/revision/15262107	2026-08-06	OSRS Wiki Infobox Monster; fill-only sync
npc.nazastarool.5353	aggression	https://oldschool.runescape.wiki/w/Special:Redirect/revision/15199510	2026-08-06	OSRS Wiki Infobox Monster; fill-only sync
npc.nazastarool.5353	attack_speed	https://oldschool.runescape.wiki/w/Special:Redirect/revision/15199510	2026-08-06	OSRS Wiki Infobox Monster; fill-only sync
npc.nazastarool.5353	attack_styles	https://oldschool.runescape.wiki/w/Special:Redirect/revision/15199510	2026-08-06	OSRS Wiki Infobox Monster; fill-only sync
npc.nazastarool.5353	hitpoints	https://oldschool.runescape.wiki/w/Special:Redirect/revision/15199510	2026-08-06	OSRS Wiki Infobox Monster; fill-only sync
npc.nazastarool.5353	max_hit	https://oldschool.runescape.wiki/w/Special:Redirect/revision/15199510	2026-08-06	OSRS Wiki Infobox Monster; fill-only sync
npc.nechryael.8	attack_speed	https://oldschool.runescape.wiki/w/Special:Redirect/revision/15283156	2026-08-06	OSRS Wiki Infobox Monster; fill-only sync
npc.nechryarch.7411	aggression	https://oldschool.runescape.wiki/w/Special:Redirect/revision/15283158	2026-08-06	OSRS Wiki Infobox Monster; fill-only sync
npc.nechryarch.7411	attack_speed	https://oldschool.runescape.wiki/w/Special:Redirect/revision/15283158	2026-08-06	OSRS Wiki Infobox Monster; fill-only sync
npc.nechryarch.7411	attack_styles	https://oldschool.runescape.wiki/w/Special:Redirect/revision/15283158	2026-08-06	OSRS Wiki Infobox Monster; fill-only sync
npc.nechryarch.7411	hitpoints	https://oldschool.runescape.wiki/w/Special:Redirect/revision/15283158	2026-08-06	OSRS Wiki Infobox Monster; fill-only sync
npc.nechryarch.7411	max_hit	https://oldschool.runescape.wiki/w/Special:Redirect/revision/15283158	2026-08-06	OSRS Wiki Infobox Monster; fill-only sync
npc.nechryarch.7411	slayer_requirement	https://oldschool.runescape.wiki/w/Special:Redirect/revision/15283158	2026-08-06	OSRS Wiki Infobox Monster; fill-only sync
npc.necromancer.1025	attack_speed	https://oldschool.runescape.wiki/w/Special:Redirect/revision/15199448	2026-08-06	OSRS Wiki Infobox Monster; fill-only sync
npc.newtroost.3605	aggression	https://oldschool.runescape.wiki/w/Special:Redirect/revision/15205676	2026-08-06	OSRS Wiki Infobox Monster; fill-only sync
npc.newtroost.3605	attack_speed	https://oldschool.runescape.wiki/w/Special:Redirect/revision/15205676	2026-08-06	OSRS Wiki Infobox Monster; fill-only sync
npc.newtroost.3605	attack_styles	https://oldschool.runescape.wiki/w/Special:Redirect/revision/15205676	2026-08-06	OSRS Wiki Infobox Monster; fill-only sync
npc.newtroost.3605	hitpoints	https://oldschool.runescape.wiki/w/Special:Redirect/revision/15205676	2026-08-06	OSRS Wiki Infobox Monster; fill-only sync
npc.newtroost.3605	max_hit	https://oldschool.runescape.wiki/w/Special:Redirect/revision/15205676	2026-08-06	OSRS Wiki Infobox Monster; fill-only sync
npc.nex.11278	aggression	https://oldschool.runescape.wiki/w/Special:Redirect/revision/15264238	2026-08-06	OSRS Wiki Infobox Monster; fill-only sync
npc.nex.11278	attack_speed	https://oldschool.runescape.wiki/w/Special:Redirect/revision/15264238	2026-08-06	OSRS Wiki Infobox Monster; fill-only sync
npc.nex.11278	attack_styles	https://oldschool.runescape.wiki/w/Special:Redirect/revision/15264238	2026-08-06	OSRS Wiki Infobox Monster; fill-only sync
npc.nex.11278	hazards	https://oldschool.runescape.wiki/w/Special:Redirect/revision/15264238	2026-08-06	OSRS Wiki Infobox Monster; fill-only sync
npc.nex.11278	hitpoints	https://oldschool.runescape.wiki/w/Special:Redirect/revision/15264238	2026-08-06	OSRS Wiki Infobox Monster; fill-only sync
npc.nex.11278	max_hit	https://oldschool.runescape.wiki/w/Special:Redirect/revision/15264238	2026-08-06	OSRS Wiki Infobox Monster; fill-only sync
npc.nezikchened.3962	aggression	https://oldschool.runescape.wiki/w/Special:Redirect/revision/15242487	2026-08-06	OSRS Wiki Infobox Monster; fill-only sync
npc.nezikchened.3962	attack_speed	https://oldschool.runescape.wiki/w/Special:Redirect/revision/15242487	2026-08-06	OSRS Wiki Infobox Monster; fill-only sync
npc.nezikchened.3962	attack_styles	https://oldschool.runescape.wiki/w/Special:Redirect/revision/15242487	2026-08-06	OSRS Wiki Infobox Monster; fill-only sync
npc.nezikchened.3962	hitpoints	https://oldschool.runescape.wiki/w/Special:Redirect/revision/15242487	2026-08-06	OSRS Wiki Infobox Monster; fill-only sync
npc.nezikchened.3962	max_hit	https://oldschool.runescape.wiki/w/Special:Redirect/revision/15242487	2026-08-06	OSRS Wiki Infobox Monster; fill-only sync
npc.night_beast.7409	aggression	https://oldschool.runescape.wiki/w/Special:Redirect/revision/15288990	2026-08-06	OSRS Wiki Infobox Monster; fill-only sync
npc.night_beast.7409	attack_speed	https://oldschool.runescape.wiki/w/Special:Redirect/revision/15288990	2026-08-06	OSRS Wiki Infobox Monster; fill-only sync
npc.night_beast.7409	attack_styles	https://oldschool.runescape.wiki/w/Special:Redirect/revision/15288990	2026-08-06	OSRS Wiki Infobox Monster; fill-only sync
npc.night_beast.7409	hitpoints	https://oldschool.runescape.wiki/w/Special:Redirect/revision/15288990	2026-08-06	OSRS Wiki Infobox Monster; fill-only sync
npc.night_beast.7409	max_hit	https://oldschool.runescape.wiki/w/Special:Redirect/revision/15288990	2026-08-06	OSRS Wiki Infobox Monster; fill-only sync
npc.night_beast.7409	slayer_requirement	https://oldschool.runescape.wiki/w/Special:Redirect/revision/15288990	2026-08-06	OSRS Wiki Infobox Monster; fill-only sync
npc.nikita.2629	attack_speed	https://oldschool.runescape.wiki/w/Special:Redirect/revision/15199960	2026-08-06	OSRS Wiki Infobox Monster; fill-only sync
npc.nikolai.2617	attack_speed	https://oldschool.runescape.wiki/w/Special:Redirect/revision/15199961	2026-08-06	OSRS Wiki Infobox Monster; fill-only sync
npc.nuclear_smoke_devil.7406	aggression	https://oldschool.runescape.wiki/w/Special:Redirect/revision/15283171	2026-08-06	OSRS Wiki Infobox Monster; fill-only sync
npc.nuclear_smoke_devil.7406	attack_speed	https://oldschool.runescape.wiki/w/Special:Redirect/revision/15283171	2026-08-06	OSRS Wiki Infobox Monster; fill-only sync
npc.nuclear_smoke_devil.7406	attack_styles	https://oldschool.runescape.wiki/w/Special:Redirect/revision/15283171	2026-08-06	OSRS Wiki Infobox Monster; fill-only sync
npc.nuclear_smoke_devil.7406	hitpoints	https://oldschool.runescape.wiki/w/Special:Redirect/revision/15283171	2026-08-06	OSRS Wiki Infobox Monster; fill-only sync
npc.nuclear_smoke_devil.7406	max_hit	https://oldschool.runescape.wiki/w/Special:Redirect/revision/15283171	2026-08-06	OSRS Wiki Infobox Monster; fill-only sync
npc.nuclear_smoke_devil.7406	slayer_requirement	https://oldschool.runescape.wiki/w/Special:Redirect/revision/15283171	2026-08-06	OSRS Wiki Infobox Monster; fill-only sync
npc.nylocas_athanatos.8384	aggression	https://oldschool.runescape.wiki/w/Special:Redirect/revision/15218277	2026-08-06	OSRS Wiki Infobox Monster; fill-only sync
npc.nylocas_athanatos.8384	attack_speed	https://oldschool.runescape.wiki/w/Special:Redirect/revision/15218277	2026-08-06	OSRS Wiki Infobox Monster; fill-only sync
npc.nylocas_athanatos.8384	hitpoints	https://oldschool.runescape.wiki/w/Special:Redirect/revision/15218277	2026-08-06	OSRS Wiki Infobox Monster; fill-only sync
npc.nylocas_athanatos.8384	max_hit	https://oldschool.runescape.wiki/w/Special:Redirect/revision/15218277	2026-08-06	OSRS Wiki Infobox Monster; fill-only sync
npc.nylocas_hagios.8344	aggression	https://oldschool.runescape.wiki/w/Special:Redirect/revision/15218274	2026-08-06	OSRS Wiki Infobox Monster; fill-only sync
npc.nylocas_hagios.8344	attack_speed	https://oldschool.runescape.wiki/w/Special:Redirect/revision/15218274	2026-08-06	OSRS Wiki Infobox Monster; fill-only sync
npc.nylocas_hagios.8344	attack_styles	https://oldschool.runescape.wiki/w/Special:Redirect/revision/15218274	2026-08-06	OSRS Wiki Infobox Monster; fill-only sync
npc.nylocas_hagios.8344	hitpoints	https://oldschool.runescape.wiki/w/Special:Redirect/revision/15218274	2026-08-06	OSRS Wiki Infobox Monster; fill-only sync
npc.nylocas_hagios.8344	max_hit	https://oldschool.runescape.wiki/w/Special:Redirect/revision/15218274	2026-08-06	OSRS Wiki Infobox Monster; fill-only sync
npc.nylocas_ischyros.8342	aggression	https://oldschool.runescape.wiki/w/Special:Redirect/revision/15218273	2026-08-06	OSRS Wiki Infobox Monster; fill-only sync
npc.nylocas_ischyros.8342	attack_speed	https://oldschool.runescape.wiki/w/Special:Redirect/revision/15218273	2026-08-06	OSRS Wiki Infobox Monster; fill-only sync
npc.nylocas_ischyros.8342	attack_styles	https://oldschool.runescape.wiki/w/Special:Redirect/revision/15218273	2026-08-06	OSRS Wiki Infobox Monster; fill-only sync
npc.nylocas_ischyros.8342	hitpoints	https://oldschool.runescape.wiki/w/Special:Redirect/revision/15218273	2026-08-06	OSRS Wiki Infobox Monster; fill-only sync
npc.nylocas_ischyros.8342	max_hit	https://oldschool.runescape.wiki/w/Special:Redirect/revision/15218273	2026-08-06	OSRS Wiki Infobox Monster; fill-only sync
npc.nylocas_matomenos.8366	aggression	https://oldschool.runescape.wiki/w/Special:Redirect/revision/15218276	2026-08-06	OSRS Wiki Infobox Monster; fill-only sync
npc.nylocas_matomenos.8366	attack_speed	https://oldschool.runescape.wiki/w/Special:Redirect/revision/15218276	2026-08-06	OSRS Wiki Infobox Monster; fill-only sync
npc.nylocas_matomenos.8366	hitpoints	https://oldschool.runescape.wiki/w/Special:Redirect/revision/15218276	2026-08-06	OSRS Wiki Infobox Monster; fill-only sync
npc.nylocas_matomenos.8366	max_hit	https://oldschool.runescape.wiki/w/Special:Redirect/revision/15218276	2026-08-06	OSRS Wiki Infobox Monster; fill-only sync
npc.nylocas_prinkipas.10804	aggression	https://oldschool.runescape.wiki/w/Special:Redirect/revision/15218279	2026-08-06	OSRS Wiki Infobox Monster; fill-only sync
npc.nylocas_prinkipas.10804	attack_speed	https://oldschool.runescape.wiki/w/Special:Redirect/revision/15218279	2026-08-06	OSRS Wiki Infobox Monster; fill-only sync
npc.nylocas_prinkipas.10804	attack_styles	https://oldschool.runescape.wiki/w/Special:Redirect/revision/15218279	2026-08-06	OSRS Wiki Infobox Monster; fill-only sync
npc.nylocas_prinkipas.10804	hitpoints	https://oldschool.runescape.wiki/w/Special:Redirect/revision/15218279	2026-08-06	OSRS Wiki Infobox Monster; fill-only sync
npc.nylocas_prinkipas.10804	max_hit	https://oldschool.runescape.wiki/w/Special:Redirect/revision/15218279	2026-08-06	OSRS Wiki Infobox Monster; fill-only sync
npc.nylocas_toxobolos.8343	aggression	https://oldschool.runescape.wiki/w/Special:Redirect/revision/15218275	2026-08-06	OSRS Wiki Infobox Monster; fill-only sync
npc.nylocas_toxobolos.8343	attack_speed	https://oldschool.runescape.wiki/w/Special:Redirect/revision/15218275	2026-08-06	OSRS Wiki Infobox Monster; fill-only sync
npc.nylocas_toxobolos.8343	attack_styles	https://oldschool.runescape.wiki/w/Special:Redirect/revision/15218275	2026-08-06	OSRS Wiki Infobox Monster; fill-only sync
npc.nylocas_toxobolos.8343	hitpoints	https://oldschool.runescape.wiki/w/Special:Redirect/revision/15218275	2026-08-06	OSRS Wiki Infobox Monster; fill-only sync
npc.nylocas_toxobolos.8343	max_hit	https://oldschool.runescape.wiki/w/Special:Redirect/revision/15218275	2026-08-06	OSRS Wiki Infobox Monster; fill-only sync
npc.nylocas_vasilias.8355	aggression	https://oldschool.runescape.wiki/w/Special:Redirect/revision/15218278	2026-08-06	OSRS Wiki Infobox Monster; fill-only sync
npc.nylocas_vasilias.8355	attack_speed	https://oldschool.runescape.wiki/w/Special:Redirect/revision/15218278	2026-08-06	OSRS Wiki Infobox Monster; fill-only sync
npc.nylocas_vasilias.8355	attack_styles	https://oldschool.runescape.wiki/w/Special:Redirect/revision/15218278	2026-08-06	OSRS Wiki Infobox Monster; fill-only sync
npc.nylocas_vasilias.8355	hitpoints	https://oldschool.runescape.wiki/w/Special:Redirect/revision/15218278	2026-08-06	OSRS Wiki Infobox Monster; fill-only sync
npc.nylocas_vasilias.8355	max_hit	https://oldschool.runescape.wiki/w/Special:Redirect/revision/15218278	2026-08-06	OSRS Wiki Infobox Monster; fill-only sync
npc.oaky_doak.15677	aggression	https://oldschool.runescape.wiki/w/Special:Redirect/revision/15233153	2026-08-06	OSRS Wiki Infobox Monster; fill-only sync
npc.oaky_doak.15677	attack_speed	https://oldschool.runescape.wiki/w/Special:Redirect/revision/15233153	2026-08-06	OSRS Wiki Infobox Monster; fill-only sync
npc.oaky_doak.15677	attack_styles	https://oldschool.runescape.wiki/w/Special:Redirect/revision/15233153	2026-08-06	OSRS Wiki Infobox Monster; fill-only sync
npc.oaky_doak.15677	hitpoints	https://oldschool.runescape.wiki/w/Special:Redirect/revision/15233153	2026-08-06	OSRS Wiki Infobox Monster; fill-only sync
npc.oaky_doak.15677	max_hit	https://oldschool.runescape.wiki/w/Special:Redirect/revision/15233153	2026-08-06	OSRS Wiki Infobox Monster; fill-only sync
npc.obor.7416	aggression	https://oldschool.runescape.wiki/w/Special:Redirect/revision/15264295	2026-08-06	OSRS Wiki Infobox Monster; fill-only sync
npc.obor.7416	attack_speed	https://oldschool.runescape.wiki/w/Special:Redirect/revision/15264295	2026-08-06	OSRS Wiki Infobox Monster; fill-only sync
npc.obor.7416	attack_styles	https://oldschool.runescape.wiki/w/Special:Redirect/revision/15264295	2026-08-06	OSRS Wiki Infobox Monster; fill-only sync
npc.obor.7416	hitpoints	https://oldschool.runescape.wiki/w/Special:Redirect/revision/15264295	2026-08-06	OSRS Wiki Infobox Monster; fill-only sync
npc.obor.7416	max_hit	https://oldschool.runescape.wiki/w/Special:Redirect/revision/15264295	2026-08-06	OSRS Wiki Infobox Monster; fill-only sync
npc.ocelot.14545	aggression	https://oldschool.runescape.wiki/w/Special:Redirect/revision/15237461	2026-08-06	OSRS Wiki Infobox Monster; fill-only sync
npc.ocelot.14545	attack_speed	https://oldschool.runescape.wiki/w/Special:Redirect/revision/15237461	2026-08-06	OSRS Wiki Infobox Monster; fill-only sync
npc.ocelot.14545	attack_styles	https://oldschool.runescape.wiki/w/Special:Redirect/revision/15237461	2026-08-06	OSRS Wiki Infobox Monster; fill-only sync
npc.ocelot.14545	hitpoints	https://oldschool.runescape.wiki/w/Special:Redirect/revision/15237461	2026-08-06	OSRS Wiki Infobox Monster; fill-only sync
npc.ocelot.14545	max_hit	https://oldschool.runescape.wiki/w/Special:Redirect/revision/15237461	2026-08-06	OSRS Wiki Infobox Monster; fill-only sync
npc.ocga.4108	aggression	https://oldschool.runescape.wiki/w/Special:Redirect/revision/15283613	2026-08-06	OSRS Wiki Infobox Monster; fill-only sync
npc.ocga.4108	attack_speed	https://oldschool.runescape.wiki/w/Special:Redirect/revision/15283613	2026-08-06	OSRS Wiki Infobox Monster; fill-only sync
npc.ocga.4108	attack_styles	https://oldschool.runescape.wiki/w/Special:Redirect/revision/15283613	2026-08-06	OSRS Wiki Infobox Monster; fill-only sync
npc.ocga.4108	hitpoints	https://oldschool.runescape.wiki/w/Special:Redirect/revision/15283613	2026-08-06	OSRS Wiki Infobox Monster; fill-only sync
npc.ocga.4108	max_hit	https://oldschool.runescape.wiki/w/Special:Redirect/revision/15283613	2026-08-06	OSRS Wiki Infobox Monster; fill-only sync
npc.ochre_blamish_snail.2646	attack_speed	https://oldschool.runescape.wiki/w/Special:Redirect/revision/15208158	2026-08-06	OSRS Wiki Infobox Monster; fill-only sync
npc.ogre.136	attack_speed	https://oldschool.runescape.wiki/w/Special:Redirect/revision/15215900	2026-08-06	OSRS Wiki Infobox Monster; fill-only sync
npc.ogre_chieftain.4362	aggression	https://oldschool.runescape.wiki/w/Special:Redirect/revision/15199464	2026-08-06	OSRS Wiki Infobox Monster; fill-only sync
npc.ogre_chieftain.4362	attack_speed	https://oldschool.runescape.wiki/w/Special:Redirect/revision/15199464	2026-08-06	OSRS Wiki Infobox Monster; fill-only sync
npc.ogre_chieftain.4362	attack_styles	https://oldschool.runescape.wiki/w/Special:Redirect/revision/15199464	2026-08-06	OSRS Wiki Infobox Monster; fill-only sync
npc.ogre_chieftain.4362	hitpoints	https://oldschool.runescape.wiki/w/Special:Redirect/revision/15199464	2026-08-06	OSRS Wiki Infobox Monster; fill-only sync
npc.ogre_chieftain.4362	max_hit	https://oldschool.runescape.wiki/w/Special:Redirect/revision/15199464	2026-08-06	OSRS Wiki Infobox Monster; fill-only sync
npc.ogre_shaman.4382	aggression	https://oldschool.runescape.wiki/w/Special:Redirect/revision/15199465	2026-08-06	OSRS Wiki Infobox Monster; fill-only sync
npc.ogre_shaman.4382	attack_speed	https://oldschool.runescape.wiki/w/Special:Redirect/revision/15199465	2026-08-06	OSRS Wiki Infobox Monster; fill-only sync
npc.ogre_shaman.4382	attack_styles	https://oldschool.runescape.wiki/w/Special:Redirect/revision/15199465	2026-08-06	OSRS Wiki Infobox Monster; fill-only sync
npc.ogre_shaman.4382	hitpoints	https://oldschool.runescape.wiki/w/Special:Redirect/revision/15199465	2026-08-06	OSRS Wiki Infobox Monster; fill-only sync
npc.ogre_shaman.4382	max_hit	https://oldschool.runescape.wiki/w/Special:Redirect/revision/15199465	2026-08-06	OSRS Wiki Infobox Monster; fill-only sync
npc.ogress_shaman.7991	aggression	https://oldschool.runescape.wiki/w/Special:Redirect/revision/15200042	2026-08-06	OSRS Wiki Infobox Monster; fill-only sync
npc.ogress_shaman.7991	attack_speed	https://oldschool.runescape.wiki/w/Special:Redirect/revision/15200042	2026-08-06	OSRS Wiki Infobox Monster; fill-only sync
npc.ogress_shaman.7991	attack_styles	https://oldschool.runescape.wiki/w/Special:Redirect/revision/15200042	2026-08-06	OSRS Wiki Infobox Monster; fill-only sync
npc.ogress_shaman.7991	hitpoints	https://oldschool.runescape.wiki/w/Special:Redirect/revision/15200042	2026-08-06	OSRS Wiki Infobox Monster; fill-only sync
npc.ogress_shaman.7991	max_hit	https://oldschool.runescape.wiki/w/Special:Redirect/revision/15200042	2026-08-06	OSRS Wiki Infobox Monster; fill-only sync
npc.ogress_warrior.7989	aggression	https://oldschool.runescape.wiki/w/Special:Redirect/revision/15215356	2026-08-06	OSRS Wiki Infobox Monster; fill-only sync
npc.ogress_warrior.7989	attack_speed	https://oldschool.runescape.wiki/w/Special:Redirect/revision/15215356	2026-08-06	OSRS Wiki Infobox Monster; fill-only sync
npc.ogress_warrior.7989	attack_styles	https://oldschool.runescape.wiki/w/Special:Redirect/revision/15215356	2026-08-06	OSRS Wiki Infobox Monster; fill-only sync
npc.ogress_warrior.7989	hitpoints	https://oldschool.runescape.wiki/w/Special:Redirect/revision/15215356	2026-08-06	OSRS Wiki Infobox Monster; fill-only sync
npc.ogress_warrior.7989	max_hit	https://oldschool.runescape.wiki/w/Special:Redirect/revision/15215356	2026-08-06	OSRS Wiki Infobox Monster; fill-only sync
npc.oipuis.5259	aggression	https://oldschool.runescape.wiki/w/Special:Redirect/revision/15200176	2026-08-06	OSRS Wiki Infobox Monster; fill-only sync
npc.oipuis.5259	attack_speed	https://oldschool.runescape.wiki/w/Special:Redirect/revision/15200176	2026-08-06	OSRS Wiki Infobox Monster; fill-only sync
npc.oipuis.5259	attack_styles	https://oldschool.runescape.wiki/w/Special:Redirect/revision/15200176	2026-08-06	OSRS Wiki Infobox Monster; fill-only sync
npc.oipuis.5259	hitpoints	https://oldschool.runescape.wiki/w/Special:Redirect/revision/15200176	2026-08-06	OSRS Wiki Infobox Monster; fill-only sync
npc.oipuis.5259	max_hit	https://oldschool.runescape.wiki/w/Special:Redirect/revision/15200176	2026-08-06	OSRS Wiki Infobox Monster; fill-only sync
npc.old_jack.15680	aggression	https://oldschool.runescape.wiki/w/Special:Redirect/revision/15218413	2026-08-06	OSRS Wiki Infobox Monster; fill-only sync
npc.old_jack.15680	attack_speed	https://oldschool.runescape.wiki/w/Special:Redirect/revision/15218413	2026-08-06	OSRS Wiki Infobox Monster; fill-only sync
npc.old_jack.15680	attack_styles	https://oldschool.runescape.wiki/w/Special:Redirect/revision/15218413	2026-08-06	OSRS Wiki Infobox Monster; fill-only sync
npc.old_jack.15680	hitpoints	https://oldschool.runescape.wiki/w/Special:Redirect/revision/15218413	2026-08-06	OSRS Wiki Infobox Monster; fill-only sync
npc.old_jack.15680	max_hit	https://oldschool.runescape.wiki/w/Special:Redirect/revision/15218413	2026-08-06	OSRS Wiki Infobox Monster; fill-only sync
npc.oomlie_bird.2062	attack_speed	https://oldschool.runescape.wiki/w/Special:Redirect/revision/15199530	2026-08-06	OSRS Wiki Infobox Monster; fill-only sync
npc.orca.15204	aggression	https://oldschool.runescape.wiki/w/Special:Redirect/revision/15262111	2026-08-06	OSRS Wiki Infobox Monster; fill-only sync
npc.orca.15204	attack_speed	https://oldschool.runescape.wiki/w/Special:Redirect/revision/15262111	2026-08-06	OSRS Wiki Infobox Monster; fill-only sync
npc.orca.15204	attack_styles	https://oldschool.runescape.wiki/w/Special:Redirect/revision/15262111	2026-08-06	OSRS Wiki Infobox Monster; fill-only sync
npc.orca.15204	hitpoints	https://oldschool.runescape.wiki/w/Special:Redirect/revision/15262111	2026-08-06	OSRS Wiki Infobox Monster; fill-only sync
npc.orca.15204	max_hit	https://oldschool.runescape.wiki/w/Special:Redirect/revision/15262111	2026-08-06	OSRS Wiki Infobox Monster; fill-only sync
npc.ork.2237	attack_speed	https://oldschool.runescape.wiki/w/Special:Redirect/revision/15221265	2026-08-06	OSRS Wiki Infobox Monster; fill-only sync
npc.oryx.13006	aggression	https://oldschool.runescape.wiki/w/Special:Redirect/revision/15200498	2026-08-06	OSRS Wiki Infobox Monster; fill-only sync
npc.oryx.13006	attack_speed	https://oldschool.runescape.wiki/w/Special:Redirect/revision/15200498	2026-08-06	OSRS Wiki Infobox Monster; fill-only sync
npc.oryx.13006	attack_styles	https://oldschool.runescape.wiki/w/Special:Redirect/revision/15200498	2026-08-06	OSRS Wiki Infobox Monster; fill-only sync
npc.oryx.13006	hitpoints	https://oldschool.runescape.wiki/w/Special:Redirect/revision/15200498	2026-08-06	OSRS Wiki Infobox Monster; fill-only sync
npc.oryx.13006	max_hit	https://oldschool.runescape.wiki/w/Special:Redirect/revision/15200498	2026-08-06	OSRS Wiki Infobox Monster; fill-only sync
npc.osprey.15222	aggression	https://oldschool.runescape.wiki/w/Special:Redirect/revision/15228841	2026-08-06	OSRS Wiki Infobox Monster; fill-only sync
npc.osprey.15222	attack_speed	https://oldschool.runescape.wiki/w/Special:Redirect/revision/15228841	2026-08-06	OSRS Wiki Infobox Monster; fill-only sync
npc.osprey.15222	attack_styles	https://oldschool.runescape.wiki/w/Special:Redirect/revision/15228841	2026-08-06	OSRS Wiki Infobox Monster; fill-only sync
npc.osprey.15222	hitpoints	https://oldschool.runescape.wiki/w/Special:Redirect/revision/15228841	2026-08-06	OSRS Wiki Infobox Monster; fill-only sync
npc.osprey.15222	max_hit	https://oldschool.runescape.wiki/w/Special:Redirect/revision/15228841	2026-08-06	OSRS Wiki Infobox Monster; fill-only sync
npc.othainian.8994	aggression	https://oldschool.runescape.wiki/w/Special:Redirect/revision/15199584	2026-08-06	OSRS Wiki Infobox Monster; fill-only sync
npc.othainian.8994	attack_speed	https://oldschool.runescape.wiki/w/Special:Redirect/revision/15199584	2026-08-06	OSRS Wiki Infobox Monster; fill-only sync
npc.othainian.8994	attack_styles	https://oldschool.runescape.wiki/w/Special:Redirect/revision/15199584	2026-08-06	OSRS Wiki Infobox Monster; fill-only sync
npc.othainian.8994	hitpoints	https://oldschool.runescape.wiki/w/Special:Redirect/revision/15199584	2026-08-06	OSRS Wiki Infobox Monster; fill-only sync
npc.othainian.8994	max_hit	https://oldschool.runescape.wiki/w/Special:Redirect/revision/15199584	2026-08-06	OSRS Wiki Infobox Monster; fill-only sync
npc.otherworldly_being.2843	attack_speed	https://oldschool.runescape.wiki/w/Special:Redirect/revision/15199250	2026-08-06	OSRS Wiki Infobox Monster; fill-only sync
npc.ouhai.5261	aggression	https://oldschool.runescape.wiki/w/Special:Redirect/revision/15200177	2026-08-06	OSRS Wiki Infobox Monster; fill-only sync
npc.ouhai.5261	attack_speed	https://oldschool.runescape.wiki/w/Special:Redirect/revision/15200177	2026-08-06	OSRS Wiki Infobox Monster; fill-only sync
npc.ouhai.5261	attack_styles	https://oldschool.runescape.wiki/w/Special:Redirect/revision/15200177	2026-08-06	OSRS Wiki Infobox Monster; fill-only sync
npc.ouhai.5261	hitpoints	https://oldschool.runescape.wiki/w/Special:Redirect/revision/15200177	2026-08-06	OSRS Wiki Infobox Monster; fill-only sync
npc.ouhai.5261	max_hit	https://oldschool.runescape.wiki/w/Special:Redirect/revision/15200177	2026-08-06	OSRS Wiki Infobox Monster; fill-only sync
npc.outlaw.4167	aggression	https://oldschool.runescape.wiki/w/Special:Redirect/revision/15199411	2026-08-06	OSRS Wiki Infobox Monster; fill-only sync
npc.outlaw.4167	attack_speed	https://oldschool.runescape.wiki/w/Special:Redirect/revision/15199411	2026-08-06	OSRS Wiki Infobox Monster; fill-only sync
npc.outlaw.4167	attack_styles	https://oldschool.runescape.wiki/w/Special:Redirect/revision/15199411	2026-08-06	OSRS Wiki Infobox Monster; fill-only sync
npc.outlaw.4167	hitpoints	https://oldschool.runescape.wiki/w/Special:Redirect/revision/15199411	2026-08-06	OSRS Wiki Infobox Monster; fill-only sync
npc.outlaw.4167	max_hit	https://oldschool.runescape.wiki/w/Special:Redirect/revision/15199411	2026-08-06	OSRS Wiki Infobox Monster; fill-only sync
npc.padulah.5263	aggression	https://oldschool.runescape.wiki/w/Special:Redirect/revision/15199644	2026-08-06	OSRS Wiki Infobox Monster; fill-only sync
npc.padulah.5263	attack_speed	https://oldschool.runescape.wiki/w/Special:Redirect/revision/15199644	2026-08-06	OSRS Wiki Infobox Monster; fill-only sync
npc.padulah.5263	attack_styles	https://oldschool.runescape.wiki/w/Special:Redirect/revision/15199644	2026-08-06	OSRS Wiki Infobox Monster; fill-only sync
npc.padulah.5263	hitpoints	https://oldschool.runescape.wiki/w/Special:Redirect/revision/15199644	2026-08-06	OSRS Wiki Infobox Monster; fill-only sync
npc.padulah.5263	max_hit	https://oldschool.runescape.wiki/w/Special:Redirect/revision/15199644	2026-08-06	OSRS Wiki Infobox Monster; fill-only sync
npc.paladin.1144	attack_speed	https://oldschool.runescape.wiki/w/Special:Redirect/revision/15283634	2026-08-06	OSRS Wiki Infobox Monster; fill-only sync
npc.palmer.3869	aggression	https://oldschool.runescape.wiki/w/Special:Redirect/revision/15199651	2026-08-06	OSRS Wiki Infobox Monster; fill-only sync
npc.palmer.3869	attack_speed	https://oldschool.runescape.wiki/w/Special:Redirect/revision/15199651	2026-08-06	OSRS Wiki Infobox Monster; fill-only sync
npc.palmer.3869	attack_styles	https://oldschool.runescape.wiki/w/Special:Redirect/revision/15199651	2026-08-06	OSRS Wiki Infobox Monster; fill-only sync
npc.palmer.3869	hitpoints	https://oldschool.runescape.wiki/w/Special:Redirect/revision/15199651	2026-08-06	OSRS Wiki Infobox Monster; fill-only sync
npc.palmer.3869	max_hit	https://oldschool.runescape.wiki/w/Special:Redirect/revision/15199651	2026-08-06	OSRS Wiki Infobox Monster; fill-only sync
npc.parasite.9452	aggression	https://oldschool.runescape.wiki/w/Special:Redirect/revision/15215902	2026-08-06	OSRS Wiki Infobox Monster; fill-only sync
npc.parasite.9452	attack_speed	https://oldschool.runescape.wiki/w/Special:Redirect/revision/15215902	2026-08-06	OSRS Wiki Infobox Monster; fill-only sync
npc.parasite.9452	attack_styles	https://oldschool.runescape.wiki/w/Special:Redirect/revision/15215902	2026-08-06	OSRS Wiki Infobox Monster; fill-only sync
npc.parasite.9452	hitpoints	https://oldschool.runescape.wiki/w/Special:Redirect/revision/15215902	2026-08-06	OSRS Wiki Infobox Monster; fill-only sync
npc.parasite.9452	max_hit	https://oldschool.runescape.wiki/w/Special:Redirect/revision/15215902	2026-08-06	OSRS Wiki Infobox Monster; fill-only sync
npc.passionate_supporter.12833	aggression	https://oldschool.runescape.wiki/w/Special:Redirect/revision/15213095	2026-08-06	OSRS Wiki Infobox Monster; fill-only sync
npc.passionate_supporter.12833	attack_speed	https://oldschool.runescape.wiki/w/Special:Redirect/revision/15213095	2026-08-06	OSRS Wiki Infobox Monster; fill-only sync
npc.passionate_supporter.12833	attack_styles	https://oldschool.runescape.wiki/w/Special:Redirect/revision/15213095	2026-08-06	OSRS Wiki Infobox Monster; fill-only sync
npc.passionate_supporter.12833	hitpoints	https://oldschool.runescape.wiki/w/Special:Redirect/revision/15213095	2026-08-06	OSRS Wiki Infobox Monster; fill-only sync
npc.passionate_supporter.12833	max_hit	https://oldschool.runescape.wiki/w/Special:Redirect/revision/15213095	2026-08-06	OSRS Wiki Infobox Monster; fill-only sync
npc.pee_hat.927	attack_speed	https://oldschool.runescape.wiki/w/Special:Redirect/revision/15199655	2026-08-06	OSRS Wiki Infobox Monster; fill-only sync
npc.penance_fighter.5739	aggression	https://oldschool.runescape.wiki/w/Special:Redirect/revision/15221151	2026-08-06	OSRS Wiki Infobox Monster; fill-only sync
npc.penance_fighter.5739	attack_speed	https://oldschool.runescape.wiki/w/Special:Redirect/revision/15221151	2026-08-06	OSRS Wiki Infobox Monster; fill-only sync
npc.penance_fighter.5739	attack_styles	https://oldschool.runescape.wiki/w/Special:Redirect/revision/15221151	2026-08-06	OSRS Wiki Infobox Monster; fill-only sync
npc.penance_fighter.5739	hitpoints	https://oldschool.runescape.wiki/w/Special:Redirect/revision/15221151	2026-08-06	OSRS Wiki Infobox Monster; fill-only sync
npc.penance_fighter.5739	max_hit	https://oldschool.runescape.wiki/w/Special:Redirect/revision/15221151	2026-08-06	OSRS Wiki Infobox Monster; fill-only sync
npc.penance_queen.5775	aggression	https://oldschool.runescape.wiki/w/Special:Redirect/revision/15221137	2026-08-06	OSRS Wiki Infobox Monster; fill-only sync
npc.penance_queen.5775	attack_speed	https://oldschool.runescape.wiki/w/Special:Redirect/revision/15221137	2026-08-06	OSRS Wiki Infobox Monster; fill-only sync
npc.penance_queen.5775	attack_styles	https://oldschool.runescape.wiki/w/Special:Redirect/revision/15221137	2026-08-06	OSRS Wiki Infobox Monster; fill-only sync
npc.penance_queen.5775	hitpoints	https://oldschool.runescape.wiki/w/Special:Redirect/revision/15221137	2026-08-06	OSRS Wiki Infobox Monster; fill-only sync
npc.penance_queen.5775	max_hit	https://oldschool.runescape.wiki/w/Special:Redirect/revision/15221137	2026-08-06	OSRS Wiki Infobox Monster; fill-only sync
npc.penance_ranger.5757	aggression	https://oldschool.runescape.wiki/w/Special:Redirect/revision/15221150	2026-08-06	OSRS Wiki Infobox Monster; fill-only sync
npc.penance_ranger.5757	attack_speed	https://oldschool.runescape.wiki/w/Special:Redirect/revision/15221150	2026-08-06	OSRS Wiki Infobox Monster; fill-only sync
npc.penance_ranger.5757	attack_styles	https://oldschool.runescape.wiki/w/Special:Redirect/revision/15221150	2026-08-06	OSRS Wiki Infobox Monster; fill-only sync
npc.penance_ranger.5757	hitpoints	https://oldschool.runescape.wiki/w/Special:Redirect/revision/15221150	2026-08-06	OSRS Wiki Infobox Monster; fill-only sync
npc.penance_ranger.5757	max_hit	https://oldschool.runescape.wiki/w/Special:Redirect/revision/15221150	2026-08-06	OSRS Wiki Infobox Monster; fill-only sync
npc.penda.4109	aggression	https://oldschool.runescape.wiki/w/Special:Redirect/revision/15283614	2026-08-06	OSRS Wiki Infobox Monster; fill-only sync
npc.penda.4109	attack_speed	https://oldschool.runescape.wiki/w/Special:Redirect/revision/15283614	2026-08-06	OSRS Wiki Infobox Monster; fill-only sync
npc.penda.4109	attack_styles	https://oldschool.runescape.wiki/w/Special:Redirect/revision/15283614	2026-08-06	OSRS Wiki Infobox Monster; fill-only sync
npc.penda.4109	hitpoints	https://oldschool.runescape.wiki/w/Special:Redirect/revision/15283614	2026-08-06	OSRS Wiki Infobox Monster; fill-only sync
npc.penda.4109	max_hit	https://oldschool.runescape.wiki/w/Special:Redirect/revision/15283614	2026-08-06	OSRS Wiki Infobox Monster; fill-only sync
npc.persten_the_deceitful.12333	aggression	https://oldschool.runescape.wiki/w/Special:Redirect/revision/15212397	2026-08-06	OSRS Wiki Infobox Monster; fill-only sync
npc.persten_the_deceitful.12333	attack_speed	https://oldschool.runescape.wiki/w/Special:Redirect/revision/15212397	2026-08-06	OSRS Wiki Infobox Monster; fill-only sync
npc.persten_the_deceitful.12333	attack_styles	https://oldschool.runescape.wiki/w/Special:Redirect/revision/15212397	2026-08-06	OSRS Wiki Infobox Monster; fill-only sync
npc.persten_the_deceitful.12333	hitpoints	https://oldschool.runescape.wiki/w/Special:Redirect/revision/15212397	2026-08-06	OSRS Wiki Infobox Monster; fill-only sync
npc.persten_the_deceitful.12333	max_hit	https://oldschool.runescape.wiki/w/Special:Redirect/revision/15212397	2026-08-06	OSRS Wiki Infobox Monster; fill-only sync
npc.pestilent_bloat.8359	aggression	https://oldschool.runescape.wiki/w/Special:Redirect/revision/15273178	2026-08-06	OSRS Wiki Infobox Monster; fill-only sync
npc.pestilent_bloat.8359	attack_speed	https://oldschool.runescape.wiki/w/Special:Redirect/revision/15273178	2026-08-06	OSRS Wiki Infobox Monster; fill-only sync
npc.pestilent_bloat.8359	attack_styles	https://oldschool.runescape.wiki/w/Special:Redirect/revision/15273178	2026-08-06	OSRS Wiki Infobox Monster; fill-only sync
npc.pestilent_bloat.8359	hitpoints	https://oldschool.runescape.wiki/w/Special:Redirect/revision/15273178	2026-08-06	OSRS Wiki Infobox Monster; fill-only sync
npc.pestilent_bloat.8359	max_hit	https://oldschool.runescape.wiki/w/Special:Redirect/revision/15273178	2026-08-06	OSRS Wiki Infobox Monster; fill-only sync
npc.phantom_hand.10957	aggression	https://oldschool.runescape.wiki/w/Special:Redirect/revision/15200267	2026-08-06	OSRS Wiki Infobox Monster; fill-only sync
npc.phantom_hand.10957	attack_speed	https://oldschool.runescape.wiki/w/Special:Redirect/revision/15200267	2026-08-06	OSRS Wiki Infobox Monster; fill-only sync
npc.phantom_hand.10957	attack_styles	https://oldschool.runescape.wiki/w/Special:Redirect/revision/15200267	2026-08-06	OSRS Wiki Infobox Monster; fill-only sync
npc.phantom_hand.10957	hitpoints	https://oldschool.runescape.wiki/w/Special:Redirect/revision/15200267	2026-08-06	OSRS Wiki Infobox Monster; fill-only sync
npc.phantom_hand.10957	max_hit	https://oldschool.runescape.wiki/w/Special:Redirect/revision/15200267	2026-08-06	OSRS Wiki Infobox Monster; fill-only sync
npc.phantom_muspah.12077	aggression	https://oldschool.runescape.wiki/w/Special:Redirect/revision/15288864	2026-08-06	OSRS Wiki Infobox Monster; fill-only sync
npc.phantom_muspah.12077	attack_speed	https://oldschool.runescape.wiki/w/Special:Redirect/revision/15288864	2026-08-06	OSRS Wiki Infobox Monster; fill-only sync
npc.phantom_muspah.12077	attack_styles	https://oldschool.runescape.wiki/w/Special:Redirect/revision/15288864	2026-08-06	OSRS Wiki Infobox Monster; fill-only sync
npc.phantom_muspah.12077	hitpoints	https://oldschool.runescape.wiki/w/Special:Redirect/revision/15288864	2026-08-06	OSRS Wiki Infobox Monster; fill-only sync
npc.phantom_muspah.12077	max_hit	https://oldschool.runescape.wiki/w/Special:Redirect/revision/15288864	2026-08-06	OSRS Wiki Infobox Monster; fill-only sync
npc.phosani_s_nightmare.9416	aggression	https://oldschool.runescape.wiki/w/Special:Redirect/revision/15273922	2026-08-06	OSRS Wiki Infobox Monster; fill-only sync
npc.phosani_s_nightmare.9416	attack_speed	https://oldschool.runescape.wiki/w/Special:Redirect/revision/15273922	2026-08-06	OSRS Wiki Infobox Monster; fill-only sync
npc.phosani_s_nightmare.9416	attack_styles	https://oldschool.runescape.wiki/w/Special:Redirect/revision/15273922	2026-08-06	OSRS Wiki Infobox Monster; fill-only sync
npc.phosani_s_nightmare.9416	hitpoints	https://oldschool.runescape.wiki/w/Special:Redirect/revision/15273922	2026-08-06	OSRS Wiki Infobox Monster; fill-only sync
npc.phosani_s_nightmare.9416	max_hit	https://oldschool.runescape.wiki/w/Special:Redirect/revision/15273922	2026-08-06	OSRS Wiki Infobox Monster; fill-only sync
npc.pirate.521	attack_speed	https://oldschool.runescape.wiki/w/Special:Redirect/revision/15258507	2026-08-06	OSRS Wiki Infobox Monster; fill-only sync
npc.pirate_guard.4926	aggression	https://oldschool.runescape.wiki/w/Special:Redirect/revision/15199967	2026-08-06	OSRS Wiki Infobox Monster; fill-only sync
npc.pirate_guard.4926	attack_speed	https://oldschool.runescape.wiki/w/Special:Redirect/revision/15199967	2026-08-06	OSRS Wiki Infobox Monster; fill-only sync
npc.pirate_guard.4926	attack_styles	https://oldschool.runescape.wiki/w/Special:Redirect/revision/15199967	2026-08-06	OSRS Wiki Infobox Monster; fill-only sync
npc.pirate_guard.4926	hitpoints	https://oldschool.runescape.wiki/w/Special:Redirect/revision/15199967	2026-08-06	OSRS Wiki Infobox Monster; fill-only sync
npc.pirate_guard.4926	max_hit	https://oldschool.runescape.wiki/w/Special:Redirect/revision/15199967	2026-08-06	OSRS Wiki Infobox Monster; fill-only sync
npc.pit_scorpion.3026	attack_speed	https://oldschool.runescape.wiki/w/Special:Redirect/revision/15199892	2026-08-06	OSRS Wiki Infobox Monster; fill-only sync
npc.plague_frog.11586	aggression	https://oldschool.runescape.wiki/w/Special:Redirect/revision/15199819	2026-08-06	OSRS Wiki Infobox Monster; fill-only sync
npc.plague_frog.11586	attack_speed	https://oldschool.runescape.wiki/w/Special:Redirect/revision/15199819	2026-08-06	OSRS Wiki Infobox Monster; fill-only sync
npc.plague_frog.11586	attack_styles	https://oldschool.runescape.wiki/w/Special:Redirect/revision/15199819	2026-08-06	OSRS Wiki Infobox Monster; fill-only sync
npc.plague_frog.11586	hitpoints	https://oldschool.runescape.wiki/w/Special:Redirect/revision/15199819	2026-08-06	OSRS Wiki Infobox Monster; fill-only sync
npc.plague_frog.11586	max_hit	https://oldschool.runescape.wiki/w/Special:Redirect/revision/15199819	2026-08-06	OSRS Wiki Infobox Monster; fill-only sync
npc.poison_scorpion.3025	attack_speed	https://oldschool.runescape.wiki/w/Special:Redirect/revision/15199675	2026-08-06	OSRS Wiki Infobox Monster; fill-only sync
npc.poison_spider.3023	attack_speed	https://oldschool.runescape.wiki/w/Special:Redirect/revision/15199591	2026-08-06	OSRS Wiki Infobox Monster; fill-only sync
npc.poltenip.4758	aggression	https://oldschool.runescape.wiki/w/Special:Redirect/revision/15231965	2026-08-06	OSRS Wiki Infobox Monster; fill-only sync
npc.poltenip.4758	attack_speed	https://oldschool.runescape.wiki/w/Special:Redirect/revision/15231965	2026-08-06	OSRS Wiki Infobox Monster; fill-only sync
npc.poltenip.4758	attack_styles	https://oldschool.runescape.wiki/w/Special:Redirect/revision/15231965	2026-08-06	OSRS Wiki Infobox Monster; fill-only sync
npc.poltenip.4758	hitpoints	https://oldschool.runescape.wiki/w/Special:Redirect/revision/15231965	2026-08-06	OSRS Wiki Infobox Monster; fill-only sync
npc.poltenip.4758	max_hit	https://oldschool.runescape.wiki/w/Special:Redirect/revision/15231965	2026-08-06	OSRS Wiki Infobox Monster; fill-only sync
npc.porazdir.7860	aggression	https://oldschool.runescape.wiki/w/Special:Redirect/revision/15200055	2026-08-06	OSRS Wiki Infobox Monster; fill-only sync
npc.porazdir.7860	attack_speed	https://oldschool.runescape.wiki/w/Special:Redirect/revision/15200055	2026-08-06	OSRS Wiki Infobox Monster; fill-only sync
npc.porazdir.7860	attack_styles	https://oldschool.runescape.wiki/w/Special:Redirect/revision/15200055	2026-08-06	OSRS Wiki Infobox Monster; fill-only sync
npc.porazdir.7860	hitpoints	https://oldschool.runescape.wiki/w/Special:Redirect/revision/15200055	2026-08-06	OSRS Wiki Infobox Monster; fill-only sync
npc.porazdir.7860	max_hit	https://oldschool.runescape.wiki/w/Special:Redirect/revision/15200055	2026-08-06	OSRS Wiki Infobox Monster; fill-only sync
npc.porcupine.13968	aggression	https://oldschool.runescape.wiki/w/Special:Redirect/revision/15200517	2026-08-06	OSRS Wiki Infobox Monster; fill-only sync
npc.porcupine.13968	attack_speed	https://oldschool.runescape.wiki/w/Special:Redirect/revision/15200517	2026-08-06	OSRS Wiki Infobox Monster; fill-only sync
npc.porcupine.13968	attack_styles	https://oldschool.runescape.wiki/w/Special:Redirect/revision/15200517	2026-08-06	OSRS Wiki Infobox Monster; fill-only sync
npc.porcupine.13968	hitpoints	https://oldschool.runescape.wiki/w/Special:Redirect/revision/15200517	2026-08-06	OSRS Wiki Infobox Monster; fill-only sync
npc.porcupine.13968	max_hit	https://oldschool.runescape.wiki/w/Special:Redirect/revision/15200517	2026-08-06	OSRS Wiki Infobox Monster; fill-only sync
npc.possessed_pickaxe.3612	aggression	https://oldschool.runescape.wiki/w/Special:Redirect/revision/15199316	2026-08-06	OSRS Wiki Infobox Monster; fill-only sync
npc.possessed_pickaxe.3612	attack_speed	https://oldschool.runescape.wiki/w/Special:Redirect/revision/15199316	2026-08-06	OSRS Wiki Infobox Monster; fill-only sync
npc.possessed_pickaxe.3612	attack_styles	https://oldschool.runescape.wiki/w/Special:Redirect/revision/15199316	2026-08-06	OSRS Wiki Infobox Monster; fill-only sync
npc.possessed_pickaxe.3612	hitpoints	https://oldschool.runescape.wiki/w/Special:Redirect/revision/15199316	2026-08-06	OSRS Wiki Infobox Monster; fill-only sync
npc.possessed_pickaxe.3612	max_hit	https://oldschool.runescape.wiki/w/Special:Redirect/revision/15199316	2026-08-06	OSRS Wiki Infobox Monster; fill-only sync
npc.possessed_priest.4210	aggression	https://oldschool.runescape.wiki/w/Special:Redirect/revision/15199218	2026-08-06	OSRS Wiki Infobox Monster; fill-only sync
npc.possessed_priest.4210	attack_speed	https://oldschool.runescape.wiki/w/Special:Redirect/revision/15199218	2026-08-06	OSRS Wiki Infobox Monster; fill-only sync
npc.possessed_priest.4210	attack_styles	https://oldschool.runescape.wiki/w/Special:Redirect/revision/15199218	2026-08-06	OSRS Wiki Infobox Monster; fill-only sync
npc.possessed_priest.4210	hitpoints	https://oldschool.runescape.wiki/w/Special:Redirect/revision/15199218	2026-08-06	OSRS Wiki Infobox Monster; fill-only sync
npc.possessed_priest.4210	max_hit	https://oldschool.runescape.wiki/w/Special:Redirect/revision/15199218	2026-08-06	OSRS Wiki Infobox Monster; fill-only sync
npc.praying_mantis.15430	aggression	https://oldschool.runescape.wiki/w/Special:Redirect/revision/15200737	2026-08-06	OSRS Wiki Infobox Monster; fill-only sync
npc.praying_mantis.15430	attack_speed	https://oldschool.runescape.wiki/w/Special:Redirect/revision/15200737	2026-08-06	OSRS Wiki Infobox Monster; fill-only sync
npc.praying_mantis.15430	attack_styles	https://oldschool.runescape.wiki/w/Special:Redirect/revision/15200737	2026-08-06	OSRS Wiki Infobox Monster; fill-only sync
npc.praying_mantis.15430	hitpoints	https://oldschool.runescape.wiki/w/Special:Redirect/revision/15200737	2026-08-06	OSRS Wiki Infobox Monster; fill-only sync
npc.praying_mantis.15430	max_hit	https://oldschool.runescape.wiki/w/Special:Redirect/revision/15200737	2026-08-06	OSRS Wiki Infobox Monster; fill-only sync
npc.prifddinas_guard.6595	aggression	https://oldschool.runescape.wiki/w/Special:Redirect/revision/15236486	2026-08-06	OSRS Wiki Infobox Monster; fill-only sync
npc.prifddinas_guard.6595	attack_speed	https://oldschool.runescape.wiki/w/Special:Redirect/revision/15236486	2026-08-06	OSRS Wiki Infobox Monster; fill-only sync
npc.prifddinas_guard.6595	attack_styles	https://oldschool.runescape.wiki/w/Special:Redirect/revision/15236486	2026-08-06	OSRS Wiki Infobox Monster; fill-only sync
npc.prifddinas_guard.6595	hitpoints	https://oldschool.runescape.wiki/w/Special:Redirect/revision/15236486	2026-08-06	OSRS Wiki Infobox Monster; fill-only sync
npc.prifddinas_guard.6595	max_hit	https://oldschool.runescape.wiki/w/Special:Redirect/revision/15236486	2026-08-06	OSRS Wiki Infobox Monster; fill-only sync
npc.prince_itzla_arkan.13784	aggression	https://oldschool.runescape.wiki/w/Special:Redirect/revision/15258655	2026-08-06	OSRS Wiki Infobox Monster; fill-only sync
npc.prince_itzla_arkan.13784	attack_speed	https://oldschool.runescape.wiki/w/Special:Redirect/revision/15258655	2026-08-06	OSRS Wiki Infobox Monster; fill-only sync
npc.prince_itzla_arkan.13784	attack_styles	https://oldschool.runescape.wiki/w/Special:Redirect/revision/15258655	2026-08-06	OSRS Wiki Infobox Monster; fill-only sync
npc.prince_itzla_arkan.13784	hitpoints	https://oldschool.runescape.wiki/w/Special:Redirect/revision/15258655	2026-08-06	OSRS Wiki Infobox Monster; fill-only sync
npc.prince_itzla_arkan.13784	max_hit	https://oldschool.runescape.wiki/w/Special:Redirect/revision/15258655	2026-08-06	OSRS Wiki Infobox Monster; fill-only sync
npc.pygmy_kraken.15206	aggression	https://oldschool.runescape.wiki/w/Special:Redirect/revision/15276868	2026-08-06	OSRS Wiki Infobox Monster; fill-only sync
npc.pygmy_kraken.15206	attack_speed	https://oldschool.runescape.wiki/w/Special:Redirect/revision/15276868	2026-08-06	OSRS Wiki Infobox Monster; fill-only sync
npc.pygmy_kraken.15206	attack_styles	https://oldschool.runescape.wiki/w/Special:Redirect/revision/15276868	2026-08-06	OSRS Wiki Infobox Monster; fill-only sync
npc.pygmy_kraken.15206	hitpoints	https://oldschool.runescape.wiki/w/Special:Redirect/revision/15276868	2026-08-06	OSRS Wiki Infobox Monster; fill-only sync
npc.pygmy_kraken.15206	max_hit	https://oldschool.runescape.wiki/w/Special:Redirect/revision/15276868	2026-08-06	OSRS Wiki Infobox Monster; fill-only sync
npc.pyrefiend.433	attack_speed	https://oldschool.runescape.wiki/w/Special:Redirect/revision/15283685	2026-08-06	OSRS Wiki Infobox Monster; fill-only sync
npc.pyrelord.6762	aggression	https://oldschool.runescape.wiki/w/Special:Redirect/revision/15283012	2026-08-06	OSRS Wiki Infobox Monster; fill-only sync
npc.pyrelord.6762	attack_speed	https://oldschool.runescape.wiki/w/Special:Redirect/revision/15283012	2026-08-06	OSRS Wiki Infobox Monster; fill-only sync
npc.pyrelord.6762	attack_styles	https://oldschool.runescape.wiki/w/Special:Redirect/revision/15283012	2026-08-06	OSRS Wiki Infobox Monster; fill-only sync
npc.pyrelord.6762	hitpoints	https://oldschool.runescape.wiki/w/Special:Redirect/revision/15283012	2026-08-06	OSRS Wiki Infobox Monster; fill-only sync
npc.pyrelord.6762	max_hit	https://oldschool.runescape.wiki/w/Special:Redirect/revision/15283012	2026-08-06	OSRS Wiki Infobox Monster; fill-only sync
npc.pyrelord.6762	slayer_requirement	https://oldschool.runescape.wiki/w/Special:Redirect/revision/15283012	2026-08-06	OSRS Wiki Infobox Monster; fill-only sync
npc.queen_spawn.5776	aggression	https://oldschool.runescape.wiki/w/Special:Redirect/revision/15221153	2026-08-06	OSRS Wiki Infobox Monster; fill-only sync
npc.queen_spawn.5776	attack_speed	https://oldschool.runescape.wiki/w/Special:Redirect/revision/15221153	2026-08-06	OSRS Wiki Infobox Monster; fill-only sync
npc.queen_spawn.5776	attack_styles	https://oldschool.runescape.wiki/w/Special:Redirect/revision/15221153	2026-08-06	OSRS Wiki Infobox Monster; fill-only sync
npc.queen_spawn.5776	hitpoints	https://oldschool.runescape.wiki/w/Special:Redirect/revision/15221153	2026-08-06	OSRS Wiki Infobox Monster; fill-only sync
npc.queen_spawn.5776	max_hit	https://oldschool.runescape.wiki/w/Special:Redirect/revision/15221153	2026-08-06	OSRS Wiki Infobox Monster; fill-only sync
npc.rabbit.1852	attack_speed	https://oldschool.runescape.wiki/w/Special:Redirect/revision/15215907	2026-08-06	OSRS Wiki Infobox Monster; fill-only sync
npc.radat.4759	aggression	https://oldschool.runescape.wiki/w/Special:Redirect/revision/15231969	2026-08-06	OSRS Wiki Infobox Monster; fill-only sync
npc.radat.4759	attack_speed	https://oldschool.runescape.wiki/w/Special:Redirect/revision/15231969	2026-08-06	OSRS Wiki Infobox Monster; fill-only sync
npc.radat.4759	attack_styles	https://oldschool.runescape.wiki/w/Special:Redirect/revision/15231969	2026-08-06	OSRS Wiki Infobox Monster; fill-only sync
npc.radat.4759	hitpoints	https://oldschool.runescape.wiki/w/Special:Redirect/revision/15231969	2026-08-06	OSRS Wiki Infobox Monster; fill-only sync
npc.radat.4759	max_hit	https://oldschool.runescape.wiki/w/Special:Redirect/revision/15231969	2026-08-06	OSRS Wiki Infobox Monster; fill-only sync
npc.radiant_sanguisphera.12370	aggression	https://oldschool.runescape.wiki/w/Special:Redirect/revision/15200380	2026-08-06	OSRS Wiki Infobox Monster; fill-only sync
npc.radiant_sanguisphera.12370	attack_speed	https://oldschool.runescape.wiki/w/Special:Redirect/revision/15200380	2026-08-06	OSRS Wiki Infobox Monster; fill-only sync
npc.radiant_sanguisphera.12370	attack_styles	https://oldschool.runescape.wiki/w/Special:Redirect/revision/15200380	2026-08-06	OSRS Wiki Infobox Monster; fill-only sync
npc.radiant_sanguisphera.12370	hitpoints	https://oldschool.runescape.wiki/w/Special:Redirect/revision/15200380	2026-08-06	OSRS Wiki Infobox Monster; fill-only sync
npc.radiant_sanguisphera.12370	max_hit	https://oldschool.runescape.wiki/w/Special:Redirect/revision/15200380	2026-08-06	OSRS Wiki Infobox Monster; fill-only sync
npc.ragnvald.3687	aggression	https://oldschool.runescape.wiki/w/Special:Redirect/revision/15199974	2026-08-06	OSRS Wiki Infobox Monster; fill-only sync
npc.ragnvald.3687	attack_speed	https://oldschool.runescape.wiki/w/Special:Redirect/revision/15199974	2026-08-06	OSRS Wiki Infobox Monster; fill-only sync
npc.ragnvald.3687	attack_styles	https://oldschool.runescape.wiki/w/Special:Redirect/revision/15199974	2026-08-06	OSRS Wiki Infobox Monster; fill-only sync
npc.ragnvald.3687	hitpoints	https://oldschool.runescape.wiki/w/Special:Redirect/revision/15199974	2026-08-06	OSRS Wiki Infobox Monster; fill-only sync
npc.ragnvald.3687	max_hit	https://oldschool.runescape.wiki/w/Special:Redirect/revision/15199974	2026-08-06	OSRS Wiki Infobox Monster; fill-only sync
npc.ram.1261	attack_speed	https://oldschool.runescape.wiki/w/Special:Redirect/revision/15199693	2026-08-06	OSRS Wiki Infobox Monster; fill-only sync
npc.ranalph_devere.3966	aggression	https://oldschool.runescape.wiki/w/Special:Redirect/revision/15215908	2026-08-06	OSRS Wiki Infobox Monster; fill-only sync
npc.ranalph_devere.3966	attack_speed	https://oldschool.runescape.wiki/w/Special:Redirect/revision/15215908	2026-08-06	OSRS Wiki Infobox Monster; fill-only sync
npc.ranalph_devere.3966	attack_styles	https://oldschool.runescape.wiki/w/Special:Redirect/revision/15215908	2026-08-06	OSRS Wiki Infobox Monster; fill-only sync
npc.ranalph_devere.3966	hitpoints	https://oldschool.runescape.wiki/w/Special:Redirect/revision/15215908	2026-08-06	OSRS Wiki Infobox Monster; fill-only sync
npc.ranalph_devere.3966	max_hit	https://oldschool.runescape.wiki/w/Special:Redirect/revision/15215908	2026-08-06	OSRS Wiki Infobox Monster; fill-only sync
npc.ranging_ro.13664	aggression	https://oldschool.runescape.wiki/w/Special:Redirect/revision/15217969	2026-08-06	OSRS Wiki Infobox Monster; fill-only sync
npc.ranging_ro.13664	attack_speed	https://oldschool.runescape.wiki/w/Special:Redirect/revision/15217969	2026-08-06	OSRS Wiki Infobox Monster; fill-only sync
npc.ranging_ro.13664	attack_styles	https://oldschool.runescape.wiki/w/Special:Redirect/revision/15217969	2026-08-06	OSRS Wiki Infobox Monster; fill-only sync
npc.ranging_ro.13664	hitpoints	https://oldschool.runescape.wiki/w/Special:Redirect/revision/15217969	2026-08-06	OSRS Wiki Infobox Monster; fill-only sync
npc.ranging_ro.13664	max_hit	https://oldschool.runescape.wiki/w/Special:Redirect/revision/15217969	2026-08-06	OSRS Wiki Infobox Monster; fill-only sync
npc.ranis_drakan.8244	aggression	https://oldschool.runescape.wiki/w/Special:Redirect/revision/15260156	2026-08-06	OSRS Wiki Infobox Monster; fill-only sync
npc.ranis_drakan.8244	attack_speed	https://oldschool.runescape.wiki/w/Special:Redirect/revision/15260156	2026-08-06	OSRS Wiki Infobox Monster; fill-only sync
npc.ranis_drakan.8244	attack_styles	https://oldschool.runescape.wiki/w/Special:Redirect/revision/15260156	2026-08-06	OSRS Wiki Infobox Monster; fill-only sync
npc.ranis_drakan.8244	hitpoints	https://oldschool.runescape.wiki/w/Special:Redirect/revision/15260156	2026-08-06	OSRS Wiki Infobox Monster; fill-only sync
npc.ranis_drakan.8244	max_hit	https://oldschool.runescape.wiki/w/Special:Redirect/revision/15260156	2026-08-06	OSRS Wiki Infobox Monster; fill-only sync
npc.rannveig.3681	aggression	https://oldschool.runescape.wiki/w/Special:Redirect/revision/15199975	2026-08-06	OSRS Wiki Infobox Monster; fill-only sync
npc.rannveig.3681	attack_speed	https://oldschool.runescape.wiki/w/Special:Redirect/revision/15199975	2026-08-06	OSRS Wiki Infobox Monster; fill-only sync
npc.rannveig.3681	attack_styles	https://oldschool.runescape.wiki/w/Special:Redirect/revision/15199975	2026-08-06	OSRS Wiki Infobox Monster; fill-only sync
npc.rannveig.3681	hitpoints	https://oldschool.runescape.wiki/w/Special:Redirect/revision/15199975	2026-08-06	OSRS Wiki Infobox Monster; fill-only sync
npc.rannveig.3681	max_hit	https://oldschool.runescape.wiki/w/Special:Redirect/revision/15199975	2026-08-06	OSRS Wiki Infobox Monster; fill-only sync
npc.rat.2492	attack_speed	https://oldschool.runescape.wiki/w/Special:Redirect/revision/15199251	2026-08-06	OSRS Wiki Infobox Monster; fill-only sync
npc.rat.2492	max_hit	https://oldschool.runescape.wiki/w/Special:Redirect/revision/15199251	2026-08-06	OSRS Wiki Infobox Monster; fill-only sync
npc.ravager.1704	attack_speed	https://oldschool.runescape.wiki/w/Special:Redirect/revision/15199565	2026-08-06	OSRS Wiki Infobox Monster; fill-only sync
npc.reanimated_demon_spawn.7287	aggression	https://oldschool.runescape.wiki/w/Special:Redirect/revision/15199889	2026-08-06	OSRS Wiki Infobox Monster; fill-only sync
npc.reanimated_demon_spawn.7287	attack_speed	https://oldschool.runescape.wiki/w/Special:Redirect/revision/15199889	2026-08-06	OSRS Wiki Infobox Monster; fill-only sync
npc.reanimated_demon_spawn.7287	attack_styles	https://oldschool.runescape.wiki/w/Special:Redirect/revision/15199889	2026-08-06	OSRS Wiki Infobox Monster; fill-only sync
npc.reanimated_demon_spawn.7287	hitpoints	https://oldschool.runescape.wiki/w/Special:Redirect/revision/15199889	2026-08-06	OSRS Wiki Infobox Monster; fill-only sync
npc.reanimated_demon_spawn.7287	max_hit	https://oldschool.runescape.wiki/w/Special:Redirect/revision/15199889	2026-08-06	OSRS Wiki Infobox Monster; fill-only sync
npc.red_dragon.247	attack_speed	https://oldschool.runescape.wiki/w/Special:Redirect/revision/15240522	2026-08-06	OSRS Wiki Infobox Monster; fill-only sync
npc.redeyes.11272	aggression	https://oldschool.runescape.wiki/w/Special:Redirect/revision/15200290	2026-08-06	OSRS Wiki Infobox Monster; fill-only sync
npc.redeyes.11272	attack_speed	https://oldschool.runescape.wiki/w/Special:Redirect/revision/15200290	2026-08-06	OSRS Wiki Infobox Monster; fill-only sync
npc.redeyes.11272	attack_styles	https://oldschool.runescape.wiki/w/Special:Redirect/revision/15200290	2026-08-06	OSRS Wiki Infobox Monster; fill-only sync
npc.redeyes.11272	hitpoints	https://oldschool.runescape.wiki/w/Special:Redirect/revision/15200290	2026-08-06	OSRS Wiki Infobox Monster; fill-only sync
npc.redeyes.11272	max_hit	https://oldschool.runescape.wiki/w/Special:Redirect/revision/15200290	2026-08-06	OSRS Wiki Infobox Monster; fill-only sync
npc.reef_snake.15499	attack_speed	https://oldschool.runescape.wiki/w/Special:Redirect/revision/15256565	2026-08-06	OSRS Wiki Infobox Monster; fill-only sync
npc.reef_snake.15499	hitpoints	https://oldschool.runescape.wiki/w/Special:Redirect/revision/15256565	2026-08-06	OSRS Wiki Infobox Monster; fill-only sync
npc.renegade_knight.3517	aggression	https://oldschool.runescape.wiki/w/Special:Redirect/revision/15286924	2026-08-06	OSRS Wiki Infobox Monster; fill-only sync
npc.renegade_knight.3517	attack_speed	https://oldschool.runescape.wiki/w/Special:Redirect/revision/15286924	2026-08-06	OSRS Wiki Infobox Monster; fill-only sync
npc.renegade_knight.3517	attack_styles	https://oldschool.runescape.wiki/w/Special:Redirect/revision/15286924	2026-08-06	OSRS Wiki Infobox Monster; fill-only sync
npc.renegade_knight.3517	hitpoints	https://oldschool.runescape.wiki/w/Special:Redirect/revision/15286924	2026-08-06	OSRS Wiki Infobox Monster; fill-only sync
npc.renegade_knight.3517	max_hit	https://oldschool.runescape.wiki/w/Special:Redirect/revision/15286924	2026-08-06	OSRS Wiki Infobox Monster; fill-only sync
npc.repugnant_spectre.7403	aggression	https://oldschool.runescape.wiki/w/Special:Redirect/revision/15283128	2026-08-06	OSRS Wiki Infobox Monster; fill-only sync
npc.repugnant_spectre.7403	attack_speed	https://oldschool.runescape.wiki/w/Special:Redirect/revision/15283128	2026-08-06	OSRS Wiki Infobox Monster; fill-only sync
npc.repugnant_spectre.7403	attack_styles	https://oldschool.runescape.wiki/w/Special:Redirect/revision/15283128	2026-08-06	OSRS Wiki Infobox Monster; fill-only sync
npc.repugnant_spectre.7403	hitpoints	https://oldschool.runescape.wiki/w/Special:Redirect/revision/15283128	2026-08-06	OSRS Wiki Infobox Monster; fill-only sync
npc.repugnant_spectre.7403	max_hit	https://oldschool.runescape.wiki/w/Special:Redirect/revision/15283128	2026-08-06	OSRS Wiki Infobox Monster; fill-only sync
npc.repugnant_spectre.7403	slayer_requirement	https://oldschool.runescape.wiki/w/Special:Redirect/revision/15283128	2026-08-06	OSRS Wiki Infobox Monster; fill-only sync
npc.revenant_cyclops.7934	aggression	https://oldschool.runescape.wiki/w/Special:Redirect/revision/15215910	2026-08-06	OSRS Wiki Infobox Monster; fill-only sync
npc.revenant_cyclops.7934	attack_speed	https://oldschool.runescape.wiki/w/Special:Redirect/revision/15215910	2026-08-06	OSRS Wiki Infobox Monster; fill-only sync
npc.revenant_cyclops.7934	attack_styles	https://oldschool.runescape.wiki/w/Special:Redirect/revision/15215910	2026-08-06	OSRS Wiki Infobox Monster; fill-only sync
npc.revenant_cyclops.7934	hitpoints	https://oldschool.runescape.wiki/w/Special:Redirect/revision/15215910	2026-08-06	OSRS Wiki Infobox Monster; fill-only sync
npc.revenant_cyclops.7934	max_hit	https://oldschool.runescape.wiki/w/Special:Redirect/revision/15215910	2026-08-06	OSRS Wiki Infobox Monster; fill-only sync
npc.revenant_dark_beast.7938	aggression	https://oldschool.runescape.wiki/w/Special:Redirect/revision/15200032	2026-08-06	OSRS Wiki Infobox Monster; fill-only sync
npc.revenant_dark_beast.7938	attack_speed	https://oldschool.runescape.wiki/w/Special:Redirect/revision/15200032	2026-08-06	OSRS Wiki Infobox Monster; fill-only sync
npc.revenant_dark_beast.7938	attack_styles	https://oldschool.runescape.wiki/w/Special:Redirect/revision/15200032	2026-08-06	OSRS Wiki Infobox Monster; fill-only sync
npc.revenant_dark_beast.7938	hitpoints	https://oldschool.runescape.wiki/w/Special:Redirect/revision/15200032	2026-08-06	OSRS Wiki Infobox Monster; fill-only sync
npc.revenant_dark_beast.7938	max_hit	https://oldschool.runescape.wiki/w/Special:Redirect/revision/15200032	2026-08-06	OSRS Wiki Infobox Monster; fill-only sync
npc.revenant_demon.7936	aggression	https://oldschool.runescape.wiki/w/Special:Redirect/revision/15215913	2026-08-06	OSRS Wiki Infobox Monster; fill-only sync
npc.revenant_demon.7936	attack_speed	https://oldschool.runescape.wiki/w/Special:Redirect/revision/15215913	2026-08-06	OSRS Wiki Infobox Monster; fill-only sync
npc.revenant_demon.7936	attack_styles	https://oldschool.runescape.wiki/w/Special:Redirect/revision/15215913	2026-08-06	OSRS Wiki Infobox Monster; fill-only sync
npc.revenant_demon.7936	hitpoints	https://oldschool.runescape.wiki/w/Special:Redirect/revision/15215913	2026-08-06	OSRS Wiki Infobox Monster; fill-only sync
npc.revenant_demon.7936	max_hit	https://oldschool.runescape.wiki/w/Special:Redirect/revision/15215913	2026-08-06	OSRS Wiki Infobox Monster; fill-only sync
npc.revenant_dragon.7940	aggression	https://oldschool.runescape.wiki/w/Special:Redirect/revision/15283392	2026-08-06	OSRS Wiki Infobox Monster; fill-only sync
npc.revenant_dragon.7940	attack_speed	https://oldschool.runescape.wiki/w/Special:Redirect/revision/15283392	2026-08-06	OSRS Wiki Infobox Monster; fill-only sync
npc.revenant_dragon.7940	attack_styles	https://oldschool.runescape.wiki/w/Special:Redirect/revision/15283392	2026-08-06	OSRS Wiki Infobox Monster; fill-only sync
npc.revenant_dragon.7940	hitpoints	https://oldschool.runescape.wiki/w/Special:Redirect/revision/15283392	2026-08-06	OSRS Wiki Infobox Monster; fill-only sync
npc.revenant_dragon.7940	max_hit	https://oldschool.runescape.wiki/w/Special:Redirect/revision/15283392	2026-08-06	OSRS Wiki Infobox Monster; fill-only sync
npc.revenant_goblin.7931	aggression	https://oldschool.runescape.wiki/w/Special:Redirect/revision/15215914	2026-08-06	OSRS Wiki Infobox Monster; fill-only sync
npc.revenant_goblin.7931	attack_speed	https://oldschool.runescape.wiki/w/Special:Redirect/revision/15215914	2026-08-06	OSRS Wiki Infobox Monster; fill-only sync
npc.revenant_goblin.7931	attack_styles	https://oldschool.runescape.wiki/w/Special:Redirect/revision/15215914	2026-08-06	OSRS Wiki Infobox Monster; fill-only sync
npc.revenant_goblin.7931	hitpoints	https://oldschool.runescape.wiki/w/Special:Redirect/revision/15215914	2026-08-06	OSRS Wiki Infobox Monster; fill-only sync
npc.revenant_goblin.7931	max_hit	https://oldschool.runescape.wiki/w/Special:Redirect/revision/15215914	2026-08-06	OSRS Wiki Infobox Monster; fill-only sync
npc.revenant_hellhound.7935	aggression	https://oldschool.runescape.wiki/w/Special:Redirect/revision/15260794	2026-08-06	OSRS Wiki Infobox Monster; fill-only sync
npc.revenant_hellhound.7935	attack_speed	https://oldschool.runescape.wiki/w/Special:Redirect/revision/15260794	2026-08-06	OSRS Wiki Infobox Monster; fill-only sync
npc.revenant_hellhound.7935	attack_styles	https://oldschool.runescape.wiki/w/Special:Redirect/revision/15260794	2026-08-06	OSRS Wiki Infobox Monster; fill-only sync
npc.revenant_hellhound.7935	hitpoints	https://oldschool.runescape.wiki/w/Special:Redirect/revision/15260794	2026-08-06	OSRS Wiki Infobox Monster; fill-only sync
npc.revenant_hellhound.7935	max_hit	https://oldschool.runescape.wiki/w/Special:Redirect/revision/15260794	2026-08-06	OSRS Wiki Infobox Monster; fill-only sync
npc.revenant_hobgoblin.7933	aggression	https://oldschool.runescape.wiki/w/Special:Redirect/revision/15215911	2026-08-06	OSRS Wiki Infobox Monster; fill-only sync
npc.revenant_hobgoblin.7933	attack_speed	https://oldschool.runescape.wiki/w/Special:Redirect/revision/15215911	2026-08-06	OSRS Wiki Infobox Monster; fill-only sync
npc.revenant_hobgoblin.7933	attack_styles	https://oldschool.runescape.wiki/w/Special:Redirect/revision/15215911	2026-08-06	OSRS Wiki Infobox Monster; fill-only sync
npc.revenant_hobgoblin.7933	hitpoints	https://oldschool.runescape.wiki/w/Special:Redirect/revision/15215911	2026-08-06	OSRS Wiki Infobox Monster; fill-only sync
npc.revenant_hobgoblin.7933	max_hit	https://oldschool.runescape.wiki/w/Special:Redirect/revision/15215911	2026-08-06	OSRS Wiki Infobox Monster; fill-only sync
npc.revenant_imp.7881	aggression	https://oldschool.runescape.wiki/w/Special:Redirect/revision/15215915	2026-08-06	OSRS Wiki Infobox Monster; fill-only sync
npc.revenant_imp.7881	attack_speed	https://oldschool.runescape.wiki/w/Special:Redirect/revision/15215915	2026-08-06	OSRS Wiki Infobox Monster; fill-only sync
npc.revenant_imp.7881	attack_styles	https://oldschool.runescape.wiki/w/Special:Redirect/revision/15215915	2026-08-06	OSRS Wiki Infobox Monster; fill-only sync
npc.revenant_imp.7881	hitpoints	https://oldschool.runescape.wiki/w/Special:Redirect/revision/15215915	2026-08-06	OSRS Wiki Infobox Monster; fill-only sync
npc.revenant_imp.7881	max_hit	https://oldschool.runescape.wiki/w/Special:Redirect/revision/15215915	2026-08-06	OSRS Wiki Infobox Monster; fill-only sync
npc.revenant_knight.7939	aggression	https://oldschool.runescape.wiki/w/Special:Redirect/revision/15283391	2026-08-06	OSRS Wiki Infobox Monster; fill-only sync
npc.revenant_knight.7939	attack_speed	https://oldschool.runescape.wiki/w/Special:Redirect/revision/15283391	2026-08-06	OSRS Wiki Infobox Monster; fill-only sync
npc.revenant_knight.7939	attack_styles	https://oldschool.runescape.wiki/w/Special:Redirect/revision/15283391	2026-08-06	OSRS Wiki Infobox Monster; fill-only sync
npc.revenant_knight.7939	hitpoints	https://oldschool.runescape.wiki/w/Special:Redirect/revision/15283391	2026-08-06	OSRS Wiki Infobox Monster; fill-only sync
npc.revenant_knight.7939	max_hit	https://oldschool.runescape.wiki/w/Special:Redirect/revision/15283391	2026-08-06	OSRS Wiki Infobox Monster; fill-only sync
npc.revenant_maledictus.11246	aggression	https://oldschool.runescape.wiki/w/Special:Redirect/revision/15238938	2026-08-06	OSRS Wiki Infobox Monster; fill-only sync
npc.revenant_maledictus.11246	attack_speed	https://oldschool.runescape.wiki/w/Special:Redirect/revision/15238938	2026-08-06	OSRS Wiki Infobox Monster; fill-only sync
npc.revenant_maledictus.11246	attack_styles	https://oldschool.runescape.wiki/w/Special:Redirect/revision/15238938	2026-08-06	OSRS Wiki Infobox Monster; fill-only sync
npc.revenant_maledictus.11246	hitpoints	https://oldschool.runescape.wiki/w/Special:Redirect/revision/15238938	2026-08-06	OSRS Wiki Infobox Monster; fill-only sync
npc.revenant_maledictus.11246	max_hit	https://oldschool.runescape.wiki/w/Special:Redirect/revision/15238938	2026-08-06	OSRS Wiki Infobox Monster; fill-only sync
npc.revenant_ork.7937	aggression	https://oldschool.runescape.wiki/w/Special:Redirect/revision/15200030	2026-08-06	OSRS Wiki Infobox Monster; fill-only sync
npc.revenant_ork.7937	attack_speed	https://oldschool.runescape.wiki/w/Special:Redirect/revision/15200030	2026-08-06	OSRS Wiki Infobox Monster; fill-only sync
npc.revenant_ork.7937	attack_styles	https://oldschool.runescape.wiki/w/Special:Redirect/revision/15200030	2026-08-06	OSRS Wiki Infobox Monster; fill-only sync
npc.revenant_ork.7937	hitpoints	https://oldschool.runescape.wiki/w/Special:Redirect/revision/15200030	2026-08-06	OSRS Wiki Infobox Monster; fill-only sync
npc.revenant_ork.7937	max_hit	https://oldschool.runescape.wiki/w/Special:Redirect/revision/15200030	2026-08-06	OSRS Wiki Infobox Monster; fill-only sync
npc.revenant_pyrefiend.7932	aggression	https://oldschool.runescape.wiki/w/Special:Redirect/revision/15215912	2026-08-06	OSRS Wiki Infobox Monster; fill-only sync
npc.revenant_pyrefiend.7932	attack_speed	https://oldschool.runescape.wiki/w/Special:Redirect/revision/15215912	2026-08-06	OSRS Wiki Infobox Monster; fill-only sync
npc.revenant_pyrefiend.7932	attack_styles	https://oldschool.runescape.wiki/w/Special:Redirect/revision/15215912	2026-08-06	OSRS Wiki Infobox Monster; fill-only sync
npc.revenant_pyrefiend.7932	hitpoints	https://oldschool.runescape.wiki/w/Special:Redirect/revision/15215912	2026-08-06	OSRS Wiki Infobox Monster; fill-only sync
npc.revenant_pyrefiend.7932	max_hit	https://oldschool.runescape.wiki/w/Special:Redirect/revision/15215912	2026-08-06	OSRS Wiki Infobox Monster; fill-only sync
npc.river_troll.6732	aggression	https://oldschool.runescape.wiki/w/Special:Redirect/revision/15211264	2026-08-06	OSRS Wiki Infobox Monster; fill-only sync
npc.river_troll.6732	attack_speed	https://oldschool.runescape.wiki/w/Special:Redirect/revision/15211264	2026-08-06	OSRS Wiki Infobox Monster; fill-only sync
npc.river_troll.6732	attack_styles	https://oldschool.runescape.wiki/w/Special:Redirect/revision/15211264	2026-08-06	OSRS Wiki Infobox Monster; fill-only sync
npc.river_troll.6732	hitpoints	https://oldschool.runescape.wiki/w/Special:Redirect/revision/15211264	2026-08-06	OSRS Wiki Infobox Monster; fill-only sync
npc.river_troll.6732	max_hit	https://oldschool.runescape.wiki/w/Special:Redirect/revision/15211264	2026-08-06	OSRS Wiki Infobox Monster; fill-only sync
npc.riyl_shade.1282	attack_speed	https://oldschool.runescape.wiki/w/Special:Redirect/revision/15199707	2026-08-06	OSRS Wiki Infobox Monster; fill-only sync
npc.riyl_shadow.1281	attack_speed	https://oldschool.runescape.wiki/w/Special:Redirect/revision/15199707	2026-08-06	OSRS Wiki Infobox Monster; fill-only sync
npc.robert_the_strong.8057	aggression	https://oldschool.runescape.wiki/w/Special:Redirect/revision/15199387	2026-08-06	OSRS Wiki Infobox Monster; fill-only sync
npc.robert_the_strong.8057	attack_speed	https://oldschool.runescape.wiki/w/Special:Redirect/revision/15199387	2026-08-06	OSRS Wiki Infobox Monster; fill-only sync
npc.robert_the_strong.8057	attack_styles	https://oldschool.runescape.wiki/w/Special:Redirect/revision/15199387	2026-08-06	OSRS Wiki Infobox Monster; fill-only sync
npc.robert_the_strong.8057	hitpoints	https://oldschool.runescape.wiki/w/Special:Redirect/revision/15199387	2026-08-06	OSRS Wiki Infobox Monster; fill-only sync
npc.robert_the_strong.8057	max_hit	https://oldschool.runescape.wiki/w/Special:Redirect/revision/15199387	2026-08-06	OSRS Wiki Infobox Monster; fill-only sync
npc.rock_crab.100	attack_speed	https://oldschool.runescape.wiki/w/Special:Redirect/revision/15271227	2026-08-06	OSRS Wiki Infobox Monster; fill-only sync
npc.rock_lobster.5944	aggression	https://oldschool.runescape.wiki/w/Special:Redirect/revision/15215916	2026-08-06	OSRS Wiki Infobox Monster; fill-only sync
npc.rock_lobster.5944	attack_speed	https://oldschool.runescape.wiki/w/Special:Redirect/revision/15215916	2026-08-06	OSRS Wiki Infobox Monster; fill-only sync
npc.rock_lobster.5944	attack_styles	https://oldschool.runescape.wiki/w/Special:Redirect/revision/15215916	2026-08-06	OSRS Wiki Infobox Monster; fill-only sync
npc.rock_lobster.5944	hitpoints	https://oldschool.runescape.wiki/w/Special:Redirect/revision/15215916	2026-08-06	OSRS Wiki Infobox Monster; fill-only sync
npc.rock_lobster.5944	max_hit	https://oldschool.runescape.wiki/w/Special:Redirect/revision/15215916	2026-08-06	OSRS Wiki Infobox Monster; fill-only sync
npc.rocnar.143	attack_speed	https://oldschool.runescape.wiki/w/Special:Redirect/revision/15199779	2026-08-06	OSRS Wiki Infobox Monster; fill-only sync
npc.rogue.526	attack_speed	https://oldschool.runescape.wiki/w/Special:Redirect/revision/15267381	2026-08-06	OSRS Wiki Infobox Monster; fill-only sync
npc.rooster.1175	attack_speed	https://oldschool.runescape.wiki/w/Special:Redirect/revision/15199743	2026-08-06	OSRS Wiki Infobox Monster; fill-only sync
npc.rowdy_guard.4654	hitpoints	https://oldschool.runescape.wiki/w/Special:Redirect/revision/15204769	2026-08-06	OSRS Wiki Infobox Monster; fill-only sync
npc.rowdy_slave.4634	aggression	https://oldschool.runescape.wiki/w/Special:Redirect/revision/15199523	2026-08-06	OSRS Wiki Infobox Monster; fill-only sync
npc.rowdy_slave.4634	attack_speed	https://oldschool.runescape.wiki/w/Special:Redirect/revision/15199523	2026-08-06	OSRS Wiki Infobox Monster; fill-only sync
npc.rowdy_slave.4634	attack_styles	https://oldschool.runescape.wiki/w/Special:Redirect/revision/15199523	2026-08-06	OSRS Wiki Infobox Monster; fill-only sync
npc.rowdy_slave.4634	hitpoints	https://oldschool.runescape.wiki/w/Special:Redirect/revision/15199523	2026-08-06	OSRS Wiki Infobox Monster; fill-only sync
npc.rowdy_slave.4634	max_hit	https://oldschool.runescape.wiki/w/Special:Redirect/revision/15199523	2026-08-06	OSRS Wiki Infobox Monster; fill-only sync
npc.rune_dragon.8027	aggression	https://oldschool.runescape.wiki/w/Special:Redirect/revision/15199900	2026-08-06	OSRS Wiki Infobox Monster; fill-only sync
npc.rune_dragon.8027	attack_speed	https://oldschool.runescape.wiki/w/Special:Redirect/revision/15199900	2026-08-06	OSRS Wiki Infobox Monster; fill-only sync
npc.rune_dragon.8027	attack_styles	https://oldschool.runescape.wiki/w/Special:Redirect/revision/15199900	2026-08-06	OSRS Wiki Infobox Monster; fill-only sync
npc.rune_dragon.8027	hitpoints	https://oldschool.runescape.wiki/w/Special:Redirect/revision/15199900	2026-08-06	OSRS Wiki Infobox Monster; fill-only sync
npc.rune_dragon.8027	max_hit	https://oldschool.runescape.wiki/w/Special:Redirect/revision/15199900	2026-08-06	OSRS Wiki Infobox Monster; fill-only sync
npc.runite_golem.6600	aggression	https://oldschool.runescape.wiki/w/Special:Redirect/revision/15273929	2026-08-06	OSRS Wiki Infobox Monster; fill-only sync
npc.runite_golem.6600	attack_speed	https://oldschool.runescape.wiki/w/Special:Redirect/revision/15273929	2026-08-06	OSRS Wiki Infobox Monster; fill-only sync
npc.runite_golem.6600	attack_styles	https://oldschool.runescape.wiki/w/Special:Redirect/revision/15273929	2026-08-06	OSRS Wiki Infobox Monster; fill-only sync
npc.runite_golem.6600	hitpoints	https://oldschool.runescape.wiki/w/Special:Redirect/revision/15273929	2026-08-06	OSRS Wiki Infobox Monster; fill-only sync
npc.runite_golem.6600	max_hit	https://oldschool.runescape.wiki/w/Special:Redirect/revision/15273929	2026-08-06	OSRS Wiki Infobox Monster; fill-only sync
npc.ruptura_araxyte.13673	aggression	https://oldschool.runescape.wiki/w/Special:Redirect/revision/15200546	2026-08-06	OSRS Wiki Infobox Monster; fill-only sync
npc.ruptura_araxyte.13673	attack_speed	https://oldschool.runescape.wiki/w/Special:Redirect/revision/15200546	2026-08-06	OSRS Wiki Infobox Monster; fill-only sync
npc.ruptura_araxyte.13673	attack_styles	https://oldschool.runescape.wiki/w/Special:Redirect/revision/15200546	2026-08-06	OSRS Wiki Infobox Monster; fill-only sync
npc.ruptura_araxyte.13673	hazards	https://oldschool.runescape.wiki/w/Special:Redirect/revision/15200546	2026-08-06	OSRS Wiki Infobox Monster; fill-only sync
npc.ruptura_araxyte.13673	hitpoints	https://oldschool.runescape.wiki/w/Special:Redirect/revision/15200546	2026-08-06	OSRS Wiki Infobox Monster; fill-only sync
npc.ruptura_araxyte.13673	max_hit	https://oldschool.runescape.wiki/w/Special:Redirect/revision/15200546	2026-08-06	OSRS Wiki Infobox Monster; fill-only sync
npc.ruptura_araxyte.13673	slayer_requirement	https://oldschool.runescape.wiki/w/Special:Redirect/revision/15200546	2026-08-06	OSRS Wiki Infobox Monster; fill-only sync
npc.rusty.3281	aggression	https://oldschool.runescape.wiki/w/Special:Redirect/revision/15200423	2026-08-06	OSRS Wiki Infobox Monster; fill-only sync
npc.rusty.3281	attack_speed	https://oldschool.runescape.wiki/w/Special:Redirect/revision/15200423	2026-08-06	OSRS Wiki Infobox Monster; fill-only sync
npc.rusty.3281	attack_styles	https://oldschool.runescape.wiki/w/Special:Redirect/revision/15200423	2026-08-06	OSRS Wiki Infobox Monster; fill-only sync
npc.rusty.3281	hitpoints	https://oldschool.runescape.wiki/w/Special:Redirect/revision/15200423	2026-08-06	OSRS Wiki Infobox Monster; fill-only sync
npc.rusty.3281	max_hit	https://oldschool.runescape.wiki/w/Special:Redirect/revision/15200423	2026-08-06	OSRS Wiki Infobox Monster; fill-only sync
npc.salarin_the_twisted.304	attack_speed	https://oldschool.runescape.wiki/w/Special:Redirect/revision/15207785	2026-08-06	OSRS Wiki Infobox Monster; fill-only sync
npc.san_tojalon.3964	aggression	https://oldschool.runescape.wiki/w/Special:Redirect/revision/15276414	2026-08-06	OSRS Wiki Infobox Monster; fill-only sync
npc.san_tojalon.3964	attack_speed	https://oldschool.runescape.wiki/w/Special:Redirect/revision/15276414	2026-08-06	OSRS Wiki Infobox Monster; fill-only sync
npc.san_tojalon.3964	attack_styles	https://oldschool.runescape.wiki/w/Special:Redirect/revision/15276414	2026-08-06	OSRS Wiki Infobox Monster; fill-only sync
npc.san_tojalon.3964	hitpoints	https://oldschool.runescape.wiki/w/Special:Redirect/revision/15276414	2026-08-06	OSRS Wiki Infobox Monster; fill-only sync
npc.san_tojalon.3964	max_hit	https://oldschool.runescape.wiki/w/Special:Redirect/revision/15276414	2026-08-06	OSRS Wiki Infobox Monster; fill-only sync
npc.sand_crab.5935	aggression	https://oldschool.runescape.wiki/w/Special:Redirect/revision/15199873	2026-08-06	OSRS Wiki Infobox Monster; fill-only sync
npc.sand_crab.5935	attack_speed	https://oldschool.runescape.wiki/w/Special:Redirect/revision/15199873	2026-08-06	OSRS Wiki Infobox Monster; fill-only sync
npc.sand_crab.5935	attack_styles	https://oldschool.runescape.wiki/w/Special:Redirect/revision/15199873	2026-08-06	OSRS Wiki Infobox Monster; fill-only sync
npc.sand_crab.5935	hitpoints	https://oldschool.runescape.wiki/w/Special:Redirect/revision/15199873	2026-08-06	OSRS Wiki Infobox Monster; fill-only sync
npc.sand_crab.5935	max_hit	https://oldschool.runescape.wiki/w/Special:Redirect/revision/15199873	2026-08-06	OSRS Wiki Infobox Monster; fill-only sync
npc.sand_snake.7895	aggression	https://oldschool.runescape.wiki/w/Special:Redirect/revision/15200024	2026-08-06	OSRS Wiki Infobox Monster; fill-only sync
npc.sand_snake.7895	attack_speed	https://oldschool.runescape.wiki/w/Special:Redirect/revision/15200024	2026-08-06	OSRS Wiki Infobox Monster; fill-only sync
npc.sand_snake.7895	attack_styles	https://oldschool.runescape.wiki/w/Special:Redirect/revision/15200024	2026-08-06	OSRS Wiki Infobox Monster; fill-only sync
npc.sand_snake.7895	hitpoints	https://oldschool.runescape.wiki/w/Special:Redirect/revision/15200024	2026-08-06	OSRS Wiki Infobox Monster; fill-only sync
npc.sand_snake.7895	max_hit	https://oldschool.runescape.wiki/w/Special:Redirect/revision/15200024	2026-08-06	OSRS Wiki Infobox Monster; fill-only sync
npc.sanguidae.15756	aggression	https://oldschool.runescape.wiki/w/Special:Redirect/revision/15266624	2026-08-06	OSRS Wiki Infobox Monster; fill-only sync
npc.sanguidae.15756	attack_speed	https://oldschool.runescape.wiki/w/Special:Redirect/revision/15266624	2026-08-06	OSRS Wiki Infobox Monster; fill-only sync
npc.sanguidae.15756	attack_styles	https://oldschool.runescape.wiki/w/Special:Redirect/revision/15266624	2026-08-06	OSRS Wiki Infobox Monster; fill-only sync
npc.sanguidae.15756	hitpoints	https://oldschool.runescape.wiki/w/Special:Redirect/revision/15266624	2026-08-06	OSRS Wiki Infobox Monster; fill-only sync
npc.sanguidae.15756	max_hit	https://oldschool.runescape.wiki/w/Special:Redirect/revision/15266624	2026-08-06	OSRS Wiki Infobox Monster; fill-only sync
npc.sarachnis.8713	aggression	https://oldschool.runescape.wiki/w/Special:Redirect/revision/15275498	2026-08-06	OSRS Wiki Infobox Monster; fill-only sync
npc.sarachnis.8713	attack_speed	https://oldschool.runescape.wiki/w/Special:Redirect/revision/15275498	2026-08-06	OSRS Wiki Infobox Monster; fill-only sync
npc.sarachnis.8713	attack_styles	https://oldschool.runescape.wiki/w/Special:Redirect/revision/15275498	2026-08-06	OSRS Wiki Infobox Monster; fill-only sync
npc.sarachnis.8713	hitpoints	https://oldschool.runescape.wiki/w/Special:Redirect/revision/15275498	2026-08-06	OSRS Wiki Infobox Monster; fill-only sync
npc.sarachnis.8713	max_hit	https://oldschool.runescape.wiki/w/Special:Redirect/revision/15275498	2026-08-06	OSRS Wiki Infobox Monster; fill-only sync
npc.saradomin_priest.2209	attack_speed	https://oldschool.runescape.wiki/w/Special:Redirect/revision/15199645	2026-08-06	OSRS Wiki Infobox Monster; fill-only sync
npc.saradomin_wizard.2955	attack_speed	https://oldschool.runescape.wiki/w/Special:Redirect/revision/15242249	2026-08-06	OSRS Wiki Infobox Monster; fill-only sync
npc.scarab_mage.794	attack_speed	https://oldschool.runescape.wiki/w/Special:Redirect/revision/15281960	2026-08-06	OSRS Wiki Infobox Monster; fill-only sync
npc.scarab_swarm.1782	attack_speed	https://oldschool.runescape.wiki/w/Special:Redirect/revision/15236838	2026-08-06	OSRS Wiki Infobox Monster; fill-only sync
npc.scarabs.729	attack_speed	https://oldschool.runescape.wiki/w/Special:Redirect/revision/15215922	2026-08-06	OSRS Wiki Infobox Monster; fill-only sync
npc.scarred_black_demon.12386	aggression	https://oldschool.runescape.wiki/w/Special:Redirect/revision/15200385	2026-08-06	OSRS Wiki Infobox Monster; fill-only sync
npc.scarred_black_demon.12386	attack_speed	https://oldschool.runescape.wiki/w/Special:Redirect/revision/15200385	2026-08-06	OSRS Wiki Infobox Monster; fill-only sync
npc.scarred_black_demon.12386	attack_styles	https://oldschool.runescape.wiki/w/Special:Redirect/revision/15200385	2026-08-06	OSRS Wiki Infobox Monster; fill-only sync
npc.scarred_black_demon.12386	hitpoints	https://oldschool.runescape.wiki/w/Special:Redirect/revision/15200385	2026-08-06	OSRS Wiki Infobox Monster; fill-only sync
npc.scarred_black_demon.12386	max_hit	https://oldschool.runescape.wiki/w/Special:Redirect/revision/15200385	2026-08-06	OSRS Wiki Infobox Monster; fill-only sync
npc.scarred_greater_demon.12373	aggression	https://oldschool.runescape.wiki/w/Special:Redirect/revision/15200386	2026-08-06	OSRS Wiki Infobox Monster; fill-only sync
npc.scarred_greater_demon.12373	attack_speed	https://oldschool.runescape.wiki/w/Special:Redirect/revision/15200386	2026-08-06	OSRS Wiki Infobox Monster; fill-only sync
npc.scarred_greater_demon.12373	attack_styles	https://oldschool.runescape.wiki/w/Special:Redirect/revision/15200386	2026-08-06	OSRS Wiki Infobox Monster; fill-only sync
npc.scarred_greater_demon.12373	hitpoints	https://oldschool.runescape.wiki/w/Special:Redirect/revision/15200386	2026-08-06	OSRS Wiki Infobox Monster; fill-only sync
npc.scarred_greater_demon.12373	max_hit	https://oldschool.runescape.wiki/w/Special:Redirect/revision/15200386	2026-08-06	OSRS Wiki Infobox Monster; fill-only sync
npc.scarred_hellhound.12374	aggression	https://oldschool.runescape.wiki/w/Special:Redirect/revision/15200387	2026-08-06	OSRS Wiki Infobox Monster; fill-only sync
npc.scarred_hellhound.12374	attack_speed	https://oldschool.runescape.wiki/w/Special:Redirect/revision/15200387	2026-08-06	OSRS Wiki Infobox Monster; fill-only sync
npc.scarred_hellhound.12374	attack_styles	https://oldschool.runescape.wiki/w/Special:Redirect/revision/15200387	2026-08-06	OSRS Wiki Infobox Monster; fill-only sync
npc.scarred_hellhound.12374	hitpoints	https://oldschool.runescape.wiki/w/Special:Redirect/revision/15200387	2026-08-06	OSRS Wiki Infobox Monster; fill-only sync
npc.scarred_hellhound.12374	max_hit	https://oldschool.runescape.wiki/w/Special:Redirect/revision/15200387	2026-08-06	OSRS Wiki Infobox Monster; fill-only sync
npc.scarred_imp.12377	aggression	https://oldschool.runescape.wiki/w/Special:Redirect/revision/15215923	2026-08-06	OSRS Wiki Infobox Monster; fill-only sync
npc.scarred_imp.12377	attack_speed	https://oldschool.runescape.wiki/w/Special:Redirect/revision/15215923	2026-08-06	OSRS Wiki Infobox Monster; fill-only sync
npc.scarred_imp.12377	attack_styles	https://oldschool.runescape.wiki/w/Special:Redirect/revision/15215923	2026-08-06	OSRS Wiki Infobox Monster; fill-only sync
npc.scarred_imp.12377	hitpoints	https://oldschool.runescape.wiki/w/Special:Redirect/revision/15215923	2026-08-06	OSRS Wiki Infobox Monster; fill-only sync
npc.scarred_imp.12377	max_hit	https://oldschool.runescape.wiki/w/Special:Redirect/revision/15215923	2026-08-06	OSRS Wiki Infobox Monster; fill-only sync
npc.scarred_lesser_demon.12360	aggression	https://oldschool.runescape.wiki/w/Special:Redirect/revision/15215924	2026-08-06	OSRS Wiki Infobox Monster; fill-only sync
npc.scarred_lesser_demon.12360	attack_speed	https://oldschool.runescape.wiki/w/Special:Redirect/revision/15215924	2026-08-06	OSRS Wiki Infobox Monster; fill-only sync
npc.scarred_lesser_demon.12360	attack_styles	https://oldschool.runescape.wiki/w/Special:Redirect/revision/15215924	2026-08-06	OSRS Wiki Infobox Monster; fill-only sync
npc.scarred_lesser_demon.12360	hitpoints	https://oldschool.runescape.wiki/w/Special:Redirect/revision/15215924	2026-08-06	OSRS Wiki Infobox Monster; fill-only sync
npc.scarred_lesser_demon.12360	max_hit	https://oldschool.runescape.wiki/w/Special:Redirect/revision/15215924	2026-08-06	OSRS Wiki Infobox Monster; fill-only sync
npc.scion.5918	aggression	https://oldschool.runescape.wiki/w/Special:Redirect/revision/15199802	2026-08-06	OSRS Wiki Infobox Monster; fill-only sync
npc.scion.5918	attack_speed	https://oldschool.runescape.wiki/w/Special:Redirect/revision/15199802	2026-08-06	OSRS Wiki Infobox Monster; fill-only sync
npc.scion.5918	attack_styles	https://oldschool.runescape.wiki/w/Special:Redirect/revision/15199802	2026-08-06	OSRS Wiki Infobox Monster; fill-only sync
npc.scion.5918	hitpoints	https://oldschool.runescape.wiki/w/Special:Redirect/revision/15199802	2026-08-06	OSRS Wiki Infobox Monster; fill-only sync
npc.scion.5918	max_hit	https://oldschool.runescape.wiki/w/Special:Redirect/revision/15199802	2026-08-06	OSRS Wiki Infobox Monster; fill-only sync
npc.scorpia.6615	aggression	https://oldschool.runescape.wiki/w/Special:Redirect/revision/15237232	2026-08-06	OSRS Wiki Infobox Monster; fill-only sync
npc.scorpia.6615	attack_speed	https://oldschool.runescape.wiki/w/Special:Redirect/revision/15237232	2026-08-06	OSRS Wiki Infobox Monster; fill-only sync
npc.scorpia.6615	attack_styles	https://oldschool.runescape.wiki/w/Special:Redirect/revision/15237232	2026-08-06	OSRS Wiki Infobox Monster; fill-only sync
npc.scorpia.6615	hazards	https://oldschool.runescape.wiki/w/Special:Redirect/revision/15237232	2026-08-06	OSRS Wiki Infobox Monster; fill-only sync
npc.scorpia.6615	hitpoints	https://oldschool.runescape.wiki/w/Special:Redirect/revision/15237232	2026-08-06	OSRS Wiki Infobox Monster; fill-only sync
npc.scorpia.6615	max_hit	https://oldschool.runescape.wiki/w/Special:Redirect/revision/15237232	2026-08-06	OSRS Wiki Infobox Monster; fill-only sync
npc.scorpia_s_guardian.6617	aggression	https://oldschool.runescape.wiki/w/Special:Redirect/revision/15265728	2026-08-06	OSRS Wiki Infobox Monster; fill-only sync
npc.scorpia_s_guardian.6617	attack_speed	https://oldschool.runescape.wiki/w/Special:Redirect/revision/15265728	2026-08-06	OSRS Wiki Infobox Monster; fill-only sync
npc.scorpia_s_guardian.6617	hitpoints	https://oldschool.runescape.wiki/w/Special:Redirect/revision/15265728	2026-08-06	OSRS Wiki Infobox Monster; fill-only sync
npc.scorpia_s_guardian.6617	max_hit	https://oldschool.runescape.wiki/w/Special:Redirect/revision/15265728	2026-08-06	OSRS Wiki Infobox Monster; fill-only sync
npc.scorpion	attack_speed	https://oldschool.runescape.wiki/w/Special:Redirect/revision/15199198	2026-08-06	OSRS Wiki Infobox Monster; fill-only sync
npc.scorpion	hazards	https://oldschool.runescape.wiki/w/Special:Redirect/revision/15199198	2026-08-06	OSRS Wiki Infobox Monster; fill-only sync
npc.scorpion	hitpoints	https://oldschool.runescape.wiki/w/Special:Redirect/revision/15199198	2026-08-06	OSRS Wiki Infobox Monster; fill-only sync
npc.scorpion	max_hit	https://oldschool.runescape.wiki/w/Special:Redirect/revision/15199198	2026-08-06	OSRS Wiki Infobox Monster; fill-only sync
npc.screaming_banshee.7390	aggression	https://oldschool.runescape.wiki/w/Special:Redirect/revision/15283000	2026-08-06	OSRS Wiki Infobox Monster; fill-only sync
npc.screaming_banshee.7390	attack_speed	https://oldschool.runescape.wiki/w/Special:Redirect/revision/15283000	2026-08-06	OSRS Wiki Infobox Monster; fill-only sync
npc.screaming_banshee.7390	attack_styles	https://oldschool.runescape.wiki/w/Special:Redirect/revision/15283000	2026-08-06	OSRS Wiki Infobox Monster; fill-only sync
npc.screaming_banshee.7390	hitpoints	https://oldschool.runescape.wiki/w/Special:Redirect/revision/15283000	2026-08-06	OSRS Wiki Infobox Monster; fill-only sync
npc.screaming_banshee.7390	max_hit	https://oldschool.runescape.wiki/w/Special:Redirect/revision/15283000	2026-08-06	OSRS Wiki Infobox Monster; fill-only sync
npc.screaming_banshee.7390	slayer_requirement	https://oldschool.runescape.wiki/w/Special:Redirect/revision/15283000	2026-08-06	OSRS Wiki Infobox Monster; fill-only sync
npc.screaming_twisted_banshee.7391	aggression	https://oldschool.runescape.wiki/w/Special:Redirect/revision/15283002	2026-08-06	OSRS Wiki Infobox Monster; fill-only sync
npc.screaming_twisted_banshee.7391	attack_speed	https://oldschool.runescape.wiki/w/Special:Redirect/revision/15283002	2026-08-06	OSRS Wiki Infobox Monster; fill-only sync
npc.screaming_twisted_banshee.7391	attack_styles	https://oldschool.runescape.wiki/w/Special:Redirect/revision/15283002	2026-08-06	OSRS Wiki Infobox Monster; fill-only sync
npc.screaming_twisted_banshee.7391	hitpoints	https://oldschool.runescape.wiki/w/Special:Redirect/revision/15283002	2026-08-06	OSRS Wiki Infobox Monster; fill-only sync
npc.screaming_twisted_banshee.7391	max_hit	https://oldschool.runescape.wiki/w/Special:Redirect/revision/15283002	2026-08-06	OSRS Wiki Infobox Monster; fill-only sync
npc.screaming_twisted_banshee.7391	slayer_requirement	https://oldschool.runescape.wiki/w/Special:Redirect/revision/15283002	2026-08-06	OSRS Wiki Infobox Monster; fill-only sync
npc.scurrius.7221	aggression	https://oldschool.runescape.wiki/w/Special:Redirect/revision/15201009	2026-08-06	OSRS Wiki Infobox Monster; fill-only sync
npc.scurrius.7221	attack_speed	https://oldschool.runescape.wiki/w/Special:Redirect/revision/15201009	2026-08-06	OSRS Wiki Infobox Monster; fill-only sync
npc.scurrius.7221	attack_styles	https://oldschool.runescape.wiki/w/Special:Redirect/revision/15201009	2026-08-06	OSRS Wiki Infobox Monster; fill-only sync
npc.scurrius.7221	hitpoints	https://oldschool.runescape.wiki/w/Special:Redirect/revision/15201009	2026-08-06	OSRS Wiki Infobox Monster; fill-only sync
npc.scurrius.7221	max_hit	https://oldschool.runescape.wiki/w/Special:Redirect/revision/15201009	2026-08-06	OSRS Wiki Infobox Monster; fill-only sync
npc.sea_snake_hatchling.1098	attack_speed	https://oldschool.runescape.wiki/w/Special:Redirect/revision/15287436	2026-08-06	OSRS Wiki Infobox Monster; fill-only sync
npc.sea_snake_young.1097	attack_speed	https://oldschool.runescape.wiki/w/Special:Redirect/revision/15287432	2026-08-06	OSRS Wiki Infobox Monster; fill-only sync
npc.sea_troll.4308	aggression	https://oldschool.runescape.wiki/w/Special:Redirect/revision/15215926	2026-08-06	OSRS Wiki Infobox Monster; fill-only sync
npc.sea_troll.4308	attack_speed	https://oldschool.runescape.wiki/w/Special:Redirect/revision/15215926	2026-08-06	OSRS Wiki Infobox Monster; fill-only sync
npc.sea_troll.4308	attack_styles	https://oldschool.runescape.wiki/w/Special:Redirect/revision/15215926	2026-08-06	OSRS Wiki Infobox Monster; fill-only sync
npc.sea_troll.4308	hitpoints	https://oldschool.runescape.wiki/w/Special:Redirect/revision/15215926	2026-08-06	OSRS Wiki Infobox Monster; fill-only sync
npc.sea_troll.4308	max_hit	https://oldschool.runescape.wiki/w/Special:Redirect/revision/15215926	2026-08-06	OSRS Wiki Infobox Monster; fill-only sync
npc.sea_troll_queen.4315	aggression	https://oldschool.runescape.wiki/w/Special:Redirect/revision/15215925	2026-08-06	OSRS Wiki Infobox Monster; fill-only sync
npc.sea_troll_queen.4315	attack_speed	https://oldschool.runescape.wiki/w/Special:Redirect/revision/15215925	2026-08-06	OSRS Wiki Infobox Monster; fill-only sync
npc.sea_troll_queen.4315	attack_styles	https://oldschool.runescape.wiki/w/Special:Redirect/revision/15215925	2026-08-06	OSRS Wiki Infobox Monster; fill-only sync
npc.sea_troll_queen.4315	hitpoints	https://oldschool.runescape.wiki/w/Special:Redirect/revision/15215925	2026-08-06	OSRS Wiki Infobox Monster; fill-only sync
npc.sea_troll_queen.4315	max_hit	https://oldschool.runescape.wiki/w/Special:Redirect/revision/15215925	2026-08-06	OSRS Wiki Infobox Monster; fill-only sync
npc.seagull.1338	attack_speed	https://oldschool.runescape.wiki/w/Special:Redirect/revision/15284992	2026-08-06	OSRS Wiki Infobox Monster; fill-only sync
npc.seagull.1338	max_hit	https://oldschool.runescape.wiki/w/Special:Redirect/revision/15284992	2026-08-06	OSRS Wiki Infobox Monster; fill-only sync
npc.sergeant_grimspike.2218	attack_speed	https://oldschool.runescape.wiki/w/Special:Redirect/revision/15199569	2026-08-06	OSRS Wiki Infobox Monster; fill-only sync
npc.sergeant_steelwill.2217	attack_speed	https://oldschool.runescape.wiki/w/Special:Redirect/revision/15199568	2026-08-06	OSRS Wiki Infobox Monster; fill-only sync
npc.sergeant_strongstack.2216	attack_speed	https://oldschool.runescape.wiki/w/Special:Redirect/revision/15199507	2026-08-06	OSRS Wiki Infobox Monster; fill-only sync
npc.serpent_shaman.12811	aggression	https://oldschool.runescape.wiki/w/Special:Redirect/revision/15200480	2026-08-06	OSRS Wiki Infobox Monster; fill-only sync
npc.serpent_shaman.12811	attack_speed	https://oldschool.runescape.wiki/w/Special:Redirect/revision/15200480	2026-08-06	OSRS Wiki Infobox Monster; fill-only sync
npc.serpent_shaman.12811	attack_styles	https://oldschool.runescape.wiki/w/Special:Redirect/revision/15200480	2026-08-06	OSRS Wiki Infobox Monster; fill-only sync
npc.serpent_shaman.12811	hitpoints	https://oldschool.runescape.wiki/w/Special:Redirect/revision/15200480	2026-08-06	OSRS Wiki Infobox Monster; fill-only sync
npc.serpent_shaman.12811	max_hit	https://oldschool.runescape.wiki/w/Special:Redirect/revision/15200480	2026-08-06	OSRS Wiki Infobox Monster; fill-only sync
npc.shade.5633	aggression	https://oldschool.runescape.wiki/w/Special:Redirect/revision/15210009	2026-08-06	OSRS Wiki Infobox Monster; fill-only sync
npc.shade.5633	attack_speed	https://oldschool.runescape.wiki/w/Special:Redirect/revision/15210009	2026-08-06	OSRS Wiki Infobox Monster; fill-only sync
npc.shade.5633	attack_styles	https://oldschool.runescape.wiki/w/Special:Redirect/revision/15210009	2026-08-06	OSRS Wiki Infobox Monster; fill-only sync
npc.shade.5633	hitpoints	https://oldschool.runescape.wiki/w/Special:Redirect/revision/15210009	2026-08-06	OSRS Wiki Infobox Monster; fill-only sync
npc.shade.5633	max_hit	https://oldschool.runescape.wiki/w/Special:Redirect/revision/15210009	2026-08-06	OSRS Wiki Infobox Monster; fill-only sync
npc.shadow_hound.3449	aggression	https://oldschool.runescape.wiki/w/Special:Redirect/revision/15199765	2026-08-06	OSRS Wiki Infobox Monster; fill-only sync
npc.shadow_hound.3449	attack_speed	https://oldschool.runescape.wiki/w/Special:Redirect/revision/15199765	2026-08-06	OSRS Wiki Infobox Monster; fill-only sync
npc.shadow_hound.3449	attack_styles	https://oldschool.runescape.wiki/w/Special:Redirect/revision/15199765	2026-08-06	OSRS Wiki Infobox Monster; fill-only sync
npc.shadow_hound.3449	hitpoints	https://oldschool.runescape.wiki/w/Special:Redirect/revision/15199765	2026-08-06	OSRS Wiki Infobox Monster; fill-only sync
npc.shadow_hound.3449	max_hit	https://oldschool.runescape.wiki/w/Special:Redirect/revision/15199765	2026-08-06	OSRS Wiki Infobox Monster; fill-only sync
npc.shadow_keeper.12248	aggression	https://oldschool.runescape.wiki/w/Special:Redirect/revision/15200390	2026-08-06	OSRS Wiki Infobox Monster; fill-only sync
npc.shadow_keeper.12248	attack_speed	https://oldschool.runescape.wiki/w/Special:Redirect/revision/15200390	2026-08-06	OSRS Wiki Infobox Monster; fill-only sync
npc.shadow_keeper.12248	attack_styles	https://oldschool.runescape.wiki/w/Special:Redirect/revision/15200390	2026-08-06	OSRS Wiki Infobox Monster; fill-only sync
npc.shadow_keeper.12248	hitpoints	https://oldschool.runescape.wiki/w/Special:Redirect/revision/15200390	2026-08-06	OSRS Wiki Infobox Monster; fill-only sync
npc.shadow_keeper.12248	max_hit	https://oldschool.runescape.wiki/w/Special:Redirect/revision/15200390	2026-08-06	OSRS Wiki Infobox Monster; fill-only sync
npc.shadow_spider.3016	attack_speed	https://oldschool.runescape.wiki/w/Special:Redirect/revision/15199632	2026-08-06	OSRS Wiki Infobox Monster; fill-only sync
npc.shadow_warrior.2853	attack_speed	https://oldschool.runescape.wiki/w/Special:Redirect/revision/15275495	2026-08-06	OSRS Wiki Infobox Monster; fill-only sync
npc.shadow_wyrm.10398	aggression	https://oldschool.runescape.wiki/w/Special:Redirect/revision/15283136	2026-08-06	OSRS Wiki Infobox Monster; fill-only sync
npc.shadow_wyrm.10398	attack_speed	https://oldschool.runescape.wiki/w/Special:Redirect/revision/15283136	2026-08-06	OSRS Wiki Infobox Monster; fill-only sync
npc.shadow_wyrm.10398	attack_styles	https://oldschool.runescape.wiki/w/Special:Redirect/revision/15283136	2026-08-06	OSRS Wiki Infobox Monster; fill-only sync
npc.shadow_wyrm.10398	hitpoints	https://oldschool.runescape.wiki/w/Special:Redirect/revision/15283136	2026-08-06	OSRS Wiki Infobox Monster; fill-only sync
npc.shadow_wyrm.10398	max_hit	https://oldschool.runescape.wiki/w/Special:Redirect/revision/15283136	2026-08-06	OSRS Wiki Infobox Monster; fill-only sync
npc.shadow_wyrm.10398	slayer_requirement	https://oldschool.runescape.wiki/w/Special:Redirect/revision/15283136	2026-08-06	OSRS Wiki Infobox Monster; fill-only sync
npc.shaeded_beast.8709	aggression	https://oldschool.runescape.wiki/w/Special:Redirect/revision/15200139	2026-08-06	OSRS Wiki Infobox Monster; fill-only sync
npc.shaeded_beast.8709	attack_speed	https://oldschool.runescape.wiki/w/Special:Redirect/revision/15200139	2026-08-06	OSRS Wiki Infobox Monster; fill-only sync
npc.shaeded_beast.8709	attack_styles	https://oldschool.runescape.wiki/w/Special:Redirect/revision/15200139	2026-08-06	OSRS Wiki Infobox Monster; fill-only sync
npc.shaeded_beast.8709	hitpoints	https://oldschool.runescape.wiki/w/Special:Redirect/revision/15200139	2026-08-06	OSRS Wiki Infobox Monster; fill-only sync
npc.shaeded_beast.8709	max_hit	https://oldschool.runescape.wiki/w/Special:Redirect/revision/15200139	2026-08-06	OSRS Wiki Infobox Monster; fill-only sync
npc.shantay_guard.4643	aggression	https://oldschool.runescape.wiki/w/Special:Redirect/revision/15199756	2026-08-06	OSRS Wiki Infobox Monster; fill-only sync
npc.shantay_guard.4643	attack_speed	https://oldschool.runescape.wiki/w/Special:Redirect/revision/15199756	2026-08-06	OSRS Wiki Infobox Monster; fill-only sync
npc.shantay_guard.4643	attack_styles	https://oldschool.runescape.wiki/w/Special:Redirect/revision/15199756	2026-08-06	OSRS Wiki Infobox Monster; fill-only sync
npc.shantay_guard.4643	hitpoints	https://oldschool.runescape.wiki/w/Special:Redirect/revision/15199756	2026-08-06	OSRS Wiki Infobox Monster; fill-only sync
npc.shantay_guard.4643	max_hit	https://oldschool.runescape.wiki/w/Special:Redirect/revision/15199756	2026-08-06	OSRS Wiki Infobox Monster; fill-only sync
npc.shellbane_gryphon.14860	aggression	https://oldschool.runescape.wiki/w/Special:Redirect/revision/15286806	2026-08-06	OSRS Wiki Infobox Monster; fill-only sync
npc.shellbane_gryphon.14860	attack_speed	https://oldschool.runescape.wiki/w/Special:Redirect/revision/15286806	2026-08-06	OSRS Wiki Infobox Monster; fill-only sync
npc.shellbane_gryphon.14860	attack_styles	https://oldschool.runescape.wiki/w/Special:Redirect/revision/15286806	2026-08-06	OSRS Wiki Infobox Monster; fill-only sync
npc.shellbane_gryphon.14860	hitpoints	https://oldschool.runescape.wiki/w/Special:Redirect/revision/15286806	2026-08-06	OSRS Wiki Infobox Monster; fill-only sync
npc.shellbane_gryphon.14860	max_hit	https://oldschool.runescape.wiki/w/Special:Redirect/revision/15286806	2026-08-06	OSRS Wiki Infobox Monster; fill-only sync
npc.shellbane_gryphon.14860	slayer_requirement	https://oldschool.runescape.wiki/w/Special:Redirect/revision/15286806	2026-08-06	OSRS Wiki Infobox Monster; fill-only sync
npc.shifter.1694	attack_speed	https://oldschool.runescape.wiki/w/Special:Redirect/revision/15199561	2026-08-06	OSRS Wiki Infobox Monster; fill-only sync
npc.shipyard_worker.5457	aggression	https://oldschool.runescape.wiki/w/Special:Redirect/revision/15226461	2026-08-06	OSRS Wiki Infobox Monster; fill-only sync
npc.shipyard_worker.5457	attack_speed	https://oldschool.runescape.wiki/w/Special:Redirect/revision/15226461	2026-08-06	OSRS Wiki Infobox Monster; fill-only sync
npc.shipyard_worker.5457	attack_styles	https://oldschool.runescape.wiki/w/Special:Redirect/revision/15226461	2026-08-06	OSRS Wiki Infobox Monster; fill-only sync
npc.shipyard_worker.5457	hitpoints	https://oldschool.runescape.wiki/w/Special:Redirect/revision/15226461	2026-08-06	OSRS Wiki Infobox Monster; fill-only sync
npc.shipyard_worker.5457	max_hit	https://oldschool.runescape.wiki/w/Special:Redirect/revision/15226461	2026-08-06	OSRS Wiki Infobox Monster; fill-only sync
npc.shockwave_colossus.12819	aggression	https://oldschool.runescape.wiki/w/Special:Redirect/revision/15200488	2026-08-06	OSRS Wiki Infobox Monster; fill-only sync
npc.shockwave_colossus.12819	attack_speed	https://oldschool.runescape.wiki/w/Special:Redirect/revision/15200488	2026-08-06	OSRS Wiki Infobox Monster; fill-only sync
npc.shockwave_colossus.12819	attack_styles	https://oldschool.runescape.wiki/w/Special:Redirect/revision/15200488	2026-08-06	OSRS Wiki Infobox Monster; fill-only sync
npc.shockwave_colossus.12819	hitpoints	https://oldschool.runescape.wiki/w/Special:Redirect/revision/15200488	2026-08-06	OSRS Wiki Infobox Monster; fill-only sync
npc.shockwave_colossus.12819	max_hit	https://oldschool.runescape.wiki/w/Special:Redirect/revision/15200488	2026-08-06	OSRS Wiki Infobox Monster; fill-only sync
npc.sigmund.991	attack_speed	https://oldschool.runescape.wiki/w/Special:Redirect/revision/15285834	2026-08-06	OSRS Wiki Infobox Monster; fill-only sync
npc.sir_bedivere.4361	aggression	https://oldschool.runescape.wiki/w/Special:Redirect/revision/15199754	2026-08-06	OSRS Wiki Infobox Monster; fill-only sync
npc.sir_bedivere.4361	attack_speed	https://oldschool.runescape.wiki/w/Special:Redirect/revision/15199754	2026-08-06	OSRS Wiki Infobox Monster; fill-only sync
npc.sir_bedivere.4361	attack_styles	https://oldschool.runescape.wiki/w/Special:Redirect/revision/15199754	2026-08-06	OSRS Wiki Infobox Monster; fill-only sync
npc.sir_bedivere.4361	hitpoints	https://oldschool.runescape.wiki/w/Special:Redirect/revision/15199754	2026-08-06	OSRS Wiki Infobox Monster; fill-only sync
npc.sir_bedivere.4361	max_hit	https://oldschool.runescape.wiki/w/Special:Redirect/revision/15199754	2026-08-06	OSRS Wiki Infobox Monster; fill-only sync
npc.sir_carl.8988	aggression	https://oldschool.runescape.wiki/w/Special:Redirect/revision/15199657	2026-08-06	OSRS Wiki Infobox Monster; fill-only sync
npc.sir_carl.8988	attack_speed	https://oldschool.runescape.wiki/w/Special:Redirect/revision/15199657	2026-08-06	OSRS Wiki Infobox Monster; fill-only sync
npc.sir_carl.8988	attack_styles	https://oldschool.runescape.wiki/w/Special:Redirect/revision/15199657	2026-08-06	OSRS Wiki Infobox Monster; fill-only sync
npc.sir_carl.8988	hitpoints	https://oldschool.runescape.wiki/w/Special:Redirect/revision/15199657	2026-08-06	OSRS Wiki Infobox Monster; fill-only sync
npc.sir_carl.8988	max_hit	https://oldschool.runescape.wiki/w/Special:Redirect/revision/15199657	2026-08-06	OSRS Wiki Infobox Monster; fill-only sync
npc.sir_gawain.4356	aggression	https://oldschool.runescape.wiki/w/Special:Redirect/revision/15199344	2026-08-06	OSRS Wiki Infobox Monster; fill-only sync
npc.sir_gawain.4356	attack_speed	https://oldschool.runescape.wiki/w/Special:Redirect/revision/15199344	2026-08-06	OSRS Wiki Infobox Monster; fill-only sync
npc.sir_gawain.4356	attack_styles	https://oldschool.runescape.wiki/w/Special:Redirect/revision/15199344	2026-08-06	OSRS Wiki Infobox Monster; fill-only sync
npc.sir_gawain.4356	hitpoints	https://oldschool.runescape.wiki/w/Special:Redirect/revision/15199344	2026-08-06	OSRS Wiki Infobox Monster; fill-only sync
npc.sir_gawain.4356	max_hit	https://oldschool.runescape.wiki/w/Special:Redirect/revision/15199344	2026-08-06	OSRS Wiki Infobox Monster; fill-only sync
npc.sir_harry.8989	aggression	https://oldschool.runescape.wiki/w/Special:Redirect/revision/15199658	2026-08-06	OSRS Wiki Infobox Monster; fill-only sync
npc.sir_harry.8989	attack_speed	https://oldschool.runescape.wiki/w/Special:Redirect/revision/15199658	2026-08-06	OSRS Wiki Infobox Monster; fill-only sync
npc.sir_harry.8989	attack_styles	https://oldschool.runescape.wiki/w/Special:Redirect/revision/15199658	2026-08-06	OSRS Wiki Infobox Monster; fill-only sync
npc.sir_harry.8989	hitpoints	https://oldschool.runescape.wiki/w/Special:Redirect/revision/15199658	2026-08-06	OSRS Wiki Infobox Monster; fill-only sync
npc.sir_harry.8989	max_hit	https://oldschool.runescape.wiki/w/Special:Redirect/revision/15199658	2026-08-06	OSRS Wiki Infobox Monster; fill-only sync
npc.sir_jerro.8987	aggression	https://oldschool.runescape.wiki/w/Special:Redirect/revision/15199659	2026-08-06	OSRS Wiki Infobox Monster; fill-only sync
npc.sir_jerro.8987	attack_speed	https://oldschool.runescape.wiki/w/Special:Redirect/revision/15199659	2026-08-06	OSRS Wiki Infobox Monster; fill-only sync
npc.sir_jerro.8987	attack_styles	https://oldschool.runescape.wiki/w/Special:Redirect/revision/15199659	2026-08-06	OSRS Wiki Infobox Monster; fill-only sync
npc.sir_jerro.8987	hitpoints	https://oldschool.runescape.wiki/w/Special:Redirect/revision/15199659	2026-08-06	OSRS Wiki Infobox Monster; fill-only sync
npc.sir_jerro.8987	max_hit	https://oldschool.runescape.wiki/w/Special:Redirect/revision/15199659	2026-08-06	OSRS Wiki Infobox Monster; fill-only sync
npc.sir_kay.4355	aggression	https://oldschool.runescape.wiki/w/Special:Redirect/revision/15199769	2026-08-06	OSRS Wiki Infobox Monster; fill-only sync
npc.sir_kay.4355	attack_speed	https://oldschool.runescape.wiki/w/Special:Redirect/revision/15199769	2026-08-06	OSRS Wiki Infobox Monster; fill-only sync
npc.sir_kay.4355	attack_styles	https://oldschool.runescape.wiki/w/Special:Redirect/revision/15199769	2026-08-06	OSRS Wiki Infobox Monster; fill-only sync
npc.sir_kay.4355	hitpoints	https://oldschool.runescape.wiki/w/Special:Redirect/revision/15199769	2026-08-06	OSRS Wiki Infobox Monster; fill-only sync
npc.sir_kay.4355	max_hit	https://oldschool.runescape.wiki/w/Special:Redirect/revision/15199769	2026-08-06	OSRS Wiki Infobox Monster; fill-only sync
npc.sir_lancelot.4354	aggression	https://oldschool.runescape.wiki/w/Special:Redirect/revision/15199687	2026-08-06	OSRS Wiki Infobox Monster; fill-only sync
npc.sir_lancelot.4354	attack_speed	https://oldschool.runescape.wiki/w/Special:Redirect/revision/15199687	2026-08-06	OSRS Wiki Infobox Monster; fill-only sync
npc.sir_lancelot.4354	attack_styles	https://oldschool.runescape.wiki/w/Special:Redirect/revision/15199687	2026-08-06	OSRS Wiki Infobox Monster; fill-only sync
npc.sir_lancelot.4354	hitpoints	https://oldschool.runescape.wiki/w/Special:Redirect/revision/15199687	2026-08-06	OSRS Wiki Infobox Monster; fill-only sync
npc.sir_lancelot.4354	max_hit	https://oldschool.runescape.wiki/w/Special:Redirect/revision/15199687	2026-08-06	OSRS Wiki Infobox Monster; fill-only sync
npc.sir_leye.4682	aggression	https://oldschool.runescape.wiki/w/Special:Redirect/revision/15262507	2026-08-06	OSRS Wiki Infobox Monster; fill-only sync
npc.sir_leye.4682	attack_speed	https://oldschool.runescape.wiki/w/Special:Redirect/revision/15262507	2026-08-06	OSRS Wiki Infobox Monster; fill-only sync
npc.sir_leye.4682	attack_styles	https://oldschool.runescape.wiki/w/Special:Redirect/revision/15262507	2026-08-06	OSRS Wiki Infobox Monster; fill-only sync
npc.sir_leye.4682	hitpoints	https://oldschool.runescape.wiki/w/Special:Redirect/revision/15262507	2026-08-06	OSRS Wiki Infobox Monster; fill-only sync
npc.sir_leye.4682	max_hit	https://oldschool.runescape.wiki/w/Special:Redirect/revision/15262507	2026-08-06	OSRS Wiki Infobox Monster; fill-only sync
npc.sir_lucan.4357	aggression	https://oldschool.runescape.wiki/w/Special:Redirect/revision/15199803	2026-08-06	OSRS Wiki Infobox Monster; fill-only sync
npc.sir_lucan.4357	attack_speed	https://oldschool.runescape.wiki/w/Special:Redirect/revision/15199803	2026-08-06	OSRS Wiki Infobox Monster; fill-only sync
npc.sir_lucan.4357	attack_styles	https://oldschool.runescape.wiki/w/Special:Redirect/revision/15199803	2026-08-06	OSRS Wiki Infobox Monster; fill-only sync
npc.sir_lucan.4357	hitpoints	https://oldschool.runescape.wiki/w/Special:Redirect/revision/15199803	2026-08-06	OSRS Wiki Infobox Monster; fill-only sync
npc.sir_lucan.4357	max_hit	https://oldschool.runescape.wiki/w/Special:Redirect/revision/15199803	2026-08-06	OSRS Wiki Infobox Monster; fill-only sync
npc.sir_mordred.3527	aggression	https://oldschool.runescape.wiki/w/Special:Redirect/revision/15199426	2026-08-06	OSRS Wiki Infobox Monster; fill-only sync
npc.sir_mordred.3527	attack_speed	https://oldschool.runescape.wiki/w/Special:Redirect/revision/15199426	2026-08-06	OSRS Wiki Infobox Monster; fill-only sync
npc.sir_mordred.3527	attack_styles	https://oldschool.runescape.wiki/w/Special:Redirect/revision/15199426	2026-08-06	OSRS Wiki Infobox Monster; fill-only sync
npc.sir_mordred.3527	hitpoints	https://oldschool.runescape.wiki/w/Special:Redirect/revision/15199426	2026-08-06	OSRS Wiki Infobox Monster; fill-only sync
npc.sir_mordred.3527	max_hit	https://oldschool.runescape.wiki/w/Special:Redirect/revision/15199426	2026-08-06	OSRS Wiki Infobox Monster; fill-only sync
npc.sir_palomedes.4358	aggression	https://oldschool.runescape.wiki/w/Special:Redirect/revision/15199804	2026-08-06	OSRS Wiki Infobox Monster; fill-only sync
npc.sir_palomedes.4358	attack_speed	https://oldschool.runescape.wiki/w/Special:Redirect/revision/15199804	2026-08-06	OSRS Wiki Infobox Monster; fill-only sync
npc.sir_palomedes.4358	attack_styles	https://oldschool.runescape.wiki/w/Special:Redirect/revision/15199804	2026-08-06	OSRS Wiki Infobox Monster; fill-only sync
npc.sir_palomedes.4358	hitpoints	https://oldschool.runescape.wiki/w/Special:Redirect/revision/15199804	2026-08-06	OSRS Wiki Infobox Monster; fill-only sync
npc.sir_palomedes.4358	max_hit	https://oldschool.runescape.wiki/w/Special:Redirect/revision/15199804	2026-08-06	OSRS Wiki Infobox Monster; fill-only sync
npc.sir_pelleas.4360	aggression	https://oldschool.runescape.wiki/w/Special:Redirect/revision/15199805	2026-08-06	OSRS Wiki Infobox Monster; fill-only sync
npc.sir_pelleas.4360	attack_speed	https://oldschool.runescape.wiki/w/Special:Redirect/revision/15199805	2026-08-06	OSRS Wiki Infobox Monster; fill-only sync
npc.sir_pelleas.4360	attack_styles	https://oldschool.runescape.wiki/w/Special:Redirect/revision/15199805	2026-08-06	OSRS Wiki Infobox Monster; fill-only sync
npc.sir_pelleas.4360	hitpoints	https://oldschool.runescape.wiki/w/Special:Redirect/revision/15199805	2026-08-06	OSRS Wiki Infobox Monster; fill-only sync
npc.sir_pelleas.4360	max_hit	https://oldschool.runescape.wiki/w/Special:Redirect/revision/15199805	2026-08-06	OSRS Wiki Infobox Monster; fill-only sync
npc.sir_tristram.4359	aggression	https://oldschool.runescape.wiki/w/Special:Redirect/revision/15199806	2026-08-06	OSRS Wiki Infobox Monster; fill-only sync
npc.sir_tristram.4359	attack_speed	https://oldschool.runescape.wiki/w/Special:Redirect/revision/15199806	2026-08-06	OSRS Wiki Infobox Monster; fill-only sync
npc.sir_tristram.4359	attack_styles	https://oldschool.runescape.wiki/w/Special:Redirect/revision/15199806	2026-08-06	OSRS Wiki Infobox Monster; fill-only sync
npc.sir_tristram.4359	hitpoints	https://oldschool.runescape.wiki/w/Special:Redirect/revision/15199806	2026-08-06	OSRS Wiki Infobox Monster; fill-only sync
npc.sir_tristram.4359	max_hit	https://oldschool.runescape.wiki/w/Special:Redirect/revision/15199806	2026-08-06	OSRS Wiki Infobox Monster; fill-only sync
npc.skeletal_miner.3615	aggression	https://oldschool.runescape.wiki/w/Special:Redirect/revision/15199599	2026-08-06	OSRS Wiki Infobox Monster; fill-only sync
npc.skeletal_miner.3615	attack_speed	https://oldschool.runescape.wiki/w/Special:Redirect/revision/15199599	2026-08-06	OSRS Wiki Infobox Monster; fill-only sync
npc.skeletal_miner.3615	attack_styles	https://oldschool.runescape.wiki/w/Special:Redirect/revision/15199599	2026-08-06	OSRS Wiki Infobox Monster; fill-only sync
npc.skeletal_miner.3615	hitpoints	https://oldschool.runescape.wiki/w/Special:Redirect/revision/15199599	2026-08-06	OSRS Wiki Infobox Monster; fill-only sync
npc.skeletal_miner.3615	max_hit	https://oldschool.runescape.wiki/w/Special:Redirect/revision/15199599	2026-08-06	OSRS Wiki Infobox Monster; fill-only sync
npc.skeletal_wyvern.465	attack_speed	https://oldschool.runescape.wiki/w/Special:Redirect/revision/15259795	2026-08-06	OSRS Wiki Infobox Monster; fill-only sync
npc.skeleton.70	attack_speed	https://oldschool.runescape.wiki/w/Special:Redirect/revision/15285611	2026-08-06	OSRS Wiki Infobox Monster; fill-only sync
npc.skeleton_brute.1538	attack_speed	https://oldschool.runescape.wiki/w/Special:Redirect/revision/15286041	2026-08-06	OSRS Wiki Infobox Monster; fill-only sync
npc.skeleton_champion.3358	aggression	https://oldschool.runescape.wiki/w/Special:Redirect/revision/15216087	2026-08-06	OSRS Wiki Infobox Monster; fill-only sync
npc.skeleton_champion.3358	attack_speed	https://oldschool.runescape.wiki/w/Special:Redirect/revision/15216087	2026-08-06	OSRS Wiki Infobox Monster; fill-only sync
npc.skeleton_champion.3358	attack_styles	https://oldschool.runescape.wiki/w/Special:Redirect/revision/15216087	2026-08-06	OSRS Wiki Infobox Monster; fill-only sync
npc.skeleton_champion.3358	hitpoints	https://oldschool.runescape.wiki/w/Special:Redirect/revision/15216087	2026-08-06	OSRS Wiki Infobox Monster; fill-only sync
npc.skeleton_champion.3358	max_hit	https://oldschool.runescape.wiki/w/Special:Redirect/revision/15216087	2026-08-06	OSRS Wiki Infobox Monster; fill-only sync
npc.skeleton_fremennik.4491	aggression	https://oldschool.runescape.wiki/w/Special:Redirect/revision/15215942	2026-08-06	OSRS Wiki Infobox Monster; fill-only sync
npc.skeleton_fremennik.4491	attack_speed	https://oldschool.runescape.wiki/w/Special:Redirect/revision/15215942	2026-08-06	OSRS Wiki Infobox Monster; fill-only sync
npc.skeleton_fremennik.4491	attack_styles	https://oldschool.runescape.wiki/w/Special:Redirect/revision/15215942	2026-08-06	OSRS Wiki Infobox Monster; fill-only sync
npc.skeleton_fremennik.4491	hitpoints	https://oldschool.runescape.wiki/w/Special:Redirect/revision/15215942	2026-08-06	OSRS Wiki Infobox Monster; fill-only sync
npc.skeleton_fremennik.4491	max_hit	https://oldschool.runescape.wiki/w/Special:Redirect/revision/15215942	2026-08-06	OSRS Wiki Infobox Monster; fill-only sync
npc.skeleton_heavy.1540	attack_speed	https://oldschool.runescape.wiki/w/Special:Redirect/revision/15199736	2026-08-06	OSRS Wiki Infobox Monster; fill-only sync
npc.skeleton_hellhound.5054	aggression	https://oldschool.runescape.wiki/w/Special:Redirect/revision/15199509	2026-08-06	OSRS Wiki Infobox Monster; fill-only sync
npc.skeleton_hellhound.5054	attack_speed	https://oldschool.runescape.wiki/w/Special:Redirect/revision/15199509	2026-08-06	OSRS Wiki Infobox Monster; fill-only sync
npc.skeleton_hellhound.5054	attack_styles	https://oldschool.runescape.wiki/w/Special:Redirect/revision/15199509	2026-08-06	OSRS Wiki Infobox Monster; fill-only sync
npc.skeleton_hellhound.5054	hitpoints	https://oldschool.runescape.wiki/w/Special:Redirect/revision/15199509	2026-08-06	OSRS Wiki Infobox Monster; fill-only sync
npc.skeleton_hellhound.5054	max_hit	https://oldschool.runescape.wiki/w/Special:Redirect/revision/15199509	2026-08-06	OSRS Wiki Infobox Monster; fill-only sync
npc.skeleton_hero.1537	attack_speed	https://oldschool.runescape.wiki/w/Special:Redirect/revision/15199737	2026-08-06	OSRS Wiki Infobox Monster; fill-only sync
npc.skeleton_mage.84	attack_speed	https://oldschool.runescape.wiki/w/Special:Redirect/revision/15277194	2026-08-06	OSRS Wiki Infobox Monster; fill-only sync
npc.skeleton_thug.1541	attack_speed	https://oldschool.runescape.wiki/w/Special:Redirect/revision/15199738	2026-08-06	OSRS Wiki Infobox Monster; fill-only sync
npc.skeleton_warlord.1539	attack_speed	https://oldschool.runescape.wiki/w/Special:Redirect/revision/15199739	2026-08-06	OSRS Wiki Infobox Monster; fill-only sync
npc.skoblin.11268	aggression	https://oldschool.runescape.wiki/w/Special:Redirect/revision/15200286	2026-08-06	OSRS Wiki Infobox Monster; fill-only sync
npc.skoblin.11268	attack_speed	https://oldschool.runescape.wiki/w/Special:Redirect/revision/15200286	2026-08-06	OSRS Wiki Infobox Monster; fill-only sync
npc.skoblin.11268	attack_styles	https://oldschool.runescape.wiki/w/Special:Redirect/revision/15200286	2026-08-06	OSRS Wiki Infobox Monster; fill-only sync
npc.skoblin.11268	hitpoints	https://oldschool.runescape.wiki/w/Special:Redirect/revision/15200286	2026-08-06	OSRS Wiki Infobox Monster; fill-only sync
npc.skoblin.11268	max_hit	https://oldschool.runescape.wiki/w/Special:Redirect/revision/15200286	2026-08-06	OSRS Wiki Infobox Monster; fill-only sync
npc.skogre.872	attack_speed	https://oldschool.runescape.wiki/w/Special:Redirect/revision/15199447	2026-08-06	OSRS Wiki Infobox Monster; fill-only sync
npc.skogre.872	hazards	https://oldschool.runescape.wiki/w/Special:Redirect/revision/15199447	2026-08-06	OSRS Wiki Infobox Monster; fill-only sync
npc.skotizo.7286	aggression	https://oldschool.runescape.wiki/w/Special:Redirect/revision/15272437	2026-08-06	OSRS Wiki Infobox Monster; fill-only sync
npc.skotizo.7286	attack_speed	https://oldschool.runescape.wiki/w/Special:Redirect/revision/15272437	2026-08-06	OSRS Wiki Infobox Monster; fill-only sync
npc.skotizo.7286	attack_styles	https://oldschool.runescape.wiki/w/Special:Redirect/revision/15272437	2026-08-06	OSRS Wiki Infobox Monster; fill-only sync
npc.skotizo.7286	hitpoints	https://oldschool.runescape.wiki/w/Special:Redirect/revision/15272437	2026-08-06	OSRS Wiki Infobox Monster; fill-only sync
npc.skotizo.7286	max_hit	https://oldschool.runescape.wiki/w/Special:Redirect/revision/15272437	2026-08-06	OSRS Wiki Infobox Monster; fill-only sync
npc.slagilith.1362	attack_speed	https://oldschool.runescape.wiki/w/Special:Redirect/revision/15258101	2026-08-06	OSRS Wiki Infobox Monster; fill-only sync
npc.slash_bash.882	attack_speed	https://oldschool.runescape.wiki/w/Special:Redirect/revision/15274454	2026-08-06	OSRS Wiki Infobox Monster; fill-only sync
npc.slash_bash.882	hazards	https://oldschool.runescape.wiki/w/Special:Redirect/revision/15274454	2026-08-06	OSRS Wiki Infobox Monster; fill-only sync
npc.slug_prince.4797	aggression	https://oldschool.runescape.wiki/w/Special:Redirect/revision/15199429	2026-08-06	OSRS Wiki Infobox Monster; fill-only sync
npc.slug_prince.4797	attack_speed	https://oldschool.runescape.wiki/w/Special:Redirect/revision/15199429	2026-08-06	OSRS Wiki Infobox Monster; fill-only sync
npc.slug_prince.4797	attack_styles	https://oldschool.runescape.wiki/w/Special:Redirect/revision/15199429	2026-08-06	OSRS Wiki Infobox Monster; fill-only sync
npc.slug_prince.4797	hitpoints	https://oldschool.runescape.wiki/w/Special:Redirect/revision/15199429	2026-08-06	OSRS Wiki Infobox Monster; fill-only sync
npc.slug_prince.4797	max_hit	https://oldschool.runescape.wiki/w/Special:Redirect/revision/15199429	2026-08-06	OSRS Wiki Infobox Monster; fill-only sync
npc.small_lizard.462	attack_speed	https://oldschool.runescape.wiki/w/Special:Redirect/revision/15199295	2026-08-06	OSRS Wiki Infobox Monster; fill-only sync
npc.small_scarab.14126	aggression	https://oldschool.runescape.wiki/w/Special:Redirect/revision/15200561	2026-08-06	OSRS Wiki Infobox Monster; fill-only sync
npc.small_scarab.14126	attack_speed	https://oldschool.runescape.wiki/w/Special:Redirect/revision/15200561	2026-08-06	OSRS Wiki Infobox Monster; fill-only sync
npc.small_scarab.14126	attack_styles	https://oldschool.runescape.wiki/w/Special:Redirect/revision/15200561	2026-08-06	OSRS Wiki Infobox Monster; fill-only sync
npc.small_scarab.14126	hitpoints	https://oldschool.runescape.wiki/w/Special:Redirect/revision/15200561	2026-08-06	OSRS Wiki Infobox Monster; fill-only sync
npc.small_scarab.14126	max_hit	https://oldschool.runescape.wiki/w/Special:Redirect/revision/15200561	2026-08-06	OSRS Wiki Infobox Monster; fill-only sync
npc.smoke_devil.498	attack_speed	https://oldschool.runescape.wiki/w/Special:Redirect/revision/15283170	2026-08-06	OSRS Wiki Infobox Monster; fill-only sync
npc.snailfeet.11270	aggression	https://oldschool.runescape.wiki/w/Special:Redirect/revision/15200288	2026-08-06	OSRS Wiki Infobox Monster; fill-only sync
npc.snailfeet.11270	attack_speed	https://oldschool.runescape.wiki/w/Special:Redirect/revision/15200288	2026-08-06	OSRS Wiki Infobox Monster; fill-only sync
npc.snailfeet.11270	attack_styles	https://oldschool.runescape.wiki/w/Special:Redirect/revision/15200288	2026-08-06	OSRS Wiki Infobox Monster; fill-only sync
npc.snailfeet.11270	hitpoints	https://oldschool.runescape.wiki/w/Special:Redirect/revision/15200288	2026-08-06	OSRS Wiki Infobox Monster; fill-only sync
npc.snailfeet.11270	max_hit	https://oldschool.runescape.wiki/w/Special:Redirect/revision/15200288	2026-08-06	OSRS Wiki Infobox Monster; fill-only sync
npc.snake.1037	attack_speed	https://oldschool.runescape.wiki/w/Special:Redirect/revision/15199634	2026-08-06	OSRS Wiki Infobox Monster; fill-only sync
npc.snakeling.2045	attack_speed	https://oldschool.runescape.wiki/w/Special:Redirect/revision/15249765	2026-08-06	OSRS Wiki Infobox Monster; fill-only sync
npc.snothead.11269	aggression	https://oldschool.runescape.wiki/w/Special:Redirect/revision/15200287	2026-08-06	OSRS Wiki Infobox Monster; fill-only sync
npc.snothead.11269	attack_speed	https://oldschool.runescape.wiki/w/Special:Redirect/revision/15200287	2026-08-06	OSRS Wiki Infobox Monster; fill-only sync
npc.snothead.11269	attack_styles	https://oldschool.runescape.wiki/w/Special:Redirect/revision/15200287	2026-08-06	OSRS Wiki Infobox Monster; fill-only sync
npc.snothead.11269	hitpoints	https://oldschool.runescape.wiki/w/Special:Redirect/revision/15200287	2026-08-06	OSRS Wiki Infobox Monster; fill-only sync
npc.snothead.11269	max_hit	https://oldschool.runescape.wiki/w/Special:Redirect/revision/15200287	2026-08-06	OSRS Wiki Infobox Monster; fill-only sync
npc.sofiya.2626	attack_speed	https://oldschool.runescape.wiki/w/Special:Redirect/revision/15199962	2026-08-06	OSRS Wiki Infobox Monster; fill-only sync
npc.sol_heredit.12821	aggression	https://oldschool.runescape.wiki/w/Special:Redirect/revision/15211078	2026-08-06	OSRS Wiki Infobox Monster; fill-only sync
npc.sol_heredit.12821	attack_speed	https://oldschool.runescape.wiki/w/Special:Redirect/revision/15211078	2026-08-06	OSRS Wiki Infobox Monster; fill-only sync
npc.sol_heredit.12821	attack_styles	https://oldschool.runescape.wiki/w/Special:Redirect/revision/15211078	2026-08-06	OSRS Wiki Infobox Monster; fill-only sync
npc.sol_heredit.12821	hitpoints	https://oldschool.runescape.wiki/w/Special:Redirect/revision/15211078	2026-08-06	OSRS Wiki Infobox Monster; fill-only sync
npc.sol_heredit.12821	max_hit	https://oldschool.runescape.wiki/w/Special:Redirect/revision/15211078	2026-08-06	OSRS Wiki Infobox Monster; fill-only sync
npc.soldier_scarab.11724	aggression	https://oldschool.runescape.wiki/w/Special:Redirect/revision/15200314	2026-08-06	OSRS Wiki Infobox Monster; fill-only sync
npc.soldier_scarab.11724	attack_speed	https://oldschool.runescape.wiki/w/Special:Redirect/revision/15200314	2026-08-06	OSRS Wiki Infobox Monster; fill-only sync
npc.soldier_scarab.11724	attack_styles	https://oldschool.runescape.wiki/w/Special:Redirect/revision/15200314	2026-08-06	OSRS Wiki Infobox Monster; fill-only sync
npc.soldier_scarab.11724	hitpoints	https://oldschool.runescape.wiki/w/Special:Redirect/revision/15200314	2026-08-06	OSRS Wiki Infobox Monster; fill-only sync
npc.soldier_scarab.11724	max_hit	https://oldschool.runescape.wiki/w/Special:Redirect/revision/15200314	2026-08-06	OSRS Wiki Infobox Monster; fill-only sync
npc.soldier_tier_1.6905	aggression	https://oldschool.runescape.wiki/w/Special:Redirect/revision/15199831	2026-08-06	OSRS Wiki Infobox Monster; fill-only sync
npc.soldier_tier_1.6905	attack_speed	https://oldschool.runescape.wiki/w/Special:Redirect/revision/15199831	2026-08-06	OSRS Wiki Infobox Monster; fill-only sync
npc.soldier_tier_1.6905	attack_styles	https://oldschool.runescape.wiki/w/Special:Redirect/revision/15199831	2026-08-06	OSRS Wiki Infobox Monster; fill-only sync
npc.soldier_tier_1.6905	hitpoints	https://oldschool.runescape.wiki/w/Special:Redirect/revision/15199831	2026-08-06	OSRS Wiki Infobox Monster; fill-only sync
npc.soldier_tier_1.6905	max_hit	https://oldschool.runescape.wiki/w/Special:Redirect/revision/15199831	2026-08-06	OSRS Wiki Infobox Monster; fill-only sync
npc.soldier_tier_2.6907	aggression	https://oldschool.runescape.wiki/w/Special:Redirect/revision/15199832	2026-08-06	OSRS Wiki Infobox Monster; fill-only sync
npc.soldier_tier_2.6907	attack_speed	https://oldschool.runescape.wiki/w/Special:Redirect/revision/15199832	2026-08-06	OSRS Wiki Infobox Monster; fill-only sync
npc.soldier_tier_2.6907	attack_styles	https://oldschool.runescape.wiki/w/Special:Redirect/revision/15199832	2026-08-06	OSRS Wiki Infobox Monster; fill-only sync
npc.soldier_tier_2.6907	hitpoints	https://oldschool.runescape.wiki/w/Special:Redirect/revision/15199832	2026-08-06	OSRS Wiki Infobox Monster; fill-only sync
npc.soldier_tier_2.6907	max_hit	https://oldschool.runescape.wiki/w/Special:Redirect/revision/15199832	2026-08-06	OSRS Wiki Infobox Monster; fill-only sync
npc.soldier_tier_3.6909	aggression	https://oldschool.runescape.wiki/w/Special:Redirect/revision/15199833	2026-08-06	OSRS Wiki Infobox Monster; fill-only sync
npc.soldier_tier_3.6909	attack_speed	https://oldschool.runescape.wiki/w/Special:Redirect/revision/15199833	2026-08-06	OSRS Wiki Infobox Monster; fill-only sync
npc.soldier_tier_3.6909	attack_styles	https://oldschool.runescape.wiki/w/Special:Redirect/revision/15199833	2026-08-06	OSRS Wiki Infobox Monster; fill-only sync
npc.soldier_tier_3.6909	hitpoints	https://oldschool.runescape.wiki/w/Special:Redirect/revision/15199833	2026-08-06	OSRS Wiki Infobox Monster; fill-only sync
npc.soldier_tier_3.6909	max_hit	https://oldschool.runescape.wiki/w/Special:Redirect/revision/15199833	2026-08-06	OSRS Wiki Infobox Monster; fill-only sync
npc.soldier_tier_4.6911	aggression	https://oldschool.runescape.wiki/w/Special:Redirect/revision/15199834	2026-08-06	OSRS Wiki Infobox Monster; fill-only sync
npc.soldier_tier_4.6911	attack_speed	https://oldschool.runescape.wiki/w/Special:Redirect/revision/15199834	2026-08-06	OSRS Wiki Infobox Monster; fill-only sync
npc.soldier_tier_4.6911	attack_styles	https://oldschool.runescape.wiki/w/Special:Redirect/revision/15199834	2026-08-06	OSRS Wiki Infobox Monster; fill-only sync
npc.soldier_tier_4.6911	hitpoints	https://oldschool.runescape.wiki/w/Special:Redirect/revision/15199834	2026-08-06	OSRS Wiki Infobox Monster; fill-only sync
npc.soldier_tier_4.6911	max_hit	https://oldschool.runescape.wiki/w/Special:Redirect/revision/15199834	2026-08-06	OSRS Wiki Infobox Monster; fill-only sync
npc.soldier_tier_5.6913	aggression	https://oldschool.runescape.wiki/w/Special:Redirect/revision/15199835	2026-08-06	OSRS Wiki Infobox Monster; fill-only sync
npc.soldier_tier_5.6913	attack_speed	https://oldschool.runescape.wiki/w/Special:Redirect/revision/15199835	2026-08-06	OSRS Wiki Infobox Monster; fill-only sync
npc.soldier_tier_5.6913	attack_styles	https://oldschool.runescape.wiki/w/Special:Redirect/revision/15199835	2026-08-06	OSRS Wiki Infobox Monster; fill-only sync
npc.soldier_tier_5.6913	hitpoints	https://oldschool.runescape.wiki/w/Special:Redirect/revision/15199835	2026-08-06	OSRS Wiki Infobox Monster; fill-only sync
npc.soldier_tier_5.6913	max_hit	https://oldschool.runescape.wiki/w/Special:Redirect/revision/15199835	2026-08-06	OSRS Wiki Infobox Monster; fill-only sync
npc.solus_dellagar.4962	attack_styles	CL864 quest catalogue-gap review using pinned cache revision 239	2026-08-02	Manual high-confidence quest-gap activation
npc.solus_dellagar.4962	notes	CL864 quest catalogue-gap review using pinned cache revision 239	2026-08-02	Manual high-confidence quest-gap activation
npc.sorebones.561	attack_speed	https://oldschool.runescape.wiki/w/Special:Redirect/revision/15230661	2026-08-06	OSRS Wiki Infobox Monster; fill-only sync
npc.sotetseg.8388	aggression	https://oldschool.runescape.wiki/w/Special:Redirect/revision/15234530	2026-08-06	OSRS Wiki Infobox Monster; fill-only sync
npc.sotetseg.8388	attack_speed	https://oldschool.runescape.wiki/w/Special:Redirect/revision/15234530	2026-08-06	OSRS Wiki Infobox Monster; fill-only sync
npc.sotetseg.8388	attack_styles	https://oldschool.runescape.wiki/w/Special:Redirect/revision/15234530	2026-08-06	OSRS Wiki Infobox Monster; fill-only sync
npc.sotetseg.8388	hitpoints	https://oldschool.runescape.wiki/w/Special:Redirect/revision/15234530	2026-08-06	OSRS Wiki Infobox Monster; fill-only sync
npc.sotetseg.8388	max_hit	https://oldschool.runescape.wiki/w/Special:Redirect/revision/15234530	2026-08-06	OSRS Wiki Infobox Monster; fill-only sync
npc.sourhog.10435	aggression	https://oldschool.runescape.wiki/w/Special:Redirect/revision/15275486	2026-08-06	OSRS Wiki Infobox Monster; fill-only sync
npc.sourhog.10435	attack_speed	https://oldschool.runescape.wiki/w/Special:Redirect/revision/15275486	2026-08-06	OSRS Wiki Infobox Monster; fill-only sync
npc.sourhog.10435	attack_styles	https://oldschool.runescape.wiki/w/Special:Redirect/revision/15275486	2026-08-06	OSRS Wiki Infobox Monster; fill-only sync
npc.sourhog.10435	hitpoints	https://oldschool.runescape.wiki/w/Special:Redirect/revision/15275486	2026-08-06	OSRS Wiki Infobox Monster; fill-only sync
npc.sourhog.10435	max_hit	https://oldschool.runescape.wiki/w/Special:Redirect/revision/15275486	2026-08-06	OSRS Wiki Infobox Monster; fill-only sync
npc.sourhog.10435	slayer_requirement	https://oldschool.runescape.wiki/w/Special:Redirect/revision/15275486	2026-08-06	OSRS Wiki Infobox Monster; fill-only sync
npc.spawn.5916	aggression	https://oldschool.runescape.wiki/w/Special:Redirect/revision/15231188	2026-08-06	OSRS Wiki Infobox Monster; fill-only sync
npc.spawn.5916	attack_speed	https://oldschool.runescape.wiki/w/Special:Redirect/revision/15231188	2026-08-06	OSRS Wiki Infobox Monster; fill-only sync
npc.spawn.5916	attack_styles	https://oldschool.runescape.wiki/w/Special:Redirect/revision/15231188	2026-08-06	OSRS Wiki Infobox Monster; fill-only sync
npc.spawn.5916	hitpoints	https://oldschool.runescape.wiki/w/Special:Redirect/revision/15231188	2026-08-06	OSRS Wiki Infobox Monster; fill-only sync
npc.spawn.5916	max_hit	https://oldschool.runescape.wiki/w/Special:Redirect/revision/15231188	2026-08-06	OSRS Wiki Infobox Monster; fill-only sync
npc.spawn_of_sarachnis.8714	aggression	https://oldschool.runescape.wiki/w/Special:Redirect/revision/15200138	2026-08-06	OSRS Wiki Infobox Monster; fill-only sync
npc.spawn_of_sarachnis.8714	attack_speed	https://oldschool.runescape.wiki/w/Special:Redirect/revision/15200138	2026-08-06	OSRS Wiki Infobox Monster; fill-only sync
npc.spawn_of_sarachnis.8714	attack_styles	https://oldschool.runescape.wiki/w/Special:Redirect/revision/15200138	2026-08-06	OSRS Wiki Infobox Monster; fill-only sync
npc.spawn_of_sarachnis.8714	hitpoints	https://oldschool.runescape.wiki/w/Special:Redirect/revision/15200138	2026-08-06	OSRS Wiki Infobox Monster; fill-only sync
npc.spawn_of_sarachnis.8714	max_hit	https://oldschool.runescape.wiki/w/Special:Redirect/revision/15200138	2026-08-06	OSRS Wiki Infobox Monster; fill-only sync
npc.speedy_keith.303	attack_speed	https://oldschool.runescape.wiki/w/Special:Redirect/revision/15270603	2026-08-06	OSRS Wiki Infobox Monster; fill-only sync
npc.spider	attack_speed	https://oldschool.runescape.wiki/w/Special:Redirect/revision/15214290	2026-08-06	OSRS Wiki Infobox Monster; fill-only sync
npc.spidine.3602	aggression	https://oldschool.runescape.wiki/w/Special:Redirect/revision/15285556	2026-08-06	OSRS Wiki Infobox Monster; fill-only sync
npc.spidine.3602	attack_speed	https://oldschool.runescape.wiki/w/Special:Redirect/revision/15285556	2026-08-06	OSRS Wiki Infobox Monster; fill-only sync
npc.spidine.3602	attack_styles	https://oldschool.runescape.wiki/w/Special:Redirect/revision/15285556	2026-08-06	OSRS Wiki Infobox Monster; fill-only sync
npc.spidine.3602	hitpoints	https://oldschool.runescape.wiki/w/Special:Redirect/revision/15285556	2026-08-06	OSRS Wiki Infobox Monster; fill-only sync
npc.spidine.3602	max_hit	https://oldschool.runescape.wiki/w/Special:Redirect/revision/15285556	2026-08-06	OSRS Wiki Infobox Monster; fill-only sync
npc.spiked_turoth.10397	aggression	https://oldschool.runescape.wiki/w/Special:Redirect/revision/15283112	2026-08-06	OSRS Wiki Infobox Monster; fill-only sync
npc.spiked_turoth.10397	attack_speed	https://oldschool.runescape.wiki/w/Special:Redirect/revision/15283112	2026-08-06	OSRS Wiki Infobox Monster; fill-only sync
npc.spiked_turoth.10397	attack_styles	https://oldschool.runescape.wiki/w/Special:Redirect/revision/15283112	2026-08-06	OSRS Wiki Infobox Monster; fill-only sync
npc.spiked_turoth.10397	hitpoints	https://oldschool.runescape.wiki/w/Special:Redirect/revision/15283112	2026-08-06	OSRS Wiki Infobox Monster; fill-only sync
npc.spiked_turoth.10397	max_hit	https://oldschool.runescape.wiki/w/Special:Redirect/revision/15283112	2026-08-06	OSRS Wiki Infobox Monster; fill-only sync
npc.spiked_turoth.10397	slayer_requirement	https://oldschool.runescape.wiki/w/Special:Redirect/revision/15283112	2026-08-06	OSRS Wiki Infobox Monster; fill-only sync
npc.spindel.11998	aggression	https://oldschool.runescape.wiki/w/Special:Redirect/revision/15275940	2026-08-06	OSRS Wiki Infobox Monster; fill-only sync
npc.spindel.11998	attack_speed	https://oldschool.runescape.wiki/w/Special:Redirect/revision/15275940	2026-08-06	OSRS Wiki Infobox Monster; fill-only sync
npc.spindel.11998	attack_styles	https://oldschool.runescape.wiki/w/Special:Redirect/revision/15275940	2026-08-06	OSRS Wiki Infobox Monster; fill-only sync
npc.spindel.11998	hitpoints	https://oldschool.runescape.wiki/w/Special:Redirect/revision/15275940	2026-08-06	OSRS Wiki Infobox Monster; fill-only sync
npc.spindel.11998	max_hit	https://oldschool.runescape.wiki/w/Special:Redirect/revision/15275940	2026-08-06	OSRS Wiki Infobox Monster; fill-only sync
npc.spindel_s_spiderling.12001	aggression	https://oldschool.runescape.wiki/w/Special:Redirect/revision/15210811	2026-08-06	OSRS Wiki Infobox Monster; fill-only sync
npc.spindel_s_spiderling.12001	attack_speed	https://oldschool.runescape.wiki/w/Special:Redirect/revision/15210811	2026-08-06	OSRS Wiki Infobox Monster; fill-only sync
npc.spindel_s_spiderling.12001	attack_styles	https://oldschool.runescape.wiki/w/Special:Redirect/revision/15210811	2026-08-06	OSRS Wiki Infobox Monster; fill-only sync
npc.spindel_s_spiderling.12001	hitpoints	https://oldschool.runescape.wiki/w/Special:Redirect/revision/15210811	2026-08-06	OSRS Wiki Infobox Monster; fill-only sync
npc.spindel_s_spiderling.12001	max_hit	https://oldschool.runescape.wiki/w/Special:Redirect/revision/15210811	2026-08-06	OSRS Wiki Infobox Monster; fill-only sync
npc.spined_kraken.15208	aggression	https://oldschool.runescape.wiki/w/Special:Redirect/revision/15276867	2026-08-06	OSRS Wiki Infobox Monster; fill-only sync
npc.spined_kraken.15208	attack_speed	https://oldschool.runescape.wiki/w/Special:Redirect/revision/15276867	2026-08-06	OSRS Wiki Infobox Monster; fill-only sync
npc.spined_kraken.15208	attack_styles	https://oldschool.runescape.wiki/w/Special:Redirect/revision/15276867	2026-08-06	OSRS Wiki Infobox Monster; fill-only sync
npc.spined_kraken.15208	hitpoints	https://oldschool.runescape.wiki/w/Special:Redirect/revision/15276867	2026-08-06	OSRS Wiki Infobox Monster; fill-only sync
npc.spined_kraken.15208	max_hit	https://oldschool.runescape.wiki/w/Special:Redirect/revision/15276867	2026-08-06	OSRS Wiki Infobox Monster; fill-only sync
npc.spinner.1709	attack_speed	https://oldschool.runescape.wiki/w/Special:Redirect/revision/15199566	2026-08-06	OSRS Wiki Infobox Monster; fill-only sync
npc.spinner.1709	hazards	https://oldschool.runescape.wiki/w/Special:Redirect/revision/15199566	2026-08-06	OSRS Wiki Infobox Monster; fill-only sync
npc.spinolyp.5947	aggression	https://oldschool.runescape.wiki/w/Special:Redirect/revision/15199461	2026-08-06	OSRS Wiki Infobox Monster; fill-only sync
npc.spinolyp.5947	attack_speed	https://oldschool.runescape.wiki/w/Special:Redirect/revision/15199461	2026-08-06	OSRS Wiki Infobox Monster; fill-only sync
npc.spinolyp.5947	attack_styles	https://oldschool.runescape.wiki/w/Special:Redirect/revision/15199461	2026-08-06	OSRS Wiki Infobox Monster; fill-only sync
npc.spinolyp.5947	hazards	https://oldschool.runescape.wiki/w/Special:Redirect/revision/15199461	2026-08-06	OSRS Wiki Infobox Monster; fill-only sync
npc.spinolyp.5947	hitpoints	https://oldschool.runescape.wiki/w/Special:Redirect/revision/15199461	2026-08-06	OSRS Wiki Infobox Monster; fill-only sync
npc.spinolyp.5947	max_hit	https://oldschool.runescape.wiki/w/Special:Redirect/revision/15199461	2026-08-06	OSRS Wiki Infobox Monster; fill-only sync
npc.spiritual_mage.2212	attack_speed	https://oldschool.runescape.wiki/w/Special:Redirect/revision/15275510	2026-08-06	OSRS Wiki Infobox Monster; fill-only sync
npc.spiritual_mage.2212	hazards	https://oldschool.runescape.wiki/w/Special:Redirect/revision/15275510	2026-08-06	OSRS Wiki Infobox Monster; fill-only sync
npc.spiritual_ranger.2211	attack_speed	https://oldschool.runescape.wiki/w/Special:Redirect/revision/15275525	2026-08-06	OSRS Wiki Infobox Monster; fill-only sync
npc.spiritual_warrior.2210	attack_speed	https://oldschool.runescape.wiki/w/Special:Redirect/revision/15275507	2026-08-06	OSRS Wiki Infobox Monster; fill-only sync
npc.spitting_scarab.11725	aggression	https://oldschool.runescape.wiki/w/Special:Redirect/revision/15200313	2026-08-06	OSRS Wiki Infobox Monster; fill-only sync
npc.spitting_scarab.11725	attack_speed	https://oldschool.runescape.wiki/w/Special:Redirect/revision/15200313	2026-08-06	OSRS Wiki Infobox Monster; fill-only sync
npc.spitting_scarab.11725	attack_styles	https://oldschool.runescape.wiki/w/Special:Redirect/revision/15200313	2026-08-06	OSRS Wiki Infobox Monster; fill-only sync
npc.spitting_scarab.11725	hazards	https://oldschool.runescape.wiki/w/Special:Redirect/revision/15200313	2026-08-06	OSRS Wiki Infobox Monster; fill-only sync
npc.spitting_scarab.11725	hitpoints	https://oldschool.runescape.wiki/w/Special:Redirect/revision/15200313	2026-08-06	OSRS Wiki Infobox Monster; fill-only sync
npc.spitting_scarab.11725	max_hit	https://oldschool.runescape.wiki/w/Special:Redirect/revision/15200313	2026-08-06	OSRS Wiki Infobox Monster; fill-only sync
npc.spitting_wyvern.7794	aggression	https://oldschool.runescape.wiki/w/Special:Redirect/revision/15266266	2026-08-06	OSRS Wiki Infobox Monster; fill-only sync
npc.spitting_wyvern.7794	attack_speed	https://oldschool.runescape.wiki/w/Special:Redirect/revision/15266266	2026-08-06	OSRS Wiki Infobox Monster; fill-only sync
npc.spitting_wyvern.7794	attack_styles	https://oldschool.runescape.wiki/w/Special:Redirect/revision/15266266	2026-08-06	OSRS Wiki Infobox Monster; fill-only sync
npc.spitting_wyvern.7794	hitpoints	https://oldschool.runescape.wiki/w/Special:Redirect/revision/15266266	2026-08-06	OSRS Wiki Infobox Monster; fill-only sync
npc.spitting_wyvern.7794	max_hit	https://oldschool.runescape.wiki/w/Special:Redirect/revision/15266266	2026-08-06	OSRS Wiki Infobox Monster; fill-only sync
npc.spitting_wyvern.7794	slayer_requirement	https://oldschool.runescape.wiki/w/Special:Redirect/revision/15266266	2026-08-06	OSRS Wiki Infobox Monster; fill-only sync
npc.splatter.1689	attack_speed	https://oldschool.runescape.wiki/w/Special:Redirect/revision/15199567	2026-08-06	OSRS Wiki Infobox Monster; fill-only sync
npc.stag.1845	attack_speed	https://oldschool.runescape.wiki/w/Special:Redirect/revision/15199710	2026-08-06	OSRS Wiki Infobox Monster; fill-only sync
npc.starlight.2206	attack_speed	https://oldschool.runescape.wiki/w/Special:Redirect/revision/15199492	2026-08-06	OSRS Wiki Infobox Monster; fill-only sync
npc.steel_dragon.139	attack_speed	https://oldschool.runescape.wiki/w/Special:Redirect/revision/15273772	2026-08-06	OSRS Wiki Infobox Monster; fill-only sync
npc.stick.926	attack_speed	https://oldschool.runescape.wiki/w/Special:Redirect/revision/15215947	2026-08-06	OSRS Wiki Infobox Monster; fill-only sync
npc.stingray.15218	aggression	https://oldschool.runescape.wiki/w/Special:Redirect/revision/15234668	2026-08-06	OSRS Wiki Infobox Monster; fill-only sync
npc.stingray.15218	attack_speed	https://oldschool.runescape.wiki/w/Special:Redirect/revision/15234668	2026-08-06	OSRS Wiki Infobox Monster; fill-only sync
npc.stingray.15218	attack_styles	https://oldschool.runescape.wiki/w/Special:Redirect/revision/15234668	2026-08-06	OSRS Wiki Infobox Monster; fill-only sync
npc.stingray.15218	hitpoints	https://oldschool.runescape.wiki/w/Special:Redirect/revision/15234668	2026-08-06	OSRS Wiki Infobox Monster; fill-only sync
npc.stingray.15218	max_hit	https://oldschool.runescape.wiki/w/Special:Redirect/revision/15234668	2026-08-06	OSRS Wiki Infobox Monster; fill-only sync
npc.stone_guardian.8064	aggression	https://oldschool.runescape.wiki/w/Special:Redirect/revision/15215980	2026-08-06	OSRS Wiki Infobox Monster; fill-only sync
npc.stone_guardian.8064	attack_speed	https://oldschool.runescape.wiki/w/Special:Redirect/revision/15215980	2026-08-06	OSRS Wiki Infobox Monster; fill-only sync
npc.stone_guardian.8064	attack_styles	https://oldschool.runescape.wiki/w/Special:Redirect/revision/15215980	2026-08-06	OSRS Wiki Infobox Monster; fill-only sync
npc.stone_guardian.8064	hitpoints	https://oldschool.runescape.wiki/w/Special:Redirect/revision/15215980	2026-08-06	OSRS Wiki Infobox Monster; fill-only sync
npc.stone_guardian.8064	max_hit	https://oldschool.runescape.wiki/w/Special:Redirect/revision/15215980	2026-08-06	OSRS Wiki Infobox Monster; fill-only sync
npc.strange_creature.12073	aggression	https://oldschool.runescape.wiki/w/Special:Redirect/revision/15221155	2026-08-06	OSRS Wiki Infobox Monster; fill-only sync
npc.strange_creature.12073	attack_speed	https://oldschool.runescape.wiki/w/Special:Redirect/revision/15221155	2026-08-06	OSRS Wiki Infobox Monster; fill-only sync
npc.strange_creature.12073	attack_styles	https://oldschool.runescape.wiki/w/Special:Redirect/revision/15221155	2026-08-06	OSRS Wiki Infobox Monster; fill-only sync
npc.strange_creature.12073	hitpoints	https://oldschool.runescape.wiki/w/Special:Redirect/revision/15221155	2026-08-06	OSRS Wiki Infobox Monster; fill-only sync
npc.strange_creature.12073	max_hit	https://oldschool.runescape.wiki/w/Special:Redirect/revision/15221155	2026-08-06	OSRS Wiki Infobox Monster; fill-only sync
npc.stranger.685	attack_speed	https://oldschool.runescape.wiki/w/Special:Redirect/revision/15199395	2026-08-06	OSRS Wiki Infobox Monster; fill-only sync
npc.strangled.12268	aggression	https://oldschool.runescape.wiki/w/Special:Redirect/revision/15272589	2026-08-06	OSRS Wiki Infobox Monster; fill-only sync
npc.strangled.12268	attack_speed	https://oldschool.runescape.wiki/w/Special:Redirect/revision/15272589	2026-08-06	OSRS Wiki Infobox Monster; fill-only sync
npc.strangled.12268	attack_styles	https://oldschool.runescape.wiki/w/Special:Redirect/revision/15272589	2026-08-06	OSRS Wiki Infobox Monster; fill-only sync
npc.strangled.12268	hitpoints	https://oldschool.runescape.wiki/w/Special:Redirect/revision/15272589	2026-08-06	OSRS Wiki Infobox Monster; fill-only sync
npc.strangled.12268	max_hit	https://oldschool.runescape.wiki/w/Special:Redirect/revision/15272589	2026-08-06	OSRS Wiki Infobox Monster; fill-only sync
npc.strangled_bear.12288	aggression	https://oldschool.runescape.wiki/w/Special:Redirect/revision/15272663	2026-08-06	OSRS Wiki Infobox Monster; fill-only sync
npc.strangled_bear.12288	attack_speed	https://oldschool.runescape.wiki/w/Special:Redirect/revision/15272663	2026-08-06	OSRS Wiki Infobox Monster; fill-only sync
npc.strangled_bear.12288	attack_styles	https://oldschool.runescape.wiki/w/Special:Redirect/revision/15272663	2026-08-06	OSRS Wiki Infobox Monster; fill-only sync
npc.strangled_bear.12288	hitpoints	https://oldschool.runescape.wiki/w/Special:Redirect/revision/15272663	2026-08-06	OSRS Wiki Infobox Monster; fill-only sync
npc.strangled_bear.12288	max_hit	https://oldschool.runescape.wiki/w/Special:Redirect/revision/15272663	2026-08-06	OSRS Wiki Infobox Monster; fill-only sync
npc.strangled_boar.12289	aggression	https://oldschool.runescape.wiki/w/Special:Redirect/revision/15272661	2026-08-06	OSRS Wiki Infobox Monster; fill-only sync
npc.strangled_boar.12289	attack_speed	https://oldschool.runescape.wiki/w/Special:Redirect/revision/15272661	2026-08-06	OSRS Wiki Infobox Monster; fill-only sync
npc.strangled_boar.12289	attack_styles	https://oldschool.runescape.wiki/w/Special:Redirect/revision/15272661	2026-08-06	OSRS Wiki Infobox Monster; fill-only sync
npc.strangled_boar.12289	hitpoints	https://oldschool.runescape.wiki/w/Special:Redirect/revision/15272661	2026-08-06	OSRS Wiki Infobox Monster; fill-only sync
npc.strangled_boar.12289	max_hit	https://oldschool.runescape.wiki/w/Special:Redirect/revision/15272661	2026-08-06	OSRS Wiki Infobox Monster; fill-only sync
npc.strangled_lynx.12290	aggression	https://oldschool.runescape.wiki/w/Special:Redirect/revision/15272662	2026-08-06	OSRS Wiki Infobox Monster; fill-only sync
npc.strangled_lynx.12290	attack_speed	https://oldschool.runescape.wiki/w/Special:Redirect/revision/15272662	2026-08-06	OSRS Wiki Infobox Monster; fill-only sync
npc.strangled_lynx.12290	attack_styles	https://oldschool.runescape.wiki/w/Special:Redirect/revision/15272662	2026-08-06	OSRS Wiki Infobox Monster; fill-only sync
npc.strangled_lynx.12290	hitpoints	https://oldschool.runescape.wiki/w/Special:Redirect/revision/15272662	2026-08-06	OSRS Wiki Infobox Monster; fill-only sync
npc.strangled_lynx.12290	max_hit	https://oldschool.runescape.wiki/w/Special:Redirect/revision/15272662	2026-08-06	OSRS Wiki Infobox Monster; fill-only sync
npc.strong_warrior.13484	aggression	https://oldschool.runescape.wiki/w/Special:Redirect/revision/15200530	2026-08-06	OSRS Wiki Infobox Monster; fill-only sync
npc.strong_warrior.13484	attack_speed	https://oldschool.runescape.wiki/w/Special:Redirect/revision/15200530	2026-08-06	OSRS Wiki Infobox Monster; fill-only sync
npc.strong_warrior.13484	attack_styles	https://oldschool.runescape.wiki/w/Special:Redirect/revision/15200530	2026-08-06	OSRS Wiki Infobox Monster; fill-only sync
npc.strong_warrior.13484	hitpoints	https://oldschool.runescape.wiki/w/Special:Redirect/revision/15200530	2026-08-06	OSRS Wiki Infobox Monster; fill-only sync
npc.strong_warrior.13484	max_hit	https://oldschool.runescape.wiki/w/Special:Redirect/revision/15200530	2026-08-06	OSRS Wiki Infobox Monster; fill-only sync
npc.strongbones.11273	aggression	https://oldschool.runescape.wiki/w/Special:Redirect/revision/15200291	2026-08-06	OSRS Wiki Infobox Monster; fill-only sync
npc.strongbones.11273	attack_speed	https://oldschool.runescape.wiki/w/Special:Redirect/revision/15200291	2026-08-06	OSRS Wiki Infobox Monster; fill-only sync
npc.strongbones.11273	attack_styles	https://oldschool.runescape.wiki/w/Special:Redirect/revision/15200291	2026-08-06	OSRS Wiki Infobox Monster; fill-only sync
npc.strongbones.11273	hitpoints	https://oldschool.runescape.wiki/w/Special:Redirect/revision/15200291	2026-08-06	OSRS Wiki Infobox Monster; fill-only sync
npc.strongbones.11273	max_hit	https://oldschool.runescape.wiki/w/Special:Redirect/revision/15200291	2026-08-06	OSRS Wiki Infobox Monster; fill-only sync
npc.suit_of_armour.5043	aggression	https://oldschool.runescape.wiki/w/Special:Redirect/revision/15283635	2026-08-06	OSRS Wiki Infobox Monster; fill-only sync
npc.suit_of_armour.5043	attack_speed	https://oldschool.runescape.wiki/w/Special:Redirect/revision/15283635	2026-08-06	OSRS Wiki Infobox Monster; fill-only sync
npc.suit_of_armour.5043	attack_styles	https://oldschool.runescape.wiki/w/Special:Redirect/revision/15283635	2026-08-06	OSRS Wiki Infobox Monster; fill-only sync
npc.suit_of_armour.5043	hitpoints	https://oldschool.runescape.wiki/w/Special:Redirect/revision/15283635	2026-08-06	OSRS Wiki Infobox Monster; fill-only sync
npc.suit_of_armour.5043	max_hit	https://oldschool.runescape.wiki/w/Special:Redirect/revision/15283635	2026-08-06	OSRS Wiki Infobox Monster; fill-only sync
npc.sulphur_lizard.8614	aggression	https://oldschool.runescape.wiki/w/Special:Redirect/revision/15200098	2026-08-06	OSRS Wiki Infobox Monster; fill-only sync
npc.sulphur_lizard.8614	attack_speed	https://oldschool.runescape.wiki/w/Special:Redirect/revision/15200098	2026-08-06	OSRS Wiki Infobox Monster; fill-only sync
npc.sulphur_lizard.8614	attack_styles	https://oldschool.runescape.wiki/w/Special:Redirect/revision/15200098	2026-08-06	OSRS Wiki Infobox Monster; fill-only sync
npc.sulphur_lizard.8614	hitpoints	https://oldschool.runescape.wiki/w/Special:Redirect/revision/15200098	2026-08-06	OSRS Wiki Infobox Monster; fill-only sync
npc.sulphur_lizard.8614	max_hit	https://oldschool.runescape.wiki/w/Special:Redirect/revision/15200098	2026-08-06	OSRS Wiki Infobox Monster; fill-only sync
npc.sulphur_lizard.8614	slayer_requirement	https://oldschool.runescape.wiki/w/Special:Redirect/revision/15200098	2026-08-06	OSRS Wiki Infobox Monster; fill-only sync
npc.sulphur_nagua.12879	aggression	https://oldschool.runescape.wiki/w/Special:Redirect/revision/15286884	2026-08-06	OSRS Wiki Infobox Monster; fill-only sync
npc.sulphur_nagua.12879	attack_speed	https://oldschool.runescape.wiki/w/Special:Redirect/revision/15286884	2026-08-06	OSRS Wiki Infobox Monster; fill-only sync
npc.sulphur_nagua.12879	attack_styles	https://oldschool.runescape.wiki/w/Special:Redirect/revision/15286884	2026-08-06	OSRS Wiki Infobox Monster; fill-only sync
npc.sulphur_nagua.12879	hitpoints	https://oldschool.runescape.wiki/w/Special:Redirect/revision/15286884	2026-08-06	OSRS Wiki Infobox Monster; fill-only sync
npc.sulphur_nagua.12879	max_hit	https://oldschool.runescape.wiki/w/Special:Redirect/revision/15286884	2026-08-06	OSRS Wiki Infobox Monster; fill-only sync
npc.sulphur_nagua.12879	slayer_requirement	https://oldschool.runescape.wiki/w/Special:Redirect/revision/15286884	2026-08-06	OSRS Wiki Infobox Monster; fill-only sync
npc.summoned_zombie.69	attack_speed	https://oldschool.runescape.wiki/w/Special:Redirect/revision/15215983	2026-08-06	OSRS Wiki Infobox Monster; fill-only sync
npc.suqah.787	attack_speed	https://oldschool.runescape.wiki/w/Special:Redirect/revision/15276552	2026-08-06	OSRS Wiki Infobox Monster; fill-only sync
npc.surok_magis.13482	aggression	https://oldschool.runescape.wiki/w/Special:Redirect/revision/15199539	2026-08-06	OSRS Wiki Infobox Monster; fill-only sync
npc.surok_magis.13482	attack_speed	https://oldschool.runescape.wiki/w/Special:Redirect/revision/15199539	2026-08-06	OSRS Wiki Infobox Monster; fill-only sync
npc.surok_magis.13482	attack_styles	https://oldschool.runescape.wiki/w/Special:Redirect/revision/15199539	2026-08-06	OSRS Wiki Infobox Monster; fill-only sync
npc.surok_magis.13482	hitpoints	https://oldschool.runescape.wiki/w/Special:Redirect/revision/15199539	2026-08-06	OSRS Wiki Infobox Monster; fill-only sync
npc.surok_magis.13482	max_hit	https://oldschool.runescape.wiki/w/Special:Redirect/revision/15199539	2026-08-06	OSRS Wiki Infobox Monster; fill-only sync
npc.svetlana.2621	attack_speed	https://oldschool.runescape.wiki/w/Special:Redirect/revision/15199963	2026-08-06	OSRS Wiki Infobox Monster; fill-only sync
npc.swamp_crab.8297	aggression	https://oldschool.runescape.wiki/w/Special:Redirect/revision/15200068	2026-08-06	OSRS Wiki Infobox Monster; fill-only sync
npc.swamp_crab.8297	attack_speed	https://oldschool.runescape.wiki/w/Special:Redirect/revision/15200068	2026-08-06	OSRS Wiki Infobox Monster; fill-only sync
npc.swamp_crab.8297	attack_styles	https://oldschool.runescape.wiki/w/Special:Redirect/revision/15200068	2026-08-06	OSRS Wiki Infobox Monster; fill-only sync
npc.swamp_crab.8297	hitpoints	https://oldschool.runescape.wiki/w/Special:Redirect/revision/15200068	2026-08-06	OSRS Wiki Infobox Monster; fill-only sync
npc.swamp_crab.8297	max_hit	https://oldschool.runescape.wiki/w/Special:Redirect/revision/15200068	2026-08-06	OSRS Wiki Infobox Monster; fill-only sync
npc.swamp_frog.8578	aggression	https://oldschool.runescape.wiki/w/Special:Redirect/revision/15200104	2026-08-06	OSRS Wiki Infobox Monster; fill-only sync
npc.swamp_frog.8578	attack_speed	https://oldschool.runescape.wiki/w/Special:Redirect/revision/15200104	2026-08-06	OSRS Wiki Infobox Monster; fill-only sync
npc.swamp_frog.8578	attack_styles	https://oldschool.runescape.wiki/w/Special:Redirect/revision/15200104	2026-08-06	OSRS Wiki Infobox Monster; fill-only sync
npc.swamp_frog.8578	hitpoints	https://oldschool.runescape.wiki/w/Special:Redirect/revision/15200104	2026-08-06	OSRS Wiki Infobox Monster; fill-only sync
npc.swamp_frog.8578	max_hit	https://oldschool.runescape.wiki/w/Special:Redirect/revision/15200104	2026-08-06	OSRS Wiki Infobox Monster; fill-only sync
npc.swamp_snake.5615	aggression	https://oldschool.runescape.wiki/w/Special:Redirect/revision/15199615	2026-08-06	OSRS Wiki Infobox Monster; fill-only sync
npc.swamp_snake.5615	attack_speed	https://oldschool.runescape.wiki/w/Special:Redirect/revision/15199615	2026-08-06	OSRS Wiki Infobox Monster; fill-only sync
npc.swamp_snake.5615	attack_styles	https://oldschool.runescape.wiki/w/Special:Redirect/revision/15199615	2026-08-06	OSRS Wiki Infobox Monster; fill-only sync
npc.swamp_snake.5615	hitpoints	https://oldschool.runescape.wiki/w/Special:Redirect/revision/15199615	2026-08-06	OSRS Wiki Infobox Monster; fill-only sync
npc.swamp_snake.5615	max_hit	https://oldschool.runescape.wiki/w/Special:Redirect/revision/15199615	2026-08-06	OSRS Wiki Infobox Monster; fill-only sync
npc.swordchick.3603	aggression	https://oldschool.runescape.wiki/w/Special:Redirect/revision/15199595	2026-08-06	OSRS Wiki Infobox Monster; fill-only sync
npc.swordchick.3603	attack_speed	https://oldschool.runescape.wiki/w/Special:Redirect/revision/15199595	2026-08-06	OSRS Wiki Infobox Monster; fill-only sync
npc.swordchick.3603	attack_styles	https://oldschool.runescape.wiki/w/Special:Redirect/revision/15199595	2026-08-06	OSRS Wiki Infobox Monster; fill-only sync
npc.swordchick.3603	hitpoints	https://oldschool.runescape.wiki/w/Special:Redirect/revision/15199595	2026-08-06	OSRS Wiki Infobox Monster; fill-only sync
npc.swordchick.3603	max_hit	https://oldschool.runescape.wiki/w/Special:Redirect/revision/15199595	2026-08-06	OSRS Wiki Infobox Monster; fill-only sync
npc.taloned_wyvern.7793	aggression	https://oldschool.runescape.wiki/w/Special:Redirect/revision/15270237	2026-08-06	OSRS Wiki Infobox Monster; fill-only sync
npc.taloned_wyvern.7793	attack_speed	https://oldschool.runescape.wiki/w/Special:Redirect/revision/15270237	2026-08-06	OSRS Wiki Infobox Monster; fill-only sync
npc.taloned_wyvern.7793	attack_styles	https://oldschool.runescape.wiki/w/Special:Redirect/revision/15270237	2026-08-06	OSRS Wiki Infobox Monster; fill-only sync
npc.taloned_wyvern.7793	hitpoints	https://oldschool.runescape.wiki/w/Special:Redirect/revision/15270237	2026-08-06	OSRS Wiki Infobox Monster; fill-only sync
npc.taloned_wyvern.7793	max_hit	https://oldschool.runescape.wiki/w/Special:Redirect/revision/15270237	2026-08-06	OSRS Wiki Infobox Monster; fill-only sync
npc.taloned_wyvern.7793	slayer_requirement	https://oldschool.runescape.wiki/w/Special:Redirect/revision/15270237	2026-08-06	OSRS Wiki Infobox Monster; fill-only sync
npc.tanglefoot.5848	aggression	https://oldschool.runescape.wiki/w/Special:Redirect/revision/15199393	2026-08-06	OSRS Wiki Infobox Monster; fill-only sync
npc.tanglefoot.5848	attack_speed	https://oldschool.runescape.wiki/w/Special:Redirect/revision/15199393	2026-08-06	OSRS Wiki Infobox Monster; fill-only sync
npc.tanglefoot.5848	attack_styles	https://oldschool.runescape.wiki/w/Special:Redirect/revision/15199393	2026-08-06	OSRS Wiki Infobox Monster; fill-only sync
npc.tanglefoot.5848	hitpoints	https://oldschool.runescape.wiki/w/Special:Redirect/revision/15199393	2026-08-06	OSRS Wiki Infobox Monster; fill-only sync
npc.tanglefoot.5848	max_hit	https://oldschool.runescape.wiki/w/Special:Redirect/revision/15199393	2026-08-06	OSRS Wiki Infobox Monster; fill-only sync
npc.tar_monster.7804	aggression	https://oldschool.runescape.wiki/w/Special:Redirect/revision/15200018	2026-08-06	OSRS Wiki Infobox Monster; fill-only sync
npc.tar_monster.7804	attack_speed	https://oldschool.runescape.wiki/w/Special:Redirect/revision/15200018	2026-08-06	OSRS Wiki Infobox Monster; fill-only sync
npc.tar_monster.7804	attack_styles	https://oldschool.runescape.wiki/w/Special:Redirect/revision/15200018	2026-08-06	OSRS Wiki Infobox Monster; fill-only sync
npc.tar_monster.7804	hitpoints	https://oldschool.runescape.wiki/w/Special:Redirect/revision/15200018	2026-08-06	OSRS Wiki Infobox Monster; fill-only sync
npc.tar_monster.7804	max_hit	https://oldschool.runescape.wiki/w/Special:Redirect/revision/15200018	2026-08-06	OSRS Wiki Infobox Monster; fill-only sync
npc.tarn.6476	aggression	https://oldschool.runescape.wiki/w/Special:Redirect/revision/15207953	2026-08-06	OSRS Wiki Infobox Monster; fill-only sync
npc.tarn.6476	attack_speed	https://oldschool.runescape.wiki/w/Special:Redirect/revision/15207953	2026-08-06	OSRS Wiki Infobox Monster; fill-only sync
npc.tarn.6476	attack_styles	https://oldschool.runescape.wiki/w/Special:Redirect/revision/15207953	2026-08-06	OSRS Wiki Infobox Monster; fill-only sync
npc.tarn.6476	hitpoints	https://oldschool.runescape.wiki/w/Special:Redirect/revision/15207953	2026-08-06	OSRS Wiki Infobox Monster; fill-only sync
npc.tarn.6476	max_hit	https://oldschool.runescape.wiki/w/Special:Redirect/revision/15207953	2026-08-06	OSRS Wiki Infobox Monster; fill-only sync
npc.tarn.6476	slayer_requirement	https://oldschool.runescape.wiki/w/Special:Redirect/revision/15207953	2026-08-06	OSRS Wiki Infobox Monster; fill-only sync
npc.temple_guardian.7620	aggression	https://oldschool.runescape.wiki/w/Special:Redirect/revision/15237248	2026-08-06	OSRS Wiki Infobox Monster; fill-only sync
npc.temple_guardian.7620	attack_speed	https://oldschool.runescape.wiki/w/Special:Redirect/revision/15237248	2026-08-06	OSRS Wiki Infobox Monster; fill-only sync
npc.temple_guardian.7620	attack_styles	https://oldschool.runescape.wiki/w/Special:Redirect/revision/15237248	2026-08-06	OSRS Wiki Infobox Monster; fill-only sync
npc.temple_guardian.7620	hitpoints	https://oldschool.runescape.wiki/w/Special:Redirect/revision/15237248	2026-08-06	OSRS Wiki Infobox Monster; fill-only sync
npc.temple_guardian.7620	max_hit	https://oldschool.runescape.wiki/w/Special:Redirect/revision/15237248	2026-08-06	OSRS Wiki Infobox Monster; fill-only sync
npc.temple_spider.8703	aggression	https://oldschool.runescape.wiki/w/Special:Redirect/revision/15215948	2026-08-06	OSRS Wiki Infobox Monster; fill-only sync
npc.temple_spider.8703	attack_speed	https://oldschool.runescape.wiki/w/Special:Redirect/revision/15215948	2026-08-06	OSRS Wiki Infobox Monster; fill-only sync
npc.temple_spider.8703	attack_styles	https://oldschool.runescape.wiki/w/Special:Redirect/revision/15215948	2026-08-06	OSRS Wiki Infobox Monster; fill-only sync
npc.temple_spider.8703	hitpoints	https://oldschool.runescape.wiki/w/Special:Redirect/revision/15215948	2026-08-06	OSRS Wiki Infobox Monster; fill-only sync
npc.temple_spider.8703	max_hit	https://oldschool.runescape.wiki/w/Special:Redirect/revision/15215948	2026-08-06	OSRS Wiki Infobox Monster; fill-only sync
npc.tern.15228	aggression	https://oldschool.runescape.wiki/w/Special:Redirect/revision/15237496	2026-08-06	OSRS Wiki Infobox Monster; fill-only sync
npc.tern.15228	attack_speed	https://oldschool.runescape.wiki/w/Special:Redirect/revision/15237496	2026-08-06	OSRS Wiki Infobox Monster; fill-only sync
npc.tern.15228	attack_styles	https://oldschool.runescape.wiki/w/Special:Redirect/revision/15237496	2026-08-06	OSRS Wiki Infobox Monster; fill-only sync
npc.tern.15228	hitpoints	https://oldschool.runescape.wiki/w/Special:Redirect/revision/15237496	2026-08-06	OSRS Wiki Infobox Monster; fill-only sync
npc.tern.15228	max_hit	https://oldschool.runescape.wiki/w/Special:Redirect/revision/15237496	2026-08-06	OSRS Wiki Infobox Monster; fill-only sync
npc.terror_dog.6473	aggression	https://oldschool.runescape.wiki/w/Special:Redirect/revision/15286732	2026-08-06	OSRS Wiki Infobox Monster; fill-only sync
npc.terror_dog.6473	attack_speed	https://oldschool.runescape.wiki/w/Special:Redirect/revision/15286732	2026-08-06	OSRS Wiki Infobox Monster; fill-only sync
npc.terror_dog.6473	attack_styles	https://oldschool.runescape.wiki/w/Special:Redirect/revision/15286732	2026-08-06	OSRS Wiki Infobox Monster; fill-only sync
npc.terror_dog.6473	hitpoints	https://oldschool.runescape.wiki/w/Special:Redirect/revision/15286732	2026-08-06	OSRS Wiki Infobox Monster; fill-only sync
npc.terror_dog.6473	max_hit	https://oldschool.runescape.wiki/w/Special:Redirect/revision/15286732	2026-08-06	OSRS Wiki Infobox Monster; fill-only sync
npc.terror_dog.6473	slayer_requirement	https://oldschool.runescape.wiki/w/Special:Redirect/revision/15286732	2026-08-06	OSRS Wiki Infobox Monster; fill-only sync
npc.terrorbird.2064	attack_speed	https://oldschool.runescape.wiki/w/Special:Redirect/revision/15199586	2026-08-06	OSRS Wiki Infobox Monster; fill-only sync
npc.the_draugen.3922	aggression	https://oldschool.runescape.wiki/w/Special:Redirect/revision/15215949	2026-08-06	OSRS Wiki Infobox Monster; fill-only sync
npc.the_draugen.3922	attack_speed	https://oldschool.runescape.wiki/w/Special:Redirect/revision/15215949	2026-08-06	OSRS Wiki Infobox Monster; fill-only sync
npc.the_draugen.3922	attack_styles	https://oldschool.runescape.wiki/w/Special:Redirect/revision/15215949	2026-08-06	OSRS Wiki Infobox Monster; fill-only sync
npc.the_draugen.3922	hitpoints	https://oldschool.runescape.wiki/w/Special:Redirect/revision/15215949	2026-08-06	OSRS Wiki Infobox Monster; fill-only sync
npc.the_draugen.3922	max_hit	https://oldschool.runescape.wiki/w/Special:Redirect/revision/15215949	2026-08-06	OSRS Wiki Infobox Monster; fill-only sync
npc.the_everlasting.3474	aggression	https://oldschool.runescape.wiki/w/Special:Redirect/revision/15199540	2026-08-06	OSRS Wiki Infobox Monster; fill-only sync
npc.the_everlasting.3474	attack_speed	https://oldschool.runescape.wiki/w/Special:Redirect/revision/15199540	2026-08-06	OSRS Wiki Infobox Monster; fill-only sync
npc.the_everlasting.3474	attack_styles	https://oldschool.runescape.wiki/w/Special:Redirect/revision/15199540	2026-08-06	OSRS Wiki Infobox Monster; fill-only sync
npc.the_everlasting.3474	hitpoints	https://oldschool.runescape.wiki/w/Special:Redirect/revision/15199540	2026-08-06	OSRS Wiki Infobox Monster; fill-only sync
npc.the_everlasting.3474	max_hit	https://oldschool.runescape.wiki/w/Special:Redirect/revision/15199540	2026-08-06	OSRS Wiki Infobox Monster; fill-only sync
npc.the_forsaken_assassin.12328	aggression	https://oldschool.runescape.wiki/w/Special:Redirect/revision/15212399	2026-08-06	OSRS Wiki Infobox Monster; fill-only sync
npc.the_forsaken_assassin.12328	attack_speed	https://oldschool.runescape.wiki/w/Special:Redirect/revision/15212399	2026-08-06	OSRS Wiki Infobox Monster; fill-only sync
npc.the_forsaken_assassin.12328	attack_styles	https://oldschool.runescape.wiki/w/Special:Redirect/revision/15212399	2026-08-06	OSRS Wiki Infobox Monster; fill-only sync
npc.the_forsaken_assassin.12328	hitpoints	https://oldschool.runescape.wiki/w/Special:Redirect/revision/15212399	2026-08-06	OSRS Wiki Infobox Monster; fill-only sync
npc.the_forsaken_assassin.12328	max_hit	https://oldschool.runescape.wiki/w/Special:Redirect/revision/15212399	2026-08-06	OSRS Wiki Infobox Monster; fill-only sync
npc.the_hueycoatl.14009	aggression	https://oldschool.runescape.wiki/w/Special:Redirect/revision/15261562	2026-08-06	OSRS Wiki Infobox Monster; fill-only sync
npc.the_hueycoatl.14009	attack_speed	https://oldschool.runescape.wiki/w/Special:Redirect/revision/15261562	2026-08-06	OSRS Wiki Infobox Monster; fill-only sync
npc.the_hueycoatl.14009	attack_styles	https://oldschool.runescape.wiki/w/Special:Redirect/revision/15261562	2026-08-06	OSRS Wiki Infobox Monster; fill-only sync
npc.the_hueycoatl.14009	hitpoints	https://oldschool.runescape.wiki/w/Special:Redirect/revision/15261562	2026-08-06	OSRS Wiki Infobox Monster; fill-only sync
npc.the_hueycoatl.14009	max_hit	https://oldschool.runescape.wiki/w/Special:Redirect/revision/15261562	2026-08-06	OSRS Wiki Infobox Monster; fill-only sync
npc.the_illusive.3476	aggression	https://oldschool.runescape.wiki/w/Special:Redirect/revision/15199542	2026-08-06	OSRS Wiki Infobox Monster; fill-only sync
npc.the_illusive.3476	attack_speed	https://oldschool.runescape.wiki/w/Special:Redirect/revision/15199542	2026-08-06	OSRS Wiki Infobox Monster; fill-only sync
npc.the_illusive.3476	attack_styles	https://oldschool.runescape.wiki/w/Special:Redirect/revision/15199542	2026-08-06	OSRS Wiki Infobox Monster; fill-only sync
npc.the_illusive.3476	hitpoints	https://oldschool.runescape.wiki/w/Special:Redirect/revision/15199542	2026-08-06	OSRS Wiki Infobox Monster; fill-only sync
npc.the_illusive.3476	max_hit	https://oldschool.runescape.wiki/w/Special:Redirect/revision/15199542	2026-08-06	OSRS Wiki Infobox Monster; fill-only sync
npc.the_inadequacy.3473	aggression	https://oldschool.runescape.wiki/w/Special:Redirect/revision/15199230	2026-08-06	OSRS Wiki Infobox Monster; fill-only sync
npc.the_inadequacy.3473	attack_speed	https://oldschool.runescape.wiki/w/Special:Redirect/revision/15199230	2026-08-06	OSRS Wiki Infobox Monster; fill-only sync
npc.the_inadequacy.3473	attack_styles	https://oldschool.runescape.wiki/w/Special:Redirect/revision/15199230	2026-08-06	OSRS Wiki Infobox Monster; fill-only sync
npc.the_inadequacy.3473	hitpoints	https://oldschool.runescape.wiki/w/Special:Redirect/revision/15199230	2026-08-06	OSRS Wiki Infobox Monster; fill-only sync
npc.the_inadequacy.3473	max_hit	https://oldschool.runescape.wiki/w/Special:Redirect/revision/15199230	2026-08-06	OSRS Wiki Infobox Monster; fill-only sync
npc.the_jormungand.9291	aggression	https://oldschool.runescape.wiki/w/Special:Redirect/revision/15215873	2026-08-06	OSRS Wiki Infobox Monster; fill-only sync
npc.the_jormungand.9291	attack_speed	https://oldschool.runescape.wiki/w/Special:Redirect/revision/15215873	2026-08-06	OSRS Wiki Infobox Monster; fill-only sync
npc.the_jormungand.9291	attack_styles	https://oldschool.runescape.wiki/w/Special:Redirect/revision/15215873	2026-08-06	OSRS Wiki Infobox Monster; fill-only sync
npc.the_jormungand.9291	hitpoints	https://oldschool.runescape.wiki/w/Special:Redirect/revision/15215873	2026-08-06	OSRS Wiki Infobox Monster; fill-only sync
npc.the_jormungand.9291	max_hit	https://oldschool.runescape.wiki/w/Special:Redirect/revision/15215873	2026-08-06	OSRS Wiki Infobox Monster; fill-only sync
npc.the_jormungand.9291	slayer_requirement	https://oldschool.runescape.wiki/w/Special:Redirect/revision/15215873	2026-08-06	OSRS Wiki Infobox Monster; fill-only sync
npc.the_kendal.1377	attack_speed	https://oldschool.runescape.wiki/w/Special:Redirect/revision/15199460	2026-08-06	OSRS Wiki Infobox Monster; fill-only sync
npc.the_leviathan.12214	aggression	https://oldschool.runescape.wiki/w/Special:Redirect/revision/15274478	2026-08-06	OSRS Wiki Infobox Monster; fill-only sync
npc.the_leviathan.12214	attack_speed	https://oldschool.runescape.wiki/w/Special:Redirect/revision/15274478	2026-08-06	OSRS Wiki Infobox Monster; fill-only sync
npc.the_leviathan.12214	attack_styles	https://oldschool.runescape.wiki/w/Special:Redirect/revision/15274478	2026-08-06	OSRS Wiki Infobox Monster; fill-only sync
npc.the_leviathan.12214	hitpoints	https://oldschool.runescape.wiki/w/Special:Redirect/revision/15274478	2026-08-06	OSRS Wiki Infobox Monster; fill-only sync
npc.the_leviathan.12214	max_hit	https://oldschool.runescape.wiki/w/Special:Redirect/revision/15274478	2026-08-06	OSRS Wiki Infobox Monster; fill-only sync
npc.the_maiden_of_sugadinti.8360	aggression	https://oldschool.runescape.wiki/w/Special:Redirect/revision/15266058	2026-08-06	OSRS Wiki Infobox Monster; fill-only sync
npc.the_maiden_of_sugadinti.8360	attack_speed	https://oldschool.runescape.wiki/w/Special:Redirect/revision/15266058	2026-08-06	OSRS Wiki Infobox Monster; fill-only sync
npc.the_maiden_of_sugadinti.8360	attack_styles	https://oldschool.runescape.wiki/w/Special:Redirect/revision/15266058	2026-08-06	OSRS Wiki Infobox Monster; fill-only sync
npc.the_maiden_of_sugadinti.8360	hitpoints	https://oldschool.runescape.wiki/w/Special:Redirect/revision/15266058	2026-08-06	OSRS Wiki Infobox Monster; fill-only sync
npc.the_maiden_of_sugadinti.8360	max_hit	https://oldschool.runescape.wiki/w/Special:Redirect/revision/15266058	2026-08-06	OSRS Wiki Infobox Monster; fill-only sync
npc.the_mimic.8633	aggression	https://oldschool.runescape.wiki/w/Special:Redirect/revision/15276887	2026-08-06	OSRS Wiki Infobox Monster; fill-only sync
npc.the_mimic.8633	attack_speed	https://oldschool.runescape.wiki/w/Special:Redirect/revision/15276887	2026-08-06	OSRS Wiki Infobox Monster; fill-only sync
npc.the_mimic.8633	attack_styles	https://oldschool.runescape.wiki/w/Special:Redirect/revision/15276887	2026-08-06	OSRS Wiki Infobox Monster; fill-only sync
npc.the_mimic.8633	hitpoints	https://oldschool.runescape.wiki/w/Special:Redirect/revision/15276887	2026-08-06	OSRS Wiki Infobox Monster; fill-only sync
npc.the_mimic.8633	max_hit	https://oldschool.runescape.wiki/w/Special:Redirect/revision/15276887	2026-08-06	OSRS Wiki Infobox Monster; fill-only sync
npc.the_nightmare.9425	aggression	https://oldschool.runescape.wiki/w/Special:Redirect/revision/15264614	2026-08-06	OSRS Wiki Infobox Monster; fill-only sync
npc.the_nightmare.9425	attack_speed	https://oldschool.runescape.wiki/w/Special:Redirect/revision/15264614	2026-08-06	OSRS Wiki Infobox Monster; fill-only sync
npc.the_nightmare.9425	attack_styles	https://oldschool.runescape.wiki/w/Special:Redirect/revision/15264614	2026-08-06	OSRS Wiki Infobox Monster; fill-only sync
npc.the_nightmare.9425	hitpoints	https://oldschool.runescape.wiki/w/Special:Redirect/revision/15264614	2026-08-06	OSRS Wiki Infobox Monster; fill-only sync
npc.the_nightmare.9425	max_hit	https://oldschool.runescape.wiki/w/Special:Redirect/revision/15264614	2026-08-06	OSRS Wiki Infobox Monster; fill-only sync
npc.the_rocks.15168	aggression	https://oldschool.runescape.wiki/w/Special:Redirect/revision/15200739	2026-08-06	OSRS Wiki Infobox Monster; fill-only sync
npc.the_rocks.15168	attack_speed	https://oldschool.runescape.wiki/w/Special:Redirect/revision/15200739	2026-08-06	OSRS Wiki Infobox Monster; fill-only sync
npc.the_rocks.15168	attack_styles	https://oldschool.runescape.wiki/w/Special:Redirect/revision/15200739	2026-08-06	OSRS Wiki Infobox Monster; fill-only sync
npc.the_rocks.15168	hitpoints	https://oldschool.runescape.wiki/w/Special:Redirect/revision/15200739	2026-08-06	OSRS Wiki Infobox Monster; fill-only sync
npc.the_rocks.15168	max_hit	https://oldschool.runescape.wiki/w/Special:Redirect/revision/15200739	2026-08-06	OSRS Wiki Infobox Monster; fill-only sync
npc.the_shaikahan.4708	aggression	https://oldschool.runescape.wiki/w/Special:Redirect/revision/15206313	2026-08-06	OSRS Wiki Infobox Monster; fill-only sync
npc.the_shaikahan.4708	attack_speed	https://oldschool.runescape.wiki/w/Special:Redirect/revision/15206313	2026-08-06	OSRS Wiki Infobox Monster; fill-only sync
npc.the_shaikahan.4708	attack_styles	https://oldschool.runescape.wiki/w/Special:Redirect/revision/15206313	2026-08-06	OSRS Wiki Infobox Monster; fill-only sync
npc.the_shaikahan.4708	hitpoints	https://oldschool.runescape.wiki/w/Special:Redirect/revision/15206313	2026-08-06	OSRS Wiki Infobox Monster; fill-only sync
npc.the_shaikahan.4708	max_hit	https://oldschool.runescape.wiki/w/Special:Redirect/revision/15206313	2026-08-06	OSRS Wiki Infobox Monster; fill-only sync
npc.the_untouchable.3475	aggression	https://oldschool.runescape.wiki/w/Special:Redirect/revision/15199541	2026-08-06	OSRS Wiki Infobox Monster; fill-only sync
npc.the_untouchable.3475	attack_speed	https://oldschool.runescape.wiki/w/Special:Redirect/revision/15199541	2026-08-06	OSRS Wiki Infobox Monster; fill-only sync
npc.the_untouchable.3475	attack_styles	https://oldschool.runescape.wiki/w/Special:Redirect/revision/15199541	2026-08-06	OSRS Wiki Infobox Monster; fill-only sync
npc.the_untouchable.3475	hitpoints	https://oldschool.runescape.wiki/w/Special:Redirect/revision/15199541	2026-08-06	OSRS Wiki Infobox Monster; fill-only sync
npc.the_untouchable.3475	max_hit	https://oldschool.runescape.wiki/w/Special:Redirect/revision/15199541	2026-08-06	OSRS Wiki Infobox Monster; fill-only sync
npc.the_whisperer.12204	aggression	https://oldschool.runescape.wiki/w/Special:Redirect/revision/15275320	2026-08-06	OSRS Wiki Infobox Monster; fill-only sync
npc.the_whisperer.12204	attack_speed	https://oldschool.runescape.wiki/w/Special:Redirect/revision/15275320	2026-08-06	OSRS Wiki Infobox Monster; fill-only sync
npc.the_whisperer.12204	attack_styles	https://oldschool.runescape.wiki/w/Special:Redirect/revision/15275320	2026-08-06	OSRS Wiki Infobox Monster; fill-only sync
npc.the_whisperer.12204	hitpoints	https://oldschool.runescape.wiki/w/Special:Redirect/revision/15275320	2026-08-06	OSRS Wiki Infobox Monster; fill-only sync
npc.the_whisperer.12204	max_hit	https://oldschool.runescape.wiki/w/Special:Redirect/revision/15275320	2026-08-06	OSRS Wiki Infobox Monster; fill-only sync
npc.thermonuclear_smoke_devil.499	attack_speed	https://oldschool.runescape.wiki/w/Special:Redirect/revision/15283172	2026-08-06	OSRS Wiki Infobox Monster; fill-only sync
npc.thief.1448	attack_speed	https://oldschool.runescape.wiki/w/Special:Redirect/revision/15233353	2026-08-06	OSRS Wiki Infobox Monster; fill-only sync
npc.third_age_mage.8637	aggression	https://oldschool.runescape.wiki/w/Special:Redirect/revision/15200127	2026-08-06	OSRS Wiki Infobox Monster; fill-only sync
npc.third_age_mage.8637	attack_speed	https://oldschool.runescape.wiki/w/Special:Redirect/revision/15200127	2026-08-06	OSRS Wiki Infobox Monster; fill-only sync
npc.third_age_mage.8637	attack_styles	https://oldschool.runescape.wiki/w/Special:Redirect/revision/15200127	2026-08-06	OSRS Wiki Infobox Monster; fill-only sync
npc.third_age_mage.8637	hitpoints	https://oldschool.runescape.wiki/w/Special:Redirect/revision/15200127	2026-08-06	OSRS Wiki Infobox Monster; fill-only sync
npc.third_age_mage.8637	max_hit	https://oldschool.runescape.wiki/w/Special:Redirect/revision/15200127	2026-08-06	OSRS Wiki Infobox Monster; fill-only sync
npc.third_age_ranger.8636	aggression	https://oldschool.runescape.wiki/w/Special:Redirect/revision/15200128	2026-08-06	OSRS Wiki Infobox Monster; fill-only sync
npc.third_age_ranger.8636	attack_speed	https://oldschool.runescape.wiki/w/Special:Redirect/revision/15200128	2026-08-06	OSRS Wiki Infobox Monster; fill-only sync
npc.third_age_ranger.8636	attack_styles	https://oldschool.runescape.wiki/w/Special:Redirect/revision/15200128	2026-08-06	OSRS Wiki Infobox Monster; fill-only sync
npc.third_age_ranger.8636	hitpoints	https://oldschool.runescape.wiki/w/Special:Redirect/revision/15200128	2026-08-06	OSRS Wiki Infobox Monster; fill-only sync
npc.third_age_ranger.8636	max_hit	https://oldschool.runescape.wiki/w/Special:Redirect/revision/15200128	2026-08-06	OSRS Wiki Infobox Monster; fill-only sync
npc.third_age_warrior.8635	aggression	https://oldschool.runescape.wiki/w/Special:Redirect/revision/15200126	2026-08-06	OSRS Wiki Infobox Monster; fill-only sync
npc.third_age_warrior.8635	attack_speed	https://oldschool.runescape.wiki/w/Special:Redirect/revision/15200126	2026-08-06	OSRS Wiki Infobox Monster; fill-only sync
npc.third_age_warrior.8635	attack_styles	https://oldschool.runescape.wiki/w/Special:Redirect/revision/15200126	2026-08-06	OSRS Wiki Infobox Monster; fill-only sync
npc.third_age_warrior.8635	hitpoints	https://oldschool.runescape.wiki/w/Special:Redirect/revision/15200126	2026-08-06	OSRS Wiki Infobox Monster; fill-only sync
npc.third_age_warrior.8635	max_hit	https://oldschool.runescape.wiki/w/Special:Redirect/revision/15200126	2026-08-06	OSRS Wiki Infobox Monster; fill-only sync
npc.thorhild.3677	aggression	https://oldschool.runescape.wiki/w/Special:Redirect/revision/15199978	2026-08-06	OSRS Wiki Infobox Monster; fill-only sync
npc.thorhild.3677	attack_speed	https://oldschool.runescape.wiki/w/Special:Redirect/revision/15199978	2026-08-06	OSRS Wiki Infobox Monster; fill-only sync
npc.thorhild.3677	attack_styles	https://oldschool.runescape.wiki/w/Special:Redirect/revision/15199978	2026-08-06	OSRS Wiki Infobox Monster; fill-only sync
npc.thorhild.3677	hitpoints	https://oldschool.runescape.wiki/w/Special:Redirect/revision/15199978	2026-08-06	OSRS Wiki Infobox Monster; fill-only sync
npc.thorhild.3677	max_hit	https://oldschool.runescape.wiki/w/Special:Redirect/revision/15199978	2026-08-06	OSRS Wiki Infobox Monster; fill-only sync
npc.thrantax_the_mighty.3518	aggression	https://oldschool.runescape.wiki/w/Special:Redirect/revision/15273578	2026-08-06	OSRS Wiki Infobox Monster; fill-only sync
npc.thrantax_the_mighty.3518	attack_speed	https://oldschool.runescape.wiki/w/Special:Redirect/revision/15273578	2026-08-06	OSRS Wiki Infobox Monster; fill-only sync
npc.thrantax_the_mighty.3518	attack_styles	https://oldschool.runescape.wiki/w/Special:Redirect/revision/15273578	2026-08-06	OSRS Wiki Infobox Monster; fill-only sync
npc.thrantax_the_mighty.3518	hitpoints	https://oldschool.runescape.wiki/w/Special:Redirect/revision/15273578	2026-08-06	OSRS Wiki Infobox Monster; fill-only sync
npc.thrantax_the_mighty.3518	max_hit	https://oldschool.runescape.wiki/w/Special:Redirect/revision/15273578	2026-08-06	OSRS Wiki Infobox Monster; fill-only sync
npc.thrower_troll.931	attack_speed	https://oldschool.runescape.wiki/w/Special:Redirect/revision/15276240	2026-08-06	OSRS Wiki Infobox Monster; fill-only sync
npc.thug.525	attack_speed	https://oldschool.runescape.wiki/w/Special:Redirect/revision/15199160	2026-08-06	OSRS Wiki Infobox Monster; fill-only sync
npc.tiger_shark.15198	aggression	https://oldschool.runescape.wiki/w/Special:Redirect/revision/15234665	2026-08-06	OSRS Wiki Infobox Monster; fill-only sync
npc.tiger_shark.15198	attack_speed	https://oldschool.runescape.wiki/w/Special:Redirect/revision/15234665	2026-08-06	OSRS Wiki Infobox Monster; fill-only sync
npc.tiger_shark.15198	attack_styles	https://oldschool.runescape.wiki/w/Special:Redirect/revision/15234665	2026-08-06	OSRS Wiki Infobox Monster; fill-only sync
npc.tiger_shark.15198	hitpoints	https://oldschool.runescape.wiki/w/Special:Redirect/revision/15234665	2026-08-06	OSRS Wiki Infobox Monster; fill-only sync
npc.tiger_shark.15198	max_hit	https://oldschool.runescape.wiki/w/Special:Redirect/revision/15234665	2026-08-06	OSRS Wiki Infobox Monster; fill-only sync
npc.tok_xil.141	attack_speed	https://oldschool.runescape.wiki/w/Special:Redirect/revision/15262185	2026-08-06	OSRS Wiki Infobox Monster; fill-only sync
npc.tolna.1075	attack_speed	https://oldschool.runescape.wiki/w/Special:Redirect/revision/15199356	2026-08-06	OSRS Wiki Infobox Monster; fill-only sync
npc.torag_the_corrupted.1676	attack_speed	https://oldschool.runescape.wiki/w/Special:Redirect/revision/15199260	2026-08-06	OSRS Wiki Infobox Monster; fill-only sync
npc.torcher.1714	attack_speed	https://oldschool.runescape.wiki/w/Special:Redirect/revision/15199562	2026-08-06	OSRS Wiki Infobox Monster; fill-only sync
npc.tormented_demon.13599	aggression	https://oldschool.runescape.wiki/w/Special:Redirect/revision/15233308	2026-08-06	OSRS Wiki Infobox Monster; fill-only sync
npc.tormented_demon.13599	attack_speed	https://oldschool.runescape.wiki/w/Special:Redirect/revision/15233308	2026-08-06	OSRS Wiki Infobox Monster; fill-only sync
npc.tormented_demon.13599	attack_styles	https://oldschool.runescape.wiki/w/Special:Redirect/revision/15233308	2026-08-06	OSRS Wiki Infobox Monster; fill-only sync
npc.tormented_demon.13599	hitpoints	https://oldschool.runescape.wiki/w/Special:Redirect/revision/15233308	2026-08-06	OSRS Wiki Infobox Monster; fill-only sync
npc.tormented_soul.8512	aggression	https://oldschool.runescape.wiki/w/Special:Redirect/revision/15200103	2026-08-06	OSRS Wiki Infobox Monster; fill-only sync
npc.tormented_soul.8512	attack_speed	https://oldschool.runescape.wiki/w/Special:Redirect/revision/15200103	2026-08-06	OSRS Wiki Infobox Monster; fill-only sync
npc.tormented_soul.8512	attack_styles	https://oldschool.runescape.wiki/w/Special:Redirect/revision/15200103	2026-08-06	OSRS Wiki Infobox Monster; fill-only sync
npc.tormented_soul.8512	hitpoints	https://oldschool.runescape.wiki/w/Special:Redirect/revision/15200103	2026-08-06	OSRS Wiki Infobox Monster; fill-only sync
npc.tormented_soul.8512	max_hit	https://oldschool.runescape.wiki/w/Special:Redirect/revision/15200103	2026-08-06	OSRS Wiki Infobox Monster; fill-only sync
npc.tormented_warrior.3959	aggression	https://oldschool.runescape.wiki/w/Special:Redirect/revision/15273585	2026-08-06	OSRS Wiki Infobox Monster; fill-only sync
npc.tormented_warrior.3959	attack_speed	https://oldschool.runescape.wiki/w/Special:Redirect/revision/15273585	2026-08-06	OSRS Wiki Infobox Monster; fill-only sync
npc.tormented_warrior.3959	attack_styles	https://oldschool.runescape.wiki/w/Special:Redirect/revision/15273585	2026-08-06	OSRS Wiki Infobox Monster; fill-only sync
npc.tormented_warrior.3959	hitpoints	https://oldschool.runescape.wiki/w/Special:Redirect/revision/15273585	2026-08-06	OSRS Wiki Infobox Monster; fill-only sync
npc.tormented_warrior.3959	max_hit	https://oldschool.runescape.wiki/w/Special:Redirect/revision/15273585	2026-08-06	OSRS Wiki Infobox Monster; fill-only sync
npc.tortoise.6075	aggression	https://oldschool.runescape.wiki/w/Special:Redirect/revision/15258436	2026-08-06	OSRS Wiki Infobox Monster; fill-only sync
npc.tortoise.6075	attack_speed	https://oldschool.runescape.wiki/w/Special:Redirect/revision/15258436	2026-08-06	OSRS Wiki Infobox Monster; fill-only sync
npc.tortoise.6075	attack_styles	https://oldschool.runescape.wiki/w/Special:Redirect/revision/15258436	2026-08-06	OSRS Wiki Infobox Monster; fill-only sync
npc.tortoise.6075	hitpoints	https://oldschool.runescape.wiki/w/Special:Redirect/revision/15258436	2026-08-06	OSRS Wiki Infobox Monster; fill-only sync
npc.tortoise.6075	max_hit	https://oldschool.runescape.wiki/w/Special:Redirect/revision/15258436	2026-08-06	OSRS Wiki Infobox Monster; fill-only sync
npc.tortured_gorilla.7095	aggression	https://oldschool.runescape.wiki/w/Special:Redirect/revision/15199867	2026-08-06	OSRS Wiki Infobox Monster; fill-only sync
npc.tortured_gorilla.7095	attack_speed	https://oldschool.runescape.wiki/w/Special:Redirect/revision/15199867	2026-08-06	OSRS Wiki Infobox Monster; fill-only sync
npc.tortured_gorilla.7095	attack_styles	https://oldschool.runescape.wiki/w/Special:Redirect/revision/15199867	2026-08-06	OSRS Wiki Infobox Monster; fill-only sync
npc.tortured_gorilla.7095	hitpoints	https://oldschool.runescape.wiki/w/Special:Redirect/revision/15199867	2026-08-06	OSRS Wiki Infobox Monster; fill-only sync
npc.tortured_gorilla.7095	max_hit	https://oldschool.runescape.wiki/w/Special:Redirect/revision/15199867	2026-08-06	OSRS Wiki Infobox Monster; fill-only sync
npc.tortured_soul.2999	attack_speed	https://oldschool.runescape.wiki/w/Special:Redirect/revision/15283390	2026-08-06	OSRS Wiki Infobox Monster; fill-only sync
npc.tough_guy.3551	aggression	https://oldschool.runescape.wiki/w/Special:Redirect/revision/15199664	2026-08-06	OSRS Wiki Infobox Monster; fill-only sync
npc.tough_guy.3551	attack_speed	https://oldschool.runescape.wiki/w/Special:Redirect/revision/15199664	2026-08-06	OSRS Wiki Infobox Monster; fill-only sync
npc.tough_guy.3551	attack_styles	https://oldschool.runescape.wiki/w/Special:Redirect/revision/15199664	2026-08-06	OSRS Wiki Infobox Monster; fill-only sync
npc.tough_guy.3551	hitpoints	https://oldschool.runescape.wiki/w/Special:Redirect/revision/15199664	2026-08-06	OSRS Wiki Infobox Monster; fill-only sync
npc.tough_guy.3551	max_hit	https://oldschool.runescape.wiki/w/Special:Redirect/revision/15199664	2026-08-06	OSRS Wiki Infobox Monster; fill-only sync
npc.tower_archer.6065	aggression	https://oldschool.runescape.wiki/w/Special:Redirect/revision/15204724	2026-08-06	OSRS Wiki Infobox Monster; fill-only sync
npc.tower_archer.6065	attack_speed	https://oldschool.runescape.wiki/w/Special:Redirect/revision/15204724	2026-08-06	OSRS Wiki Infobox Monster; fill-only sync
npc.tower_archer.6065	attack_styles	https://oldschool.runescape.wiki/w/Special:Redirect/revision/15204724	2026-08-06	OSRS Wiki Infobox Monster; fill-only sync
npc.tower_archer.6065	hitpoints	https://oldschool.runescape.wiki/w/Special:Redirect/revision/15204724	2026-08-06	OSRS Wiki Infobox Monster; fill-only sync
npc.tower_archer.6065	max_hit	https://oldschool.runescape.wiki/w/Special:Redirect/revision/15204724	2026-08-06	OSRS Wiki Infobox Monster; fill-only sync
npc.tower_guard.4405	aggression	https://oldschool.runescape.wiki/w/Special:Redirect/revision/15199741	2026-08-06	OSRS Wiki Infobox Monster; fill-only sync
npc.tower_guard.4405	attack_speed	https://oldschool.runescape.wiki/w/Special:Redirect/revision/15199741	2026-08-06	OSRS Wiki Infobox Monster; fill-only sync
npc.tower_guard.4405	attack_styles	https://oldschool.runescape.wiki/w/Special:Redirect/revision/15199741	2026-08-06	OSRS Wiki Infobox Monster; fill-only sync
npc.tower_guard.4405	hitpoints	https://oldschool.runescape.wiki/w/Special:Redirect/revision/15199741	2026-08-06	OSRS Wiki Infobox Monster; fill-only sync
npc.tower_guard.4405	max_hit	https://oldschool.runescape.wiki/w/Special:Redirect/revision/15199741	2026-08-06	OSRS Wiki Infobox Monster; fill-only sync
npc.trapped_soul.8514	aggression	https://oldschool.runescape.wiki/w/Special:Redirect/revision/15215953	2026-08-06	OSRS Wiki Infobox Monster; fill-only sync
npc.trapped_soul.8514	attack_speed	https://oldschool.runescape.wiki/w/Special:Redirect/revision/15215953	2026-08-06	OSRS Wiki Infobox Monster; fill-only sync
npc.trapped_soul.8514	attack_styles	https://oldschool.runescape.wiki/w/Special:Redirect/revision/15215953	2026-08-06	OSRS Wiki Infobox Monster; fill-only sync
npc.trapped_soul.8514	hitpoints	https://oldschool.runescape.wiki/w/Special:Redirect/revision/15215953	2026-08-06	OSRS Wiki Infobox Monster; fill-only sync
npc.trapped_soul.8514	max_hit	https://oldschool.runescape.wiki/w/Special:Redirect/revision/15215953	2026-08-06	OSRS Wiki Infobox Monster; fill-only sync
npc.tree_spirit.1163	attack_speed	https://oldschool.runescape.wiki/w/Special:Redirect/revision/15263288	2026-08-06	OSRS Wiki Infobox Monster; fill-only sync
npc.treus_dayth.3616	aggression	https://oldschool.runescape.wiki/w/Special:Redirect/revision/15234627	2026-08-06	OSRS Wiki Infobox Monster; fill-only sync
npc.treus_dayth.3616	attack_speed	https://oldschool.runescape.wiki/w/Special:Redirect/revision/15234627	2026-08-06	OSRS Wiki Infobox Monster; fill-only sync
npc.treus_dayth.3616	attack_styles	https://oldschool.runescape.wiki/w/Special:Redirect/revision/15234627	2026-08-06	OSRS Wiki Infobox Monster; fill-only sync
npc.treus_dayth.3616	hitpoints	https://oldschool.runescape.wiki/w/Special:Redirect/revision/15234627	2026-08-06	OSRS Wiki Infobox Monster; fill-only sync
npc.treus_dayth.3616	max_hit	https://oldschool.runescape.wiki/w/Special:Redirect/revision/15234627	2026-08-06	OSRS Wiki Infobox Monster; fill-only sync
npc.tribesman.530	attack_speed	https://oldschool.runescape.wiki/w/Special:Redirect/revision/15265779	2026-08-06	OSRS Wiki Infobox Monster; fill-only sync
npc.tribeswoman.11955	aggression	https://oldschool.runescape.wiki/w/Special:Redirect/revision/15200325	2026-08-06	OSRS Wiki Infobox Monster; fill-only sync
npc.tribeswoman.11955	attack_speed	https://oldschool.runescape.wiki/w/Special:Redirect/revision/15200325	2026-08-06	OSRS Wiki Infobox Monster; fill-only sync
npc.tribeswoman.11955	attack_styles	https://oldschool.runescape.wiki/w/Special:Redirect/revision/15200325	2026-08-06	OSRS Wiki Infobox Monster; fill-only sync
npc.tribeswoman.11955	hazards	https://oldschool.runescape.wiki/w/Special:Redirect/revision/15200325	2026-08-06	OSRS Wiki Infobox Monster; fill-only sync
npc.tribeswoman.11955	hitpoints	https://oldschool.runescape.wiki/w/Special:Redirect/revision/15200325	2026-08-06	OSRS Wiki Infobox Monster; fill-only sync
npc.tribeswoman.11955	max_hit	https://oldschool.runescape.wiki/w/Special:Redirect/revision/15200325	2026-08-06	OSRS Wiki Infobox Monster; fill-only sync
npc.troll_general.4120	aggression	https://oldschool.runescape.wiki/w/Special:Redirect/revision/15267877	2026-08-06	OSRS Wiki Infobox Monster; fill-only sync
npc.troll_general.4120	attack_speed	https://oldschool.runescape.wiki/w/Special:Redirect/revision/15267877	2026-08-06	OSRS Wiki Infobox Monster; fill-only sync
npc.troll_general.4120	attack_styles	https://oldschool.runescape.wiki/w/Special:Redirect/revision/15267877	2026-08-06	OSRS Wiki Infobox Monster; fill-only sync
npc.troll_general.4120	hitpoints	https://oldschool.runescape.wiki/w/Special:Redirect/revision/15267877	2026-08-06	OSRS Wiki Infobox Monster; fill-only sync
npc.troll_general.4120	max_hit	https://oldschool.runescape.wiki/w/Special:Redirect/revision/15267877	2026-08-06	OSRS Wiki Infobox Monster; fill-only sync
npc.troll_spectator.4123	aggression	https://oldschool.runescape.wiki/w/Special:Redirect/revision/15215954	2026-08-06	OSRS Wiki Infobox Monster; fill-only sync
npc.troll_spectator.4123	attack_speed	https://oldschool.runescape.wiki/w/Special:Redirect/revision/15215954	2026-08-06	OSRS Wiki Infobox Monster; fill-only sync
npc.troll_spectator.4123	attack_styles	https://oldschool.runescape.wiki/w/Special:Redirect/revision/15215954	2026-08-06	OSRS Wiki Infobox Monster; fill-only sync
npc.troll_spectator.4123	hitpoints	https://oldschool.runescape.wiki/w/Special:Redirect/revision/15215954	2026-08-06	OSRS Wiki Infobox Monster; fill-only sync
npc.troll_spectator.4123	max_hit	https://oldschool.runescape.wiki/w/Special:Redirect/revision/15215954	2026-08-06	OSRS Wiki Infobox Monster; fill-only sync
npc.tstanon_karlak.3130	attack_speed	https://oldschool.runescape.wiki/w/Special:Redirect/revision/15199590	2026-08-06	OSRS Wiki Infobox Monster; fill-only sync
npc.tumeken_s_warden.11756	aggression	https://oldschool.runescape.wiki/w/Special:Redirect/revision/15272444	2026-08-06	OSRS Wiki Infobox Monster; fill-only sync
npc.tumeken_s_warden.11756	attack_speed	https://oldschool.runescape.wiki/w/Special:Redirect/revision/15272444	2026-08-06	OSRS Wiki Infobox Monster; fill-only sync
npc.tumeken_s_warden.11756	attack_styles	https://oldschool.runescape.wiki/w/Special:Redirect/revision/15272444	2026-08-06	OSRS Wiki Infobox Monster; fill-only sync
npc.tumeken_s_warden.11756	hitpoints	https://oldschool.runescape.wiki/w/Special:Redirect/revision/15272444	2026-08-06	OSRS Wiki Infobox Monster; fill-only sync
npc.tumeken_s_warden.11756	max_hit	https://oldschool.runescape.wiki/w/Special:Redirect/revision/15272444	2026-08-06	OSRS Wiki Infobox Monster; fill-only sync
npc.turoth.426	attack_speed	https://oldschool.runescape.wiki/w/Special:Redirect/revision/15283111	2026-08-06	OSRS Wiki Infobox Monster; fill-only sync
npc.twig.4131	aggression	https://oldschool.runescape.wiki/w/Special:Redirect/revision/15199781	2026-08-06	OSRS Wiki Infobox Monster; fill-only sync
npc.twig.4131	attack_speed	https://oldschool.runescape.wiki/w/Special:Redirect/revision/15199781	2026-08-06	OSRS Wiki Infobox Monster; fill-only sync
npc.twig.4131	attack_styles	https://oldschool.runescape.wiki/w/Special:Redirect/revision/15199781	2026-08-06	OSRS Wiki Infobox Monster; fill-only sync
npc.twig.4131	hitpoints	https://oldschool.runescape.wiki/w/Special:Redirect/revision/15199781	2026-08-06	OSRS Wiki Infobox Monster; fill-only sync
npc.twig.4131	max_hit	https://oldschool.runescape.wiki/w/Special:Redirect/revision/15199781	2026-08-06	OSRS Wiki Infobox Monster; fill-only sync
npc.typhor.9296	aggression	https://oldschool.runescape.wiki/w/Special:Redirect/revision/15200172	2026-08-06	OSRS Wiki Infobox Monster; fill-only sync
npc.typhor.9296	attack_speed	https://oldschool.runescape.wiki/w/Special:Redirect/revision/15200172	2026-08-06	OSRS Wiki Infobox Monster; fill-only sync
npc.typhor.9296	attack_styles	https://oldschool.runescape.wiki/w/Special:Redirect/revision/15200172	2026-08-06	OSRS Wiki Infobox Monster; fill-only sync
npc.typhor.9296	hitpoints	https://oldschool.runescape.wiki/w/Special:Redirect/revision/15200172	2026-08-06	OSRS Wiki Infobox Monster; fill-only sync
npc.typhor.9296	max_hit	https://oldschool.runescape.wiki/w/Special:Redirect/revision/15200172	2026-08-06	OSRS Wiki Infobox Monster; fill-only sync
npc.typhor.9296	slayer_requirement	https://oldschool.runescape.wiki/w/Special:Redirect/revision/15200172	2026-08-06	OSRS Wiki Infobox Monster; fill-only sync
npc.tyras_guard.639	attack_speed	https://oldschool.runescape.wiki/w/Special:Redirect/revision/15199537	2026-08-06	OSRS Wiki Infobox Monster; fill-only sync
npc.tz_kek.2191	attack_speed	https://oldschool.runescape.wiki/w/Special:Redirect/revision/15215955	2026-08-06	OSRS Wiki Infobox Monster; fill-only sync
npc.tz_kih.2189	attack_speed	https://oldschool.runescape.wiki/w/Special:Redirect/revision/15215956	2026-08-06	OSRS Wiki Infobox Monster; fill-only sync
npc.tzhaar_hur.2161	attack_speed	https://oldschool.runescape.wiki/w/Special:Redirect/revision/15267463	2026-08-06	OSRS Wiki Infobox Monster; fill-only sync
npc.tzhaar_ket.2173	attack_speed	https://oldschool.runescape.wiki/w/Special:Redirect/revision/15237530	2026-08-06	OSRS Wiki Infobox Monster; fill-only sync
npc.tzhaar_mej.2154	attack_speed	https://oldschool.runescape.wiki/w/Special:Redirect/revision/15199405	2026-08-06	OSRS Wiki Infobox Monster; fill-only sync
npc.tzhaar_xil.2167	attack_speed	https://oldschool.runescape.wiki/w/Special:Redirect/revision/15262178	2026-08-06	OSRS Wiki Infobox Monster; fill-only sync
npc.tzkal_zuk.7706	aggression	https://oldschool.runescape.wiki/w/Special:Redirect/revision/15283652	2026-08-06	OSRS Wiki Infobox Monster; fill-only sync
npc.tzkal_zuk.7706	attack_speed	https://oldschool.runescape.wiki/w/Special:Redirect/revision/15283652	2026-08-06	OSRS Wiki Infobox Monster; fill-only sync
npc.tzkal_zuk.7706	attack_styles	https://oldschool.runescape.wiki/w/Special:Redirect/revision/15283652	2026-08-06	OSRS Wiki Infobox Monster; fill-only sync
npc.tzkal_zuk.7706	hitpoints	https://oldschool.runescape.wiki/w/Special:Redirect/revision/15283652	2026-08-06	OSRS Wiki Infobox Monster; fill-only sync
npc.tztok_jad.3127	attack_speed	https://oldschool.runescape.wiki/w/Special:Redirect/revision/15215960	2026-08-06	OSRS Wiki Infobox Monster; fill-only sync
npc.tztok_jad_rek.15557	aggression	https://oldschool.runescape.wiki/w/Special:Redirect/revision/15200745	2026-08-06	OSRS Wiki Infobox Monster; fill-only sync
npc.tztok_jad_rek.15557	attack_speed	https://oldschool.runescape.wiki/w/Special:Redirect/revision/15200745	2026-08-06	OSRS Wiki Infobox Monster; fill-only sync
npc.tztok_jad_rek.15557	attack_styles	https://oldschool.runescape.wiki/w/Special:Redirect/revision/15200745	2026-08-06	OSRS Wiki Infobox Monster; fill-only sync
npc.tztok_jad_rek.15557	hitpoints	https://oldschool.runescape.wiki/w/Special:Redirect/revision/15200745	2026-08-06	OSRS Wiki Infobox Monster; fill-only sync
npc.tztok_jad_rek.15557	max_hit	https://oldschool.runescape.wiki/w/Special:Redirect/revision/15200745	2026-08-06	OSRS Wiki Infobox Monster; fill-only sync
npc.ugthanki.4652	aggression	https://oldschool.runescape.wiki/w/Special:Redirect/revision/15199573	2026-08-06	OSRS Wiki Infobox Monster; fill-only sync
npc.ugthanki.4652	attack_speed	https://oldschool.runescape.wiki/w/Special:Redirect/revision/15199573	2026-08-06	OSRS Wiki Infobox Monster; fill-only sync
npc.ugthanki.4652	attack_styles	https://oldschool.runescape.wiki/w/Special:Redirect/revision/15199573	2026-08-06	OSRS Wiki Infobox Monster; fill-only sync
npc.ugthanki.4652	hitpoints	https://oldschool.runescape.wiki/w/Special:Redirect/revision/15199573	2026-08-06	OSRS Wiki Infobox Monster; fill-only sync
npc.ugthanki.4652	max_hit	https://oldschool.runescape.wiki/w/Special:Redirect/revision/15199573	2026-08-06	OSRS Wiki Infobox Monster; fill-only sync
npc.ulfric.4500	aggression	https://oldschool.runescape.wiki/w/Special:Redirect/revision/15199583	2026-08-06	OSRS Wiki Infobox Monster; fill-only sync
npc.ulfric.4500	attack_speed	https://oldschool.runescape.wiki/w/Special:Redirect/revision/15199583	2026-08-06	OSRS Wiki Infobox Monster; fill-only sync
npc.ulfric.4500	attack_styles	https://oldschool.runescape.wiki/w/Special:Redirect/revision/15199583	2026-08-06	OSRS Wiki Infobox Monster; fill-only sync
npc.ulfric.4500	hitpoints	https://oldschool.runescape.wiki/w/Special:Redirect/revision/15199583	2026-08-06	OSRS Wiki Infobox Monster; fill-only sync
npc.ulfric.4500	max_hit	https://oldschool.runescape.wiki/w/Special:Redirect/revision/15199583	2026-08-06	OSRS Wiki Infobox Monster; fill-only sync
npc.umbra.11284	aggression	https://oldschool.runescape.wiki/w/Special:Redirect/revision/15221134	2026-08-06	OSRS Wiki Infobox Monster; fill-only sync
npc.umbra.11284	attack_speed	https://oldschool.runescape.wiki/w/Special:Redirect/revision/15221134	2026-08-06	OSRS Wiki Infobox Monster; fill-only sync
npc.umbra.11284	attack_styles	https://oldschool.runescape.wiki/w/Special:Redirect/revision/15221134	2026-08-06	OSRS Wiki Infobox Monster; fill-only sync
npc.umbra.11284	hitpoints	https://oldschool.runescape.wiki/w/Special:Redirect/revision/15221134	2026-08-06	OSRS Wiki Infobox Monster; fill-only sync
npc.umbra.11284	max_hit	https://oldschool.runescape.wiki/w/Special:Redirect/revision/15221134	2026-08-06	OSRS Wiki Infobox Monster; fill-only sync
npc.undead_chicken.2993	attack_speed	https://oldschool.runescape.wiki/w/Special:Redirect/revision/15215965	2026-08-06	OSRS Wiki Infobox Monster; fill-only sync
npc.undead_cow.2992	attack_speed	https://oldschool.runescape.wiki/w/Special:Redirect/revision/15215966	2026-08-06	OSRS Wiki Infobox Monster; fill-only sync
npc.undead_druid.2145	attack_speed	https://oldschool.runescape.wiki/w/Special:Redirect/revision/15252651	2026-08-06	OSRS Wiki Infobox Monster; fill-only sync
npc.undead_lumberjack.5648	aggression	https://oldschool.runescape.wiki/w/Special:Redirect/revision/15273870	2026-08-06	OSRS Wiki Infobox Monster; fill-only sync
npc.undead_lumberjack.5648	attack_speed	https://oldschool.runescape.wiki/w/Special:Redirect/revision/15273870	2026-08-06	OSRS Wiki Infobox Monster; fill-only sync
npc.undead_lumberjack.5648	attack_styles	https://oldschool.runescape.wiki/w/Special:Redirect/revision/15273870	2026-08-06	OSRS Wiki Infobox Monster; fill-only sync
npc.undead_lumberjack.5648	hitpoints	https://oldschool.runescape.wiki/w/Special:Redirect/revision/15273870	2026-08-06	OSRS Wiki Infobox Monster; fill-only sync
npc.undead_lumberjack.5648	max_hit	https://oldschool.runescape.wiki/w/Special:Redirect/revision/15273870	2026-08-06	OSRS Wiki Infobox Monster; fill-only sync
npc.undead_one.5342	aggression	https://oldschool.runescape.wiki/w/Special:Redirect/revision/15199752	2026-08-06	OSRS Wiki Infobox Monster; fill-only sync
npc.undead_one.5342	attack_speed	https://oldschool.runescape.wiki/w/Special:Redirect/revision/15199752	2026-08-06	OSRS Wiki Infobox Monster; fill-only sync
npc.undead_one.5342	attack_styles	https://oldschool.runescape.wiki/w/Special:Redirect/revision/15199752	2026-08-06	OSRS Wiki Infobox Monster; fill-only sync
npc.undead_one.5342	hitpoints	https://oldschool.runescape.wiki/w/Special:Redirect/revision/15199752	2026-08-06	OSRS Wiki Infobox Monster; fill-only sync
npc.undead_one.5342	max_hit	https://oldschool.runescape.wiki/w/Special:Redirect/revision/15199752	2026-08-06	OSRS Wiki Infobox Monster; fill-only sync
npc.undead_zealot.10591	aggression	https://oldschool.runescape.wiki/w/Special:Redirect/revision/15200240	2026-08-06	OSRS Wiki Infobox Monster; fill-only sync
npc.undead_zealot.10591	attack_speed	https://oldschool.runescape.wiki/w/Special:Redirect/revision/15200240	2026-08-06	OSRS Wiki Infobox Monster; fill-only sync
npc.undead_zealot.10591	attack_styles	https://oldschool.runescape.wiki/w/Special:Redirect/revision/15200240	2026-08-06	OSRS Wiki Infobox Monster; fill-only sync
npc.undead_zealot.10591	hitpoints	https://oldschool.runescape.wiki/w/Special:Redirect/revision/15200240	2026-08-06	OSRS Wiki Infobox Monster; fill-only sync
npc.undead_zealot.10591	max_hit	https://oldschool.runescape.wiki/w/Special:Redirect/revision/15200240	2026-08-06	OSRS Wiki Infobox Monster; fill-only sync
npc.ungadulu.3957	aggression	https://oldschool.runescape.wiki/w/Special:Redirect/revision/15273584	2026-08-06	OSRS Wiki Infobox Monster; fill-only sync
npc.ungadulu.3957	attack_speed	https://oldschool.runescape.wiki/w/Special:Redirect/revision/15273584	2026-08-06	OSRS Wiki Infobox Monster; fill-only sync
npc.ungadulu.3957	attack_styles	https://oldschool.runescape.wiki/w/Special:Redirect/revision/15273584	2026-08-06	OSRS Wiki Infobox Monster; fill-only sync
npc.ungadulu.3957	hitpoints	https://oldschool.runescape.wiki/w/Special:Redirect/revision/15273584	2026-08-06	OSRS Wiki Infobox Monster; fill-only sync
npc.ungadulu.3957	max_hit	https://oldschool.runescape.wiki/w/Special:Redirect/revision/15273584	2026-08-06	OSRS Wiki Infobox Monster; fill-only sync
npc.unicorn.2837	attack_speed	https://oldschool.runescape.wiki/w/Special:Redirect/revision/15285003	2026-08-06	OSRS Wiki Infobox Monster; fill-only sync
npc.unicorn_foal.3910	aggression	https://oldschool.runescape.wiki/w/Special:Redirect/revision/15285463	2026-08-06	OSRS Wiki Infobox Monster; fill-only sync
npc.unicorn_foal.3910	attack_speed	https://oldschool.runescape.wiki/w/Special:Redirect/revision/15285463	2026-08-06	OSRS Wiki Infobox Monster; fill-only sync
npc.unicorn_foal.3910	attack_styles	https://oldschool.runescape.wiki/w/Special:Redirect/revision/15285463	2026-08-06	OSRS Wiki Infobox Monster; fill-only sync
npc.unicorn_foal.3910	hitpoints	https://oldschool.runescape.wiki/w/Special:Redirect/revision/15285463	2026-08-06	OSRS Wiki Infobox Monster; fill-only sync
npc.unicorn_foal.3910	max_hit	https://oldschool.runescape.wiki/w/Special:Redirect/revision/15285463	2026-08-06	OSRS Wiki Infobox Monster; fill-only sync
npc.unicow.3601	aggression	https://oldschool.runescape.wiki/w/Special:Redirect/revision/15199381	2026-08-06	OSRS Wiki Infobox Monster; fill-only sync
npc.unicow.3601	attack_speed	https://oldschool.runescape.wiki/w/Special:Redirect/revision/15199381	2026-08-06	OSRS Wiki Infobox Monster; fill-only sync
npc.unicow.3601	attack_styles	https://oldschool.runescape.wiki/w/Special:Redirect/revision/15199381	2026-08-06	OSRS Wiki Infobox Monster; fill-only sync
npc.unicow.3601	hitpoints	https://oldschool.runescape.wiki/w/Special:Redirect/revision/15199381	2026-08-06	OSRS Wiki Infobox Monster; fill-only sync
npc.unicow.3601	max_hit	https://oldschool.runescape.wiki/w/Special:Redirect/revision/15199381	2026-08-06	OSRS Wiki Infobox Monster; fill-only sync
npc.uodai.5262	aggression	https://oldschool.runescape.wiki/w/Special:Redirect/revision/15200178	2026-08-06	OSRS Wiki Infobox Monster; fill-only sync
npc.uodai.5262	attack_speed	https://oldschool.runescape.wiki/w/Special:Redirect/revision/15200178	2026-08-06	OSRS Wiki Infobox Monster; fill-only sync
npc.uodai.5262	attack_styles	https://oldschool.runescape.wiki/w/Special:Redirect/revision/15200178	2026-08-06	OSRS Wiki Infobox Monster; fill-only sync
npc.uodai.5262	hitpoints	https://oldschool.runescape.wiki/w/Special:Redirect/revision/15200178	2026-08-06	OSRS Wiki Infobox Monster; fill-only sync
npc.uodai.5262	max_hit	https://oldschool.runescape.wiki/w/Special:Redirect/revision/15200178	2026-08-06	OSRS Wiki Infobox Monster; fill-only sync
npc.ur_maggot_larvae.15743	aggression	https://oldschool.runescape.wiki/w/Special:Redirect/revision/15266545	2026-08-06	OSRS Wiki Infobox Monster; fill-only sync
npc.ur_maggot_larvae.15743	attack_speed	https://oldschool.runescape.wiki/w/Special:Redirect/revision/15266545	2026-08-06	OSRS Wiki Infobox Monster; fill-only sync
npc.ur_maggot_larvae.15743	attack_styles	https://oldschool.runescape.wiki/w/Special:Redirect/revision/15266545	2026-08-06	OSRS Wiki Infobox Monster; fill-only sync
npc.ur_maggot_larvae.15743	hitpoints	https://oldschool.runescape.wiki/w/Special:Redirect/revision/15266545	2026-08-06	OSRS Wiki Infobox Monster; fill-only sync
npc.ur_maggot_larvae.15743	max_hit	https://oldschool.runescape.wiki/w/Special:Redirect/revision/15266545	2026-08-06	OSRS Wiki Infobox Monster; fill-only sync
npc.urium_shade.10589	aggression	https://oldschool.runescape.wiki/w/Special:Redirect/revision/15200239	2026-08-06	OSRS Wiki Infobox Monster; fill-only sync
npc.urium_shade.10589	attack_speed	https://oldschool.runescape.wiki/w/Special:Redirect/revision/15200239	2026-08-06	OSRS Wiki Infobox Monster; fill-only sync
npc.urium_shade.10589	attack_styles	https://oldschool.runescape.wiki/w/Special:Redirect/revision/15200239	2026-08-06	OSRS Wiki Infobox Monster; fill-only sync
npc.urium_shade.10589	hitpoints	https://oldschool.runescape.wiki/w/Special:Redirect/revision/15200239	2026-08-06	OSRS Wiki Infobox Monster; fill-only sync
npc.urium_shade.10589	max_hit	https://oldschool.runescape.wiki/w/Special:Redirect/revision/15200239	2026-08-06	OSRS Wiki Infobox Monster; fill-only sync
npc.urium_shadow.6143	aggression	https://oldschool.runescape.wiki/w/Special:Redirect/revision/15200239	2026-08-06	OSRS Wiki Infobox Monster; fill-only sync
npc.urium_shadow.6143	attack_speed	https://oldschool.runescape.wiki/w/Special:Redirect/revision/15200239	2026-08-06	OSRS Wiki Infobox Monster; fill-only sync
npc.urium_shadow.6143	attack_styles	https://oldschool.runescape.wiki/w/Special:Redirect/revision/15200239	2026-08-06	OSRS Wiki Infobox Monster; fill-only sync
npc.urium_shadow.6143	hitpoints	https://oldschool.runescape.wiki/w/Special:Redirect/revision/15200239	2026-08-06	OSRS Wiki Infobox Monster; fill-only sync
npc.urium_shadow.6143	max_hit	https://oldschool.runescape.wiki/w/Special:Redirect/revision/15200239	2026-08-06	OSRS Wiki Infobox Monster; fill-only sync
npc.uyoro.5260	aggression	https://oldschool.runescape.wiki/w/Special:Redirect/revision/15200175	2026-08-06	OSRS Wiki Infobox Monster; fill-only sync
npc.uyoro.5260	attack_speed	https://oldschool.runescape.wiki/w/Special:Redirect/revision/15200175	2026-08-06	OSRS Wiki Infobox Monster; fill-only sync
npc.uyoro.5260	attack_styles	https://oldschool.runescape.wiki/w/Special:Redirect/revision/15200175	2026-08-06	OSRS Wiki Infobox Monster; fill-only sync
npc.uyoro.5260	hitpoints	https://oldschool.runescape.wiki/w/Special:Redirect/revision/15200175	2026-08-06	OSRS Wiki Infobox Monster; fill-only sync
npc.uyoro.5260	max_hit	https://oldschool.runescape.wiki/w/Special:Redirect/revision/15200175	2026-08-06	OSRS Wiki Infobox Monster; fill-only sync
npc.valgerd.3683	aggression	https://oldschool.runescape.wiki/w/Special:Redirect/revision/15199979	2026-08-06	OSRS Wiki Infobox Monster; fill-only sync
npc.valgerd.3683	attack_speed	https://oldschool.runescape.wiki/w/Special:Redirect/revision/15199979	2026-08-06	OSRS Wiki Infobox Monster; fill-only sync
npc.valgerd.3683	attack_styles	https://oldschool.runescape.wiki/w/Special:Redirect/revision/15199979	2026-08-06	OSRS Wiki Infobox Monster; fill-only sync
npc.valgerd.3683	hitpoints	https://oldschool.runescape.wiki/w/Special:Redirect/revision/15199979	2026-08-06	OSRS Wiki Infobox Monster; fill-only sync
npc.valgerd.3683	max_hit	https://oldschool.runescape.wiki/w/Special:Redirect/revision/15199979	2026-08-06	OSRS Wiki Infobox Monster; fill-only sync
npc.vampyre_juvenile.3692	aggression	https://oldschool.runescape.wiki/w/Special:Redirect/revision/15199789	2026-08-06	OSRS Wiki Infobox Monster; fill-only sync
npc.vampyre_juvenile.3692	attack_speed	https://oldschool.runescape.wiki/w/Special:Redirect/revision/15199789	2026-08-06	OSRS Wiki Infobox Monster; fill-only sync
npc.vampyre_juvenile.3692	attack_styles	https://oldschool.runescape.wiki/w/Special:Redirect/revision/15199789	2026-08-06	OSRS Wiki Infobox Monster; fill-only sync
npc.vampyre_juvenile.3692	hitpoints	https://oldschool.runescape.wiki/w/Special:Redirect/revision/15199789	2026-08-06	OSRS Wiki Infobox Monster; fill-only sync
npc.vampyre_juvenile.3692	max_hit	https://oldschool.runescape.wiki/w/Special:Redirect/revision/15199789	2026-08-06	OSRS Wiki Infobox Monster; fill-only sync
npc.vampyre_juvinate.3694	aggression	https://oldschool.runescape.wiki/w/Special:Redirect/revision/15199450	2026-08-06	OSRS Wiki Infobox Monster; fill-only sync
npc.vampyre_juvinate.3694	attack_speed	https://oldschool.runescape.wiki/w/Special:Redirect/revision/15199450	2026-08-06	OSRS Wiki Infobox Monster; fill-only sync
npc.vampyre_juvinate.3694	attack_styles	https://oldschool.runescape.wiki/w/Special:Redirect/revision/15199450	2026-08-06	OSRS Wiki Infobox Monster; fill-only sync
npc.vampyre_juvinate.3694	hitpoints	https://oldschool.runescape.wiki/w/Special:Redirect/revision/15199450	2026-08-06	OSRS Wiki Infobox Monster; fill-only sync
npc.vampyre_juvinate.3694	max_hit	https://oldschool.runescape.wiki/w/Special:Redirect/revision/15199450	2026-08-06	OSRS Wiki Infobox Monster; fill-only sync
npc.vampyre_kraken.15212	aggression	https://oldschool.runescape.wiki/w/Special:Redirect/revision/15276864	2026-08-06	OSRS Wiki Infobox Monster; fill-only sync
npc.vampyre_kraken.15212	attack_speed	https://oldschool.runescape.wiki/w/Special:Redirect/revision/15276864	2026-08-06	OSRS Wiki Infobox Monster; fill-only sync
npc.vampyre_kraken.15212	attack_styles	https://oldschool.runescape.wiki/w/Special:Redirect/revision/15276864	2026-08-06	OSRS Wiki Infobox Monster; fill-only sync
npc.vampyre_kraken.15212	hitpoints	https://oldschool.runescape.wiki/w/Special:Redirect/revision/15276864	2026-08-06	OSRS Wiki Infobox Monster; fill-only sync
npc.vampyre_kraken.15212	max_hit	https://oldschool.runescape.wiki/w/Special:Redirect/revision/15276864	2026-08-06	OSRS Wiki Infobox Monster; fill-only sync
npc.vanstrom_klause.3735	aggression	https://oldschool.runescape.wiki/w/Special:Redirect/revision/15250331	2026-08-06	OSRS Wiki Infobox Monster; fill-only sync
npc.vanstrom_klause.3735	attack_speed	https://oldschool.runescape.wiki/w/Special:Redirect/revision/15250331	2026-08-06	OSRS Wiki Infobox Monster; fill-only sync
npc.vanstrom_klause.3735	attack_styles	https://oldschool.runescape.wiki/w/Special:Redirect/revision/15250331	2026-08-06	OSRS Wiki Infobox Monster; fill-only sync
npc.vanstrom_klause.3735	hitpoints	https://oldschool.runescape.wiki/w/Special:Redirect/revision/15250331	2026-08-06	OSRS Wiki Infobox Monster; fill-only sync
npc.vanstrom_klause.3735	max_hit	https://oldschool.runescape.wiki/w/Special:Redirect/revision/15250331	2026-08-06	OSRS Wiki Infobox Monster; fill-only sync
npc.vardorvis.12223	aggression	https://oldschool.runescape.wiki/w/Special:Redirect/revision/15275741	2026-08-06	OSRS Wiki Infobox Monster; fill-only sync
npc.vardorvis.12223	attack_speed	https://oldschool.runescape.wiki/w/Special:Redirect/revision/15275741	2026-08-06	OSRS Wiki Infobox Monster; fill-only sync
npc.vardorvis.12223	attack_styles	https://oldschool.runescape.wiki/w/Special:Redirect/revision/15275741	2026-08-06	OSRS Wiki Infobox Monster; fill-only sync
npc.vardorvis.12223	hitpoints	https://oldschool.runescape.wiki/w/Special:Redirect/revision/15275741	2026-08-06	OSRS Wiki Infobox Monster; fill-only sync
npc.veiled_kraken.15576	aggression	https://oldschool.runescape.wiki/w/Special:Redirect/revision/15276861	2026-08-06	OSRS Wiki Infobox Monster; fill-only sync
npc.veiled_kraken.15576	attack_speed	https://oldschool.runescape.wiki/w/Special:Redirect/revision/15276861	2026-08-06	OSRS Wiki Infobox Monster; fill-only sync
npc.veiled_kraken.15576	attack_styles	https://oldschool.runescape.wiki/w/Special:Redirect/revision/15276861	2026-08-06	OSRS Wiki Infobox Monster; fill-only sync
npc.veiled_kraken.15576	hitpoints	https://oldschool.runescape.wiki/w/Special:Redirect/revision/15276861	2026-08-06	OSRS Wiki Infobox Monster; fill-only sync
npc.veiled_kraken.15576	max_hit	https://oldschool.runescape.wiki/w/Special:Redirect/revision/15276861	2026-08-06	OSRS Wiki Infobox Monster; fill-only sync
npc.venator.15765	aggression	https://oldschool.runescape.wiki/w/Special:Redirect/revision/15285894	2026-08-06	OSRS Wiki Infobox Monster; fill-only sync
npc.venator.15765	attack_speed	https://oldschool.runescape.wiki/w/Special:Redirect/revision/15285894	2026-08-06	OSRS Wiki Infobox Monster; fill-only sync
npc.venator.15765	attack_styles	https://oldschool.runescape.wiki/w/Special:Redirect/revision/15285894	2026-08-06	OSRS Wiki Infobox Monster; fill-only sync
npc.venator.15765	hitpoints	https://oldschool.runescape.wiki/w/Special:Redirect/revision/15285894	2026-08-06	OSRS Wiki Infobox Monster; fill-only sync
npc.venator.15765	max_hit	https://oldschool.runescape.wiki/w/Special:Redirect/revision/15285894	2026-08-06	OSRS Wiki Infobox Monster; fill-only sync
npc.venator.15765	slayer_requirement	https://oldschool.runescape.wiki/w/Special:Redirect/revision/15285894	2026-08-06	OSRS Wiki Infobox Monster; fill-only sync
npc.venenatis.6504	aggression	https://oldschool.runescape.wiki/w/Special:Redirect/revision/15285313	2026-08-06	OSRS Wiki Infobox Monster; fill-only sync
npc.venenatis.6504	attack_speed	https://oldschool.runescape.wiki/w/Special:Redirect/revision/15285313	2026-08-06	OSRS Wiki Infobox Monster; fill-only sync
npc.venenatis.6504	attack_styles	https://oldschool.runescape.wiki/w/Special:Redirect/revision/15285313	2026-08-06	OSRS Wiki Infobox Monster; fill-only sync
npc.venenatis.6504	hitpoints	https://oldschool.runescape.wiki/w/Special:Redirect/revision/15285313	2026-08-06	OSRS Wiki Infobox Monster; fill-only sync
npc.venenatis.6504	max_hit	https://oldschool.runescape.wiki/w/Special:Redirect/revision/15285313	2026-08-06	OSRS Wiki Infobox Monster; fill-only sync
npc.venenatis_spiderling.12000	aggression	https://oldschool.runescape.wiki/w/Special:Redirect/revision/15210812	2026-08-06	OSRS Wiki Infobox Monster; fill-only sync
npc.venenatis_spiderling.12000	attack_speed	https://oldschool.runescape.wiki/w/Special:Redirect/revision/15210812	2026-08-06	OSRS Wiki Infobox Monster; fill-only sync
npc.venenatis_spiderling.12000	attack_styles	https://oldschool.runescape.wiki/w/Special:Redirect/revision/15210812	2026-08-06	OSRS Wiki Infobox Monster; fill-only sync
npc.venenatis_spiderling.12000	hitpoints	https://oldschool.runescape.wiki/w/Special:Redirect/revision/15210812	2026-08-06	OSRS Wiki Infobox Monster; fill-only sync
npc.venenatis_spiderling.12000	max_hit	https://oldschool.runescape.wiki/w/Special:Redirect/revision/15210812	2026-08-06	OSRS Wiki Infobox Monster; fill-only sync
npc.vera.2630	attack_speed	https://oldschool.runescape.wiki/w/Special:Redirect/revision/15199964	2026-08-06	OSRS Wiki Infobox Monster; fill-only sync
npc.verac_the_defiled.1677	attack_speed	https://oldschool.runescape.wiki/w/Special:Redirect/revision/15236898	2026-08-06	OSRS Wiki Infobox Monster; fill-only sync
npc.verzik_vitur.8370	aggression	https://oldschool.runescape.wiki/w/Special:Redirect/revision/15279260	2026-08-06	OSRS Wiki Infobox Monster; fill-only sync
npc.verzik_vitur.8370	attack_speed	https://oldschool.runescape.wiki/w/Special:Redirect/revision/15279260	2026-08-06	OSRS Wiki Infobox Monster; fill-only sync
npc.verzik_vitur.8370	attack_styles	https://oldschool.runescape.wiki/w/Special:Redirect/revision/15279260	2026-08-06	OSRS Wiki Infobox Monster; fill-only sync
npc.verzik_vitur.8370	hitpoints	https://oldschool.runescape.wiki/w/Special:Redirect/revision/15279260	2026-08-06	OSRS Wiki Infobox Monster; fill-only sync
npc.verzik_vitur.8370	max_hit	https://oldschool.runescape.wiki/w/Special:Redirect/revision/15279260	2026-08-06	OSRS Wiki Infobox Monster; fill-only sync
npc.vet_ion.6611	aggression	https://oldschool.runescape.wiki/w/Special:Redirect/revision/15285312	2026-08-06	OSRS Wiki Infobox Monster; fill-only sync
npc.vet_ion.6611	attack_speed	https://oldschool.runescape.wiki/w/Special:Redirect/revision/15285312	2026-08-06	OSRS Wiki Infobox Monster; fill-only sync
npc.vet_ion.6611	attack_styles	https://oldschool.runescape.wiki/w/Special:Redirect/revision/15285312	2026-08-06	OSRS Wiki Infobox Monster; fill-only sync
npc.vet_ion.6611	hitpoints	https://oldschool.runescape.wiki/w/Special:Redirect/revision/15285312	2026-08-06	OSRS Wiki Infobox Monster; fill-only sync
npc.vet_ion.6611	max_hit	https://oldschool.runescape.wiki/w/Special:Redirect/revision/15285312	2026-08-06	OSRS Wiki Infobox Monster; fill-only sync
npc.vitreous_chilled_jelly.15501	aggression	https://oldschool.runescape.wiki/w/Special:Redirect/revision/15283109	2026-08-06	OSRS Wiki Infobox Monster; fill-only sync
npc.vitreous_chilled_jelly.15501	attack_speed	https://oldschool.runescape.wiki/w/Special:Redirect/revision/15283109	2026-08-06	OSRS Wiki Infobox Monster; fill-only sync
npc.vitreous_chilled_jelly.15501	attack_styles	https://oldschool.runescape.wiki/w/Special:Redirect/revision/15283109	2026-08-06	OSRS Wiki Infobox Monster; fill-only sync
npc.vitreous_chilled_jelly.15501	hitpoints	https://oldschool.runescape.wiki/w/Special:Redirect/revision/15283109	2026-08-06	OSRS Wiki Infobox Monster; fill-only sync
npc.vitreous_chilled_jelly.15501	max_hit	https://oldschool.runescape.wiki/w/Special:Redirect/revision/15283109	2026-08-06	OSRS Wiki Infobox Monster; fill-only sync
npc.vitreous_chilled_jelly.15501	slayer_requirement	https://oldschool.runescape.wiki/w/Special:Redirect/revision/15283109	2026-08-06	OSRS Wiki Infobox Monster; fill-only sync
npc.vitreous_jelly.7399	aggression	https://oldschool.runescape.wiki/w/Special:Redirect/revision/15283099	2026-08-06	OSRS Wiki Infobox Monster; fill-only sync
npc.vitreous_jelly.7399	attack_speed	https://oldschool.runescape.wiki/w/Special:Redirect/revision/15283099	2026-08-06	OSRS Wiki Infobox Monster; fill-only sync
npc.vitreous_jelly.7399	attack_styles	https://oldschool.runescape.wiki/w/Special:Redirect/revision/15283099	2026-08-06	OSRS Wiki Infobox Monster; fill-only sync
npc.vitreous_jelly.7399	hitpoints	https://oldschool.runescape.wiki/w/Special:Redirect/revision/15283099	2026-08-06	OSRS Wiki Infobox Monster; fill-only sync
npc.vitreous_jelly.7399	max_hit	https://oldschool.runescape.wiki/w/Special:Redirect/revision/15283099	2026-08-06	OSRS Wiki Infobox Monster; fill-only sync
npc.vitreous_jelly.7399	slayer_requirement	https://oldschool.runescape.wiki/w/Special:Redirect/revision/15283099	2026-08-06	OSRS Wiki Infobox Monster; fill-only sync
npc.vitreous_warped_jelly.7400	aggression	https://oldschool.runescape.wiki/w/Special:Redirect/revision/15283103	2026-08-06	OSRS Wiki Infobox Monster; fill-only sync
npc.vitreous_warped_jelly.7400	attack_speed	https://oldschool.runescape.wiki/w/Special:Redirect/revision/15283103	2026-08-06	OSRS Wiki Infobox Monster; fill-only sync
npc.vitreous_warped_jelly.7400	attack_styles	https://oldschool.runescape.wiki/w/Special:Redirect/revision/15283103	2026-08-06	OSRS Wiki Infobox Monster; fill-only sync
npc.vitreous_warped_jelly.7400	hitpoints	https://oldschool.runescape.wiki/w/Special:Redirect/revision/15283103	2026-08-06	OSRS Wiki Infobox Monster; fill-only sync
npc.vitreous_warped_jelly.7400	max_hit	https://oldschool.runescape.wiki/w/Special:Redirect/revision/15283103	2026-08-06	OSRS Wiki Infobox Monster; fill-only sync
npc.vitreous_warped_jelly.7400	slayer_requirement	https://oldschool.runescape.wiki/w/Special:Redirect/revision/15283103	2026-08-06	OSRS Wiki Infobox Monster; fill-only sync
npc.viyeldi.3963	aggression	https://oldschool.runescape.wiki/w/Special:Redirect/revision/15276415	2026-08-06	OSRS Wiki Infobox Monster; fill-only sync
npc.viyeldi.3963	attack_speed	https://oldschool.runescape.wiki/w/Special:Redirect/revision/15276415	2026-08-06	OSRS Wiki Infobox Monster; fill-only sync
npc.viyeldi.3963	attack_styles	https://oldschool.runescape.wiki/w/Special:Redirect/revision/15276415	2026-08-06	OSRS Wiki Infobox Monster; fill-only sync
npc.viyeldi.3963	hitpoints	https://oldschool.runescape.wiki/w/Special:Redirect/revision/15276415	2026-08-06	OSRS Wiki Infobox Monster; fill-only sync
npc.viyeldi.3963	max_hit	https://oldschool.runescape.wiki/w/Special:Redirect/revision/15276415	2026-08-06	OSRS Wiki Infobox Monster; fill-only sync
npc.void_flare.14179	aggression	https://oldschool.runescape.wiki/w/Special:Redirect/revision/15200627	2026-08-06	OSRS Wiki Infobox Monster; fill-only sync
npc.void_flare.14179	attack_speed	https://oldschool.runescape.wiki/w/Special:Redirect/revision/15200627	2026-08-06	OSRS Wiki Infobox Monster; fill-only sync
npc.void_flare.14179	attack_styles	https://oldschool.runescape.wiki/w/Special:Redirect/revision/15200627	2026-08-06	OSRS Wiki Infobox Monster; fill-only sync
npc.void_flare.14179	hitpoints	https://oldschool.runescape.wiki/w/Special:Redirect/revision/15200627	2026-08-06	OSRS Wiki Infobox Monster; fill-only sync
npc.void_flare.14179	max_hit	https://oldschool.runescape.wiki/w/Special:Redirect/revision/15200627	2026-08-06	OSRS Wiki Infobox Monster; fill-only sync
npc.volatile_baboon.11716	aggression	https://oldschool.runescape.wiki/w/Special:Redirect/revision/15200312	2026-08-06	OSRS Wiki Infobox Monster; fill-only sync
npc.volatile_baboon.11716	attack_speed	https://oldschool.runescape.wiki/w/Special:Redirect/revision/15200312	2026-08-06	OSRS Wiki Infobox Monster; fill-only sync
npc.volatile_baboon.11716	hitpoints	https://oldschool.runescape.wiki/w/Special:Redirect/revision/15200312	2026-08-06	OSRS Wiki Infobox Monster; fill-only sync
npc.volatile_baboon.11716	max_hit	https://oldschool.runescape.wiki/w/Special:Redirect/revision/15200312	2026-08-06	OSRS Wiki Infobox Monster; fill-only sync
npc.vorkath.8060	aggression	https://oldschool.runescape.wiki/w/Special:Redirect/revision/15283387	2026-08-06	OSRS Wiki Infobox Monster; fill-only sync
npc.vorkath.8060	attack_speed	https://oldschool.runescape.wiki/w/Special:Redirect/revision/15283387	2026-08-06	OSRS Wiki Infobox Monster; fill-only sync
npc.vorkath.8060	attack_styles	https://oldschool.runescape.wiki/w/Special:Redirect/revision/15283387	2026-08-06	OSRS Wiki Infobox Monster; fill-only sync
npc.vorkath.8060	hazards	https://oldschool.runescape.wiki/w/Special:Redirect/revision/15283387	2026-08-06	OSRS Wiki Infobox Monster; fill-only sync
npc.vorkath.8060	hitpoints	https://oldschool.runescape.wiki/w/Special:Redirect/revision/15283387	2026-08-06	OSRS Wiki Infobox Monster; fill-only sync
npc.vorkath.8060	max_hit	https://oldschool.runescape.wiki/w/Special:Redirect/revision/15283387	2026-08-06	OSRS Wiki Infobox Monster; fill-only sync
npc.vulture.1267	attack_speed	https://oldschool.runescape.wiki/w/Special:Redirect/revision/15231372	2026-08-06	OSRS Wiki Infobox Monster; fill-only sync
npc.vyrewatch.3717	aggression	https://oldschool.runescape.wiki/w/Special:Redirect/revision/15276444	2026-08-06	OSRS Wiki Infobox Monster; fill-only sync
npc.vyrewatch.3717	attack_speed	https://oldschool.runescape.wiki/w/Special:Redirect/revision/15276444	2026-08-06	OSRS Wiki Infobox Monster; fill-only sync
npc.vyrewatch.3717	attack_styles	https://oldschool.runescape.wiki/w/Special:Redirect/revision/15276444	2026-08-06	OSRS Wiki Infobox Monster; fill-only sync
npc.vyrewatch.3717	hitpoints	https://oldschool.runescape.wiki/w/Special:Redirect/revision/15276444	2026-08-06	OSRS Wiki Infobox Monster; fill-only sync
npc.vyrewatch.3717	max_hit	https://oldschool.runescape.wiki/w/Special:Redirect/revision/15276444	2026-08-06	OSRS Wiki Infobox Monster; fill-only sync
npc.vyrewatch_sentinel.9756	aggression	https://oldschool.runescape.wiki/w/Special:Redirect/revision/15285528	2026-08-06	OSRS Wiki Infobox Monster; fill-only sync
npc.vyrewatch_sentinel.9756	attack_speed	https://oldschool.runescape.wiki/w/Special:Redirect/revision/15285528	2026-08-06	OSRS Wiki Infobox Monster; fill-only sync
npc.vyrewatch_sentinel.9756	attack_styles	https://oldschool.runescape.wiki/w/Special:Redirect/revision/15285528	2026-08-06	OSRS Wiki Infobox Monster; fill-only sync
npc.vyrewatch_sentinel.9756	hitpoints	https://oldschool.runescape.wiki/w/Special:Redirect/revision/15285528	2026-08-06	OSRS Wiki Infobox Monster; fill-only sync
npc.vyrewatch_sentinel.9756	max_hit	https://oldschool.runescape.wiki/w/Special:Redirect/revision/15285528	2026-08-06	OSRS Wiki Infobox Monster; fill-only sync
npc.vyrewatch_sentinel.9756	slayer_requirement	https://oldschool.runescape.wiki/w/Special:Redirect/revision/15285528	2026-08-06	OSRS Wiki Infobox Monster; fill-only sync
npc.wall_beast.476	attack_speed	https://oldschool.runescape.wiki/w/Special:Redirect/revision/15266065	2026-08-06	OSRS Wiki Infobox Monster; fill-only sync
npc.wallasalki.5938	aggression	https://oldschool.runescape.wiki/w/Special:Redirect/revision/15284085	2026-08-06	OSRS Wiki Infobox Monster; fill-only sync
npc.wallasalki.5938	attack_speed	https://oldschool.runescape.wiki/w/Special:Redirect/revision/15284085	2026-08-06	OSRS Wiki Infobox Monster; fill-only sync
npc.wallasalki.5938	attack_styles	https://oldschool.runescape.wiki/w/Special:Redirect/revision/15284085	2026-08-06	OSRS Wiki Infobox Monster; fill-only sync
npc.wallasalki.5938	hitpoints	https://oldschool.runescape.wiki/w/Special:Redirect/revision/15284085	2026-08-06	OSRS Wiki Infobox Monster; fill-only sync
npc.wallasalki.5938	max_hit	https://oldschool.runescape.wiki/w/Special:Redirect/revision/15284085	2026-08-06	OSRS Wiki Infobox Monster; fill-only sync
npc.warped_jelly.7277	aggression	https://oldschool.runescape.wiki/w/Special:Redirect/revision/15285085	2026-08-06	OSRS Wiki Infobox Monster; fill-only sync
npc.warped_jelly.7277	attack_speed	https://oldschool.runescape.wiki/w/Special:Redirect/revision/15285085	2026-08-06	OSRS Wiki Infobox Monster; fill-only sync
npc.warped_jelly.7277	attack_styles	https://oldschool.runescape.wiki/w/Special:Redirect/revision/15285085	2026-08-06	OSRS Wiki Infobox Monster; fill-only sync
npc.warped_jelly.7277	hitpoints	https://oldschool.runescape.wiki/w/Special:Redirect/revision/15285085	2026-08-06	OSRS Wiki Infobox Monster; fill-only sync
npc.warped_jelly.7277	max_hit	https://oldschool.runescape.wiki/w/Special:Redirect/revision/15285085	2026-08-06	OSRS Wiki Infobox Monster; fill-only sync
npc.warped_jelly.7277	slayer_requirement	https://oldschool.runescape.wiki/w/Special:Redirect/revision/15285085	2026-08-06	OSRS Wiki Infobox Monster; fill-only sync
npc.warped_terrorbird.12491	aggression	https://oldschool.runescape.wiki/w/Special:Redirect/revision/15288922	2026-08-06	OSRS Wiki Infobox Monster; fill-only sync
npc.warped_terrorbird.12491	attack_speed	https://oldschool.runescape.wiki/w/Special:Redirect/revision/15288922	2026-08-06	OSRS Wiki Infobox Monster; fill-only sync
npc.warped_terrorbird.12491	attack_styles	https://oldschool.runescape.wiki/w/Special:Redirect/revision/15288922	2026-08-06	OSRS Wiki Infobox Monster; fill-only sync
npc.warped_terrorbird.12491	hitpoints	https://oldschool.runescape.wiki/w/Special:Redirect/revision/15288922	2026-08-06	OSRS Wiki Infobox Monster; fill-only sync
npc.warped_terrorbird.12491	max_hit	https://oldschool.runescape.wiki/w/Special:Redirect/revision/15288922	2026-08-06	OSRS Wiki Infobox Monster; fill-only sync
npc.warped_terrorbird.12491	slayer_requirement	https://oldschool.runescape.wiki/w/Special:Redirect/revision/15288922	2026-08-06	OSRS Wiki Infobox Monster; fill-only sync
npc.warped_tortoise.12490	aggression	https://oldschool.runescape.wiki/w/Special:Redirect/revision/15283113	2026-08-06	OSRS Wiki Infobox Monster; fill-only sync
npc.warped_tortoise.12490	attack_speed	https://oldschool.runescape.wiki/w/Special:Redirect/revision/15283113	2026-08-06	OSRS Wiki Infobox Monster; fill-only sync
npc.warped_tortoise.12490	attack_styles	https://oldschool.runescape.wiki/w/Special:Redirect/revision/15283113	2026-08-06	OSRS Wiki Infobox Monster; fill-only sync
npc.warped_tortoise.12490	hitpoints	https://oldschool.runescape.wiki/w/Special:Redirect/revision/15283113	2026-08-06	OSRS Wiki Infobox Monster; fill-only sync
npc.warped_tortoise.12490	max_hit	https://oldschool.runescape.wiki/w/Special:Redirect/revision/15283113	2026-08-06	OSRS Wiki Infobox Monster; fill-only sync
npc.warped_tortoise.12490	slayer_requirement	https://oldschool.runescape.wiki/w/Special:Redirect/revision/15283113	2026-08-06	OSRS Wiki Infobox Monster; fill-only sync
npc.warrior_of_murahs.10393	hitpoints	https://oldschool.runescape.wiki/w/Special:Redirect/revision/15286355	2026-08-06	OSRS Wiki Infobox Monster; fill-only sync
npc.watchman.5420	aggression	https://oldschool.runescape.wiki/w/Special:Redirect/revision/15267434	2026-08-06	OSRS Wiki Infobox Monster; fill-only sync
npc.watchman.5420	attack_speed	https://oldschool.runescape.wiki/w/Special:Redirect/revision/15267434	2026-08-06	OSRS Wiki Infobox Monster; fill-only sync
npc.watchman.5420	attack_styles	https://oldschool.runescape.wiki/w/Special:Redirect/revision/15267434	2026-08-06	OSRS Wiki Infobox Monster; fill-only sync
npc.watchman.5420	hitpoints	https://oldschool.runescape.wiki/w/Special:Redirect/revision/15267434	2026-08-06	OSRS Wiki Infobox Monster; fill-only sync
npc.watchman.5420	max_hit	https://oldschool.runescape.wiki/w/Special:Redirect/revision/15267434	2026-08-06	OSRS Wiki Infobox Monster; fill-only sync
npc.water_elemental.1370	attack_speed	https://oldschool.runescape.wiki/w/Special:Redirect/revision/15215974	2026-08-06	OSRS Wiki Infobox Monster; fill-only sync
npc.water_wizard.1557	attack_speed	https://oldschool.runescape.wiki/w/Special:Redirect/revision/15276389	2026-08-06	OSRS Wiki Infobox Monster; fill-only sync
npc.waterfiend.2916	attack_speed	https://oldschool.runescape.wiki/w/Special:Redirect/revision/15275448	2026-08-06	OSRS Wiki Infobox Monster; fill-only sync
npc.weaponsmaster.14137	aggression	https://oldschool.runescape.wiki/w/Special:Redirect/revision/15199614	2026-08-06	OSRS Wiki Infobox Monster; fill-only sync
npc.weaponsmaster.14137	attack_speed	https://oldschool.runescape.wiki/w/Special:Redirect/revision/15199614	2026-08-06	OSRS Wiki Infobox Monster; fill-only sync
npc.weaponsmaster.14137	attack_styles	https://oldschool.runescape.wiki/w/Special:Redirect/revision/15199614	2026-08-06	OSRS Wiki Infobox Monster; fill-only sync
npc.weaponsmaster.14137	hitpoints	https://oldschool.runescape.wiki/w/Special:Redirect/revision/15199614	2026-08-06	OSRS Wiki Infobox Monster; fill-only sync
npc.weaponsmaster.14137	max_hit	https://oldschool.runescape.wiki/w/Special:Redirect/revision/15199614	2026-08-06	OSRS Wiki Infobox Monster; fill-only sync
npc.webbed_winged_crow.16226	aggression	https://oldschool.runescape.wiki/w/Special:Redirect/revision/15266648	2026-08-06	OSRS Wiki Infobox Monster; fill-only sync
npc.webbed_winged_crow.16226	attack_speed	https://oldschool.runescape.wiki/w/Special:Redirect/revision/15266648	2026-08-06	OSRS Wiki Infobox Monster; fill-only sync
npc.webbed_winged_crow.16226	attack_styles	https://oldschool.runescape.wiki/w/Special:Redirect/revision/15266648	2026-08-06	OSRS Wiki Infobox Monster; fill-only sync
npc.webbed_winged_crow.16226	hitpoints	https://oldschool.runescape.wiki/w/Special:Redirect/revision/15266648	2026-08-06	OSRS Wiki Infobox Monster; fill-only sync
npc.webbed_winged_crow.16226	max_hit	https://oldschool.runescape.wiki/w/Special:Redirect/revision/15266648	2026-08-06	OSRS Wiki Infobox Monster; fill-only sync
npc.well_armed_foe.7751	hitpoints	https://oldschool.runescape.wiki/w/Special:Redirect/revision/15209851	2026-08-06	OSRS Wiki Infobox Monster; fill-only sync
npc.werewolf.2593	attack_speed	https://oldschool.runescape.wiki/w/Special:Redirect/revision/15199240	2026-08-06	OSRS Wiki Infobox Monster; fill-only sync
npc.white_golem.4743	aggression	https://oldschool.runescape.wiki/w/Special:Redirect/revision/15199722	2026-08-06	OSRS Wiki Infobox Monster; fill-only sync
npc.white_golem.4743	attack_speed	https://oldschool.runescape.wiki/w/Special:Redirect/revision/15199722	2026-08-06	OSRS Wiki Infobox Monster; fill-only sync
npc.white_golem.4743	attack_styles	https://oldschool.runescape.wiki/w/Special:Redirect/revision/15199722	2026-08-06	OSRS Wiki Infobox Monster; fill-only sync
npc.white_golem.4743	hitpoints	https://oldschool.runescape.wiki/w/Special:Redirect/revision/15199722	2026-08-06	OSRS Wiki Infobox Monster; fill-only sync
npc.white_golem.4743	max_hit	https://oldschool.runescape.wiki/w/Special:Redirect/revision/15199722	2026-08-06	OSRS Wiki Infobox Monster; fill-only sync
npc.white_jaguar.12979	aggression	https://oldschool.runescape.wiki/w/Special:Redirect/revision/15200509	2026-08-06	OSRS Wiki Infobox Monster; fill-only sync
npc.white_jaguar.12979	attack_speed	https://oldschool.runescape.wiki/w/Special:Redirect/revision/15200509	2026-08-06	OSRS Wiki Infobox Monster; fill-only sync
npc.white_jaguar.12979	attack_styles	https://oldschool.runescape.wiki/w/Special:Redirect/revision/15200509	2026-08-06	OSRS Wiki Infobox Monster; fill-only sync
npc.white_jaguar.12979	hitpoints	https://oldschool.runescape.wiki/w/Special:Redirect/revision/15200509	2026-08-06	OSRS Wiki Infobox Monster; fill-only sync
npc.white_jaguar.12979	max_hit	https://oldschool.runescape.wiki/w/Special:Redirect/revision/15200509	2026-08-06	OSRS Wiki Infobox Monster; fill-only sync
npc.white_knight.1798	attack_speed	https://oldschool.runescape.wiki/w/Special:Redirect/revision/15199345	2026-08-06	OSRS Wiki Infobox Monster; fill-only sync
npc.white_wolf.107	attack_speed	https://oldschool.runescape.wiki/w/Special:Redirect/revision/15199396	2026-08-06	OSRS Wiki Infobox Monster; fill-only sync
npc.wighted_leech.12335	aggression	https://oldschool.runescape.wiki/w/Special:Redirect/revision/15221458	2026-08-06	OSRS Wiki Infobox Monster; fill-only sync
npc.wighted_leech.12335	attack_speed	https://oldschool.runescape.wiki/w/Special:Redirect/revision/15221458	2026-08-06	OSRS Wiki Infobox Monster; fill-only sync
npc.wighted_leech.12335	attack_styles	https://oldschool.runescape.wiki/w/Special:Redirect/revision/15221458	2026-08-06	OSRS Wiki Infobox Monster; fill-only sync
npc.wighted_leech.12335	hitpoints	https://oldschool.runescape.wiki/w/Special:Redirect/revision/15221458	2026-08-06	OSRS Wiki Infobox Monster; fill-only sync
npc.wighted_leech.12335	max_hit	https://oldschool.runescape.wiki/w/Special:Redirect/revision/15221458	2026-08-06	OSRS Wiki Infobox Monster; fill-only sync
npc.wild_dog.112	attack_speed	https://oldschool.runescape.wiki/w/Special:Redirect/revision/15199328	2026-08-06	OSRS Wiki Infobox Monster; fill-only sync
npc.wilson.3865	aggression	https://oldschool.runescape.wiki/w/Special:Redirect/revision/15199650	2026-08-06	OSRS Wiki Infobox Monster; fill-only sync
npc.wilson.3865	attack_speed	https://oldschool.runescape.wiki/w/Special:Redirect/revision/15199650	2026-08-06	OSRS Wiki Infobox Monster; fill-only sync
npc.wilson.3865	attack_styles	https://oldschool.runescape.wiki/w/Special:Redirect/revision/15199650	2026-08-06	OSRS Wiki Infobox Monster; fill-only sync
npc.wilson.3865	hitpoints	https://oldschool.runescape.wiki/w/Special:Redirect/revision/15199650	2026-08-06	OSRS Wiki Infobox Monster; fill-only sync
npc.wilson.3865	max_hit	https://oldschool.runescape.wiki/w/Special:Redirect/revision/15199650	2026-08-06	OSRS Wiki Infobox Monster; fill-only sync
npc.wingman_skree.3163	aggression	https://oldschool.runescape.wiki/w/Special:Redirect/revision/15199575	2026-08-06	OSRS Wiki Infobox Monster; fill-only sync
npc.wingman_skree.3163	attack_speed	https://oldschool.runescape.wiki/w/Special:Redirect/revision/15199575	2026-08-06	OSRS Wiki Infobox Monster; fill-only sync
npc.wingman_skree.3163	attack_styles	https://oldschool.runescape.wiki/w/Special:Redirect/revision/15199575	2026-08-06	OSRS Wiki Infobox Monster; fill-only sync
npc.wingman_skree.3163	hitpoints	https://oldschool.runescape.wiki/w/Special:Redirect/revision/15199575	2026-08-06	OSRS Wiki Infobox Monster; fill-only sync
npc.wingman_skree.3163	max_hit	https://oldschool.runescape.wiki/w/Special:Redirect/revision/15199575	2026-08-06	OSRS Wiki Infobox Monster; fill-only sync
npc.witch_s_experiment.3996	aggression	https://oldschool.runescape.wiki/w/Special:Redirect/revision/15206938	2026-08-06	OSRS Wiki Infobox Monster; fill-only sync
npc.witch_s_experiment.3996	attack_speed	https://oldschool.runescape.wiki/w/Special:Redirect/revision/15206938	2026-08-06	OSRS Wiki Infobox Monster; fill-only sync
npc.witch_s_experiment.3996	attack_styles	https://oldschool.runescape.wiki/w/Special:Redirect/revision/15206938	2026-08-06	OSRS Wiki Infobox Monster; fill-only sync
npc.witch_s_experiment.3996	hitpoints	https://oldschool.runescape.wiki/w/Special:Redirect/revision/15206938	2026-08-06	OSRS Wiki Infobox Monster; fill-only sync
npc.witch_s_experiment.3996	max_hit	https://oldschool.runescape.wiki/w/Special:Redirect/revision/15206938	2026-08-06	OSRS Wiki Infobox Monster; fill-only sync
npc.wizard.3257	aggression	https://oldschool.runescape.wiki/w/Special:Redirect/revision/15276394	2026-08-06	OSRS Wiki Infobox Monster; fill-only sync
npc.wizard.3257	attack_speed	https://oldschool.runescape.wiki/w/Special:Redirect/revision/15276394	2026-08-06	OSRS Wiki Infobox Monster; fill-only sync
npc.wizard.3257	attack_styles	https://oldschool.runescape.wiki/w/Special:Redirect/revision/15276394	2026-08-06	OSRS Wiki Infobox Monster; fill-only sync
npc.wizard.3257	hitpoints	https://oldschool.runescape.wiki/w/Special:Redirect/revision/15276394	2026-08-06	OSRS Wiki Infobox Monster; fill-only sync
npc.wizard.3257	max_hit	https://oldschool.runescape.wiki/w/Special:Redirect/revision/15276394	2026-08-06	OSRS Wiki Infobox Monster; fill-only sync
npc.wolf.106	attack_speed	https://oldschool.runescape.wiki/w/Special:Redirect/revision/15286825	2026-08-06	OSRS Wiki Infobox Monster; fill-only sync
npc.woman	attack_speed	https://oldschool.runescape.wiki/w/Special:Redirect/revision/15271035	2026-08-06	OSRS Wiki Infobox Monster; fill-only sync
npc.woman	hitpoints	https://oldschool.runescape.wiki/w/Special:Redirect/revision/15271035	2026-08-06	OSRS Wiki Infobox Monster; fill-only sync
npc.woman	max_hit	https://oldschool.runescape.wiki/w/Special:Redirect/revision/15271035	2026-08-06	OSRS Wiki Infobox Monster; fill-only sync
npc.wormbrain.820	attack_speed	https://oldschool.runescape.wiki/w/Special:Redirect/revision/15223460	2026-08-06	OSRS Wiki Infobox Monster; fill-only sync
npc.wyrd.16212	aggression	https://oldschool.runescape.wiki/w/Special:Redirect/revision/15259306	2026-08-06	OSRS Wiki Infobox Monster; fill-only sync
npc.wyrd.16212	attack_speed	https://oldschool.runescape.wiki/w/Special:Redirect/revision/15259306	2026-08-06	OSRS Wiki Infobox Monster; fill-only sync
npc.wyrd.16212	attack_styles	https://oldschool.runescape.wiki/w/Special:Redirect/revision/15259306	2026-08-06	OSRS Wiki Infobox Monster; fill-only sync
npc.wyrd.16212	hitpoints	https://oldschool.runescape.wiki/w/Special:Redirect/revision/15259306	2026-08-06	OSRS Wiki Infobox Monster; fill-only sync
npc.wyrd.16212	max_hit	https://oldschool.runescape.wiki/w/Special:Redirect/revision/15259306	2026-08-06	OSRS Wiki Infobox Monster; fill-only sync
npc.wyrm.8610	aggression	https://oldschool.runescape.wiki/w/Special:Redirect/revision/15287342	2026-08-06	OSRS Wiki Infobox Monster; fill-only sync
npc.wyrm.8610	attack_speed	https://oldschool.runescape.wiki/w/Special:Redirect/revision/15287342	2026-08-06	OSRS Wiki Infobox Monster; fill-only sync
npc.wyrm.8610	attack_styles	https://oldschool.runescape.wiki/w/Special:Redirect/revision/15287342	2026-08-06	OSRS Wiki Infobox Monster; fill-only sync
npc.wyrm.8610	hitpoints	https://oldschool.runescape.wiki/w/Special:Redirect/revision/15287342	2026-08-06	OSRS Wiki Infobox Monster; fill-only sync
npc.wyrm.8610	max_hit	https://oldschool.runescape.wiki/w/Special:Redirect/revision/15287342	2026-08-06	OSRS Wiki Infobox Monster; fill-only sync
npc.wyrm.8610	slayer_requirement	https://oldschool.runescape.wiki/w/Special:Redirect/revision/15287342	2026-08-06	OSRS Wiki Infobox Monster; fill-only sync
npc.wyrmling.13031	aggression	https://oldschool.runescape.wiki/w/Special:Redirect/revision/15284894	2026-08-06	OSRS Wiki Infobox Monster; fill-only sync
npc.wyrmling.13031	attack_speed	https://oldschool.runescape.wiki/w/Special:Redirect/revision/15284894	2026-08-06	OSRS Wiki Infobox Monster; fill-only sync
npc.wyrmling.13031	attack_styles	https://oldschool.runescape.wiki/w/Special:Redirect/revision/15284894	2026-08-06	OSRS Wiki Infobox Monster; fill-only sync
npc.wyrmling.13031	hitpoints	https://oldschool.runescape.wiki/w/Special:Redirect/revision/15284894	2026-08-06	OSRS Wiki Infobox Monster; fill-only sync
npc.wyrmling.13031	max_hit	https://oldschool.runescape.wiki/w/Special:Redirect/revision/15284894	2026-08-06	OSRS Wiki Infobox Monster; fill-only sync
npc.wyrmling.13031	slayer_requirement	https://oldschool.runescape.wiki/w/Special:Redirect/revision/15284894	2026-08-06	OSRS Wiki Infobox Monster; fill-only sync
npc.xamphur.10955	aggression	https://oldschool.runescape.wiki/w/Special:Redirect/revision/15200255	2026-08-06	OSRS Wiki Infobox Monster; fill-only sync
npc.xamphur.10955	attack_speed	https://oldschool.runescape.wiki/w/Special:Redirect/revision/15200255	2026-08-06	OSRS Wiki Infobox Monster; fill-only sync
npc.xamphur.10955	attack_styles	https://oldschool.runescape.wiki/w/Special:Redirect/revision/15200255	2026-08-06	OSRS Wiki Infobox Monster; fill-only sync
npc.xamphur.10955	hitpoints	https://oldschool.runescape.wiki/w/Special:Redirect/revision/15200255	2026-08-06	OSRS Wiki Infobox Monster; fill-only sync
npc.xamphur.10955	max_hit	https://oldschool.runescape.wiki/w/Special:Redirect/revision/15200255	2026-08-06	OSRS Wiki Infobox Monster; fill-only sync
npc.xarpus.8340	aggression	https://oldschool.runescape.wiki/w/Special:Redirect/revision/15267723	2026-08-06	OSRS Wiki Infobox Monster; fill-only sync
npc.xarpus.8340	attack_speed	https://oldschool.runescape.wiki/w/Special:Redirect/revision/15267723	2026-08-06	OSRS Wiki Infobox Monster; fill-only sync
npc.xarpus.8340	attack_styles	https://oldschool.runescape.wiki/w/Special:Redirect/revision/15267723	2026-08-06	OSRS Wiki Infobox Monster; fill-only sync
npc.xarpus.8340	hazards	https://oldschool.runescape.wiki/w/Special:Redirect/revision/15267723	2026-08-06	OSRS Wiki Infobox Monster; fill-only sync
npc.xarpus.8340	hitpoints	https://oldschool.runescape.wiki/w/Special:Redirect/revision/15267723	2026-08-06	OSRS Wiki Infobox Monster; fill-only sync
npc.xarpus.8340	max_hit	https://oldschool.runescape.wiki/w/Special:Redirect/revision/15267723	2026-08-06	OSRS Wiki Infobox Monster; fill-only sync
npc.yadviga.2628	attack_speed	https://oldschool.runescape.wiki/w/Special:Redirect/revision/15199965	2026-08-06	OSRS Wiki Infobox Monster; fill-only sync
npc.yak.5816	aggression	https://oldschool.runescape.wiki/w/Special:Redirect/revision/15283944	2026-08-06	OSRS Wiki Infobox Monster; fill-only sync
npc.yak.5816	attack_speed	https://oldschool.runescape.wiki/w/Special:Redirect/revision/15283944	2026-08-06	OSRS Wiki Infobox Monster; fill-only sync
npc.yak.5816	attack_styles	https://oldschool.runescape.wiki/w/Special:Redirect/revision/15283944	2026-08-06	OSRS Wiki Infobox Monster; fill-only sync
npc.yak.5816	hitpoints	https://oldschool.runescape.wiki/w/Special:Redirect/revision/15283944	2026-08-06	OSRS Wiki Infobox Monster; fill-only sync
npc.yak.5816	max_hit	https://oldschool.runescape.wiki/w/Special:Redirect/revision/15283944	2026-08-06	OSRS Wiki Infobox Monster; fill-only sync
npc.yama.14176	aggression	https://oldschool.runescape.wiki/w/Special:Redirect/revision/15277270	2026-08-06	OSRS Wiki Infobox Monster; fill-only sync
npc.yama.14176	attack_speed	https://oldschool.runescape.wiki/w/Special:Redirect/revision/15277270	2026-08-06	OSRS Wiki Infobox Monster; fill-only sync
npc.yama.14176	attack_styles	https://oldschool.runescape.wiki/w/Special:Redirect/revision/15277270	2026-08-06	OSRS Wiki Infobox Monster; fill-only sync
npc.yama.14176	hazards	https://oldschool.runescape.wiki/w/Special:Redirect/revision/15277270	2026-08-06	OSRS Wiki Infobox Monster; fill-only sync
npc.yama.14176	hitpoints	https://oldschool.runescape.wiki/w/Special:Redirect/revision/15277270	2026-08-06	OSRS Wiki Infobox Monster; fill-only sync
npc.yama.14176	max_hit	https://oldschool.runescape.wiki/w/Special:Redirect/revision/15277270	2026-08-06	OSRS Wiki Infobox Monster; fill-only sync
npc.yeti.2847	attack_speed	https://oldschool.runescape.wiki/w/Special:Redirect/revision/15204767	2026-08-06	OSRS Wiki Infobox Monster; fill-only sync
npc.yeti.2847	max_hit	https://oldschool.runescape.wiki/w/Special:Redirect/revision/15204767	2026-08-06	OSRS Wiki Infobox Monster; fill-only sync
npc.yt_hurkot.3128	attack_speed	https://oldschool.runescape.wiki/w/Special:Redirect/revision/15254644	2026-08-06	OSRS Wiki Infobox Monster; fill-only sync
npc.yt_mejkot.3123	attack_speed	https://oldschool.runescape.wiki/w/Special:Redirect/revision/15261583	2026-08-06	OSRS Wiki Infobox Monster; fill-only sync
npc.yuri.2615	attack_speed	https://oldschool.runescape.wiki/w/Special:Redirect/revision/15199718	2026-08-06	OSRS Wiki Infobox Monster; fill-only sync
npc.zakl_n_gritch.3131	attack_speed	https://oldschool.runescape.wiki/w/Special:Redirect/revision/15199589	2026-08-06	OSRS Wiki Infobox Monster; fill-only sync
npc.zalcano.9049	aggression	https://oldschool.runescape.wiki/w/Special:Redirect/revision/15287396	2026-08-06	OSRS Wiki Infobox Monster; fill-only sync
npc.zalcano.9049	attack_speed	https://oldschool.runescape.wiki/w/Special:Redirect/revision/15287396	2026-08-06	OSRS Wiki Infobox Monster; fill-only sync
npc.zalcano.9049	attack_styles	https://oldschool.runescape.wiki/w/Special:Redirect/revision/15287396	2026-08-06	OSRS Wiki Infobox Monster; fill-only sync
npc.zalcano.9049	hitpoints	https://oldschool.runescape.wiki/w/Special:Redirect/revision/15287396	2026-08-06	OSRS Wiki Infobox Monster; fill-only sync
npc.zalcano.9049	max_hit	https://oldschool.runescape.wiki/w/Special:Redirect/revision/15287396	2026-08-06	OSRS Wiki Infobox Monster; fill-only sync
npc.zamorak_crafter.7426	aggression	https://oldschool.runescape.wiki/w/Special:Redirect/revision/15199929	2026-08-06	OSRS Wiki Infobox Monster; fill-only sync
npc.zamorak_crafter.7426	attack_speed	https://oldschool.runescape.wiki/w/Special:Redirect/revision/15199929	2026-08-06	OSRS Wiki Infobox Monster; fill-only sync
npc.zamorak_crafter.7426	attack_styles	https://oldschool.runescape.wiki/w/Special:Redirect/revision/15199929	2026-08-06	OSRS Wiki Infobox Monster; fill-only sync
npc.zamorak_crafter.7426	hitpoints	https://oldschool.runescape.wiki/w/Special:Redirect/revision/15199929	2026-08-06	OSRS Wiki Infobox Monster; fill-only sync
npc.zamorak_crafter.7426	max_hit	https://oldschool.runescape.wiki/w/Special:Redirect/revision/15199929	2026-08-06	OSRS Wiki Infobox Monster; fill-only sync
npc.zamorak_mage.7422	aggression	https://oldschool.runescape.wiki/w/Special:Redirect/revision/15199927	2026-08-06	OSRS Wiki Infobox Monster; fill-only sync
npc.zamorak_mage.7422	attack_speed	https://oldschool.runescape.wiki/w/Special:Redirect/revision/15199927	2026-08-06	OSRS Wiki Infobox Monster; fill-only sync
npc.zamorak_mage.7422	attack_styles	https://oldschool.runescape.wiki/w/Special:Redirect/revision/15199927	2026-08-06	OSRS Wiki Infobox Monster; fill-only sync
npc.zamorak_mage.7422	hitpoints	https://oldschool.runescape.wiki/w/Special:Redirect/revision/15199927	2026-08-06	OSRS Wiki Infobox Monster; fill-only sync
npc.zamorak_mage.7422	max_hit	https://oldschool.runescape.wiki/w/Special:Redirect/revision/15199927	2026-08-06	OSRS Wiki Infobox Monster; fill-only sync
npc.zamorak_ranger.7420	aggression	https://oldschool.runescape.wiki/w/Special:Redirect/revision/15199928	2026-08-06	OSRS Wiki Infobox Monster; fill-only sync
npc.zamorak_ranger.7420	attack_speed	https://oldschool.runescape.wiki/w/Special:Redirect/revision/15199928	2026-08-06	OSRS Wiki Infobox Monster; fill-only sync
npc.zamorak_ranger.7420	attack_styles	https://oldschool.runescape.wiki/w/Special:Redirect/revision/15199928	2026-08-06	OSRS Wiki Infobox Monster; fill-only sync
npc.zamorak_ranger.7420	hitpoints	https://oldschool.runescape.wiki/w/Special:Redirect/revision/15199928	2026-08-06	OSRS Wiki Infobox Monster; fill-only sync
npc.zamorak_ranger.7420	max_hit	https://oldschool.runescape.wiki/w/Special:Redirect/revision/15199928	2026-08-06	OSRS Wiki Infobox Monster; fill-only sync
npc.zamorak_warrior.7418	aggression	https://oldschool.runescape.wiki/w/Special:Redirect/revision/15221430	2026-08-06	OSRS Wiki Infobox Monster; fill-only sync
npc.zamorak_warrior.7418	attack_speed	https://oldschool.runescape.wiki/w/Special:Redirect/revision/15221430	2026-08-06	OSRS Wiki Infobox Monster; fill-only sync
npc.zamorak_warrior.7418	attack_styles	https://oldschool.runescape.wiki/w/Special:Redirect/revision/15221430	2026-08-06	OSRS Wiki Infobox Monster; fill-only sync
npc.zamorak_warrior.7418	hitpoints	https://oldschool.runescape.wiki/w/Special:Redirect/revision/15221430	2026-08-06	OSRS Wiki Infobox Monster; fill-only sync
npc.zamorak_warrior.7418	max_hit	https://oldschool.runescape.wiki/w/Special:Redirect/revision/15221430	2026-08-06	OSRS Wiki Infobox Monster; fill-only sync
npc.zamorak_wizard.2954	attack_speed	https://oldschool.runescape.wiki/w/Special:Redirect/revision/15242279	2026-08-06	OSRS Wiki Infobox Monster; fill-only sync
npc.zemouregal_summon.15558	aggression	https://oldschool.runescape.wiki/w/Special:Redirect/revision/15200747	2026-08-06	OSRS Wiki Infobox Monster; fill-only sync
npc.zemouregal_summon.15558	attack_speed	https://oldschool.runescape.wiki/w/Special:Redirect/revision/15200747	2026-08-06	OSRS Wiki Infobox Monster; fill-only sync
npc.zemouregal_summon.15558	attack_styles	https://oldschool.runescape.wiki/w/Special:Redirect/revision/15200747	2026-08-06	OSRS Wiki Infobox Monster; fill-only sync
npc.zemouregal_summon.15558	hitpoints	https://oldschool.runescape.wiki/w/Special:Redirect/revision/15200747	2026-08-06	OSRS Wiki Infobox Monster; fill-only sync
npc.zemouregal_summon.15558	max_hit	https://oldschool.runescape.wiki/w/Special:Redirect/revision/15200747	2026-08-06	OSRS Wiki Infobox Monster; fill-only sync
npc.zogre.866	attack_speed	https://oldschool.runescape.wiki/w/Special:Redirect/revision/15199334	2026-08-06	OSRS Wiki Infobox Monster; fill-only sync
npc.zogre.866	hazards	https://oldschool.runescape.wiki/w/Special:Redirect/revision/15199334	2026-08-06	OSRS Wiki Infobox Monster; fill-only sync
npc.zoja.2631	attack_speed	https://oldschool.runescape.wiki/w/Special:Redirect/revision/15199966	2026-08-06	OSRS Wiki Infobox Monster; fill-only sync
npc.zombie.26	attack_speed	https://oldschool.runescape.wiki/w/Special:Redirect/revision/15266376	2026-08-06	OSRS Wiki Infobox Monster; fill-only sync
npc.zombie_pirate.563	attack_speed	https://oldschool.runescape.wiki/w/Special:Redirect/revision/15283956	2026-08-06	OSRS Wiki Infobox Monster; fill-only sync
npc.zombie_rat.3969	aggression	https://oldschool.runescape.wiki/w/Special:Redirect/revision/15199680	2026-08-06	OSRS Wiki Infobox Monster; fill-only sync
npc.zombie_rat.3969	attack_speed	https://oldschool.runescape.wiki/w/Special:Redirect/revision/15199680	2026-08-06	OSRS Wiki Infobox Monster; fill-only sync
npc.zombie_rat.3969	attack_styles	https://oldschool.runescape.wiki/w/Special:Redirect/revision/15199680	2026-08-06	OSRS Wiki Infobox Monster; fill-only sync
npc.zombie_rat.3969	hitpoints	https://oldschool.runescape.wiki/w/Special:Redirect/revision/15199680	2026-08-06	OSRS Wiki Infobox Monster; fill-only sync
npc.zombie_rat.3969	max_hit	https://oldschool.runescape.wiki/w/Special:Redirect/revision/15199680	2026-08-06	OSRS Wiki Infobox Monster; fill-only sync
npc.zombie_swab.619	attack_speed	https://oldschool.runescape.wiki/w/Special:Redirect/revision/15199673	2026-08-06	OSRS Wiki Infobox Monster; fill-only sync
npc.zombies_champion.3359	aggression	https://oldschool.runescape.wiki/w/Special:Redirect/revision/15213176	2026-08-06	OSRS Wiki Infobox Monster; fill-only sync
npc.zombies_champion.3359	attack_speed	https://oldschool.runescape.wiki/w/Special:Redirect/revision/15213176	2026-08-06	OSRS Wiki Infobox Monster; fill-only sync
npc.zombies_champion.3359	attack_styles	https://oldschool.runescape.wiki/w/Special:Redirect/revision/15213176	2026-08-06	OSRS Wiki Infobox Monster; fill-only sync
npc.zombies_champion.3359	hitpoints	https://oldschool.runescape.wiki/w/Special:Redirect/revision/15213176	2026-08-06	OSRS Wiki Infobox Monster; fill-only sync
npc.zombies_champion.3359	max_hit	https://oldschool.runescape.wiki/w/Special:Redirect/revision/15213176	2026-08-06	OSRS Wiki Infobox Monster; fill-only sync
npc.zombified_spawn.8062	aggression	https://oldschool.runescape.wiki/w/Special:Redirect/revision/15262173	2026-08-06	OSRS Wiki Infobox Monster; fill-only sync
npc.zombified_spawn.8062	attack_speed	https://oldschool.runescape.wiki/w/Special:Redirect/revision/15262173	2026-08-06	OSRS Wiki Infobox Monster; fill-only sync
npc.zombified_spawn.8062	attack_styles	https://oldschool.runescape.wiki/w/Special:Redirect/revision/15262173	2026-08-06	OSRS Wiki Infobox Monster; fill-only sync
npc.zombified_spawn.8062	hitpoints	https://oldschool.runescape.wiki/w/Special:Redirect/revision/15262173	2026-08-06	OSRS Wiki Infobox Monster; fill-only sync
npc.zombified_spawn.8062	max_hit	https://oldschool.runescape.wiki/w/Special:Redirect/revision/15262173	2026-08-06	OSRS Wiki Infobox Monster; fill-only sync
npc.zulrah.2042	attack_speed	https://oldschool.runescape.wiki/w/Special:Redirect/revision/15285439	2026-08-06	OSRS Wiki Infobox Monster; fill-only sync
npc.zygomite.537	attack_speed	https://oldschool.runescape.wiki/w/Special:Redirect/revision/15199355	2026-08-06	OSRS Wiki Infobox Monster; fill-only sync
