card_id	level_requirements	quest	hitpoints	unique_drops	notes	slayer_requirement	attack_styles	equipment_slot	weapon_type	attack_speed	max_hit	aggression	hazards
item.10th_squad_sigil.4035								Neck					
item.3rd_age_amulet.10344	30 Defence, 65 Magic							Neck					
item.3rd_age_axe.20011	65 Attack							Weapon	Axe	5			
item.3rd_age_bow.12424	65 Ranged							2H	Bow	4			
item.3rd_age_cloak.12437	65 Prayer							Cape					
item.3rd_age_druidic_cloak.23345	65 Defence, 65 Prayer							Cape					
item.3rd_age_druidic_robe_bottoms.23339	65 Defence, 65 Prayer							Legs					
item.3rd_age_druidic_robe_top.23336	65 Defence, 65 Prayer							Body					
item.3rd_age_druidic_staff.23342	65 Attack, 65 Prayer							Weapon	Staff	5			
item.3rd_age_felling_axe.28226								2H	Axe	7			
item.3rd_age_full_helmet.10350	65 Defence							Head					
item.3rd_age_kiteshield.10352	65 Defence							Shield					
item.3rd_age_longsword.12426	65 Attack							Weapon	2H Sword	5			
item.3rd_age_mage_hat.10342	30 Defence, 65 Magic							Head					
item.3rd_age_pickaxe.20014	65 Attack							Weapon	Pickaxe	5			
item.3rd_age_platebody.10348	65 Defence							Body					
item.3rd_age_platelegs.10346	65 Defence							Legs					
item.3rd_age_plateskirt.23242	65 Defence							Legs					
item.3rd_age_range_coif.10334	45 Defence, 65 Ranged							Head					
item.3rd_age_range_legs.10332	45 Defence, 65 Ranged							Legs					
item.3rd_age_range_top.10330	45 Defence, 65 Ranged							Body					
item.3rd_age_robe.10340	30 Defence, 65 Magic							Legs					
item.3rd_age_robe_top.10338	30 Defence, 65 Magic							Body					
item.3rd_age_vambraces.10336	45 Defence, 65 Ranged							Hands					
item.3rd_age_wand.12422	65 Magic							Weapon	Staff	4			
item.a_jester_stick.10840													
item.a_powdered_wig.10392								Head					
item.abyssal_ashes.25775													
item.abyssal_bludgeon.13263	70 Attack, 70 Strength							2H	Bludgeon	4			
item.abyssal_bracelet_5.11095								Hands					
item.abyssal_dagger.13265	70 Attack							Weapon	Stab Sword	4			
item.abyssal_dagger_bh.27861								Weapon	Stab Sword	4			
item.abyssal_lantern.26822								Shield					
item.abyssal_needle.26813													
item.abyssal_tentacle.12006	75 Attack							Weapon	Whip	4			
item.abyssal_whip.4151	70 Attack							Weapon	Whip	4			
item.accumulator_max_cape.13337	99 Attack, 99 Strength, 99 Defence, 99 Ranged, 99 Magic, 99 Prayer, 99 Hitpoints, 99 Runecraft, 99 Construction, 99 Agility, 99 Herblore, 99 Thieving, 99 Crafting, 99 Fletching, 99 Slayer, 99 Hunter, 99 Mining, 99 Smithing, 99 Fishing, 99 Cooking, 99 Firemaking, 99 Woodcutting, 99 Farming							Cape					
item.accumulator_max_hood.13338	99 Attack, 99 Strength, 99 Defence, 99 Ranged, 99 Magic, 99 Prayer, 99 Hitpoints, 99 Runecraft, 99 Construction, 99 Agility, 99 Herblore, 99 Thieving, 99 Crafting, 99 Fletching, 99 Slayer, 99 Hunter, 99 Mining, 99 Smithing, 99 Fishing, 99 Cooking, 99 Firemaking, 99 Woodcutting, 99 Farming							Head					
item.accursed_sceptre.27665								Weapon	Powered Staff	4			
item.accursed_sceptre_a.27679								Weapon	Staff	5			
item.accursed_sceptre_au.27676								Weapon	Staff	5			
item.accursed_sceptre_u.27662								Weapon	Powered Staff	4			
item.achey_tree_logs.2862													
item.achievement_diary_cape.19476								Cape					
item.achievement_diary_hood.13070								Head					
item.acorn.5312													
item.adamant-full-helm	30 Defence							Head					
item.adamant-kiteshield	30 Defence							Shield					
item.adamant-platebody	30 Defence							Body					
item.adamant_arrowtips.43													
item.adamant_axe.1357	30 Attack							Weapon	Axe	5			
item.adamant_battleaxe.1371	30 Attack							Weapon	Axe	6			
item.adamant_bolts.9143	46 Ranged							Ammo					
item.adamant_bolts_unf.9380													
item.adamant_boots.4129	30 Defence							Feet					
item.adamant_brutal.4798	30 Ranged							Ammo					
item.adamant_cane.12377	30 Attack							Weapon	Spiked	5			
item.adamant_claws.3100	30 Attack							2H	Claw	4			
item.adamant_crossbow.9183	46 Ranged							Weapon	Crossbow	6			
item.adamant_crossbow_u.9463		No											
item.adamant_dart.810	30 Ranged							Weapon	Thrown	3			
item.adamant_dart_tip.823													
item.adamant_defender.8849	30 Attack, 30 Defence							Shield					
item.adamant_dragon_mask.23270								Head					
item.adamant_felling_axe.28211								2H	Axe	7			
item.adamant_fire_arrow.2538	30 Ranged							Ammo					
item.adamant_gloves.7459								Hands					
item.adamant_gold_trimmed_set_lg.13020													
item.adamant_gold_trimmed_set_sk.13022													
item.adamant_halberd.3200	30 Attack, 15 Strength							2H	Polearm	7			
item.adamant_hasta.11375	30 Attack							Weapon	Spear	4			
item.adamant_heraldic_helm.22159	30 Defence							Head					
item.adamant_javelin.829	30 Ranged							Ammo					
item.adamant_javelin_tips.19578													
item.adamant_knife.867	30 Ranged							Weapon	Thrown	3			
item.adamant_med_helm.1145	30 Defence							Head					
item.adamant_pickaxe.1271	30 Attack, 31 Mining							Weapon	Pickaxe	5			
item.adamant_plateskirt.1091	30 Defence							Legs					
item.adamant_seeds.29458													
item.adamant_set_lg.13012													
item.adamant_set_sk.13014													
item.adamant_spear.1245	30 Attack							2H	Spear	4			
item.adamant_thrownaxe.804	30 Ranged							Weapon	Thrown	5			
item.adamant_trimmed_set_lg.13016													
item.adamant_trimmed_set_sk.13018													
item.adamant_warhammer.1345	30 Attack							Weapon	Blunt	6			
item.adamantite_limbs.9429													
item.adamantite_nails.4823													
item.adamantite_ore_fragment.21537													
item.admiral_pie.7198													
item.adventurer_s_boots_t1.27394								Feet					
item.adventurer_s_boots_t2.27402								Feet					
item.adventurer_s_boots_t3.27410								Feet					
item.adventurer_s_cape.27442								Cape					
item.adventurer_s_hood_t1.27392								Head					
item.adventurer_s_hood_t2.27400								Head					
item.adventurer_s_hood_t3.27408								Head					
item.adventurer_s_top_t1.27388								Body					
item.adventurer_s_top_t2.27396								Body					
item.adventurer_s_top_t3.27404								Body					
item.adventurer_s_trousers_t1.27390								Legs					
item.adventurer_s_trousers_t2.27398								Legs					
item.adventurer_s_trousers_t3.27406								Legs					
item.adventurer_s_vambraces.27412								Hands					
item.afro.12430								Head					
item.agility_cape.9771	99 Agility							Cape					
item.agility_hood.9773	99 Agility							Head					
item.ahrim_s_armour_set.12881													
item.ahrim_s_hood.4708	70 Defence, 70 Magic							Head					
item.ahrim_s_robeskirt.4714	70 Defence, 70 Magic							Legs					
item.ahrim_s_robetop.4712	70 Defence, 70 Magic							Body					
item.ahrim_s_staff.4710	70 Attack, 70 Magic							Weapon	Staff	6			
item.air_battlestaff.1397	1 Magic							Weapon	Staff	5			
item.air_orb.573													
item.air_talisman.1438													
item.air_tiara.5527								Head					
item.airtight_pot.4436													
item.alchemist_gloves.29986								Hands					
item.alchemist_labcoat.29978								Body					
item.alchemist_pants.29982								Legs					
item.alchemist_s_amulet.29988								Neck					
item.aldarin_teleport.30149													
item.aldarium.29993													
item.ale_of_the_gods.20056								Weapon	Unarmed	4			
item.ale_yeast.5767													
item.amethyst.21347													
item.amethyst_arrow.21326	50 Ranged							Ammo					
item.amethyst_arrowtips.21350													
item.amethyst_bolt_tips.21338													
item.amethyst_broad_bolts.21316	61 Ranged, 65 Slayer							Ammo					
item.amethyst_dart.25849								Weapon	Thrown	3			
item.amethyst_dart_tip.25853													
item.amethyst_fire_arrow.21328	50 Ranged							Ammo					
item.amethyst_javelin.21318	65 Ranged							Ammo					
item.amethyst_javelin_tips.21352													
item.ammo_mould.4													
item.amulet_mould.1595													
item.amulet_of_avarice.22557								Neck					
item.amulet_of_blood_fury.24780								Neck					
item.amulet_of_bounty.21160								Neck					
item.amulet_of_chemistry.21163								Neck					
item.amulet_of_eternal_glory.19707								Neck					
item.amulet_of_fury.6585								Neck					
item.amulet_of_glory.1704								Neck					
item.amulet_of_nature.6040								Neck					
item.amulet_of_power.1731								Neck					
item.amulet_of_rancour.29801								Neck					
item.amulet_of_rancour_s.29804								Neck					
item.amulet_of_the_damned.12853								Neck					
item.amulet_of_the_eye.26914								Neck					
item.amulet_of_torture.19553	75 Hitpoints							Neck					
item.amy_s_saw.24880								Weapon	Slash Sword	5			
item.amy_s_saw_off_hand.29774								Shield					
item.amylase_crystal.12640													
item.ana_in_a_barrel.1842													
item.ancestral_hat.21018	65 Defence, 75 Magic							Head					
item.ancestral_robe_bottom.21024	65 Defence, 75 Magic							Legs					
item.ancestral_robe_top.21021	65 Defence, 75 Magic							Body					
item.ancestral_robes_set.21049													
item.anchovy_oil.11264													
item.anchovy_pizza.2297													
item.ancient_blessing.20235								Ammo					
item.ancient_bracers.12490	40 Defence, 70 Ranged							Hands					
item.ancient_ceremonial_boots.26229								Feet					
item.ancient_ceremonial_gloves.26227								Hands					
item.ancient_ceremonial_legs.26223								Legs					
item.ancient_ceremonial_mask.26225								Head					
item.ancient_ceremonial_top.26221								Body					
item.ancient_chaps.12494	40 Defence, 70 Ranged							Legs					
item.ancient_cloak.12197	40 Prayer							Cape					
item.ancient_coif.12496	40 Defence, 70 Ranged							Head					
item.ancient_crozier.12199	60 Prayer							Weapon	Staff	5			
item.ancient_crystal.21804													
item.ancient_d_hide_body.12492	40 Defence, 70 Ranged							Body					
item.ancient_d_hide_boots.19921	40 Defence, 70 Ranged							Feet					
item.ancient_d_hide_shield.23197	40 Defence, 70 Ranged							Shield					
item.ancient_dragonhide_set.13171													
item.ancient_effigy.22302													
item.ancient_emblem.21807													
item.ancient_essence.27616													
item.ancient_full_helm.12466	40 Defence							Head					
item.ancient_godsword.26233								2H	2H Sword	6			
item.ancient_halo.24201								Head					
item.ancient_hilt.26370													
item.ancient_kiteshield.12468	40 Defence							Shield					
item.ancient_lamp.28409													
item.ancient_mace.11061	15 Attack, 25 Prayer							Weapon	Spiked	5			
item.ancient_magicks_tablet.20430													
item.ancient_medallion.22299													
item.ancient_mitre.12203	40 Magic, 40 Prayer							Head					
item.ancient_page_1.12621													
item.ancient_page_2.12622													
item.ancient_page_3.12623													
item.ancient_page_4.12624													
item.ancient_platebody.12460	40 Defence							Body					
item.ancient_platelegs.12462	40 Defence							Legs					
item.ancient_plateskirt.12464	40 Defence							Legs					
item.ancient_relic.22305													
item.ancient_robe_legs.12195	20 Prayer							Legs					
item.ancient_robe_top.12193	20 Prayer							Body					
item.ancient_rune_armour_set_lg.13060													
item.ancient_rune_armour_set_sk.13062													
item.ancient_sceptre.27624								Weapon	Staff	4			
item.ancient_staff.4675	50 Attack, 50 Magic							Weapon	Staff	4			
item.ancient_statuette.21813													
item.ancient_stole.12201	60 Prayer							Neck					
item.ancient_totem.21810													
item.ancient_wyvern_shield.21633	75 Defence, 70 Magic							Shield					
item.anger_battleaxe.7807								Weapon	Axe	6			
item.anger_mace.7808								Weapon	Spiked	5			
item.anger_spear.7809								2H	Spear	5			
item.anger_sword.7806								Weapon	Stab Sword	4			
item.angler_boots.13261								Feet					
item.angler_hat.13258								Head					
item.angler_top.13259								Body					
item.angler_waders.13260								Legs					
item.anglerfish.13441													
item.anguish_ornament_kit.22246													
item.anima_infused_bark.28134													
item.animals_bones.6904													
item.ankou_gloves.20101								Hands					
item.ankou_mask.20095								Head					
item.ankou_s_leggings.20104								Legs					
item.ankou_socks.20107								Feet					
item.ankou_top.20098								Body					
item.annakarl_teleport.12775													
item.anti_dragon_shield.1540								Shield					
item.anti_venom_4.12905													
item.anti_venom_4.12913													
item.antidote_4.5943													
item.antidote_4.5952													
item.antidote_unf.5942													
item.antidote_unf.5951													
item.antique_lamp.4447													
item.ape_atoll_teleport.19631													
item.apple_barrel.6094													
item.apple_mush.5992													
item.apple_pie.2323													
item.apple_sapling.5496													
item.apple_seedling.5480													
item.apple_seedling_w.5488													
item.apple_tree_seed.5283													
item.apples_1.5378													
item.apprentice_wand.6910	50 Magic							Weapon	Staff	4			
item.aranea_boots.29806								Feet					
item.araxyte_slayer_helmet.29816								Head					
item.araxyte_slayer_helmet_i.29818								Head					
item.araxyte_venom_sac.29784													
item.arcane_prayer_scroll.21079													
item.arcane_sigil.12827													
item.arcane_spirit_shield.12825	75 Defence, 65 Magic, 70 Prayer							Shield					
item.arceuus_banner.20251								Weapon	Polestaff	5			
item.arceuus_hood.20113								Head					
item.arceuus_library_teleport.19613													
item.arceuus_scarf.19943								Neck					
item.archer_helm.3749	45 Defence							Head					
item.archer_icon.28298													
item.archers_ring.6733								Ring					
item.archers_ring_i.11771								Ring					
item.archery_ticket.1464													
item.arclight.19675	75 Attack							Weapon	Slash Sword	4			
item.arctic_pine_logs.10810													
item.arctic_pyre_logs.10808													
item.ardougne_cloak_1.13121								Cape					
item.ardougne_cloak_2.13122								Cape					
item.ardougne_cloak_3.13123								Cape					
item.ardougne_cloak_4.13124								Cape					
item.ardougne_knight_helm.23785								Head					
item.ardougne_knight_platebody.23787								Body					
item.ardougne_knight_platelegs.23789								Legs					
item.ardougne_max_cape.20760	99 Attack, 99 Strength, 99 Defence, 99 Ranged, 99 Magic, 99 Prayer, 99 Hitpoints, 99 Runecraft, 99 Construction, 99 Agility, 99 Herblore, 99 Thieving, 99 Crafting, 99 Fletching, 99 Slayer, 99 Hunter, 99 Mining, 99 Smithing, 99 Fishing, 99 Cooking, 99 Firemaking, 99 Woodcutting, 99 Farming							Cape					
item.ardougne_max_hood.20764	99 Attack, 99 Strength, 99 Defence, 99 Ranged, 99 Magic, 99 Prayer, 99 Hitpoints, 99 Runecraft, 99 Construction, 99 Agility, 99 Herblore, 99 Thieving, 99 Crafting, 99 Fletching, 99 Slayer, 99 Hunter, 99 Mining, 99 Smithing, 99 Fishing, 99 Cooking, 99 Firemaking, 99 Woodcutting, 99 Farming							Head					
item.ardougne_teleport.8011													
item.arena_book.6891													
item.armadyl_bracers.12506	40 Defence, 70 Ranged							Hands					
item.armadyl_chainskirt.11830	70 Defence, 70 Ranged							Legs					
item.armadyl_chaps.12510	40 Defence, 70 Ranged							Legs					
item.armadyl_chestplate.11828	70 Defence, 70 Ranged							Body					
item.armadyl_cloak.12261	40 Prayer							Cape					
item.armadyl_coif.12512	40 Defence, 70 Ranged							Head					
item.armadyl_crossbow.11785	70 Ranged							Weapon	Crossbow	6			
item.armadyl_crozier.12263	60 Prayer							Weapon	Staff	5			
item.armadyl_d_hide_body.12508	40 Defence, 70 Ranged							Body					
item.armadyl_d_hide_boots.19930	40 Defence, 70 Ranged							Feet					
item.armadyl_d_hide_shield.23200	40 Defence, 70 Ranged							Shield					
item.armadyl_dragonhide_set.13169													
item.armadyl_full_helm.12476	40 Defence							Head					
item.armadyl_godsword.11802	75 Attack							2H	2H Sword	6			
item.armadyl_godsword_ornament_kit.20068													
item.armadyl_halo.24192								Head					
item.armadyl_helmet.11826	70 Defence, 70 Ranged							Head					
item.armadyl_hilt.11810													
item.armadyl_kiteshield.12478	40 Defence							Shield					
item.armadyl_mitre.12259	40 Magic, 40 Prayer							Head					
item.armadyl_page_1.12617													
item.armadyl_page_2.12618													
item.armadyl_page_3.12619													
item.armadyl_page_4.12620													
item.armadyl_pendant.87								Neck					
item.armadyl_platebody.12470	40 Defence							Body					
item.armadyl_platelegs.12472	40 Defence							Legs					
item.armadyl_plateskirt.12474	40 Defence							Legs					
item.armadyl_robe_legs.12255	20 Prayer							Legs					
item.armadyl_robe_top.12253	20 Prayer							Body					
item.armadyl_rune_armour_set_lg.13052													
item.armadyl_rune_armour_set_sk.13054													
item.armadyl_stole.12257	60 Prayer							Neck					
item.armadylean_plate.27269													
item.arrav_s_axe.30320													
item.arrow_shaft.52													
item.asgarnian_ale.1905													
item.asgarnian_ale_m.5739													
item.asgarnian_hops.5996													
item.asgarnian_seed.5308													
item.asgoldian_ale.7508													
item.ash_sanctifier.25781													
item.ashes.592													
item.assembler_max_cape.21898	99 Attack, 99 Strength, 99 Defence, 99 Ranged, 99 Magic, 99 Prayer, 99 Hitpoints, 99 Runecraft, 99 Construction, 99 Agility, 99 Herblore, 99 Thieving, 99 Crafting, 99 Fletching, 99 Slayer, 99 Hunter, 99 Mining, 99 Smithing, 99 Fishing, 99 Cooking, 99 Firemaking, 99 Woodcutting, 99 Farming							Cape					
item.assembler_max_hood.21900	99 Attack, 99 Strength, 99 Defence, 99 Ranged, 99 Magic, 99 Prayer, 99 Hitpoints, 99 Runecraft, 99 Construction, 99 Agility, 99 Herblore, 99 Thieving, 99 Crafting, 99 Fletching, 99 Slayer, 99 Hunter, 99 Mining, 99 Smithing, 99 Fishing, 99 Cooking, 99 Firemaking, 99 Woodcutting, 99 Farming							Head					
item.assorted_flowers.2460								Weapon	Blunt	4			
item.astral_rune.9075													
item.asyn_remains.3402													
item.atlatl_dart.28991								2H, Ammo	Thrown	4			
item.attack_cape.9747	99 Attack							Cape					
item.attack_hood.9749	99 Attack							Head					
item.attacker_icon.10556													
item.attas_seed.22881													
item.autumn_sq_irkjuice.10850													
item.ava_s_accumulator.10499	50 Ranged							Cape					
item.ava_s_assembler.22109	70 Ranged							Cape					
item.ava_s_attractor.10498								Cape					
item.avantoe.261													
item.avantoe_potion_unf.103													
item.avantoe_seed.5298													
item.avernic_defender.22322	70 Attack, 70 Defence							Shield					
item.avernic_defender_hilt.22477													
item.awakener_s_orb.28334													
item.axeman_s_folly.5751													
item.axeman_s_folly_m.5753													
item.baby_dragon_bone.7839													
item.baby_dragon_bonemeal.4260													
item.baby_impling_jar.11238													
item.babydragon_bones.534													
item.bag_of_salt.4161													
item.bagged_bluebells.8455													
item.bagged_daffodils.8453													
item.bagged_dead_tree.8417													
item.bagged_flower.8451													
item.bagged_magic_tree.8429													
item.bagged_maple_tree.8425													
item.bagged_marigolds.8459													
item.bagged_nice_tree.8419													
item.bagged_oak_tree.8421													
item.bagged_plant_1.8431													
item.bagged_plant_2.8433													
item.bagged_plant_3.8435													
item.bagged_roses.8461													
item.bagged_sunflower.8457													
item.bagged_willow_tree.8423													
item.bagged_yew_tree.8427													
item.baguette.6961													
item.bailing_bucket.583													
item.baked_potato.6701													
item.ball_of_wool.1759													
item.ballista_limbs.19592													
item.ballista_spring.19601													
item.balloon_toad.7564													
item.banana.1963													
item.banana_sapling.5497													
item.banana_seedling.5481													
item.banana_seedling_w.5489													
item.banana_stew.4016													
item.banana_tree_seed.5284													
item.bananas_1.5408													
item.bandana_eyepatch_blue.8926								Head					
item.bandana_eyepatch_brown.8927								Head					
item.bandana_eyepatch_red.8925								Head					
item.bandana_eyepatch_white.8924								Head					
item.bandit_s_brew.4627													
item.bandos_boots.11836	65 Defence							Feet					
item.bandos_bracers.12498	40 Defence, 70 Ranged							Hands					
item.bandos_chaps.12502	40 Defence, 70 Ranged							Legs					
item.bandos_chestplate.11832	65 Defence							Body					
item.bandos_cloak.12273	40 Prayer							Cape					
item.bandos_coif.12504	40 Defence, 70 Ranged							Head					
item.bandos_crozier.12275	60 Prayer							Weapon	Staff	5			
item.bandos_d_hide_body.12500	40 Defence, 70 Ranged							Body					
item.bandos_d_hide_boots.19924	40 Defence, 70 Ranged							Feet					
item.bandos_d_hide_shield.23203	40 Defence, 70 Ranged							Shield					
item.bandos_dragonhide_set.13167													
item.bandos_full_helm.12486	40 Defence							Head					
item.bandos_godsword.11804	75 Attack							2H	2H Sword	6			
item.bandos_godsword_ornament_kit.20071													
item.bandos_halo.24195								Head					
item.bandos_hilt.11812													
item.bandos_kiteshield.12488	40 Defence							Shield					
item.bandos_mitre.12271	40 Magic, 40 Prayer							Head					
item.bandos_page_1.12613													
item.bandos_page_2.12614													
item.bandos_page_3.12615													
item.bandos_page_4.12616													
item.bandos_platebody.12480	40 Defence							Body					
item.bandos_platelegs.12482	40 Defence							Legs					
item.bandos_plateskirt.12484	40 Defence							Legs					
item.bandos_robe_legs.12267	20 Prayer							Legs					
item.bandos_robe_top.12265	20 Prayer							Body					
item.bandos_rune_armour_set_lg.13056													
item.bandos_rune_armour_set_sk.13058													
item.bandos_stole.12269	60 Prayer							Neck					
item.bandos_tassets.11834	65 Defence							Legs					
item.bandosian_components.26394													
item.banner.8650								Weapon	Banner	4			
item.barb_bolttips.47													
item.barb_tail_harpoon.10129								Weapon	Stab Sword	4			
item.barbarian_teleport.24955													
item.barbed_arrow.22230								Ammo					
item.barbed_bolts.881	1 Ranged							Ammo					
item.bark.3239													
item.barley.6006													
item.barley_malt.6008													
item.barley_seed.5305													
item.barrel.1841													
item.barrelchest_anchor.10887	60 Attack, 40 Strength							2H	Spiked	6			
item.barrelchest_anchor_bh.27855								2H	Spiked	6			
item.barricade.4053													
item.barronite_mace.25641	40 Attack							Weapon	Blunt	4			
item.barrows_gloves.7462								Hands					
item.barrows_teleport.19629													
item.basalt.22603													
item.basilisk_bone.7899													
item.basilisk_jaw.24268													
item.basket.5376													
item.bass.365													
item.bat_bonemeal.4256													
item.bat_bones.530													
item.bat_shish.10964													
item.batta_tin.2164													
item.battlefront_teleport.22949													
item.battlestaff.1391								Weapon	Staff	5			
item.beach_boxing_gloves.11705								2H	Claw	4			
item.beacon_ring.11014								Ring					
item.beads_of_the_dead.616								Neck					
item.beanie.12245								Head					
item.bear_feet.23291								Feet					
item.bear_fur.948													
item.bearded_gorilla_bonemeal.4266													
item.bearded_gorilla_bones.3182													
item.bearhead.4502								Head					
item.beautiful_yellow_pansy_seed.27039													
item.bedsheet.4284								Head					
item.beekeeper_s_boots.25137								Feet					
item.beekeeper_s_gloves.25135								Hands					
item.beekeeper_s_hat.25129								Head					
item.beekeeper_s_legs.25133								Legs					
item.beekeeper_s_top.25131								Body					
item.beer.1917													
item.beer_barrel.8239													
item.beer_glass.1919													
item.beer_tankard.3803													
item.beginner_wand.6908	45 Magic							Weapon	Staff	4			
item.belladonna_seed.5281													
item.bellator_ring.25488								Ring					
item.beret_mask.11282								Head					
item.berserker_helm.3751	45 Defence							Head					
item.berserker_icon.28295													
item.berserker_necklace.11128								Neck					
item.berserker_necklace_ornament_kit.23237													
item.berserker_ring.6737								Ring					
item.berserker_ring_i.11773								Ring					
item.big_bonemeal.4257													
item.big_bones.532													
item.big_bucket_of_camel_milk.26920													
item.big_bucket_of_frozen_camel_milk.26921													
item.big_fishing_net.305													
item.big_harpoonfish.25559													
item.big_pirate_hat.12355								Head					
item.binding_necklace.5521								Neck					
item.bird_house.21512													
item.bird_mask.29931								Head					
item.bird_nest.5070													
item.bird_snare.10006													
item.black_2h_sword.1313	10 Attack							2H	2H Sword	7			
item.black_axe.1361	10 Attack							Weapon	Axe	5			
item.black_battleaxe.1367	10 Attack							Weapon	Axe	6			
item.black_bead.1474													
item.black_beret.2635								Head					
item.black_boater.7327								Head					
item.black_boots.4125	10 Defence							Feet					
item.black_brutal.4788	10 Ranged							Ammo					
item.black_candy.24986													
item.black_cane.12375	10 Attack							Weapon	Spiked	5			
item.black_cape.1019								Cape					
item.black_cavalier.2643								Head					
item.black_chainbody.1107	10 Defence							Body					
item.black_chinchompa.11959	65 Ranged							Weapon	Chinchompas	4			
item.black_claws.3098	10 Attack							2H	Claw	4			
item.black_coffin.25463								Cape					
item.black_d_hide_body.2503	40 Defence, 70 Ranged							Body					
item.black_d_hide_chaps.2497	70 Ranged							Legs					
item.black_d_hide_shield.22284	40 Defence, 70 Ranged							Shield					
item.black_d_hide_vambraces.2491	70 Ranged							Hands					
item.black_dagger.1217	10 Attack							Weapon	Stab Sword	4			
item.black_dart.3093	10 Ranged							Weapon	Thrown	3			
item.black_defender.8847	10 Attack, 10 Defence							Shield					
item.black_demon_mask.20026								Head					
item.black_desert_robe.6752								Legs					
item.black_desert_shirt.6750								Body					
item.black_dragon_leather.2509													
item.black_dragon_mask.12524								Head					
item.black_dragonhide.1747													
item.black_dragonhide_set.12871													
item.black_dye.4622													
item.black_elegant_legs.10402								Legs					
item.black_elegant_shirt.10400								Body					
item.black_felling_axe.28205								2H	Axe	5			
item.black_flowers.2476								Weapon	Blunt	4			
item.black_full_helm.1165	10 Defence							Head					
item.black_gloves.7457								Hands					
item.black_goblin_mail.9055													
item.black_gold_trimmed_set_lg.12996													
item.black_gold_trimmed_set_sk.12998													
item.black_halberd.3196	10 Attack, 5 Strength							2H	Polearm	7			
item.black_headband.2647								Head					
item.black_kiteshield.1195	10 Defence							Shield					
item.black_knife.869	10 Ranged							Weapon	Thrown	3			
item.black_leprechaun_hat.20246								Head					
item.black_locks.25448													
item.black_longsword.1297	10 Attack							Weapon	Slash Sword	5			
item.black_mace.1426	10 Attack							Weapon	Spiked	4			
item.black_mask.8921	20 Strength, 10 Defence, 40 Combat							Head					
item.black_mask_10_i.11774	20 Strength, 10 Defence, 40 Combat							Head					
item.black_med_helm.1151	10 Defence							Head					
item.black_nails.4821													
item.black_naval_shirt.8956								Body					
item.black_navy_slacks.8995								Legs					
item.black_pickaxe.12297	10 Attack							Weapon	Pickaxe	5			
item.black_platebody.1125	10 Defence							Body					
item.black_platelegs.1077	10 Defence							Legs					
item.black_plateskirt.1089	10 Defence							Legs					
item.black_robe.581								Body					
item.black_salamander.10148	70 Attack, 70 Ranged, 70 Magic							2H	Salamander	5			
item.black_satchel.10880								Shield					
item.black_scimitar.1327	10 Attack							Weapon	Slash Sword	4			
item.black_set_lg.12988													
item.black_set_sk.12990													
item.black_skirt.1015								Legs					
item.black_slayer_helmet.19639	10 Defence							Head					
item.black_slayer_helmet_i.19641	10 Defence							Head					
item.black_spear.4580	10 Attack							2H	Spear	4			
item.black_spiky_vambraces.10085	70 Ranged							Hands					
item.black_sq_shield.1179	10 Defence							Shield					
item.black_sword.1283	10 Attack							Weapon	Stab Sword	4			
item.black_tourmaline_core.21730													
item.black_toy_horsey.2524													
item.black_tricorn_hat.8963								Head					
item.black_trimmed_set_lg.12992													
item.black_trimmed_set_sk.12994													
item.black_unicorn_mask.20266								Head					
item.black_warhammer.1341	10 Attack							Weapon	Blunt	6			
item.black_warlock.10014													
item.blackbird_red.29944													
item.blacksmith_s_helm.19988								Head					
item.blackstone_fragment.28356													
item.blade_of_saeldor.23995	75 Attack							Weapon	Slash Sword	4			
item.blade_of_saeldor_c.24551	75 Attack							Weapon	Slash Sword	4			
item.blamish_bark_shell.3353													
item.blamish_blue_shell.3351													
item.blamish_myre_shell.3345													
item.blamish_ochre_shell.3349													
item.blamish_oil.1582													
item.blamish_red_shell.3347													
item.blasted_ore.13575													
item.blazing_blowpipe.28688								2H	Thrown	3			
item.bleached_bones.25422													
item.blessed_axe.10491	20 Attack							Weapon	Axe	5			
item.blessed_babydragon_bones.29352													
item.blessed_babywyrm_bones.29354													
item.blessed_bat_bones.29346													
item.blessed_big_bones.29348													
item.blessed_bone_shards.29381													
item.blessed_bone_statuette.29338													
item.blessed_bones.29344													
item.blessed_dizana_s_quiver.28955								Cape					
item.blessed_dragon_bones.29356													
item.blessed_drake_bones.29366													
item.blessed_fayrg_bones.29370													
item.blessed_hydra_bones.29368													
item.blessed_lava_dragon_bones.29358													
item.blessed_ourg_bones.29374													
item.blessed_raurg_bones.29372													
item.blessed_spirit_shield.12831	70 Defence, 50 Prayer							Shield					
item.blessed_superior_dragon_bones.29362													
item.blessed_wyrm_bones.29364													
item.blessed_wyvern_bones.29360													
item.blessed_zogre_bones.29350													
item.blighted_ancient_ice_sack.24607													
item.blighted_anglerfish.24592													
item.blighted_entangle_sack.24613													
item.blighted_karambwan.24595													
item.blighted_manta_ray.24589													
item.blighted_teleport_spell_sack.24615													
item.blighted_vengeance_sack.24621													
item.blindweed_seed.6710													
item.blisterwood_flail.24699	50 Attack							Weapon	Staff	5			
item.blisterwood_logs.24691													
item.blisterwood_sickle.24697								Weapon	Slash Sword	5			
item.bloated_toad.2875													
item.blood_ancient_sceptre.25489								Weapon	Staff	4			
item.blood_essence.26390													
item.blood_moon_chestplate.29022								Body					
item.blood_moon_helm.29028								Head					
item.blood_moon_tassets.29025								Legs					
item.blood_n_tar_snelm.3329								Head					
item.blood_pint.24774													
item.blood_rune.565													
item.blood_shard.24777													
item.blood_talisman.1450													
item.blood_tiara.5549								Head					
item.bloodbark_body.25404	60 Defence, 60 Magic							Body					
item.bloodbark_boots.25410	60 Defence, 60 Magic							Feet					
item.bloodbark_gauntlets.25407	60 Defence, 60 Magic							Hands					
item.bloodbark_helm.25413	60 Defence, 60 Magic							Head					
item.bloodbark_legs.25416	60 Defence, 60 Magic							Legs					
item.bloody_bracer.22430													
item.bloody_knife.25799													
item.blue_beret.2633								Head					
item.blue_boater.7325								Head					
item.blue_boots.630								Feet					
item.blue_candy.24981													
item.blue_cape.1021								Cape					
item.blue_d_hide_body.2499	40 Defence, 50 Ranged							Body					
item.blue_d_hide_chaps.2493	50 Ranged							Legs					
item.blue_d_hide_shield.22278	40 Defence, 50 Ranged							Shield					
item.blue_d_hide_vambraces.2487	50 Ranged							Hands					
item.blue_dark_bow_paint.12757													
item.blue_dragon_leather.2505													
item.blue_dragon_mask.12520								Head					
item.blue_dragon_scale.243													
item.blue_dragonhide.1751													
item.blue_dragonhide_set.12867													
item.blue_dye.1767													
item.blue_elegant_blouse.10428								Body					
item.blue_elegant_legs.10410								Legs					
item.blue_elegant_shirt.10408								Body					
item.blue_elegant_skirt.10430								Legs					
item.blue_feather.10089													
item.blue_firelighter.7331													
item.blue_flowers.2464								Weapon	Blunt	4			
item.blue_goblin_mail.287													
item.blue_hat.660								Head					
item.blue_headband.12301								Head					
item.blue_icon.25212													
item.blue_logs.7406													
item.blue_moon_chestplate.29013								Body					
item.blue_moon_helm.29019								Head					
item.blue_moon_spear.28988								2H	Bladed Staff	5			
item.blue_moon_tassets.29016								Legs					
item.blue_naval_shirt.8952								Body					
item.blue_navy_slacks.8991								Legs					
item.blue_robe_bottoms.650								Legs					
item.blue_robe_top.640								Body					
item.blue_skirt.1011								Legs					
item.blue_spiky_vambraces.10081	50 Ranged							Hands					
item.blue_thread.3719													
item.blue_tricorn_hat.8959								Head					
item.blue_wizard_hat.579								Head					
item.blue_wizard_robe.577								Body					
item.bluegill.22826													
item.blunt_arrow.22229								Ammo					
item.blunt_axe.4415													
item.blurberry_special.2064													
item.blurite_bar.9467													
item.blurite_bolts.9139	16 Ranged							Ammo					
item.blurite_crossbow.9176	16 Ranged							Weapon	Crossbow	6			
item.blurite_ore.668													
item.blurite_sword.667	1 Attack							Weapon	Slash Sword	5			
item.bob_s_black_shirt.10322								Body					
item.bob_s_blue_shirt.10318								Body					
item.bob_s_green_shirt.10320								Body					
item.bob_s_purple_shirt.10324								Body					
item.bob_s_red_shirt.10316								Body					
item.body_talisman.1446													
item.body_tiara.5533								Head					
item.bologano_fruit.13427													
item.bologano_seed.13424													
item.bolt_mould.9434													
item.bolt_of_cloth.8790													
item.bolt_rack.4740								Ammo					
item.bomber_cap.9945								Head					
item.bomber_jacket.9944								Body					
item.bone_bolts.8882	28 Ranged							Ammo					
item.bone_club.5018								Weapon	Blunt	6			
item.bone_dagger.8872								Weapon	Stab Sword	4			
item.bone_fragments.25139													
item.bone_in_vinegar.7813													
item.bone_mace.28792								Weapon	Spiked	4			
item.bone_seeds.7950													
item.bone_shortbow.28794								2H	Bow	4			
item.bone_spear.5016								Weapon	Spear	6			
item.bone_staff.28796								Weapon	Powered Staff	4			
item.bonecrusher.13116													
item.bonecrusher_necklace.22986	80 Prayer							Neck					
item.bonemeal.4255													
item.bones.526													
item.bones_to_bananas.8014													
item.bones_to_peaches.6926													
item.bonesack.7918								Cape					
item.book_of_balance.3844								Shield					
item.book_of_balance_page_set.13153													
item.book_of_darkness.12612								Shield					
item.book_of_darkness_page_set.13159													
item.book_of_law.12610								Shield					
item.book_of_law_page_set.13157													
item.book_of_the_dead.25818								Shield					
item.book_of_war.12608								Shield					
item.book_of_war_page_set.13155													
item.bookcase.8510													
item.boots_of_brimstone.22951	70 Defence, 70 Ranged, 70 Magic, 44 Slayer							Feet					
item.boots_of_darkness.20140	20 Defence, 40 Magic							Feet					
item.boots_of_lightness.88								Feet					
item.boots_of_stone.23037	44 Slayer							Feet					
item.boots_of_the_eye.26856								Feet					
item.botanical_pie.19662													
item.bottle_of_wine.7919													
item.bottled_dragonbreath.23002													
item.bottled_dragonbreath_unpowered.22999													
item.bottomless_compost_bucket.22994													
item.bounty_hunter_hat_tier_1.24338								Head					
item.bounty_hunter_hat_tier_2.24340								Head					
item.bounty_hunter_hat_tier_3.24342								Head					
item.bounty_hunter_hat_tier_4.24344								Head					
item.bounty_hunter_hat_tier_5.24346								Head					
item.bounty_hunter_hat_tier_6.24348								Head					
item.bow_of_faerdhinen.25865	75 Ranged							2H	Bow	5			
item.bow_of_faerdhinen_c.25867								2H	Bow	5			
item.bow_string.1777													
item.bow_sword.6818													
item.bowl_of_hot_water.4456													
item.bowl_of_water.1921													
item.bowl_wig.20110								Head					
item.box_trap.10008													
item.boxing_gloves.7671								2H	Claw	4			
item.bracelet_mould.11065													
item.bracelet_of_clay.11074								Hands					
item.bracelet_of_ethereum.21816								Hands					
item.bracelet_of_slaughter.21183								Hands					
item.braindeath_rum.7157													
item.brandy.2021													
item.brass_key.983													
item.brass_necklace.1009								Neck					
item.brassica_halo.24204								Head					
item.bravery_potion.739													
item.brawk_fish_3.20862													
item.bread_dough.2307													
item.briefcase.12335								Shield					
item.brimhaven_teleport.11745													
item.brimstone_ring.22975								Ring					
item.brine_sabre.11037	40 Attack							Weapon	Slash Sword	4			
item.broad_arrowheads.11874													
item.broad_arrows.4150	50 Ranged, 55 Slayer							Ammo					
item.broad_bolts.11875	61 Ranged, 55 Slayer							Ammo					
item.broav.29519													
item.broken_bark_snelm.3335								Head					
item.broken_dragon_hasta.22963													
item.broken_fishing_rod.6662													
item.broken_zombie_axe.28813													
item.broken_zombie_helmet.30324													
item.bronze_arrowtips.39													
item.bronze_battleaxe.1375	1 Attack							Weapon	Axe	6			
item.bronze_bolts.877	1 Ranged							Ammo					
item.bronze_bolts_unf.9375													
item.bronze_boots.4119	1 Defence							Feet					
item.bronze_brutal.4773	1 Ranged							Ammo					
item.bronze_claws.3095	1 Attack							2H	Claw	4			
item.bronze_coffin.25459								Cape					
item.bronze_crossbow_u.9454													
item.bronze_dart.806	1 Ranged							Weapon	Thrown	3			
item.bronze_dart_tip.819													
item.bronze_defender.8844	1 Attack, 1 Defence							Shield					
item.bronze_dragon_mask.12363								Head					
item.bronze_feather.10177													
item.bronze_felling_axe.28196								2H	Axe	7			
item.bronze_fire_arrow.598	1 Ranged							Ammo					
item.bronze_fist_flag.8968								Weapon	Banner	4			
item.bronze_gloves.7454								Hands					
item.bronze_gold_trimmed_set_lg.12968													
item.bronze_gold_trimmed_set_sk.12970													
item.bronze_halberd.3190	1 Attack							2H	Polearm	7			
item.bronze_hasta.11367	1 Attack							Weapon	Spear	4			
item.bronze_javelin.825	1 Ranged							Ammo					
item.bronze_javelin_tips.19570													
item.bronze_knife.864	1 Ranged							Weapon	Thrown	3			
item.bronze_limbs.9420													
item.bronze_locks.25442													
item.bronze_nails.4819													
item.bronze_plateskirt.1087	1 Defence							Legs					
item.bronze_set_lg.12960													
item.bronze_set_sk.12962													
item.bronze_spear.1237	1 Attack							2H	Spear	4			
item.bronze_sq_shield.1173	1 Defence							Shield					
item.bronze_thrownaxe.800	1 Ranged							Weapon	Thrown	5			
item.bronze_trimmed_set_lg.12964													
item.bronze_trimmed_set_sk.12966													
item.bronze_warhammer.1337	1 Attack							Weapon	Blunt	6			
item.bronze_wire.1794													
item.broodoo_shield.6235	25 Defence							Shield					
item.brown_apron.1757								Body					
item.brown_candy.24980													
item.brown_headband.2649								Head					
item.brown_naval_shirt.8955								Body					
item.brown_navy_slacks.8994								Legs					
item.brown_toy_horsey.2520													
item.brown_tricorn_hat.8962								Head					
item.bruise_blue_snelm.3333								Head					
item.bruised_banana.27485													
item.brulee.7473													
item.brulee_supreme.7476													
item.bruma_herb.20698													
item.bruma_torch.20720								Weapon	Unarmed	4			
item.bruma_torch_off_hand.29777								Shield					
item.bryophyta_s_essence.22372													
item.bryophyta_s_staff.22370	30 Attack, 30 Magic							Weapon	Staff	5			
item.buchu_seed.20909													
item.bucket_helm.19991								Head					
item.bucket_of_milk.1927													
item.bucket_of_rubble.7622													
item.bucket_of_saltwater.4693													
item.bucket_of_sand.1783													
item.bucket_of_sandworms.13430													
item.bucket_of_sap.4687													
item.bucket_of_slime.4286													
item.bucket_of_water.1929													
item.bucket_of_wax.30													
item.bucket_of_wester_sand.21243													
item.builder_s_boots.10865								Feet					
item.builder_s_shirt.10863								Body					
item.builder_s_trousers.10864								Legs					
item.bullet_arrow.22227								Ammo					
item.bullseye_lantern.4548													
item.bullseye_lantern_unf.4544													
item.burning_claw.29574													
item.burning_claws.29577								2H	Claw	4			
item.burnt_bonemeal.4258													
item.burnt_bones.528													
item.burnt_egg.7090													
item.burnt_jogre_bonemeal.4259													
item.burnt_jogre_bones.3127													
item.burnt_meat.2146													
item.burnt_mushroom.7094													
item.burnt_onion.7092													
item.burnt_page.20718													
item.butler_s_tray.29912								2H	Unarmed	4			
item.butler_s_uniform.29914								Body, Legs					
item.butterfly_jar.10012													
item.butterfly_net.10010	15 Hunter							Weapon	Spear	4			
item.cabbage.1965													
item.cabbage_round_shield.20272	30 Defence							Shield					
item.cabbage_seed.5324													
item.cabbages_1.5460													
item.cactus_seed.5280													
item.cactus_spine.6016													
item.cadantine.265													
item.cadantine_blood_potion_unf.22443													
item.cadantine_potion_unf.107													
item.cadantine_seed.5301													
item.cadava_berries.753													
item.cadava_potion.756													
item.cadavaberry_seed.5102													
item.cake.1891													
item.cake_tin.1887													
item.calamity_breeches.26755								Legs					
item.calamity_chest.26749								Body					
item.calcified_moth.29090													
item.calcite.21543													
item.calquat_fruit.5980													
item.calquat_keg.5769													
item.calquat_sapling.5503													
item.calquat_seedling.5487													
item.calquat_seedling_w.5495													
item.calquat_tree_seed.5290													
item.camel_mask.7003								Head					
item.camelot_teleport.8010													
item.camo_bottoms.6655								Legs					
item.camo_helmet.6656								Head					
item.camo_top.6654								Body					
item.camulet.6707								Neck					
item.candle.36													
item.candle_lantern.4529													
item.cannon_barrel.7145													
item.cannon_barrels.10													
item.cannon_base.6													
item.cannon_furnace.12													
item.cannon_stand.8													
item.cap_and_goggles.9946								Head					
item.cape_of_legends.1052								Cape					
item.cape_of_skulls.23351								Cape					
item.carnillean_armour.2405	1 Defence							Body					
item.carpenter_s_boots.24878								Feet					
item.carpenter_s_helmet.24872								Head					
item.carpenter_s_shirt.24874								Body					
item.carpenter_s_trousers.24876								Legs					
item.carrallanger_teleport.12776													
item.carved_oak_bench.8110													
item.carved_oak_magic_wardrobe.9853													
item.carved_oak_table.8117													
item.carved_teak_bench.8112													
item.carved_teak_magic_wardrobe.9855													
item.carved_teak_table.8119													
item.casket.405													
item.castle_wars_bracelet_3.11079								Hands					
item.castlewars_cloak.4514								Cape					
item.castlewars_hood.4513								Head					
item.cat_antipoison.6766													
item.cat_mask.12361								Head					
item.cat_training_medal.1575								Neck					
item.catalytic_talisman.26798													
item.catalytic_tiara.26801								Head					
item.catherby_teleport.24961													
item.catspeak_amulet.4677								Neck					
item.catspeak_amulet_e.6544								Neck					
item.cattleprod.278								Weapon	Stab Sword	4			
item.cavalier_mask.11280								Head					
item.cave_eel.5003													
item.cave_goblin_wire.10981													
item.cave_kraken.3272													
item.cave_nightshade.2398													
item.caviar.11326													
item.celastrus_bark.22935													
item.celastrus_sapling.22856													
item.celastrus_seed.22869													
item.celastrus_seedling.22848													
item.celastrus_seedling_w.22852													
item.celestial_ring.25541								Ring					
item.celestial_signet.25545								Ring					
item.cemetery_teleport.19627													
item.centurion_cuirass.26721								Body					
item.chain.22414													
item.champion_s_cape.21439								Cape					
item.champion_s_lamp.22320													
item.chaos_gauntlets.777								Hands					
item.chaos_talisman.1452													
item.chaos_tiara.5543								Head					
item.charcoal.973													
item.charge_dragonstone_jewellery_scroll.20238													
item.cheese.1985													
item.cheese_tom_batta.2259													
item.chef_s_delight.5755													
item.chef_s_delight_m.5757													
item.chef_s_hat.1949								Head					
item.chewed_bones.11338													
item.chichilihui_ros.29963													
item.chicken.5609								Shield					
item.chilhuac_red.29947													
item.chilli_con_carne.7062													
item.chilli_potato.7054													
item.chinchompa.9976	45 Ranged							Weapon	Chinchompas	4			
item.choc_ice.6794													
item.choc_saturday.2074													
item.chocchip_crunchies.2209													
item.chocolate_bar.1973													
item.chocolate_bomb.2185													
item.chocolate_cake.1897													
item.chocolate_dust.1975													
item.chocolate_slice.1901													
item.chocolate_strawberry.11910													
item.chocolatey_milk.1977													
item.chompy_bird_hat.2978								Head					
item.chopped_garlic.7074													
item.chopped_onion.1871													
item.chopped_tomato.1869													
item.chopped_tuna.7086													
item.chopped_ugthanki.1873													
item.chromium_ingot.28276													
item.chronicle.13660								Shield					
item.chugging_barrel.30000													
item.chugging_barrel_disassembled.30002													
item.cider.5763													
item.cider_barrel.8240													
item.cider_m4.5929													
item.circlet_of_water.26969								Head					
item.circular_hide.6169													
item.citizen_shoes.9644								Feet					
item.citizen_top.9640								Body					
item.citizen_trousers.9642								Legs					
item.civitas_illa_fortis_teleport.28824													
item.clan_cloak.25712								Cape					
item.clan_vexillum.25721								2H	Banner	4			
item.claws_of_callisto.27667													
item.clay.434													
item.clay_attack_stone.8153													
item.clay_fireplace.8325													
item.clay_head.25145													
item.clean_full_helm.26290													
item.clean_necklace.11195								Neck					
item.clean_platebody.26286													
item.clean_platelegs.26288													
item.cleaning_cloth.3188													
item.cleaver.7451								Weapon	Slash Sword	4			
item.climbing_boots.3105								Feet					
item.climbing_rope.4047													
item.cloak_of_ruin.27438								Cape					
item.clockwork.8792													
item.clockwork_suit.10595													
item.clothes_pouch.28163													
item.clothes_pouch_blueprint.28166													
item.clue_box.12789													
item.clue_hunter_boots.19695								Feet					
item.clue_hunter_cloak.19697								Cape					
item.clue_hunter_garb.19689								Body					
item.clue_hunter_gloves.19691								Hands					
item.clue_hunter_trousers.19693								Legs					
item.clue_scroll.713													
item.clueless_scroll.20249								2H	Blunt	4			
item.coal_bag.764													
item.coins.995					Progression track reward at 1,000 independently owned cards.								
item.coated_frogs_legs.10963													
item.cocktail_glass.2026													
item.cocktail_guide.2023													
item.cocktail_shaker.2025													
item.coconut.5974													
item.coconut_milk.5935													
item.cod.339													
item.coif.1169	1 Defence, 20 Ranged							Head					
item.collection_bag.10521													
item.collection_log.22711													
item.collector_icon.10557													
item.colossal_blade.27021								2H	2H Sword	6			
item.colossal_pouch.26784													
item.colossal_wyrm_teleport_scroll.30040													
item.colourful_cape.29491								Cape					
item.colourful_crown_shirt.29509								Body					
item.colourful_jumper.28118								Body					
item.colourful_scarf.28108								Neck					
item.combat_bracelet.11126								Hands					
item.combat_lamp.10586													
item.combat_potion_set.13064													
item.common_kebbit_fur.10121													
item.common_tench.22829													
item.comp_ogre_bow.4827	30 Ranged							2H	Bow	5			
item.compost.6032													
item.condensed_gold.26266													
item.conductor_mould.4200													
item.consecration_seed.4205													
item.construct_cape.9789	99 Construction							Cape					
item.construct_hood.9791	99 Construction							Head					
item.cooked_barb_tailed_kebbit.29131													
item.cooked_bream.29217													
item.cooked_chompy.2878													
item.cooked_dashing_kebbit.29134													
item.cooked_fishcake.7530													
item.cooked_giant_crab_meat.7521													
item.cooked_graahk.29149													
item.cooked_jubbly.7568													
item.cooked_karambwan.3144													
item.cooked_kyatt.29152													
item.cooked_larupia.29146													
item.cooked_moonlight_antelope.29143													
item.cooked_moss_lizard.29077													
item.cooked_mystery_meat.24785													
item.cooked_oomlie_wrap.2343													
item.cooked_pyre_fox.29137													
item.cooked_rabbit.3228													
item.cooked_slimy_eel.3381													
item.cooked_sunlight_antelope.29140													
item.cooked_sweetcorn.5988													
item.cooked_wild_kebbit.29128													
item.cooking_apple.1955													
item.cooking_cape.9801	99 Cooking							Cape					
item.cooking_gauntlets.775								Hands					
item.cooking_hood.9803	99 Cooking							Head					
item.cormorant_s_glove.22816	35 Hunter, 43 Fishing							Weapon	Unarmed	4			
item.cornflour.7463													
item.cornflour_mixture.7470													
item.corpse_of_woman.4488													
item.corrupted_helm.20838								Head					
item.corrupted_kiteshield.20846								Shield					
item.corrupted_morrigan_s_coif_bh.27847								Head					
item.corrupted_morrigan_s_leather_body_bh.27848								Body					
item.corrupted_morrigan_s_leather_chaps_bh.27849								Legs					
item.corrupted_platebody.20840								Body					
item.corrupted_platelegs.20842								Legs					
item.corrupted_plateskirt.20844								Legs					
item.corrupted_statius_s_full_helm_bh.27844								Head					
item.corrupted_statius_s_platebody_bh.27845								Body					
item.corrupted_statius_s_platelegs_bh.27846								Legs					
item.corrupted_vesta_s_chainbody_bh.27842								Body					
item.corrupted_vesta_s_plateskirt_bh.27843								Legs					
item.corrupted_zuriel_s_hood_bh.27850								Head					
item.corrupted_zuriel_s_robe_bottom_bh.27852								Legs					
item.corrupted_zuriel_s_robe_top_bh.27851								Body					
item.cosmic_talisman.1454													
item.cosmic_tiara.5539								Head					
item.costume_needle.29920													
item.cowbells.10593													
item.cowhide.1739													
item.crab_claw.7537								Hands					
item.crab_helmet.7539								Head					
item.crabclaw_hook.8929								Hands					
item.crafting_cape.9780	99 Crafting							Cape					
item.crafting_hood.9782	99 Crafting							Head					
item.crate_with_zanik.8871													
item.craw_s_bow.22550	60 Ranged							2H	Bow	4			
item.craw_s_bow_u.22547	60 Ranged							2H	Bow	4			
item.cream_boots.632								Feet					
item.cream_hat.662								Head					
item.cream_robe_bottoms.652								Legs					
item.cream_robe_top.642								Body					
item.crier_bell.20243								Weapon	Blunt	4			
item.crier_coat.20240								Body					
item.crier_hat.12319								Head					
item.criminal_s_thread.1808													
item.crone_made_amulet.10500								Neck					
item.crossbow.837	1 Ranged							Weapon	Crossbow	6			
item.crossbow_string.9438													
item.crude_chair.8496													
item.crunchy_tray.2165													
item.crushed_nest.6693													
item.crushed_superior_dragon_bones.21975													
item.crystal_armour_seed.23956													
item.crystal_axe.23673	70 Attack, 50 Agility, 71 Woodcutting							Weapon	Axe	5			
item.crystal_ball.8351													
item.crystal_body.23975	70 Defence							Body					
item.crystal_bow.23983	70 Ranged, 50 Agility							2H	Bow	5			
item.crystal_chime.28577													
item.crystal_chime_seed.28575													
item.crystal_crown.23911								Head					
item.crystal_felling_axe.28220								2H	Axe	7			
item.crystal_grail.24000								Weapon	Unarmed	4			
item.crystal_halberd.23987	70 Attack, 35 Strength, 50 Agility							2H	Polearm	7			
item.crystal_harpoon.23762	70 Attack, 50 Agility, 71 Fishing							Weapon	Stab Sword	5			
item.crystal_helm.23971	70 Defence							Head					
item.crystal_key.989													
item.crystal_legs.23979	70 Defence							Legs					
item.crystal_of_power.8353													
item.crystal_paddlefish.25960													
item.crystal_pendant.3208								Neck					
item.crystal_pickaxe.23680	70 Attack, 50 Agility, 71 Mining							Weapon	Pickaxe	5			
item.crystal_saw.9625													
item.crystal_saw_seed.9626													
item.crystal_seed.23808													
item.crystal_seedling.23655													
item.crystal_seedling_w.23657													
item.crystal_shield.23991	70 Defence, 50 Agility							Shield					
item.crystal_teleport_seed.6103													
item.crystal_tool_seed.23953													
item.crystal_weapon_seed.4207													
item.crystallised_harpoonfish.25566													
item.cup_of_hot_water.4460													
item.cup_of_tea.712													
item.cup_of_water.4458													
item.cupric_ore_powder.5584													
item.cured_yak_hide.10820													
item.curry.2011													
item.curry_leaf.5970													
item.curry_sapling.5499													
item.curry_seedling.5483													
item.curry_seedling_w.5491													
item.curry_tree_seed.5286													
item.cursed_amulet_of_magic.29486								Neck					
item.cursed_goblin_bow.11708								2H	Bow	6			
item.cursed_goblin_hammer.11707								Weapon	Blunt	4			
item.cursed_goblin_staff.11709								Weapon	Staff	4			
item.curved_bone.10977													
item.cutthroat_flag.8966								Weapon	Banner	4			
item.cyclops_head.19915								Head					
item.daeyalt_essence.24704													
item.daeyalt_ore.9632													
item.dagannoth_bones.6729													
item.dagannoth_hide.6155													
item.dagannoth_king_bonemeal.6728													
item.dagon_hai_hat.24288	40 Defence, 70 Magic							Head					
item.dagon_hai_robe_bottom.24294	40 Defence, 70 Magic							Legs					
item.dagon_hai_robe_top.24291	40 Defence, 70 Magic							Body					
item.dagon_hai_robes_set.24333													
item.damaged_book.3839								Shield					
item.damaged_monkey_tail.19665													
item.damp_planks.11031													
item.damp_tinderbox.4073													
item.dareeyak_teleport.12777													
item.dark_bow.11235	60 Ranged							2H	Bow	9			
item.dark_bow_bh.27853								2H	Bow	9			
item.dark_bow_tie.19970								Neck					
item.dark_cavalier.2641								Head					
item.dark_crab.11936													
item.dark_dagger.746								Weapon	Stab Sword	4			
item.dark_essence_block.13446													
item.dark_essence_fragments.7938													
item.dark_fishing_bait.11940													
item.dark_flippers.25557								Feet					
item.dark_infinity_bottoms.12459	25 Defence, 50 Magic							Legs					
item.dark_infinity_colour_kit.12528													
item.dark_infinity_hat.12457	25 Defence, 50 Magic							Head					
item.dark_infinity_top.12458	25 Defence, 50 Magic							Body					
item.dark_kebbit_fur.10115													
item.dark_relic.21027													
item.dark_squall_hood.29566								Head					
item.dark_squall_robe_bottom.29570								Legs					
item.dark_squall_robe_top.29568								Body					
item.dark_trousers.19964								Legs					
item.dark_tuxedo_cuffs.19961								Hands					
item.dark_tuxedo_jacket.19958								Body					
item.dark_tuxedo_shoes.19967								Feet					
item.darklight.6746								Weapon	Slash Sword	5			
item.dashing_kebbit_fur.10127													
item.dawnbringer.22516								Weapon	Powered Staff	4			
item.death_talisman.1456													
item.death_tiara.5547								Head					
item.decorative_armour.4069	30 Defence / 5 Defence							Body, Cape, Head, Legs					
item.decorative_boots.25163								Feet					
item.decorative_full_helm.25165								Head					
item.decorative_helm.4071	30 Defence / 5 Defence							Head					
item.decorative_shield.4072	30 Defence / 5 Defence							Shield					
item.decorative_sword.4068	5 Attack							Weapon	Slash Sword	5			
item.deerstalker.12540								Head					
item.defence_cape.9753	99 Defence							Cape					
item.defence_hood.9755	99 Defence							Head					
item.defender_icon.10558													
item.defensive_shield.8856													
item.delphinium_seed.6457													
item.demon_feet.23294								Feet					
item.demonic_sigil_mould.6747													
item.dense_essence_block.13445													
item.desert_amulet_1.13133								Neck					
item.desert_amulet_2.13134								Neck					
item.desert_amulet_3.13135								Neck					
item.desert_amulet_4.13136								Neck					
item.desert_boots.1837								Feet					
item.desert_camo_legs.10063								Legs					
item.desert_camo_top.10061								Body					
item.desert_devil_fur.10123													
item.desert_disguise.4611								Head					
item.desert_goat_horn.9735													
item.desert_legs.6390								Legs					
item.desert_lizard_bone.7902													
item.desert_robe.1835								Legs					
item.desert_robes.6386								Legs					
item.desert_shirt.1833								Body					
item.desert_top.6384								Body					
item.devout_boots.22954	60 Prayer							Feet					
item.dexterous_prayer_scroll.21034													
item.dharok_s_armour_set.12877													
item.dharok_s_greataxe.4718	70 Attack, 70 Strength							2H	Axe	7			
item.dharok_s_helm.4716	70 Defence							Head					
item.dharok_s_platebody.4720	70 Defence							Body					
item.dharok_s_platelegs.4722	70 Defence							Legs					
item.diamond_amulet.1700								Neck					
item.diamond_amulet_u.1681													
item.diamond_bolt_tips.9192													
item.diamond_bolts.9340	61 Ranged							Ammo					
item.diamond_bolts_e.9243	61 Ranged							Ammo					
item.diamond_bracelet.11092								Hands					
item.diamond_dragon_bolts.21969	64 Ranged							Ammo					
item.diamond_dragon_bolts_e.21946	64 Ranged							Ammo					
item.digsite_teleport.12403													
item.dinh_s_blazing_bulwark.28682								2H	Bulwark	5			
item.dinh_s_bulwark.21015	75 Attack, 75 Defence							2H	Bulwark	5			
item.dinh_s_hammer.22761													
item.dirty_blast.7497													
item.disk_of_returning.981													
item.divine_rune_pouch.27281													
item.diving_apparatus.7535								Cape					
item.dizana_s_max_cape.28902								Cape					
item.dizana_s_max_hood.28904								Head					
item.dizana_s_quiver.28951								Cape					
item.doctor_s_hat.6547								Head					
item.dodgy_necklace.21143								Neck					
item.doogle_leaves.1573													
item.dorgesh_kaan_sphere.10972													
item.dorgeshuun_crossbow.8880	28 Ranged							Weapon	Crossbow	5			
item.double_ammo_mould.27012													
item.double_eye_patch.19727								Head					
item.draconic_visage.11286													
item.dragon_2h_sword.7158	60 Attack							2H	2H Sword	7			
item.dragon_2h_sword_cr.28051								2H	2H Sword	7			
item.dragon_armour_set_lg.21882													
item.dragon_armour_set_sk.21885													
item.dragon_arrow.11212	60 Ranged							Ammo					
item.dragon_arrowtips.11237													
item.dragon_axe.6739	61 Attack							Weapon	Axe	5			
item.dragon_battleaxe.1377	60 Attack							Weapon	Axe	6			
item.dragon_battleaxe_cr.28037								Weapon	Axe	6			
item.dragon_bitter.1911													
item.dragon_bitter_m.5745													
item.dragon_bolts.21905	64 Ranged							Ammo					
item.dragon_bolts_unf.21930													
item.dragon_bonemeal.4261													
item.dragon_bones.536													
item.dragon_boots.11840	60 Defence							Feet					
item.dragon_boots_cr.28055								Feet					
item.dragon_boots_ornament_kit.22231													
item.dragon_cane.12373	60 Attack							Weapon	Polestaff	5			
item.dragon_chainbody.2513	60 Defence							Body					
item.dragon_chainbody_cr.28065								Body					
item.dragon_chainbody_ornament_kit.12534													
item.dragon_claws.13652	60 Attack							2H	Claw	4			
item.dragon_claws_cr.28039								2H	Claw	4			
item.dragon_crossbow.21902	64 Ranged							Weapon	Crossbow	6			
item.dragon_crossbow_cr.28053								Weapon	Crossbow	6			
item.dragon_crossbow_u.21921													
item.dragon_dagger.1215	60 Attack							Weapon	Stab Sword	4			
item.dragon_dagger_cr.28019								Weapon	Stab Sword	4			
item.dragon_dagger_p_cr.28021								Weapon	Stab Sword	4			
item.dragon_dagger_p_cr.28023								Weapon	Stab Sword	4			
item.dragon_dagger_p_cr.28025								Weapon	Stab Sword	4			
item.dragon_dart.11230	60 Ranged							Weapon	Thrown	3			
item.dragon_dart_tip.11232													
item.dragon_defender.12954	60 Defence							Shield					
item.dragon_defender_ornament_kit.20143													
item.dragon_felling_axe.28217								2H	Axe	7			
item.dragon_fire_arrow.11217	60 Ranged							Ammo					
item.dragon_full_helm.11335	60 Defence							Head					
item.dragon_full_helm_ornament_kit.12538													
item.dragon_gloves.7461								Hands					
item.dragon_halberd.3204	60 Attack, 30 Strength							2H	Polearm	7			
item.dragon_halberd_cr.28049								2H	Polearm	7			
item.dragon_harpoon.21028	60 Attack							Weapon	Stab Sword	5			
item.dragon_hasta.22731	60 Attack							Weapon	Spear	4			
item.dragon_hunter_crossbow.21012	65 Ranged							Weapon	Crossbow	6			
item.dragon_hunter_crossbow_b.25918								Weapon	Crossbow	6			
item.dragon_hunter_lance.22978	70 Attack							Weapon	Spear	4			
item.dragon_hunter_wand.30070								Weapon	Staff	5			
item.dragon_impling_jar.11256													
item.dragon_javelin.19484	65 Ranged							Ammo					
item.dragon_javelin_tips.19582													
item.dragon_kiteshield.21895	60 Defence							Shield					
item.dragon_kiteshield_ornament_kit.22239													
item.dragon_knife.22804	60 Ranged							Weapon	Thrown	3			
item.dragon_legs_skirt_ornament_kit.12536													
item.dragon_limbs.21918													
item.dragon_longsword.1305	60 Attack							Weapon	Slash Sword	5			
item.dragon_longsword_bh.27859								Weapon	Slash Sword	5			
item.dragon_longsword_cr.28033								Weapon	Slash Sword	5			
item.dragon_mace.1434	60 Attack							Weapon	Spiked	4			
item.dragon_mace_bh.27857								Weapon	Spiked	4			
item.dragon_mace_cr.28027								Weapon	Spiked	4			
item.dragon_med_helm.1149	60 Defence							Head					
item.dragon_med_helm_cr.28057								Head					
item.dragon_metal_lump.22103													
item.dragon_metal_shard.22097													
item.dragon_metal_slice.22100													
item.dragon_necklace.1664								Neck					
item.dragon_pickaxe.11920	60 Attack							Weapon	Pickaxe	5			
item.dragon_pickaxe_upgrade_kit.12800													
item.dragon_platebody.21892	60 Defence							Body					
item.dragon_platebody_ornament_kit.22236													
item.dragon_platelegs.4087	60 Defence							Legs					
item.dragon_platelegs_cr.28061								Legs					
item.dragon_plateskirt.4585	60 Defence							Legs					
item.dragon_plateskirt_cr.28063								Legs					
item.dragon_scale_dust.241													
item.dragon_scimitar.4587	60 Attack							Weapon	Slash Sword	4			
item.dragon_scimitar_cr.28031								Weapon	Slash Sword	4			
item.dragon_scimitar_ornament_kit.20002													
item.dragon_spear.1249	60 Attack							2H	Spear	4			
item.dragon_spear_cr.28041								2H	Spear	4			
item.dragon_spear_p_cr.28043								2H	Spear	4			
item.dragon_spear_p_cr.28045								2H	Spear	4			
item.dragon_spear_p_cr.28047								2H	Spear	4			
item.dragon_sq_shield.1187	60 Defence							Shield					
item.dragon_sq_shield_cr.28059								Shield					
item.dragon_sq_shield_ornament_kit.12532													
item.dragon_sword.21009	60 Attack							Weapon	Stab Sword	4			
item.dragon_sword_cr.28029								Weapon	Stab Sword	4			
item.dragon_thrownaxe.20849	61 Ranged							Weapon	Thrown	5			
item.dragon_token.7478													
item.dragon_warhammer.13576	60 Attack							Weapon	Blunt	6			
item.dragon_warhammer_cr.28035								Weapon	Blunt	6			
item.dragon_warhammer_ornament_kit.26709													
item.dragonbone_necklace.22111	80 Prayer							Neck					
item.dragonfire_shield.11283	75 Defence							Shield					
item.dragonfire_ward.22002	75 Defence, 70 Ranged							Shield					
item.dragonfruit.22929													
item.dragonfruit_pie.22795													
item.dragonfruit_sapling.22866													
item.dragonfruit_seedling.22862													
item.dragonfruit_seedling_w.22864													
item.dragonfruit_tree_seed.22877													
item.dragonstone.1615													
item.dragonstone_amulet.1702								Neck					
item.dragonstone_amulet_u.1683													
item.dragonstone_armour_set.23667													
item.dragonstone_bolt_tips.9193													
item.dragonstone_bolts.9341	61 Ranged							Ammo					
item.dragonstone_bolts_e.9244	61 Ranged							Ammo					
item.dragonstone_boots.24043	40 Defence							Feet					
item.dragonstone_bracelet.11115								Hands					
item.dragonstone_dragon_bolts.21971	64 Ranged							Ammo					
item.dragonstone_dragon_bolts_e.21948	64 Ranged							Ammo					
item.dragonstone_full_helm.24034	40 Defence							Head					
item.dragonstone_gauntlets.24046	40 Defence							Hands					
item.dragonstone_platebody.24037	40 Defence							Body					
item.dragonstone_platelegs.24040	40 Defence							Legs					
item.dragonstone_ring.1645								Ring					
item.drakan_s_medallion.22400								Neck					
item.drake.23041													
item.drake_bonemeal.22756													
item.drake_bones.22783													
item.drake_s_claw.22957													
item.drake_s_tooth.22960													
item.dramen_staff.772								Weapon	Blunt	4			
item.draynor_manor_teleport.19615													
item.dream_log.9067													
item.dreamy_lamp.11157													
item.drift_net.21652													
item.druid_pouch.2957													
item.druid_s_robe.538								Legs					
item.druid_s_robe_top.540								Body					
item.drunk_dragon.2092													
item.dual_macuahuitl.28997								2H	Spiked	4			
item.dual_sai.23206								2H	Stab Sword	5			
item.dust.30328													
item.dust_battlestaff.20736	30 Attack, 30 Magic							Weapon	Staff	5			
item.dust_rune.4696													
item.dusty_lamp.28132													
item.dwarf_cannon_set.12863													
item.dwarf_weed.267													
item.dwarf_weed_potion_unf.109													
item.dwarf_weed_seed.5303													
item.dwarven_battleaxe.5056													
item.dwarven_helmet.11200	50 Defence							Head					
item.dwarven_rock_cake.7509													
item.dwarven_stout.1913													
item.dwarven_stout_m.5747													
item.dwellberries.2126													
item.dwellberry_seed.5103													
item.dynamite.13573													
item.dynamite_pot.13572													
item.eagle_cape.10171								Cape					
item.eagle_feather.10167													
item.earmuffs.4166	15 Slayer							Head					
item.earth_battlestaff.1399	1 Magic							Weapon	Staff	5			
item.earth_impling_jar.11244													
item.earth_orb.575													
item.earth_talisman.1440													
item.earth_tiara.5535								Head					
item.echo_boots.28945								Feet					
item.echo_crystal.28942													
item.eclectic_impling_jar.11248													
item.eclipse_atlatl.29000								2H	Bow, Thrown	4			
item.eclipse_moon_chestplate.29004								Body					
item.eclipse_moon_helm.29010								Head					
item.eclipse_moon_tassets.29007								Legs					
item.eclipse_red.29415													
item.ectophial.4251													
item.edible_seaweed.403													
item.eel_sushi.10971													
item.efaritay_s_aid.21140								Ring					
item.efh_salt.22595													
item.egg.1944													
item.egg_and_tomato.7064													
item.egg_mould.21252													
item.egg_potato.7056													
item.egg_whisk.7435								Weapon	Stab Sword	4			
item.elder_4.20916													
item.elder_4.20924													
item.elder_chaos_hood.20595	40 Magic							Head					
item.elder_chaos_robe.20520	40 Magic							Legs					
item.elder_chaos_top.20517	40 Magic							Body					
item.elder_maul.21003	75 Attack, 75 Strength							2H	Blunt	6			
item.eldritch_nightmare_staff.24425	75 Magic, 50 Hitpoints							Weapon	Staff	5			
item.eldritch_orb.24517													
item.elemental_helmet.9729								Head					
item.elemental_ore.2892													
item.elemental_shield.2890								Shield					
item.elemental_sphere.8352													
item.elemental_talisman.5516													
item.elemental_tiara.26804								Head					
item.elf_quest_lamp.28552													
item.elidinis_ward.25985								Shield					
item.elidinis_ward_f.27251								Shield					
item.elite_black_full_helm.29560								Head					
item.elite_black_platebody.29562								Body					
item.elite_black_platelegs.29564								Legs					
item.elite_calamity_breeches.26759								Legs					
item.elite_calamity_chest.26753								Body					
item.elite_void_robe.13073	42 Attack, 42 Strength, 42 Defence, 42 Ranged, 42 Magic, 22 Prayer, 42 Hitpoints							Legs					
item.elite_void_top.13072	42 Attack, 42 Strength, 42 Defence, 42 Ranged, 42 Magic, 22 Prayer, 42 Hitpoints							Body					
item.elven_boots.24003								Feet					
item.elven_dawn.23948													
item.elven_gloves.24006								Hands					
item.elven_legwear.24024								Legs					
item.elven_signet.23943								Ring					
item.elven_skirt.24012								Legs					
item.elven_top.24009								Body					
item.elysian_sigil.12819													
item.elysian_spirit_shield.12817	75 Defence, 75 Prayer							Shield					
item.emberlight.29589								Weapon	Slash Sword	4			
item.emerald_amulet.1696								Neck					
item.emerald_amulet_u.1677													
item.emerald_bolt_tips.9190													
item.emerald_bolts.9338	46 Ranged							Ammo					
item.emerald_bolts_e.9241	36 Ranged							Ammo					
item.emerald_bracelet.11076								Hands					
item.emerald_dragon_bolts.21965	64 Ranged							Ammo					
item.emerald_dragon_bolts_e.21942	64 Ranged							Ammo					
item.emerald_lantern.9064													
item.emerald_sickle_b.22433								Weapon	Slash Sword	5			
item.emissary_hood.29868								Head					
item.emissary_robe_bottom.29872								Legs					
item.emissary_robe_top.29870								Body					
item.emissary_sandals.29874								Feet					
item.empty_candle_lantern.4527													
item.empty_cup.1980													
item.empty_fishbowl.6667													
item.empty_oil_lamp.4525													
item.empty_oil_lantern.4535													
item.empty_plant_pot.5350													
item.empty_sack.5418													
item.enchant_diamond.8019													
item.enchant_dragonstone.8020													
item.enchant_emerald_or_jade.8017													
item.enchant_onyx.8021													
item.enchant_ruby_or_topaz.8018													
item.enchant_sapphire_or_opal.8016													
item.enchanted_bar.4007													
item.enchanted_emerald_sickle_b.22435								Weapon	Slash Sword	5			
item.enchanted_gem.4155													
item.enchanted_hat.7400	20 Defence, 40 Magic							Head					
item.enchanted_lyre.3690								Weapon	Unarmed	4			
item.enchanted_lyre_i.23458								Weapon	Unarmed	4			
item.enchanted_robe.7398	20 Defence, 40 Magic							Legs					
item.enchanted_ruby_sickle_b.24695								Weapon	Slash Sword	5			
item.enchanted_symbol.21800													
item.enchanted_top.7399	20 Defence, 40 Magic							Body					
item.enhanced_crystal_teleport_seed.23959													
item.enhanced_crystal_weapon_seed.25859													
item.enhanced_quetzal_whistle_blueprint.29253													
item.enriched_snapdragon_seed.29538													
item.ensouled_abyssal_head.13507													
item.ensouled_aviansie_head.13504													
item.ensouled_bear_head.13462													
item.ensouled_bloodveld_head.13495													
item.ensouled_chaos_druid_head.13471													
item.ensouled_dagannoth_head.13492													
item.ensouled_demon_head.13501													
item.ensouled_dog_head.13468													
item.ensouled_dragon_head.13510													
item.ensouled_elf_head.13480													
item.ensouled_giant_head.13474													
item.ensouled_goblin_head.13447													
item.ensouled_hellhound_head.26996													
item.ensouled_horror_head.13486													
item.ensouled_imp_head.13453													
item.ensouled_kalphite_head.13489													
item.ensouled_minotaur_head.13456													
item.ensouled_monkey_head.13450													
item.ensouled_ogre_head.13477													
item.ensouled_scorpion_head.13459													
item.ensouled_troll_head.13483													
item.ensouled_tzhaar_head.13498													
item.ensouled_unicorn_head.13465													
item.equa_leaves.2128													
item.equa_toad_s_legs.2154													
item.escape_crystal.22517								Ring					
item.essence_impling_jar.11246													
item.eternal_boots.13235	75 Defence, 75 Magic							Feet					
item.eternal_crystal.13227													
item.eternal_gem.21270													
item.evil_chicken_feet.20433								Feet					
item.evil_chicken_head.20439								Head					
item.evil_chicken_legs.20442								Legs					
item.evil_chicken_wings.20436								Body					
item.excalibur.35	20 Attack							Weapon	Slash Sword	5			
item.executioner_s_axe_head.28319													
item.expeditious_bracelet.21177								Hands					
item.experiment_bone.7893													
item.expert_mining_gloves.21392								Hands					
item.explorer_backpack.12514								Cape					
item.explorer_s_ring_1.13125								Ring					
item.explorer_s_ring_2.13126								Ring					
item.explorer_s_ring_3.13127								Ring					
item.explorer_s_ring_4.13128								Ring					
item.exquisite_boots.5064													
item.exquisite_clothes.5067													
item.extended_anti_venom_4.29824													
item.eye_of_newt.221													
item.facemask.4164	10 Slayer							Head					
item.fake_beak.10172								Head					
item.fake_beard.4593													
item.falador_shield_1.13117								Shield					
item.falador_shield_2.13118								Shield					
item.falador_shield_3.13119								Shield					
item.falador_shield_4.13120								Shield					
item.falador_teleport.8009													
item.falconer_s_glove.10023	43 Hunter							Weapon	Unarmed	4			
item.fancier_boots.28672								Feet					
item.fancy_boots.9005								Feet					
item.fancy_hedge.8207													
item.fancy_teak_dresser.8049													
item.fancy_tiara.20008								Head					
item.fangs_of_venenatis.27670													
item.farmer_s_boots.13644								Feet					
item.farmer_s_boro_trousers.13640								Legs					
item.farmer_s_jacket.13642								Body					
item.farmer_s_shirt.13643								Body					
item.farmer_s_strawhat.13646								Head					
item.farming_cape.9810	99 Farming							Cape					
item.farming_hood.9812	99 Farming							Head					
item.farseer_helm.3755	45 Defence							Head					
item.fat_snail.3367													
item.fat_snail_meat.3373													
item.fayrg_bonemeal.4853													
item.fayrg_bones.4830													
item.feather.314													
item.feather_pack.11881													
item.feathered_journal.10179													
item.fedora.11990								Head					
item.feldip_hills_teleport.12404													
item.feldip_weasel_fur.10119													
item.felling_axe_handle.28177													
item.fenkenstrain_s_castle_teleport.19621													
item.ferocious_gloves.22981	80 Attack, 80 Defence							Hands					
item.ferret.10092													
item.fez.6382								Head					
item.fibula_piece.6167													
item.field_arrow.22228								Ammo					
item.field_ration.7934													
item.fiendish_ashes.25766													
item.fighter_hat.10548	45 Defence							Head					
item.fighter_torso.10551	40 Defence							Body					
item.fighting_boots.9006								Feet					
item.filled_plant_pot.5354													
item.fillets.10969													
item.fine_cloth.3470													
item.fine_mesh_net.21865													
item.fingernails.2384													
item.fingers.10965													
item.fire_battlestaff.1393	1 Magic							Weapon	Staff	5			
item.fire_cape.6570								Cape					
item.fire_feather.1583													
item.fire_giant_bone.7872													
item.fire_max_cape.13329	99 Attack, 99 Strength, 99 Defence, 99 Ranged, 99 Magic, 99 Prayer, 99 Hitpoints, 99 Runecraft, 99 Construction, 99 Agility, 99 Herblore, 99 Thieving, 99 Crafting, 99 Fletching, 99 Slayer, 99 Hunter, 99 Mining, 99 Smithing, 99 Fishing, 99 Cooking, 99 Firemaking, 99 Woodcutting, 99 Farming							Cape					
item.fire_max_hood.13330	99 Attack, 99 Strength, 99 Defence, 99 Ranged, 99 Magic, 99 Prayer, 99 Hitpoints, 99 Runecraft, 99 Construction, 99 Agility, 99 Herblore, 99 Thieving, 99 Crafting, 99 Fletching, 99 Slayer, 99 Hunter, 99 Mining, 99 Smithing, 99 Fishing, 99 Cooking, 99 Firemaking, 99 Woodcutting, 99 Farming							Head					
item.fire_orb.569													
item.fire_talisman.1442													
item.fire_tiara.5537								Head					
item.firemaking_cape.9804	99 Firemaking							Cape					
item.firemaking_hood.9806	99 Firemaking							Head					
item.fish_barrel.25582													
item.fish_food.272													
item.fish_offcuts.11334													
item.fish_pie.7188													
item.fish_sack.22838								Cape					
item.fish_sack_barrel.25585								Cape					
item.fishbowl.6668													
item.fishbowl_and_net.6673													
item.fishbowl_helmet.7534								Head					
item.fishing_bait.313													
item.fishing_cape.9798	99 Fishing							Cape					
item.fishing_explosive.6660													
item.fishing_guild_teleport.24959													
item.fishing_hood.9800	99 Fishing							Head					
item.fishing_rod.307													
item.fishlike_thing.6202													
item.five_barrels.8864													
item.fixed_device.6082								2H	Gun	4			
item.fiyr_remains.3404													
item.flamtaer_bag.12854													
item.flamtaer_bracelet.21180								Hands					
item.flamtaer_hammer.3678													
item.flared_trousers.10394								Legs					
item.flattened_hide.6171													
item.flax.1779													
item.fletching_cape.9783	99 Fletching							Cape					
item.fletching_hood.9785	99 Fletching							Head					
item.flighted_ogre_arrow.2865													
item.flippers.6666								Feet					
item.fluffy_feathers.21248													
item.fly_fishing_rod.309													
item.forester_s_ration.28157													
item.forestry_basket.28143								Cape					
item.forestry_boots.28175								Feet					
item.forestry_hat.28173								Head					
item.forestry_kit.28136								Cape					
item.forestry_legs.28171								Legs					
item.forestry_top.28169								Body					
item.fortis_ash_white.29961													
item.four_barrels.8863													
item.four_poster_bed.8586													
item.fox.5608								Weapon	Unarmed	4			
item.fox_fur.29163													
item.fremennik_beige_shirt.3771								Body					
item.fremennik_black_cloak.3789								Cape					
item.fremennik_blade.3757	30 Attack							Weapon	Slash Sword	4			
item.fremennik_blue_cloak.3763								Cape					
item.fremennik_blue_shirt.3775								Body					
item.fremennik_boots.3791								Feet					
item.fremennik_brown_cloak.3761								Cape					
item.fremennik_brown_shirt.3767								Body					
item.fremennik_cyan_cloak.3759								Cape					
item.fremennik_gloves.3799								Hands					
item.fremennik_green_cloak.3765								Cape					
item.fremennik_grey_cloak.3779								Cape					
item.fremennik_grey_shirt.3769								Body					
item.fremennik_hat.3797								Head					
item.fremennik_helm.3748	30 Defence							Head					
item.fremennik_kilt.23246								Legs					
item.fremennik_pink_cloak.3787								Cape					
item.fremennik_purple_cloak.3785								Cape					
item.fremennik_quest_lamp.28551													
item.fremennik_red_cloak.3777								Cape					
item.fremennik_red_shirt.3773								Body					
item.fremennik_robe.3793								Body					
item.fremennik_sea_boots_1.13129								Feet					
item.fremennik_sea_boots_2.13130								Feet					
item.fremennik_sea_boots_3.13131								Feet					
item.fremennik_sea_boots_4.13132								Feet					
item.fremennik_shield.3758	30 Defence							Shield					
item.fremennik_skirt.3795								Legs					
item.fremennik_teal_cloak.3783								Cape					
item.fremennik_yellow_cloak.3781								Cape					
item.fresh_monkfish.7942													
item.fried_mushrooms.7082													
item.fried_onions.7084													
item.frog_leather_body.10954	25 Defence, 25 Ranged							Body					
item.frog_leather_boots.10958	25 Defence, 25 Ranged							Feet					
item.frog_leather_chaps.10956	25 Defence, 25 Ranged							Legs					
item.frog_mask.6188								Head					
item.frog_slippers.23288								Feet					
item.frog_spawn.5004													
item.frogburger.10962													
item.frogspawn_gumbo.10961													
item.frozen_abyssal_whip.12774	70 Attack							Weapon	Whip	4			
item.frozen_tear.29895													
item.frozen_whip_mix.12769													
item.fruit_batta.2277													
item.fruit_blast.2084													
item.frying_pan.7441								Weapon	Blunt	6			
item.funky_shaped_log.28138													
item.fur.6814													
item.fury_ornament_kit.12526													
item.gadderhammer.7668	30 Attack							2H	Blunt	5			
item.garden_pie.7178													
item.gardening_boots.5345								Feet					
item.gardening_trowel.5325													
item.garlic.1550													
item.garlic_powder.4668													
item.gas_mask.1506								Head					
item.gauntlet_cape.23859								Cape					
item.gem_bag.766													
item.ghommal_s_avernic_defender_5.27550								Shield					
item.ghommal_s_avernic_defender_6.27552								Shield					
item.ghommal_s_hilt_1.25926								Shield					
item.ghommal_s_hilt_2.25928								Shield					
item.ghommal_s_hilt_3.25930								Shield					
item.ghommal_s_hilt_4.25932								Shield					
item.ghommal_s_hilt_5.25934								Shield					
item.ghommal_s_hilt_6.25936								Shield					
item.ghommal_s_lucky_penny.27544								Ammo					
item.ghorrock_teleport.12778													
item.ghost_buster_500.9906													
item.ghostly_boots.6106								Feet					
item.ghostly_cloak.6111								Cape					
item.ghostly_gloves.6110								Hands					
item.ghostly_hood.6109								Head					
item.ghostly_robe.6107								Body, Legs					
item.ghostspeak_amulet.552								Neck					
item.ghoul_bone.7881													
item.ghrazi_rapier.22324	75 Attack							Weapon	Stab Sword	4			
item.gianne_dough.2171													
item.gianne_s_cook_book.2167													
item.giant_boot.23252								Head					
item.giant_carp.337													
item.giant_egg_sac_full.23517													
item.giant_frog_legs.4517													
item.giant_pouch.5514													
item.giant_rat_bone.7824													
item.giant_seaweed.21504													
item.giant_stopwatch.27414								2H	Blunt	4			
item.gielinor_s_flora_herbs.23017													
item.gilded_2h_sword.20155	40 Attack							2H	2H Sword	7			
item.gilded_adventure_log.20624													
item.gilded_armour_set_lg.13036													
item.gilded_armour_set_sk.13038													
item.gilded_axe.23279	40 Attack, 41 Woodcutting							Weapon	Axe	5			
item.gilded_bench.8114													
item.gilded_boots.12391	40 Defence							Feet					
item.gilded_cape_rack.9820													
item.gilded_chainbody.20149	40 Defence							Body					
item.gilded_clock.8054													
item.gilded_coif.23258								Head					
item.gilded_d_hide_body.23264	40 Defence, 40 Ranged							Body					
item.gilded_d_hide_chaps.23267	40 Ranged							Legs					
item.gilded_d_hide_vambraces.23261	40 Ranged							Hands					
item.gilded_dragonhide_set.23124													
item.gilded_dresser.8051													
item.gilded_four_poster.8588													
item.gilded_full_helm.3486	40 Defence							Head					
item.gilded_hasta.20161	40 Attack							Weapon	Spear	4			
item.gilded_kiteshield.3488	40 Defence							Shield					
item.gilded_magic_wardrobe.9857													
item.gilded_med_helm.20146	40 Defence							Head					
item.gilded_pickaxe.23276	40 Attack, 41 Mining							Weapon	Pickaxe	5			
item.gilded_platebody.3481	40 Defence							Body					
item.gilded_platelegs.3483	40 Defence							Legs					
item.gilded_plateskirt.3485	40 Defence							Legs					
item.gilded_scimitar.12389	40 Attack							Weapon	Slash Sword	4			
item.gilded_smile_flag.8967								Weapon	Banner	4			
item.gilded_spade.23282								2H	Blunt	4			
item.gilded_spear.20158	40 Attack							2H	Spear	4			
item.gilded_sq_shield.20152	40 Defence							Shield					
item.gilded_wardrobe.8044													
item.gin.2019													
item.giral_bat_2.20875													
item.glacial_temotli.29889								2H	Blunt	4			
item.glarial_s_amulet.295								Neck					
item.glassblowing_book.11656													
item.glassblowing_pipe.1785													
item.globetrotter_pendant.28765								Neck					
item.gloves_of_darkness.20134	20 Defence, 40 Magic							Hands					
item.gloves_of_ruin.27434								Hands					
item.gloves_of_silence.10075	54 Hunter							Hands					
item.glowing_dagger.747								Weapon	Stab Sword	4			
item.gnome_amulet.589								Neck					
item.gnome_goggles.9472								Head					
item.gnome_quest_lamp.28553													
item.gnome_scarf.9470								Neck					
item.gnome_spice.2169													
item.gnomeball.751													
item.gnomebowl_mould.2166													
item.gnomish_firelighter.20275													
item.goat_dung.22590													
item.goat_horn_dust.9736													
item.goblin_book.10999													
item.goblin_mail.288													
item.goblin_mask.12251								Head					
item.goblin_village_sphere.11060													
item.godsword_blade.11798													
item.godsword_shard_1.11818													
item.godsword_shard_2.11820													
item.godsword_shard_3.11822													
item.gold_amulet.1692								Neck					
item.gold_amulet_u.1673													
item.gold_bracelet.11068								Hands					
item.gold_coffin.25467								Cape					
item.gold_elegant_blouse.12343								Body					
item.gold_elegant_legs.12349								Legs					
item.gold_elegant_shirt.12347								Body					
item.gold_elegant_skirt.12345								Legs					
item.gold_headband.12303								Head					
item.gold_helmet.4567	30 Defence							Head					
item.gold_leaf.4692													
item.gold_locks.25454													
item.gold_ore_fragment.21535													
item.gold_satchel.10881								Shield					
item.gold_seal.9040													
item.gold_tiara.26788								Head					
item.golden_apron.20208								Body					
item.golden_bowl.723													
item.golden_chef_s_hat.20205								Head					
item.golden_feather.2950													
item.golden_hammer.2949													
item.golden_needle.2951													
item.golden_prospector_boots.25555								Feet					
item.golden_prospector_helmet.25549								Head					
item.golden_prospector_jacket.25551								Body					
item.golden_prospector_legs.25553								Legs					
item.golden_scarab.9028													
item.golden_statuette.9034													
item.golden_tench.22840								Weapon	Blunt	4			
item.golden_tinderbox.2946													
item.golden_wool.3694													
item.goldsmith_gauntlets.776								Hands					
item.golovanova_fruit.13426													
item.golovanova_fruit_top.19653													
item.golovanova_seed.13423													
item.golpar_seed.20906													
item.gorgeous_orange_lily_seed.27038													
item.gorilla_bonemeal.4265													
item.gorilla_bones.3181													
item.gourmet_impling_jar.11242													
item.gout_tuber.6311													
item.goutweed.3261													
item.graahk_fur.10099													
item.graahk_headdress.10051	38 Hunter							Head					
item.graahk_legs.10047	38 Hunter							Legs					
item.graahk_top.10049	38 Hunter							Body					
item.graceful_boots.11860								Feet					
item.graceful_cape.11852								Cape					
item.graceful_gloves.11858								Hands					
item.graceful_hood.11850								Head					
item.graceful_legs.11856								Legs					
item.graceful_top.11854								Body					
item.grail_bell.17													
item.grain.1947								Cape					
item.grand_seed_pod.9469													
item.granite_2kg.6981													
item.granite_500g.6979													
item.granite_5kg.6983													
item.granite_body.10564	50 Strength, 50 Defence							Body					
item.granite_boots.21643	50 Defence							Feet					
item.granite_cannonball.21728													
item.granite_clamp.12849													
item.granite_dust.21726													
item.granite_gloves.21736	50 Strength, 50 Defence							Hands					
item.granite_hammer.21742	50 Attack, 50 Strength							Weapon	Blunt	4			
item.granite_helm.10589	50 Strength, 50 Defence							Head					
item.granite_legs.6809	50 Strength, 50 Defence							Legs					
item.granite_longsword.21646	50 Attack, 50 Strength							Weapon	Slash Sword	5			
item.granite_maul.4153	50 Attack							2H	Blunt	7			
item.granite_ring.21739	50 Strength, 50 Defence							Ring					
item.granite_ring_i.21752	50 Strength, 50 Defence							Ring					
item.granite_shield.3122	50 Strength, 50 Defence							Shield					
item.granite_tablet.28817													
item.grape_barrel.30037													
item.grape_seed.13657													
item.grapes.1987													
item.greater_demon_mask.20023								Head					
item.greater_siren.22835													
item.green_banner.13328								Weapon	Banner	4			
item.green_boater.7323								Head					
item.green_boots.628								Feet					
item.green_candy.24985													
item.green_cape.1027								Cape					
item.green_d_hide_body.1135	40 Defence, 40 Ranged							Body					
item.green_d_hide_chaps.1099	40 Ranged							Legs					
item.green_d_hide_shield.22275	40 Defence, 40 Ranged							Shield					
item.green_d_hide_vambraces.1065	40 Ranged							Hands					
item.green_dark_bow_paint.12759													
item.green_dragon_leather.1745													
item.green_dragon_mask.12518								Head					
item.green_dragonhide.1753													
item.green_dragonhide_set.12865													
item.green_dye.1771													
item.green_elegant_blouse.10432								Body					
item.green_elegant_legs.10414								Legs					
item.green_elegant_shirt.10412								Body					
item.green_elegant_skirt.10434								Legs					
item.green_firelighter.7330													
item.green_gloop_soup.10960													
item.green_goblin_mail.9057													
item.green_hat.658								Head					
item.green_headband.12307								Head					
item.green_logs.7405													
item.green_naval_shirt.8953								Body					
item.green_navy_slacks.8992								Legs					
item.green_robe_bottoms.648								Legs					
item.green_robe_top.638								Body					
item.green_satchel.10878								Shield					
item.green_slayer_helmet.19643	10 Defence							Head					
item.green_slayer_helmet_i.19645	10 Defence							Head					
item.green_spiky_vambraces.10079	40 Ranged							Hands					
item.green_tricorn_hat.8960								Head					
item.greenman_s_ale.1909													
item.greenman_s_ale_m.5743													
item.greenmans_ale_1.5787													
item.greenmans_ale_m4.5873													
item.grey_boots.2894								Feet					
item.grey_gloves.2902								Hands					
item.grey_hat.2900								Head					
item.grey_naval_shirt.8958								Body					
item.grey_navy_slacks.8997								Legs					
item.grey_robe_bottoms.2898								Legs					
item.grey_robe_top.2896								Body					
item.grey_toy_horsey.2526													
item.grey_tricorn_hat.8965								Head					
item.grey_wolf_fur.958													
item.griffin_feather.11196													
item.grimy_ardrigal.1527													
item.grimy_avantoe.211													
item.grimy_buchu_leaf.20907													
item.grimy_cadantine.215													
item.grimy_dwarf_weed.217													
item.grimy_golpar.20904													
item.grimy_guam_leaf.199													
item.grimy_harralander.205													
item.grimy_huasca.30094													
item.grimy_irit_leaf.209													
item.grimy_kwuarm.213													
item.grimy_lantadyme.2485													
item.grimy_marrentill.201													
item.grimy_note.29558													
item.grimy_noxifer.20901													
item.grimy_ranarr_weed.207													
item.grimy_rogue_s_purse.1533													
item.grimy_sito_foil.1529													
item.grimy_snake_weed.1525													
item.grimy_snapdragon.3051													
item.grimy_tarromin.203													
item.grimy_toadflax.3049													
item.grimy_torstol.219													
item.grimy_volencia_moss.1531													
item.grog.1915													
item.ground_bat_bones.2391													
item.ground_guam.6681													
item.group_ironman_bracers.26168								Hands					
item.group_ironman_bracers_unranked.27046								Hands					
item.group_ironman_helm.26156								Head					
item.group_ironman_helm_unranked.27042								Head					
item.group_ironman_platebody.26158								Body					
item.group_ironman_platebody_unranked.27048								Body					
item.group_ironman_platelegs.26166								Legs					
item.group_ironman_platelegs_unranked.27044								Legs					
item.grubby_key.23499													
item.grubs_la_mode.10966													
item.guam_leaf.249													
item.guam_potion_unf.91													
item.guam_seed.5291													
item.guam_tar.10142								Ammo					
item.guanic_bat_0.20871													
item.guardian_boots.21733	75 Defence							Feet					
item.guardian_essence.26879													
item.guild_hunter_boots.29269								Feet					
item.guild_hunter_headwear.29263								Head					
item.guild_hunter_legs.29267								Legs					
item.guild_hunter_top.29265								Body					
item.guthan_s_armour_set.12873													
item.guthan_s_chainskirt.4730	70 Defence							Legs					
item.guthan_s_helm.4724	70 Defence							Head					
item.guthan_s_platebody.4728	70 Defence							Body					
item.guthan_s_warspear.4726	70 Attack							2H	Spear	5			
item.guthix_armour_set_lg.13048													
item.guthix_armour_set_sk.13050													
item.guthix_balance_4.7660													
item.guthix_balance_unf.7652													
item.guthix_bracers.10376	40 Defence, 70 Ranged							Hands					
item.guthix_cape.2413	60 Magic							Cape					
item.guthix_chaps.10380	40 Defence, 70 Ranged							Legs					
item.guthix_cloak.10448	40 Prayer							Cape					
item.guthix_coif.10382	40 Defence, 70 Ranged							Head					
item.guthix_crozier.10442	60 Prayer							Weapon	Staff	5			
item.guthix_d_hide_body.10378	40 Defence, 70 Ranged							Body					
item.guthix_d_hide_boots.19927	40 Defence, 70 Ranged							Feet					
item.guthix_d_hide_shield.23188	40 Defence, 70 Ranged							Shield					
item.guthix_dragonhide_set.13165													
item.guthix_full_helm.2673	40 Defence							Head					
item.guthix_halo.12639								Head					
item.guthix_kiteshield.2675	40 Defence							Shield					
item.guthix_max_cape.13335	99 Attack, 99 Strength, 99 Defence, 99 Ranged, 99 Magic, 99 Prayer, 99 Hitpoints, 99 Runecraft, 99 Construction, 99 Agility, 99 Herblore, 99 Thieving, 99 Crafting, 99 Fletching, 99 Slayer, 99 Hunter, 99 Mining, 99 Smithing, 99 Fishing, 99 Cooking, 99 Firemaking, 99 Woodcutting, 99 Farming							Cape					
item.guthix_max_hood.13336	99 Attack, 99 Strength, 99 Defence, 99 Ranged, 99 Magic, 99 Prayer, 99 Hitpoints, 99 Runecraft, 99 Construction, 99 Agility, 99 Herblore, 99 Thieving, 99 Crafting, 99 Fletching, 99 Slayer, 99 Hunter, 99 Mining, 99 Smithing, 99 Fishing, 99 Cooking, 99 Firemaking, 99 Woodcutting, 99 Farming							Head					
item.guthix_mitre.10454	40 Magic, 40 Prayer							Head					
item.guthix_mjolnir.6760								2H	Polestaff	6			
item.guthix_page_1.3835													
item.guthix_page_2.3836													
item.guthix_page_3.3837													
item.guthix_page_4.3838													
item.guthix_platebody.2669	40 Defence							Body					
item.guthix_platelegs.2671	40 Defence							Legs					
item.guthix_plateskirt.3480	40 Defence							Legs					
item.guthix_rest_4.4417													
item.guthix_robe_legs.10466	20 Prayer							Legs					
item.guthix_robe_top.10462	20 Prayer							Body					
item.guthix_staff.2416	60 Magic							Weapon	Staff	5			
item.guthix_stole.10472	60 Prayer							Neck					
item.guthixian_temple_teleport.29684													
item.hair.10814													
item.half_a_botanical_pie.19659													
item.half_a_dragonfruit_pie.22792													
item.half_a_fish_pie.7190													
item.half_a_garden_pie.7180													
item.half_a_meat_pie.2331													
item.half_a_mushroom_pie.21687													
item.half_a_redberry_pie.2333													
item.half_a_summer_pie.7220													
item.half_a_wild_pie.7210													
item.half_an_admiral_pie.7200													
item.half_an_apple_pie.2335													
item.half_full_wine_jug.1989													
item.half_moon_spectacles.20053								Head					
item.hallowed_crystal_shard.24709													
item.hallowed_focus.24723								Shield					
item.hallowed_grapple.24721								Ammo					
item.hallowed_hammer.24727								Weapon	Blunt	4			
item.hallowed_ring.24731								Ring					
item.hallowed_symbol.24725								Neck					
item.hallowed_token.24719													
item.ham_boots.4310								Feet					
item.ham_cloak.4304								Cape					
item.ham_gloves.4308								Hands					
item.ham_hood.4302								Head					
item.ham_joint.23360								Weapon	Blunt	3			
item.ham_logo.4306								Neck					
item.ham_robe.4300								Legs					
item.ham_shirt.4298								Body					
item.hammerstone_hops.5994													
item.hammerstone_seed.5307													
item.hard_hat.10862								Head					
item.hard_leather.1743													
item.hard_leather_shield.22269	10 Defence, 20 Ranged							Shield					
item.hardcore_group_ironman_bracers.26182								Hands					
item.hardcore_group_ironman_helm.26170								Head					
item.hardcore_group_ironman_platebody.26172								Body					
item.hardcore_group_ironman_platelegs.26180								Legs					
item.hardcore_ironman_helm.20792								Head					
item.hardcore_ironman_platebody.20794								Body					
item.hardcore_ironman_platelegs.20796								Legs					
item.hardleather_gloves.7453								Hands					
item.harmonised_nightmare_staff.24423	75 Magic, 50 Hitpoints							Weapon	Staff	5			
item.harmonised_orb.24511													
item.harmony_island_teleport.19625													
item.harpoon.311													
item.harpoonfish.25565													
item.harralander.255													
item.harralander_potion_unf.97													
item.harralander_seed.5294													
item.harralander_tar.10145								Ammo					
item.harry_s_cutlass.7141	20 Attack							Weapon	Slash Sword	4			
item.hat_eyepatch.8928								Head					
item.hat_of_the_eye.26850								Head					
item.hat_of_the_eye_blue.26870								Head					
item.hat_of_the_eye_green.26864								Head					
item.hat_of_the_eye_red.26858								Head					
item.hazeel_s_mark.2406								Neck					
item.headless_arrow.53													
item.healer_hat.10547	45 Defence							Head					
item.healer_icon.10559													
item.heat_proof_vessel.21539								Weapon	Unarmed	4			
item.heavy_ballista.19481	75 Ranged							2H	Crossbow	7			
item.heavy_casket.19941								2H	Blunt	6			
item.heavy_frame.19589													
item.helm_of_neitiznot.10828	55 Defence							Head					
item.helm_of_raedwald.19687								Head					
item.helmet_of_the_moon.30111								Head					
item.herb_sack.13226													
item.herb_tea_mix.4464													
item.herblore_cape.9774	99 Herblore							Cape					
item.herblore_hood.9776	99 Herblore							Head					
item.hespori_bark.25968													
item.hespori_seed.22875													
item.highwayman_mask.2631								Head					
item.hill_giant_club.20756	40 Attack							2H	Blunt	7			
item.hitpoints_cape.9768	99 Hitpoints							Cape					
item.hitpoints_hood.9770	99 Hitpoints							Head					
item.holy_blessing.20220								Ammo					
item.holy_book.3840								Shield					
item.holy_book_page_set.13149													
item.holy_elixir.12833													
item.holy_ghrazi_rapier.25734								Weapon	Stab Sword	4			
item.holy_mould.1599													
item.holy_sandals.12598	31 Prayer							Feet					
item.holy_sanguinesti_staff.25731								Weapon	Powered Staff	4			
item.holy_scythe_of_vitur.25736								2H	Scythe	5			
item.holy_symbol.1718								Neck					
item.holy_water.732								Weapon	Thrown	4			
item.holy_wraps.19997	31 Prayer							Hands					
item.holy_wrench.6714													
item.honourable_blessing.20229								Ammo					
item.hood_of_darkness.20128	20 Defence, 40 Magic							Head					
item.hood_of_ruin.27428								Head					
item.hoop_snake.21624													
item.hosidius_banner.20254								Weapon	Polestaff	5			
item.hosidius_hood.20116								Head					
item.hosidius_scarf.19946								Neck					
item.hosidius_teleport.19651													
item.huasca.30097													
item.huasca_potion_unf.30100													
item.huasca_seed.30088													
item.hueycoatl_hide.30085													
item.hueycoatl_hide_body.30076								Body					
item.hueycoatl_hide_chaps.30079								Legs					
item.hueycoatl_hide_coif.30073								Head					
item.hueycoatl_hide_vambraces.30082								Hands					
item.human_bones.12839													
item.hunter_cape.9948	99 Hunter							Cape					
item.hunter_hood.9950	99 Hunter							Head					
item.hunter_s_honour.12855								Head					
item.hunter_s_spear.29305								Weapon	Thrown	6			
item.hunter_spear_tips.29311													
item.hunters_crossbow.10156	50 Ranged							Weapon	Crossbow	4			
item.hunters_sunlight_crossbow.28869								Weapon	Crossbow	4			
item.hunters_talisman.3696													
item.hunting_knife.20779								Weapon	Stab Sword	4			
item.huntsman_s_kit.29309													
item.hydra_bonemeal.22758													
item.hydra_bones.22786													
item.hydra_leather.22983													
item.hydra_s_claw.22966													
item.hydra_slayer_helmet.23073	10 Defence, 60 Slayer							Head					
item.hydra_slayer_helmet_i.23075	10 Defence, 60 Slayer							Head					
item.hydra_tail.22988													
item.iasor_seed.22883													
item.iban_s_staff.1409	50 Attack, 50 Magic							Weapon	Staff	5			
item.iban_s_staff_u.12658	50 Attack, 50 Magic							Weapon	Staff	5			
item.ice_ancient_sceptre.25490								Weapon	Staff	4			
item.ice_arrows.78								Ammo					
item.ice_cooler.6696													
item.ice_gloves.1580								Hands					
item.ice_plateau_teleport.24963													
item.icthlarin_s_hood_tier_5.27267								Head					
item.icthlarin_s_shroud_tier_1.27257								Cape					
item.icthlarin_s_shroud_tier_2.27259								Cape					
item.icthlarin_s_shroud_tier_3.27261								Cape					
item.icthlarin_s_shroud_tier_4.27263								Cape					
item.icthlarin_s_shroud_tier_5.27265								Cape					
item.icy_basalt.22599													
item.imbued_barronite.28806													
item.imbued_guthix_cape.21793	50 Magic							Cape					
item.imbued_guthix_max_cape.21784	99 Attack, 99 Strength, 99 Defence, 99 Ranged, 99 Magic, 99 Prayer, 99 Hitpoints, 99 Runecraft, 99 Construction, 99 Agility, 99 Herblore, 99 Thieving, 99 Crafting, 99 Fletching, 99 Slayer, 99 Hunter, 99 Mining, 99 Smithing, 99 Fishing, 99 Cooking, 99 Firemaking, 99 Woodcutting, 99 Farming							Cape					
item.imbued_guthix_max_hood.21786	99 Attack, 99 Strength, 99 Defence, 99 Ranged, 99 Magic, 99 Prayer, 99 Hitpoints, 99 Runecraft, 99 Construction, 99 Agility, 99 Herblore, 99 Thieving, 99 Crafting, 99 Fletching, 99 Slayer, 99 Hunter, 99 Mining, 99 Smithing, 99 Fishing, 99 Cooking, 99 Firemaking, 99 Woodcutting, 99 Farming							Head					
item.imbued_heart.20724													
item.imbued_saradomin_cape.21791	50 Magic							Cape					
item.imbued_saradomin_max_cape.21776	99 Attack, 99 Strength, 99 Defence, 99 Ranged, 99 Magic, 99 Prayer, 99 Hitpoints, 99 Runecraft, 99 Construction, 99 Agility, 99 Herblore, 99 Thieving, 99 Crafting, 99 Fletching, 99 Slayer, 99 Hunter, 99 Mining, 99 Smithing, 99 Fishing, 99 Cooking, 99 Firemaking, 99 Woodcutting, 99 Farming							Cape					
item.imbued_saradomin_max_hood.21778	99 Attack, 99 Strength, 99 Defence, 99 Ranged, 99 Magic, 99 Prayer, 99 Hitpoints, 99 Runecraft, 99 Construction, 99 Agility, 99 Herblore, 99 Thieving, 99 Crafting, 99 Fletching, 99 Slayer, 99 Hunter, 99 Mining, 99 Smithing, 99 Fishing, 99 Cooking, 99 Firemaking, 99 Woodcutting, 99 Farming							Head					
item.imbued_tephra.23907								Weapon	Unarmed	3			
item.imbued_zamorak_cape.21795	50 Magic							Cape					
item.imbued_zamorak_max_cape.21780	99 Attack, 99 Strength, 99 Defence, 99 Ranged, 99 Magic, 99 Prayer, 99 Hitpoints, 99 Runecraft, 99 Construction, 99 Agility, 99 Herblore, 99 Thieving, 99 Crafting, 99 Fletching, 99 Slayer, 99 Hunter, 99 Mining, 99 Smithing, 99 Fishing, 99 Cooking, 99 Firemaking, 99 Woodcutting, 99 Farming							Cape					
item.imbued_zamorak_max_hood.21782	99 Attack, 99 Strength, 99 Defence, 99 Ranged, 99 Magic, 99 Prayer, 99 Hitpoints, 99 Runecraft, 99 Construction, 99 Agility, 99 Herblore, 99 Thieving, 99 Crafting, 99 Fletching, 99 Slayer, 99 Hunter, 99 Mining, 99 Smithing, 99 Fishing, 99 Cooking, 99 Firemaking, 99 Woodcutting, 99 Farming							Head					
item.imcando_hammer.25644								Weapon	Blunt	6			
item.imcando_hammer_off_hand.29775								Shield					
item.immature_tecu_salamander.28831													
item.imp_mask.12249								Head					
item.imp_repellent.11262													
item.imperial_ros.29966													
item.impling_jar.11260													
item.incomplete_heavy_ballista.19598													
item.incomplete_light_ballista.19595													
item.infernal_ashes.25778													
item.infernal_axe.13241	60 Attack							Weapon	Axe	5			
item.infernal_cape.21295								Cape					
item.infernal_eel.21293													
item.infernal_harpoon.21031	60 Attack							Weapon	Stab Sword	5			
item.infernal_max_cape.21284	99 Attack, 99 Strength, 99 Defence, 99 Ranged, 99 Magic, 99 Prayer, 99 Hitpoints, 99 Runecraft, 99 Construction, 99 Agility, 99 Herblore, 99 Thieving, 99 Crafting, 99 Fletching, 99 Slayer, 99 Hunter, 99 Mining, 99 Smithing, 99 Fishing, 99 Cooking, 99 Firemaking, 99 Woodcutting, 99 Farming							Cape					
item.infernal_max_hood.21282	99 Attack, 99 Strength, 99 Defence, 99 Ranged, 99 Magic, 99 Prayer, 99 Hitpoints, 99 Runecraft, 99 Construction, 99 Agility, 99 Herblore, 99 Thieving, 99 Crafting, 99 Fletching, 99 Slayer, 99 Hunter, 99 Mining, 99 Smithing, 99 Fishing, 99 Cooking, 99 Firemaking, 99 Woodcutting, 99 Farming							Head					
item.infernal_pickaxe.13243	60 Attack							Weapon	Pickaxe	5			
item.infinite_money_bag.27440								Cape					
item.infinity_boots.6920	25 Defence, 50 Magic							Feet					
item.infinity_bottoms.6924	25 Defence, 50 Magic							Legs					
item.infinity_gloves.6922	25 Defence, 50 Magic							Hands					
item.infinity_hat.6918	25 Defence, 50 Magic							Head					
item.infinity_top.6916	25 Defence, 50 Magic							Body					
item.infused_earth_talisman.28967													
item.infused_water_talisman.28966													
item.initiate_cuisse.5576	10 Defence							Legs					
item.initiate_harness_m.9668													
item.initiate_hauberk.5575	20 Defence, 10 Prayer							Body					
item.initiate_sallet.5574	20 Defence, 10 Prayer							Head					
item.inoculation_bracelet.11088								Hands					
item.inquisitor_s_armour_set.24488													
item.inquisitor_s_great_helm.24419	70 Strength, 30 Defence							Head					
item.inquisitor_s_hauberk.24420	70 Strength, 30 Defence							Body					
item.inquisitor_s_mace.24417	75 Attack							Weapon	Spiked	4			
item.inquisitor_s_plateskirt.24421	70 Strength, 30 Defence							Legs					
item.insect_repellent.28													
item.insulated_boots.7159	37 Slayer							Feet					
item.inversion_potion.23806													
item.iorwerth_camp_teleport.12410													
item.irit_leaf.259													
item.irit_potion_unf.101													
item.irit_seed.5297													
item.irit_tar.28837								Ammo					
item.iron_arrowtips.40													
item.iron_axe.1349	1 Attack							Weapon	Axe	5			
item.iron_battleaxe.1363	1 Attack							Weapon	Axe	6			
item.iron_bolts.9140	26 Ranged							Ammo					
item.iron_bolts_unf.9377													
item.iron_boots.4121	1 Defence							Feet					
item.iron_brutal.4778	1 Ranged							Ammo					
item.iron_claws.3096	1 Attack							2H	Claw	4			
item.iron_crossbow_u.9457													
item.iron_dart.807	1 Ranged							Weapon	Thrown	3			
item.iron_dart_tip.820													
item.iron_defender.8845	1 Attack, 1 Defence							Shield					
item.iron_dragon_mask.12365								Head					
item.iron_felling_axe.28199								2H	Axe	7			
item.iron_fire_arrow.2532	1 Ranged							Ammo					
item.iron_gloves.7455								Hands					
item.iron_gold_trimmed_set_lg.12980													
item.iron_gold_trimmed_set_sk.12982													
item.iron_halberd.3192	1 Attack							2H	Polearm	7			
item.iron_hasta.11369	1 Attack							Weapon	Spear	4			
item.iron_javelin.826	1 Ranged							Ammo					
item.iron_javelin_tips.19572													
item.iron_knife.863	1 Ranged							Weapon	Thrown	3			
item.iron_limbs.9423													
item.iron_mace.1420	1 Attack							Weapon	Spiked	4			
item.iron_nails.4820													
item.iron_ore_fragment.21532													
item.iron_pickaxe.1267	1 Attack, 1 Mining							Weapon	Pickaxe	5			
item.iron_plateskirt.1081	1 Defence							Legs					
item.iron_set_lg.12972													
item.iron_set_sk.12974													
item.iron_sickle.3899								Weapon	Slash Sword	5			
item.iron_spear.1239	1 Attack							2H	Spear	4			
item.iron_spit.7225													
item.iron_sq_shield.1175	1 Defence							Shield					
item.iron_thrownaxe.801	1 Ranged							Weapon	Thrown	5			
item.iron_trimmed_set_lg.12976													
item.iron_trimmed_set_sk.12978													
item.iron_warhammer.1335	1 Attack							Weapon	Blunt	6			
item.ironman_helm.12810								Head					
item.ironman_platebody.12811								Body					
item.ironman_platelegs.12812								Legs					
item.ivandis_flail.22398	40 Attack							Weapon	Staff	5			
item.ivory_comb.9026													
item.ixcoztic_white.29952													
item.jackal_bone.7914													
item.jade.1611													
item.jade_amulet.21111								Neck					
item.jade_amulet_u.21102													
item.jade_bolt_tips.9187													
item.jade_bolts.9335	16 Ranged							Ammo					
item.jade_bolts_e.9237	16 Ranged							Ammo					
item.jade_bracelet.21120								Hands					
item.jade_dragon_bolts.21957	64 Ranged							Ammo					
item.jade_dragon_bolts_e.21934	64 Ranged							Ammo					
item.jade_machete.6315								Weapon	Slash Sword	4			
item.jade_necklace.21093								Neck					
item.jade_ring.21084								Ring					
item.jaguar_fur.29218													
item.jaguar_mask.29932								Head					
item.jangerberries.247													
item.jangerberry_seed.5104													
item.jar_of_chemicals.23064													
item.jar_of_darkness.19701													
item.jar_of_decay.22106													
item.jar_of_dirt.12007													
item.jar_of_dreams.24495													
item.jar_of_eyes.23525													
item.jar_of_miasma.13277													
item.jar_of_sand.12885													
item.jar_of_smoke.25524													
item.jar_of_souls.13245													
item.jar_of_spirits.25521													
item.jar_of_stone.21745													
item.jar_of_swamp.12936													
item.javelin_shaft.19584													
item.jerboa_tail.29166													
item.jester_cape.23297								Cape					
item.jester_hat.6858								Head					
item.jester_scarf.6859								Neck					
item.jogre_bone.7845													
item.jogre_bonemeal.4271													
item.jogre_bones.3125													
item.jug_of_bad_wine.1991													
item.jug_of_vinegar.7810													
item.jug_of_water.1937													
item.jug_of_wine.1993													
item.jungle_camo_legs.10059								Legs					
item.jungle_camo_top.10057								Body					
item.jungle_demon_mask.20032								Head					
item.juniper_logs.13355													
item.justiciar_armour_set.22438													
item.justiciar_chestguard.22327	75 Defence							Body					
item.justiciar_faceguard.22326	75 Defence							Head					
item.justiciar_legguards.22328	75 Defence							Legs					
item.jute_fibre.5931													
item.jute_seed.5306													
item.kandarin_headgear_1.13137								Head					
item.kandarin_headgear_2.13138								Head					
item.kandarin_headgear_3.13139								Head					
item.kandarin_headgear_4.13140								Head					
item.karambwan_vessel.3157													
item.karamja_gloves_1.11136								Hands					
item.karamja_gloves_2.11138								Hands					
item.karamja_gloves_3.11140								Hands					
item.karamja_gloves_4.13103								Hands					
item.karamjan_monkey.24862								Cape					
item.karamjan_rum.431													
item.karidian_disguise.4595													
item.karil_s_armour_set.12883													
item.karil_s_coif.4732	70 Defence, 70 Ranged							Head					
item.karil_s_crossbow.4734	70 Ranged							2H	Crossbow	4			
item.karil_s_leatherskirt.4738	70 Defence, 70 Ranged							Legs					
item.karil_s_leathertop.4736	70 Defence, 70 Ranged							Body					
item.katana.12357								2H	Slash Sword	4			
item.kebab.1971													
item.kebab_mix.1881													
item.kebbit_bolts.10158	50 Ranged							Ammo					
item.kebbit_claws.10113													
item.kebbit_spike.10105													
item.kebbit_teeth.10109													
item.kebbit_teeth_dust.10111													
item.keg_of_beer.3711													
item.kelda_seed.6112													
item.kelda_stout.6118													
item.keris.10581	50 Attack							Weapon	Stab Sword	4			
item.keris_partisan.25979								Weapon	Partisan	4			
item.keris_partisan_of_breaching.25981								Weapon	Partisan	4			
item.keris_partisan_of_corruption.27287								Weapon	Partisan	4			
item.keris_partisan_of_the_sun.27291								Weapon	Partisan	4			
item.key_master_teleport.13249													
item.kharedst_s_memoirs.21760								Shield					
item.kharidian_headpiece.4591													
item.kharyrll_teleport.12779													
item.khazard_armour.75								Body					
item.khazard_helmet.74								Head					
item.khazard_teleport.24957													
item.killer_s_knife.20781								Weapon	Stab Sword	4			
item.king_worm.2162													
item.kitchen_knife.7447	40 Attack							Weapon	Stab Sword	4			
item.kitchen_table.8528													
item.klank_s_gauntlets.1495								Hands					
item.kodai_4.20940													
item.kodai_4.20948													
item.kodai_insignia.21043													
item.kodai_wand.21006	75 Magic							Weapon	Staff	4			
item.korbal_herb.28384													
item.koriff_s_coif.26741								Head					
item.koriff_s_cowl.26739								Head					
item.koriff_s_headband.26737								Head					
item.kourend_castle_teleport.28790													
item.kovac_s_grog.27014													
item.kraken_tentacle.12004													
item.krandorian_hops.6000													
item.krandorian_seed.5310													
item.kronos_seed.22885													
item.kruk_jr.24866								Cape					
item.kryket_bat_4.20879													
item.kwuarm.263													
item.kwuarm_potion_unf.105													
item.kwuarm_seed.5299													
item.kyatt_fur.10103													
item.kyatt_hat.10039	52 Hunter							Head					
item.kyatt_legs.10035	52 Hunter							Legs					
item.kyatt_top.10037	52 Hunter							Body					
item.kyren_fish_6.20868													
item.lamp.2528													
item.lamp_of_knowledge.23516													
item.lamp_of_the_gatherer.24528													
item.lantadyme.2481													
item.lantadyme_potion_unf.2483													
item.lantadyme_seed.5302													
item.lantern_lens.4542													
item.large_enriched_bone.21551													
item.large_fur_pouch.29303													
item.large_meat_pouch.29297													
item.large_oak_bed.8033													
item.large_pouch.5512													
item.large_spade.20164								2H	Blunt	4			
item.large_teak_bed.8035													
item.large_zombie_monkey_bonemeal.4269													
item.large_zombie_monkey_bones.3186													
item.larran_s_key.23490													
item.larupia_fur.10095													
item.larupia_hat.10045	28 Hunter							Head					
item.larupia_legs.10041	28 Hunter							Legs					
item.larupia_top.10043	28 Hunter							Body					
item.lassar_teleport.12780													
item.lava_battlestaff.3053	30 Attack, 30 Magic							Weapon	Staff	5			
item.lava_dragon_bonemeal.11922													
item.lava_dragon_bones.11943													
item.lava_dragon_mask.12371								Head					
item.lava_eel.2149													
item.lava_rune.4699													
item.lava_scale.11992													
item.lava_scale_shard.11994													
item.lava_staff_upgrade_kit.21202													
item.law_talisman.1458													
item.law_tiara.5545								Head					
item.leaf_bladed_battleaxe.20727	65 Attack, 55 Slayer							Weapon	Axe	5			
item.leaf_bladed_spear.4158	50 Attack, 55 Slayer							2H	Spear	5			
item.leaf_bladed_sword.11902	50 Attack, 55 Slayer							Weapon	Stab Sword	4			
item.lean_snail.3365													
item.lean_snail_meat.3371													
item.leaping_salmon.11330													
item.leaping_sturgeon.11332													
item.leaping_trout.11328													
item.leather.1741													
item.leather_cowl.1167	1 Defence, 1 Ranged							Head					
item.leather_shields_flyer.22287													
item.leather_vambraces.1063	1 Defence							Hands					
item.leaves.6020													
item.leckish_fish_2.20860													
item.lederhosen_hat.6182								Head					
item.lederhosen_shorts.6181								Legs					
item.lederhosen_top.6180								Body					
item.left_boot.5062													
item.left_eye_patch.19724								Head					
item.legendary_red_rose_seed.27037													
item.lemon.2102													
item.lemon_chunks.2104													
item.lemon_slices.2106													
item.lens_mould.602													
item.leprechaun_hat.12359								Head					
item.lesser_demon_mask.20020								Head					
item.light_ballista.19478	65 Ranged							2H	Crossbow	7			
item.light_beer.27561													
item.light_bow_tie.19985								Neck					
item.light_frame.19586													
item.light_infinity_bottoms.12421	25 Defence, 50 Magic							Legs					
item.light_infinity_colour_kit.12530													
item.light_infinity_hat.12419	25 Defence, 50 Magic							Head					
item.light_infinity_top.12420	25 Defence, 50 Magic							Body					
item.light_orb.10973													
item.light_trousers.19979								Legs					
item.light_tuxedo_cuffs.19976								Hands					
item.light_tuxedo_jacket.19973								Body					
item.light_tuxedo_shoes.19982								Feet					
item.lightbearer.25975								Ring					
item.lily_of_the_sands.27272													
item.lime.2120													
item.lime_chunks.2122													
item.lime_slices.2124													
item.limestone.3211													
item.limestone_altar.8066													
item.limestone_brick.3420													
item.limpwurt_root.225													
item.limpwurt_seed.5100													
item.linen.4684													
item.lit_black_candle.32													
item.lit_bug_lantern.7053	33 Slayer							Shield					
item.lit_candle.33													
item.lit_torch.594													
item.lizardkicker.25826													
item.lizardman_fang.13391													
item.loach.10970													
item.loar_remains.3396													
item.lobster_pot.301													
item.locating_crystal.611													
item.lockpick.1523													
item.locust_meat.9052													
item.log_basket.28140								Cape					
item.log_brace.28146													
item.logavano_fruit.13428													
item.logavano_seed.13425													
item.logs_and_kindling.21869													
item.long_bone.10976													
item.long_kebbit_bolts.10159	50 Ranged							Ammo					
item.long_kebbit_spike.10107													
item.long_rope.24790													
item.longbow_u.48													
item.loop_half_of_key.987													
item.looting_bag_note.24585													
item.lost_bag.26912								Cape					
item.lovakengj_banner.20257								Weapon	Polestaff	5			
item.lovakengj_hood.20119								Head					
item.lovakengj_scarf.19949								Neck					
item.lovakite_bar.13354													
item.lovakite_ore.13356													
item.lucky_cutlass.7140	30 Attack							Weapon	Slash Sword	4			
item.lucky_shot_flag.8969								Weapon	Banner	4			
item.lumberjack_boots.10933								Feet					
item.lumberjack_hat.10941								Head					
item.lumberjack_legs.10940								Legs					
item.lumberjack_top.10939								Body					
item.lumberyard_teleport.12642													
item.lumbridge_teleport.8008													
item.lunar_amulet.9102								Neck					
item.lunar_bar.9077													
item.lunar_boots.9100	40 Defence, 65 Magic							Feet					
item.lunar_cape.9101	40 Defence, 65 Magic							Cape					
item.lunar_gloves.9099	40 Defence, 65 Magic							Hands					
item.lunar_helm.9096	40 Defence, 65 Magic							Head					
item.lunar_isle_teleport.12405													
item.lunar_legs.9098	40 Defence, 65 Magic							Legs					
item.lunar_ore.9076													
item.lunar_ring.9104								Ring					
item.lunar_staff.9084	65 Magic							Weapon	Staff	5			
item.lunar_staff_pt1.9091								Weapon	Staff	4			
item.lunar_staff_pt2.9092								Weapon	Staff	4			
item.lunar_staff_pt3.9093								Weapon	Staff	4			
item.lunar_torso.9097	40 Defence, 65 Magic							Body					
item.lyre.3689								Weapon	Unarmed	4			
item.m_amulet_mould.4020													
item.m_speak_amulet.4021								Neck					
item.m_treasure_chest.9864													
item.machete.975								Weapon	Slash Sword	5			
item.mackerel.355													
item.mage_s_book.6889	60 Magic							Shield					
item.magic_bird_house.22201													
item.magic_box.10025													
item.magic_butterfly_net.11259	17 Hunter							Weapon	Spear	4			
item.magic_cape.9762	99 Magic							Cape					
item.magic_cape_rack.9848													
item.magic_comp_bow.10284	50 Ranged							2H	Bow	5			
item.magic_essence_4.9021													
item.magic_essence_unf.9019													
item.magic_fang.12932													
item.magic_glue.9592													
item.magic_gold_feather.18													
item.magic_hood.9764	99 Magic							Head					
item.magic_lamp_magic.28590													
item.magic_lamp_slayer.28588													
item.magic_lamp_strength.28587													
item.magic_lamp_thieving.28589													
item.magic_lantern.28426								Shield					
item.magic_leaves.6030													
item.magic_logs.1513													
item.magic_longbow.859	50 Ranged							2H	Bow	6			
item.magic_longbow_u.70													
item.magic_pyre_logs.3448													
item.magic_roots.6051													
item.magic_sapling.5374													
item.magic_secateurs.7409								Weapon	Stab Sword	5			
item.magic_seed.5316													
item.magic_seedling.5362													
item.magic_seedling_w.5368													
item.magic_shield.22263	40 Defence							Shield					
item.magic_shortbow.861	50 Ranged							2H	Bow	4			
item.magic_shortbow_i.12788	50 Ranged							2H	Bow	4			
item.magic_shortbow_scroll.12786													
item.magic_shortbow_u.72													
item.magic_staff.1389								Weapon	Staff	5			
item.magic_stock.21952													
item.magic_stone.4703													
item.magic_string.6038													
item.magic_whistle.16													
item.magical_cleaning_potion.26278													
item.magical_orb.6950													
item.magma_helm.13199	75 Defence							Head					
item.magpie_impling_jar.11252													
item.magus_ring.25486								Ring					
item.mahjarrat_1_quest_lamp.28554													
item.mahogany_adventure_log.20623													
item.mahogany_armchair.8315													
item.mahogany_armour_case.9828													
item.mahogany_bench.8113													
item.mahogany_bird_house.22195													
item.mahogany_bookcase.8321													
item.mahogany_cape_rack.9819													
item.mahogany_dresser.8050													
item.mahogany_fancy_dress_box.9867													
item.mahogany_logs.6332													
item.mahogany_magic_wardrobe.9856													
item.mahogany_plank.8782													
item.mahogany_pyre_logs.6213													
item.mahogany_sapling.21480													
item.mahogany_seed.21488													
item.mahogany_seedling.21471													
item.mahogany_seedling_w.21475													
item.mahogany_stock.9450													
item.mahogany_table.8120													
item.mahogany_toy_box.9838													
item.mahogany_wardrobe.8043													
item.malediction_shard_1.11931													
item.malediction_shard_2.11932													
item.malediction_shard_3.11933													
item.malediction_ward.11924	60 Defence							Shield					
item.malicious_ashes.25772													
item.mallignum_root_plank.21036													
item.mangled_bones.11337													
item.maniacal_monkey.24864								Cape					
item.manta_ray.391													
item.maoma_s_full_helm.26745								Head					
item.maoma_s_great_helm.26747								Head					
item.maoma_s_med_helm.26743								Head					
item.maple_bird_house.22192													
item.maple_blackjack.6416								Weapon	Blunt	4			
item.maple_blackjack_d.6420								Weapon	Blunt	4			
item.maple_blackjack_o.6418								Weapon	Blunt	4			
item.maple_leaves.6028													
item.maple_logs.1517													
item.maple_longbow_u.62													
item.maple_pyre_logs.3444													
item.maple_roots.6047													
item.maple_sapling.5372													
item.maple_seed.5314													
item.maple_seedling.5360													
item.maple_seedling_w.5366													
item.maple_shield.22257	40 Defence							Shield					
item.maple_shortbow_u.64													
item.maple_stock.9448													
item.marble_adventure_log.20625													
item.marble_block.8786													
item.marble_cape_rack.9821													
item.marble_magic_wardrobe.9858													
item.marigold_seed.5096													
item.marigolds.6010													
item.marinated_j_bones.3130													
item.marrentill.251													
item.marrentill_potion_unf.93													
item.marrentill_seed.5292													
item.marrentill_tar.10143								Ammo					
item.mask_of_ranul.23522								Head					
item.mask_of_rebirth.27370								Head					
item.masori_armour_set_f.27355													
item.masori_assembler.27374								Cape					
item.masori_assembler_max_cape.27363								Cape					
item.masori_assembler_max_hood.27366								Head					
item.masori_body.27229								Body					
item.masori_body_f.27238								Body					
item.masori_chaps.27232								Legs					
item.masori_chaps_f.27241								Legs					
item.masori_mask.27226								Head					
item.masori_mask_f.27235								Head					
item.master_scroll_book.21389													
item.master_wand.6914	60 Magic							Weapon	Staff	4			
item.mature_cider.5765													
item.mature_wmb.5741													
item.max_cape.13280	99 Attack, 99 Strength, 99 Defence, 99 Ranged, 99 Magic, 99 Prayer, 99 Hitpoints, 99 Runecraft, 99 Construction, 99 Agility, 99 Herblore, 99 Thieving, 99 Crafting, 99 Fletching, 99 Slayer, 99 Hunter, 99 Mining, 99 Smithing, 99 Fishing, 99 Cooking, 99 Firemaking, 99 Woodcutting, 99 Farming							Cape					
item.max_hood.13281	99 Attack, 99 Strength, 99 Defence, 99 Ranged, 99 Magic, 99 Prayer, 99 Hitpoints, 99 Runecraft, 99 Construction, 99 Agility, 99 Herblore, 99 Thieving, 99 Crafting, 99 Fletching, 99 Slayer, 99 Hunter, 99 Mining, 99 Smithing, 99 Fishing, 99 Cooking, 99 Firemaking, 99 Woodcutting, 99 Farming							Head					
item.meat_pie.2327													
item.meat_pizza.2293													
item.meat_tenderiser.7449								Weapon	Blunt	6			
item.medical_gown.430								Body					
item.medium_enriched_bone.21549													
item.medium_fur_pouch.29301													
item.medium_ninja_bonemeal.4264													
item.medium_ninja_monkey_bones.3180													
item.medium_pouch.5510													
item.menaphite_purple_hat.6392								Head					
item.menaphite_purple_kilt.6398								Legs					
item.menaphite_purple_robe.6396								Legs					
item.menaphite_purple_top.6394								Body					
item.menaphite_red_hat.6400								Head					
item.menaphite_red_kilt.6406								Legs					
item.menaphite_red_robe.6404								Legs					
item.menaphite_red_top.6402								Body					
item.menaphite_remedy_4.27202													
item.merfolk_trident.21649								2H	Spear	5			
item.metal_bar.10876													
item.metal_feather.10174													
item.metal_spade.5586													
item.metztonalli_white.29955													
item.milky_mixture.7471													
item.mime_boots.3061								Feet					
item.mime_gloves.3060								Hands					
item.mime_legs.3059								Legs					
item.mime_mask.3057								Head					
item.mime_top.3058								Body					
item.minced_meat.7070													
item.mind_altar_teleport.19617													
item.mind_bomb_4.5801													
item.mind_bomb_m4.5881													
item.mind_helmet.9733								Head					
item.mind_shield.9731								Shield					
item.mind_talisman.1448													
item.mind_tiara.5529								Head					
item.mining_cape.9792	99 Mining							Cape					
item.mining_gloves.21343								Hands					
item.mining_helmet.5013								Head					
item.mining_hood.9794	99 Mining							Head					
item.mint_cake.9475													
item.mirror_shield.4156	20 Defence, 25 Slayer							Shield					
item.mist_battlestaff.20730	30 Attack, 30 Magic							Weapon	Staff	5			
item.mist_rune.4695													
item.mith_grapple.9418	1 Ranged							Ammo					
item.mith_grapple_tip.9416													
item.mithril_arrowtips.42													
item.mithril_axe.1355	20 Attack							Weapon	Axe	5			
item.mithril_battleaxe.1369	20 Attack							Weapon	Axe	6			
item.mithril_bolts.9142	36 Ranged							Ammo					
item.mithril_bolts_unf.9379													
item.mithril_boots.4127	20 Defence							Feet					
item.mithril_brutal.4793	20 Ranged							Ammo					
item.mithril_claws.3099	20 Attack							2H	Claw	4			
item.mithril_crossbow.9181	36 Ranged							Weapon	Crossbow	6			
item.mithril_crossbow_u.9461													
item.mithril_dart.809	20 Ranged							Weapon	Thrown	3			
item.mithril_dart_tip.822													
item.mithril_defender.8848	20 Attack, 20 Defence							Shield					
item.mithril_dragon_mask.12369								Head					
item.mithril_felling_axe.28208								2H	Axe	7			
item.mithril_fire_arrow.2536	20 Ranged							Ammo					
item.mithril_gloves.7458								Hands					
item.mithril_gold_trimmed_set_lg.13008													
item.mithril_gold_trimmed_set_sk.13010													
item.mithril_halberd.3198	20 Attack, 10 Strength							2H	Polearm	7			
item.mithril_hasta.11373	20 Attack							Weapon	Spear	4			
item.mithril_javelin.828	20 Ranged							Ammo					
item.mithril_javelin_tips.19576													
item.mithril_knife.866	20 Ranged							Weapon	Thrown	3			
item.mithril_limbs.9427													
item.mithril_med_helm.1143	20 Defence							Head					
item.mithril_nails.4822													
item.mithril_ore_fragment.21536													
item.mithril_pickaxe.1273	20 Attack, 21 Mining							Weapon	Pickaxe	5			
item.mithril_plateskirt.1085	20 Defence							Legs					
item.mithril_seeds.299													
item.mithril_set_lg.13000													
item.mithril_set_sk.13002													
item.mithril_spear.1243	20 Attack							2H	Spear	4			
item.mithril_thrownaxe.803	20 Ranged							Weapon	Thrown	5			
item.mithril_trimmed_set_lg.13004													
item.mithril_trimmed_set_sk.13006													
item.mithril_warhammer.1343	20 Attack							Weapon	Blunt	6			
item.mixed_flowers.2472								Weapon	Blunt	4			
item.mixed_hide_base.29292													
item.mixed_hide_boots.29286								Feet					
item.mixed_hide_cape.29289								Cape					
item.mixed_hide_legs.29283								Legs					
item.mixed_hide_top.29280								Body					
item.mogre_bone.7851													
item.mole_claw.7416													
item.mole_skin.7418													
item.mole_slippers.23285								Feet					
item.molten_glass.1775													
item.monk_s_robe.542								Legs					
item.monk_s_robe_top.544								Body					
item.monkey.4033								Cape					
item.monkey_bar.4014													
item.monkey_bonemeal.4267													
item.monkey_bones.3183													
item.monkey_nuts.4012													
item.monkey_tail.19610													
item.monkfish.7946													
item.monocle.12353								Head					
item.moon_lite.29418													
item.moonclan_armour.9070								Body					
item.moonclan_boots.9073								Feet					
item.moonclan_cape.9074								Cape					
item.moonclan_gloves.9072								Hands					
item.moonclan_hat.9069								Head					
item.moonclan_helm.9068								Head					
item.moonclan_skirt.9071								Legs					
item.moonclan_teleport.24949													
item.moonlight_antelope_antler.29171													
item.moonlight_antelope_fur.29174													
item.moonlight_antler_bolts.28878								Ammo					
item.moonlight_mead.2955													
item.moonlight_mead_m.5749													
item.moonlight_moth.28864													
item.morrigan_s_coif.22638	78 Defence							Head					
item.morrigan_s_coif_bh.27836								Head					
item.morrigan_s_javelin.22636	78 Ranged							Weapon	Thrown	6			
item.morrigan_s_javelin_bh.27916								Weapon	Thrown	6			
item.morrigan_s_leather_body.22641	78 Defence							Body					
item.morrigan_s_leather_body_bh.27837								Body					
item.morrigan_s_leather_chaps.22644	78 Defence							Legs					
item.morrigan_s_leather_chaps_bh.27838								Legs					
item.morrigan_s_throwing_axe.22634	78 Ranged							Weapon	Thrown	5			
item.morrigan_s_throwing_axe_bh.27912								Weapon	Thrown	5			
item.mort_myre_fungus.2970													
item.mort_myre_pear.2974													
item.mort_myre_stem.2972													
item.mort_ton_teleport.12406													
item.morytania_legs_1.13112								Legs					
item.morytania_legs_2.13113								Legs					
item.morytania_legs_3.13114								Legs					
item.morytania_legs_4.13115								Legs					
item.mos_le_harmless_teleport.12411													
item.moss_giant_bone.7869													
item.mosschin_s_bone.26591													
item.mottled_eel.22832													
item.mouldy_sawdust.25286													
item.mounted_harpoonfish.11578													
item.mourner_boots.6069								Feet					
item.mourner_cloak.6070								Cape					
item.mourner_gloves.6068								Hands					
item.mourner_top.6065								Body					
item.mourner_trousers.6067								Legs					
item.mouse_toy.6541								Weapon	Blunt	4			
item.mouth_grip.4181													
item.mud_battlestaff.6562	30 Attack, 30 Magic							Weapon	Staff	5			
item.mud_pie.7170								Weapon	Thrown	4			
item.mud_rune.4698													
item.muddy_key.991													
item.mudskipper_hat.6665								Head					
item.mudskipper_hide.7532													
item.mulled_pine.27562													
item.murng_bat_5.20881													
item.mushroom.6004													
item.mushroom_onion.7066													
item.mushroom_pie.21690													
item.mushroom_potato.7058													
item.mushroom_spore.5282													
item.mushrooms.10968													
item.music_cape.13221								Cape					
item.music_hood.13223								Head					
item.musketeer_hat.12351								Head					
item.musketeer_pants.12443								Legs					
item.musketeer_tabard.12441								Body					
item.mycil_fish_4.20864													
item.myre_snelm.3327								Head					
item.mysterious_herb.22402													
item.mysterious_orb.21261													
item.mystic_air_staff.1405	40 Attack, 40 Magic							Weapon	Staff	5			
item.mystic_boots.4097	20 Defence, 40 Magic							Feet					
item.mystic_boots_dark.4107	20 Defence, 40 Magic							Feet					
item.mystic_boots_dusk.23059	20 Defence, 40 Magic							Feet					
item.mystic_boots_light.4117	20 Defence, 40 Magic							Feet					
item.mystic_dust_staff.20739	40 Attack, 40 Magic							Weapon	Staff	5			
item.mystic_earth_staff.1407	40 Attack, 40 Magic							Weapon	Staff	5			
item.mystic_fire_staff.1401	40 Attack, 40 Magic							Weapon	Staff	5			
item.mystic_gloves.4095	20 Defence, 40 Magic							Hands					
item.mystic_gloves_dark.4105	20 Defence, 40 Magic							Hands					
item.mystic_gloves_dusk.23056	20 Defence, 40 Magic							Hands					
item.mystic_gloves_light.4115	20 Defence, 40 Magic							Hands					
item.mystic_hat.4089	20 Defence, 40 Magic							Head					
item.mystic_hat_dark.4099	20 Defence, 40 Magic							Head					
item.mystic_hat_dusk.23047	20 Defence, 40 Magic							Head					
item.mystic_hat_light.4109	20 Defence, 40 Magic							Head					
item.mystic_jewel.5561													
item.mystic_lava_staff.3054	40 Attack, 40 Magic							Weapon	Staff	5			
item.mystic_mist_staff.20733	40 Attack, 40 Magic							Weapon	Staff	5			
item.mystic_mud_staff.6563	40 Attack, 40 Magic							Weapon	Staff	5			
item.mystic_robe_bottom.4093	20 Defence, 40 Magic							Legs					
item.mystic_robe_bottom_dark.4103	20 Defence, 40 Magic							Legs					
item.mystic_robe_bottom_dusk.23053	20 Defence, 40 Magic							Legs					
item.mystic_robe_bottom_light.4113	20 Defence, 40 Magic							Legs					
item.mystic_robe_top.4091	20 Defence, 40 Magic							Body					
item.mystic_robe_top_dark.4101	20 Defence, 40 Magic							Body					
item.mystic_robe_top_dusk.23050	20 Defence, 40 Magic							Body					
item.mystic_robe_top_light.4111	20 Defence, 40 Magic							Body					
item.mystic_set_blue.23113													
item.mystic_set_dark.23116													
item.mystic_set_dusk.23119													
item.mystic_set_light.23110													
item.mystic_smoke_staff.12000	40 Attack, 40 Magic							Weapon	Staff	5			
item.mystic_steam_staff.11789	40 Attack, 40 Magic							Weapon	Staff	5			
item.mystic_water_staff.1403	40 Attack, 40 Magic							Weapon	Staff	5			
item.mythical_cape.21913								Cape					
item.mythical_max_cape.24855	99 Attack, 99 Strength, 99 Defence, 99 Ranged, 99 Magic, 99 Prayer, 99 Hitpoints, 99 Runecraft, 99 Construction, 99 Agility, 99 Herblore, 99 Thieving, 99 Crafting, 99 Fletching, 99 Slayer, 99 Hunter, 99 Mining, 99 Smithing, 99 Fishing, 99 Cooking, 99 Firemaking, 99 Woodcutting, 99 Farming							Cape					
item.mythical_max_hood.24857	99 Attack, 99 Strength, 99 Defence, 99 Ranged, 99 Magic, 99 Prayer, 99 Hitpoints, 99 Runecraft, 99 Construction, 99 Agility, 99 Herblore, 99 Thieving, 99 Crafting, 99 Fletching, 99 Slayer, 99 Hunter, 99 Mining, 99 Smithing, 99 Fishing, 99 Cooking, 99 Firemaking, 99 Woodcutting, 99 Farming							Head					
item.nail_beast_nails.10937													
item.nardah_teleport.12402													
item.nasturtium_seed.5098													
item.nasturtiums.6012													
item.nature_impling_jar.11250													
item.nature_offerings.28152													
item.nature_talisman.1462													
item.nature_tiara.5541								Head					
item.navy_cavalier.12325								Head					
item.necklace_mould.1597													
item.necklace_of_anguish.19547	75 Hitpoints							Neck					
item.necklace_of_faith.21157								Neck					
item.necklace_of_passage_5.21146								Neck					
item.needle.1733													
item.neitiznot_faceguard.24271	70 Defence							Head					
item.neitiznot_shield.10826	30 Defence							Shield					
item.nettle_tea.4239													
item.nettle_water.4237													
item.new_crystal_bow.4212	70 Ranged, 50 Agility							2H	Bow	5			
item.new_crystal_bow_i.11748	70 Ranged, 50 Agility							2H	Bow	5			
item.new_crystal_halberd_full.13091	75 Attack, 35 Strength, 50 Agility							2H	Polearm	7			
item.new_crystal_halberd_full_i.13080	75 Attack, 35 Strength, 50 Agility							2H	Polearm	7			
item.new_crystal_shield.4224	70 Defence, 50 Agility							Shield					
item.new_crystal_shield_i.11759	70 Defence, 50 Agility							Shield					
item.nice_hedge.8204													
item.nightmare_staff.24422	65 Magic, 50 Hitpoints							Weapon	Staff	5			
item.nightshade.27790													
item.nihil_dust.26368													
item.nihil_horn.26372													
item.nihil_shard.26231													
item.ninja_impling_jar.11254													
item.noose_wand.10150								Weapon	Spear	4			
item.nose_peg.4168	60 Slayer							Head					
item.noxifer_seed.20903													
item.noxious_halberd.29796								2H	Polearm	5			
item.numulite.21555													
item.nunchaku.19918								2H	Blunt	5			
item.nurse_hat.6548								Head					
item.oak_armchair.8313													
item.oak_armour_case.9826													
item.oak_bed.8032													
item.oak_bench.8109													
item.oak_bird_house.21515													
item.oak_blackjack.4599								Weapon	Blunt	4			
item.oak_blackjack_d.6410								Weapon	Blunt	4			
item.oak_blackjack_o.6408								Weapon	Blunt	4			
item.oak_bookcase.8320													
item.oak_cape_rack.9817													
item.oak_chair.8312													
item.oak_clock.8052													
item.oak_dining_table.8116													
item.oak_drawers.8039													
item.oak_dresser.8047													
item.oak_fancy_dress_box.9865													
item.oak_kitchen_table.8247													
item.oak_leaves.6022													
item.oak_logs.1521													
item.oak_longbow_u.56													
item.oak_magic_wardrobe.9852													
item.oak_plank.8778													
item.oak_pyre_logs.3440													
item.oak_roots.6043													
item.oak_sapling.5370													
item.oak_seedling.5358													
item.oak_seedling_w.5364													
item.oak_shaving_stand.8046													
item.oak_shield.22251	10 Defence							Shield					
item.oak_shortbow_u.54													
item.oak_stock.9442													
item.oak_toy_box.9836													
item.oak_treasure_chest.9839													
item.oak_wardrobe.8040													
item.obsidian_armour_set.21279													
item.obsidian_cape.6568								Cape					
item.obsidian_cape_r.20050								Cape					
item.obsidian_helmet.21298	60 Defence							Head					
item.obsidian_platebody.21301	60 Defence							Body					
item.obsidian_platelegs.21304	60 Defence							Legs					
item.occult_necklace.12002	70 Magic / 75 Magic							Neck					
item.occult_ornament_kit.20065													
item.ochre_snelm.3331								Head					
item.odd_batta.2245													
item.odd_bird_seed.10178													
item.odd_cocktail.2094													
item.odd_crunchies.2197													
item.odd_gnomebowl.2173													
item.odd_spectacles.26963								Head					
item.odium_shard_1.11928													
item.odium_shard_2.11929													
item.odium_shard_3.11930													
item.odium_ward.11926	60 Defence							Shield					
item.ogre_arrow.2866	30 Ranged							Ammo					
item.ogre_arrow_shaft.2864													
item.ogre_bow.2883	30 Ranged							2H	Bow	8			
item.ogre_coffin_key.4850													
item.oil_lamp.4522													
item.oil_lantern.4537													
item.oil_lantern_frame.4540													
item.oily_fishing_rod.1585													
item.oily_pearl_fishing_rod.23122								Weapon	Unarmed	4			
item.old_demon_mask.20029								Head					
item.old_school_bond.13190													
item.old_wool.27494													
item.olive_oil_4.3422													
item.one_barrel.8860													
item.onion.1957													
item.onion_seed.5319													
item.onion_tomato.1875													
item.onions_10.5458													
item.onyx.6573													
item.onyx_amulet.6581								Neck					
item.onyx_amulet_u.6579													
item.onyx_bolt_tips.9194													
item.onyx_bolts.9342	61 Ranged							Ammo					
item.onyx_bolts_e.9245	61 Ranged							Ammo					
item.onyx_bracelet.11130								Hands					
item.onyx_dragon_bolts.21973	64 Ranged							Ammo					
item.onyx_dragon_bolts_e.21950	64 Ranged							Ammo					
item.onyx_necklace.6577								Neck					
item.onyx_ring.6575								Ring					
item.opal.1609													
item.opal_amulet.21108								Neck					
item.opal_amulet_u.21099													
item.opal_bolt_tips.45													
item.opal_bolts.879	1 Ranged							Ammo					
item.opal_bolts_e.9236	1 Ranged							Ammo					
item.opal_bracelet.21117								Hands					
item.opal_dragon_bolts.21955	64 Ranged							Ammo					
item.opal_dragon_bolts_e.21932	64 Ranged							Ammo					
item.opal_machete.6313								Weapon	Slash Sword	4			
item.opal_necklace.21090								Neck					
item.opal_ring.21081								Ring					
item.open_black_coffin.25471								Cape					
item.open_bronze_coffin.25469								Cape					
item.open_coal_bag.24480													
item.open_fish_barrel.25584													
item.open_fish_sack_barrel.25587								Cape					
item.open_forestry_basket.28145								Cape					
item.open_gem_bag.24481													
item.open_gold_coffin.25473								Cape					
item.open_herb_box.11739													
item.open_herb_sack.24478													
item.open_log_basket.28142								Cape					
item.open_reagent_pouch.29998													
item.open_seed_box.24482													
item.open_silver_coffin.25472								Cape					
item.open_steel_coffin.25470								Cape					
item.opulent_table.8121													
item.orange.2108													
item.orange_boater.7321								Head					
item.orange_candy.24987													
item.orange_cape.1031								Cape					
item.orange_chunks.2110													
item.orange_dye.1769													
item.orange_feather.10091													
item.orange_flowers.2470								Weapon	Blunt	4			
item.orange_goblin_mail.286													
item.orange_salamander.10146	50 Attack, 50 Ranged, 50 Magic							2H	Salamander	5			
item.orange_sapling.5498													
item.orange_seedling.5482													
item.orange_seedling_w.5490													
item.orange_slices.2112													
item.orange_tree_seed.5285													
item.oranges_1.5388													
item.orchid_seed.6458													
item.ornate_boots.23093								Feet					
item.ornate_cape.23099								Cape					
item.ornate_gloves.23091								Hands					
item.ornate_helm.23101								Head					
item.ornate_legs.23095								Legs					
item.ornate_maul_handle.24229													
item.ornate_top.23097								Body					
item.osman_s_report.26602													
item.osmumten_s_fang.26219								Weapon	Stab Sword	5			
item.ourania_teleport.24951													
item.ourg_bonemeal.4855													
item.ourg_bones.4834													
item.oyster.407													
item.oyster_pearl.411													
item.oyster_pearls.413													
item.paddewwa_teleport.12781													
item.palm_sapling.5502													
item.palm_seedling.5486													
item.palm_seedling_w.5494													
item.palm_tree_seed.5289													
item.pantaloons.10396								Legs					
item.papaya_fruit.5972													
item.papaya_sapling.5501													
item.papaya_seedling.5485													
item.papaya_seedling_w.5493													
item.papaya_tree_seed.5288													
item.papyrus.970													
item.pastry_dough.1953													
item.pasty_jogre_bones.3128													
item.pat_of_butter.6697													
item.peaceful_blessing.20226								Ammo					
item.peach.6883													
item.pearl_barbarian_rod.22842								Weapon	Unarmed	4			
item.pearl_bolt_tips.46													
item.pearl_bolts.880	1 Ranged							Ammo					
item.pearl_bolts_e.9238	1 Ranged							Ammo					
item.pearl_dragon_bolts.21959	64 Ranged							Ammo					
item.pearl_dragon_bolts_e.21936	64 Ranged							Ammo					
item.pearl_fishing_rod.22846								Weapon	Unarmed	4			
item.pearl_fly_fishing_rod.22844								Weapon	Unarmed	4			
item.pegasian_boots.13237	75 Defence, 75 Ranged							Feet					
item.pegasian_crystal.13229													
item.penance_gloves.10553	40 Defence							Hands					
item.penance_skirt.10555	40 Defence, 60 Ranged							Legs					
item.pendant_of_ates.29893								Neck					
item.pendant_of_ates_inert.29892								Neck					
item.pendant_of_lucien.86								Neck					
item.penguin_bongos.10592													
item.penguin_mask.12428								Head					
item.perfect_gold_bar.2365													
item.perfect_gold_ore.446													
item.perfect_necklace.774								Neck					
item.perfect_ring.773								Ring					
item.perfected_quetzal_whistle_blueprint.29256													
item.pest_control_teleport.12407													
item.pestle_and_mortar.233													
item.pet_kraken.12655													
item.pet_rock.3695								2H	Unarmed	4			
item.petal_garland.28655								Neck					
item.pharaoh_s_sceptre.9044								Weapon	Polestaff	5			
item.phasmatys_flag.8971								Weapon	Banner	4			
item.pheasant_boots.28618								Feet					
item.pheasant_cape.28616								Cape					
item.pheasant_hat.28620								Head					
item.pheasant_legs.28622								Legs					
item.pheasant_tail_feathers.28624													
item.phluxia_bat_3.20877													
item.phoenix_crossbow.767	1 Ranged							Weapon	Crossbow	6			
item.phoenix_feather.4621													
item.phoenix_necklace.11090								Neck					
item.phrin_remains.3398													
item.pickaxe_handle.466													
item.pie_dish.2313													
item.pie_recipe_book.7162													
item.pie_shell.2315													
item.pile_of_salt.4689													
item.pineapple.2114													
item.pineapple_chunks.2116													
item.pineapple_pizza.2301													
item.pineapple_punch.2048													
item.pineapple_ring.2118													
item.pineapple_sapling.5500													
item.pineapple_seed.5287													
item.pineapple_seedling.5484													
item.pineapple_seedling_w.5492													
item.pink_boater.12309								Head					
item.pink_boots.626								Feet					
item.pink_candy.24988													
item.pink_cape.6959								Cape					
item.pink_elegant_blouse.12339								Body					
item.pink_elegant_legs.12317								Legs					
item.pink_elegant_shirt.12315								Body					
item.pink_elegant_skirt.12341								Legs					
item.pink_goblin_mail.9059													
item.pink_hat.656								Head					
item.pink_headband.12305								Head					
item.pink_robe_bottoms.646								Legs					
item.pink_robe_top.636								Body					
item.pink_rose_seed.6455													
item.pink_skirt.1013								Legs					
item.pirate_bandana.7112								Head					
item.pirate_boots.7114								Feet					
item.pirate_hat.8950								Head					
item.pirate_hat_patch.12412								Head					
item.pirate_leggings.7116								Legs					
item.pirate_s_hat.2651								Head					
item.pirate_s_hook.2997								Hands					
item.piscarilius_banner.20260								Weapon	Polestaff	5			
item.piscarilius_hood.20122								Head					
item.piscarilius_scarf.19952								Neck					
item.piscatoris_teleport.12408													
item.pith_helmet.12516								Head					
item.pitta_bread.1865													
item.pizza_base.2283													
item.plague_jacket.284								Body					
item.plague_trousers.285								Legs					
item.plain_of_mud_sphere.26577													
item.plain_pizza.2289													
item.plain_satchel.10877								Shield					
item.plank.960													
item.plank_sack.24882													
item.plant_cure.6036													
item.pointed_blood_n_tar_snelm.3339								Head					
item.pointed_bruise_blue_snelm.3343								Head					
item.pointed_myre_snelm.3337								Head					
item.pointed_ochre_snelm.3341								Head					
item.poison.273													
item.poison_chalice.197													
item.poison_ivy_berries.6018													
item.poison_ivy_seed.5106													
item.poison_karambwan.3146													
item.poisoned_cheese.6768													
item.polar_camo_legs.10067								Legs					
item.polar_camo_top.10065								Body					
item.polar_kebbit_fur.10117													
item.polished_buttons.10496													
item.pollnivneach_teleport.11743													
item.portable_waystone.26549								Neck					
item.pot_lid.4440													
item.pot_of_cornflour.7468													
item.pot_of_cream.2130													
item.pot_of_tea_4.7692													
item.pot_of_vinegar.7811													
item.potato.1942													
item.potato_cactus.3138													
item.potato_cactus_seed.22873													
item.potato_seed.5318													
item.potato_with_butter.6703													
item.potato_with_cheese.6705													
item.potatoes_10.5438													
item.pottery_scarab.9032													
item.pottery_statuette.9036													
item.prael_bat_1.20873													
item.prayer_cape.9759	99 Prayer							Cape					
item.prayer_hood.9761	99 Prayer							Head					
item.pre_nature_amulet.6041								Neck					
item.premade_blurb_sp.2028													
item.premade_c_t_batta.2223													
item.premade_ch_crunch.2239													
item.premade_choc_bomb.2229													
item.premade_choc_s_dy.2030													
item.premade_dr_dragon.2032													
item.premade_fr_blast.2034													
item.premade_fr_t_batta.2225													
item.premade_p_punch.2036													
item.premade_s_y_crunch.2241													
item.premade_sgg.2038													
item.premade_t_d_batta.2221													
item.premade_t_d_crunch.2243													
item.premade_ttl.2231													
item.premade_veg_ball.2235													
item.premade_veg_batta.2227													
item.premade_w_m_batta.2219													
item.premade_w_m_crun.2237													
item.premade_wiz_blz_d.2040													
item.premade_worm_hole.2233													
item.prescription_goggles.29974								Head					
item.priest_gown.426								Body, Legs					
item.prifddinas_teleport.23771													
item.primed_bar.9727													
item.primed_mind_bar.9728													
item.primordial_boots.13239	75 Strength, 75 Defence							Feet					
item.primordial_crystal.13231													
item.princely_monkey.24867								Cape					
item.principum_red.29950													
item.proboscis.6319													
item.progress_hat.6885								Head					
item.proselyte_cuisse.9676	30 Defence, 20 Prayer							Legs					
item.proselyte_harness_f.9670													
item.proselyte_harness_m.9666													
item.proselyte_hauberk.9674	30 Defence, 20 Prayer							Body					
item.proselyte_sallet.9672	30 Defence, 20 Prayer							Head					
item.proselyte_tasset.9678	30 Defence, 20 Prayer							Legs					
item.prospector_boots.12016								Feet					
item.prospector_helmet.12013								Head					
item.prospector_jacket.12014								Body					
item.prospector_legs.12015								Legs					
item.psykk_bat_6.20883													
item.pure_essence.7936													
item.purging_staff.29594								Weapon	Staff	5			
item.purple_boater.12311								Head					
item.purple_boots.2934								Feet					
item.purple_candy.24983													
item.purple_cape.1029								Cape					
item.purple_dye.1773													
item.purple_elegant_blouse.10436								Body					
item.purple_elegant_legs.10418								Legs					
item.purple_elegant_shirt.10416								Body					
item.purple_elegant_skirt.10438								Legs					
item.purple_firelighter.10326													
item.purple_flowers.2468								Weapon	Blunt	4			
item.purple_gloves.2942								Hands					
item.purple_goblin_mail.9058													
item.purple_hat.2940								Head					
item.purple_logs.10329													
item.purple_naval_shirt.8957								Body					
item.purple_navy_slacks.8996								Legs					
item.purple_robe_bottoms.2938								Legs					
item.purple_robe_top.2936								Body					
item.purple_slayer_helmet.21264	10 Defence							Head					
item.purple_slayer_helmet_i.21266	10 Defence							Head					
item.purple_sweets.4561													
item.purple_tricorn_hat.8964								Head					
item.pyre_logs.3438													
item.pyromancer_boots.20710								Feet					
item.pyromancer_garb.20704								Body					
item.pyromancer_hood.20708								Head					
item.pyromancer_robe.20706								Legs					
item.pyrophosphite.21545													
item.pysk_fish_0.20856													
item.quality_violet_tulip_seed.27041													
item.queen_s_secateurs.7410													
item.quest_point_cape.9813								Cape					
item.quest_point_hood.9814								Head					
item.quetzal_feed.28975													
item.rabbit_bone.7896													
item.rabbit_foot.10134													
item.rabbit_mould.11024													
item.rabbit_snare.10031													
item.rada_s_blessing_1.22941								Ammo					
item.rada_s_blessing_2.22943								Ammo					
item.rada_s_blessing_3.22945								Ammo					
item.rada_s_blessing_4.22947								Ammo					
item.rain_bow.23357								2H	Bow	4			
item.rainbow_fish.10136													
item.rake.5341													
item.rake_handle.5347													
item.rake_head.5348													
item.ram_mask.29929								Head					
item.ram_skull_helm.7917	30 Defence							Head					
item.ranarr_potion_unf.99													
item.ranarr_seed.5295													
item.ranarr_weed.257													
item.ranger_boots.2577	1 Defence, 40 Ranged							Feet					
item.ranger_gloves.19994	40 Ranged							Hands					
item.ranger_hat.10550	45 Defence							Head					
item.rangers_tights.23249	40 Ranged							Legs					
item.rangers_tunic.12596	40 Ranged							Body					
item.ranging_cape.9756	99 Ranged							Cape					
item.ranging_hood.9758	99 Ranged							Head					
item.rapier.7142	40 Attack							Weapon	Stab Sword	4			
item.rare_enriched_bone.21553													
item.rat_bone.7836													
item.rat_pole.6773								2H	Blunt	5			
item.rations.28422													
item.raurg_bonemeal.4854													
item.raurg_bones.4832													
item.raw_admiral_pie.7196													
item.raw_anglerfish.13439													
item.raw_barb_tailed_kebbit.29101													
item.raw_bass.363													
item.raw_batta.2250													
item.raw_bear_meat.2136													
item.raw_beast_meat.9986													
item.raw_bird_meat.9978													
item.raw_boar_meat.25833													
item.raw_brawk_fish_3.20861													
item.raw_bream.29216													
item.raw_catfish.25670													
item.raw_cave_eel.5001													
item.raw_cavefish.25658													
item.raw_chompy.2876													
item.raw_cod.341													
item.raw_crunchies.2202													
item.raw_dark_crab.11934													
item.raw_dashing_kebbit.29107													
item.raw_fish_pie.7186													
item.raw_fishcake.7529													
item.raw_fishlike_thing.6200													
item.raw_garden_pie.7176													
item.raw_giant_carp.338													
item.raw_giral_bat_2.20874													
item.raw_gnomebowl.2178													
item.raw_graahk.29119													
item.raw_guanic_bat_0.20870													
item.raw_guide_cake.7543													
item.raw_guppy.25652													
item.raw_harpoonfish.25564													
item.raw_jubbly.7566													
item.raw_karambwan.3142													
item.raw_karambwanji.3150													
item.raw_kryket_bat_4.20878													
item.raw_kyatt.29125													
item.raw_kyren_fish_6.20867													
item.raw_larupia.29122													
item.raw_lava_eel.2148													
item.raw_leckish_fish_2.20859													
item.raw_mackerel.353													
item.raw_manta_ray.389													
item.raw_monkfish.7944													
item.raw_moonlight_antelope.29113													
item.raw_moss_lizard.29076													
item.raw_mud_pie.7168													
item.raw_murng_bat_5.20880													
item.raw_mycil_fish_4.20863													
item.raw_mystery_meat.24782													
item.raw_oomlie.2337													
item.raw_pheasant.6178													
item.raw_phluxia_bat_3.20876													
item.raw_prael_bat_1.20872													
item.raw_psykk_bat_6.20882													
item.raw_pyre_fox.29110													
item.raw_pysk_fish_0.20855													
item.raw_rabbit.3226													
item.raw_rainbow_fish.10138													
item.raw_rat_meat.2134													
item.raw_roqed_fish_5.20865													
item.raw_sea_turtle.395													
item.raw_shark.383													
item.raw_slimy_eel.3379													
item.raw_stuffed_snake.7577													
item.raw_summer_pie.7216													
item.raw_sunlight_antelope.29116													
item.raw_suphi_fish_1.20857													
item.raw_swamp_paste.1940													
item.raw_tetra.25664													
item.raw_ugthanki_meat.1859													
item.raw_wild_kebbit.29104													
item.raw_wild_pie.7206													
item.raw_yak_meat.10816													
item.reagent_pouch.29996													
item.red_banana.7572													
item.red_bead.1470													
item.red_beret.12247								Head					
item.red_boater.7319								Head					
item.red_boots.2904								Feet					
item.red_candy.24984													
item.red_cape.1007								Cape					
item.red_cavalier.12323								Head					
item.red_chinchompa.9977	55 Ranged							Weapon	Chinchompas	4			
item.red_d_hide_body.2501	40 Defence, 60 Ranged							Body					
item.red_d_hide_chaps.2495	60 Ranged							Legs					
item.red_d_hide_shield.22281	40 Defence, 60 Ranged							Shield					
item.red_d_hide_vambraces.2489	60 Ranged							Hands					
item.red_dragon_leather.2507													
item.red_dragon_mask.12522								Head					
item.red_dragonhide.1749													
item.red_dragonhide_set.12869													
item.red_dye.1763													
item.red_elegant_blouse.10424								Body					
item.red_elegant_legs.10406								Legs					
item.red_elegant_shirt.10404								Body					
item.red_elegant_skirt.10426								Legs					
item.red_feather.10088													
item.red_firelighter.7329													
item.red_flowers.2462								Weapon	Blunt	4			
item.red_gloves.2912								Hands					
item.red_goblin_mail.9054													
item.red_hat.2910								Head					
item.red_headband.2645								Head					
item.red_icon.25228													
item.red_logs.7404													
item.red_mahogany_log.4445													
item.red_naval_shirt.8954								Body					
item.red_navy_slacks.8993								Legs					
item.red_robe_bottoms.2908								Legs					
item.red_robe_top.2906								Body					
item.red_rose_seed.6454													
item.red_salamander.10147	60 Attack, 60 Ranged, 60 Magic							2H	Salamander	5			
item.red_satchel.10879								Shield					
item.red_slayer_helmet.19647	10 Defence							Head					
item.red_slayer_helmet_i.19649	10 Defence							Head					
item.red_spiders_eggs.223													
item.red_spiky_vambraces.10083	60 Ranged							Hands					
item.red_topaz.1613													
item.red_topaz_machete.6317								Weapon	Slash Sword	4			
item.red_tricorn_hat.8961								Head					
item.redberries.1951													
item.redberry_pie.2325													
item.redberry_seed.5101													
item.redeyes_bone.26592													
item.reduced_cadava_potion.22589													
item.redwood_bird_house.22204													
item.redwood_logs.19669													
item.redwood_pyre_logs.19672													
item.redwood_sapling.22859													
item.redwood_seedling.22850													
item.redwood_seedling_w.22854													
item.redwood_shield.22266	40 Defence							Shield					
item.redwood_tree_seed.22871													
item.regen_bracelet.11133								Hands					
item.reinforced_goggles.24942								Head					
item.relicym_s_balm_4.4842													
item.rellekka_teleport.11744													
item.repair_plank.7121													
item.revenant_cave_teleport.21802													
item.revenant_ether.21820													
item.reward_token.7774													
item.ribcage_piece.6165													
item.right_boot.5063													
item.right_eye_patch.1025								Head					
item.rimmington_teleport.11741													
item.ring_mould.1592													
item.ring_of_3rd_age.23185								Ring					
item.ring_of_charos.4202								Ring					
item.ring_of_charos_a.6465								Ring					
item.ring_of_coins.20017								Ring					
item.ring_of_endurance.24736	70 Agility							Ring					
item.ring_of_forging.2568								Ring					
item.ring_of_life.2570								Ring					
item.ring_of_nature.20005								Ring					
item.ring_of_pursuit.21126								Ring					
item.ring_of_recoil.2550								Ring					
item.ring_of_shadows.28327								Ring					
item.ring_of_stone.6583								Ring					
item.ring_of_suffering.19550	75 Hitpoints							Ring					
item.ring_of_suffering_i.19710	75 Hitpoints							Ring					
item.ring_of_suffering_r.20655	75 Hitpoints							Ring					
item.ring_of_suffering_ri.20657	75 Hitpoints							Ring					
item.ring_of_the_elements.26815								Ring					
item.ring_of_the_gods.12601								Ring					
item.ring_of_the_gods_i.13202								Ring					
item.ring_of_visibility.4657								Ring					
item.ring_of_wealth.2572								Ring					
item.ring_of_wealth_i.12785								Ring					
item.ring_of_wealth_scroll.12783													
item.ritual_mulch.28154													
item.riyl_remains.3400													
item.roast_beast_meat.9988													
item.roast_bird_meat.9980													
item.roast_frog.10967													
item.roast_rabbit.7223													
item.robe_bottom_of_darkness.20137	20 Defence, 40 Magic							Legs					
item.robe_bottom_of_ruin.27432								Legs					
item.robe_bottoms_of_the_eye.26854								Legs					
item.robe_bottoms_of_the_eye_blue.26874								Legs					
item.robe_bottoms_of_the_eye_green.26868								Legs					
item.robe_bottoms_of_the_eye_red.26862								Legs					
item.robe_of_elidinis.6786								Body, Legs					
item.robe_top_of_darkness.20131	20 Defence, 40 Magic							Body					
item.robe_top_of_ruin.27430								Body					
item.robe_top_of_the_eye.26852								Body					
item.robe_top_of_the_eye_blue.26872								Body					
item.robe_top_of_the_eye_green.26866								Body					
item.robe_top_of_the_eye_red.26860								Body					
item.robin_hood_hat.2581	1 Defence, 40 Ranged							Head					
item.rock_cake.2379													
item.rock_climbing_boots.2203													
item.rock_hammer.4162													
item.rock_shell_boots.6145								Feet					
item.rock_shell_chunk.6157													
item.rock_shell_gloves.6151								Hands					
item.rock_shell_helm.6128	40 Defence							Head					
item.rock_shell_legs.6130	40 Defence							Legs					
item.rock_shell_plate.6129	40 Defence							Body					
item.rock_shell_shard.6159													
item.rock_shell_splinter.6161													
item.rock_thrownhammer.21754													
item.rocking_chair.8311													
item.rod_mould.7649													
item.rod_of_ivandis_10.7639								Weapon	Staff	5			
item.roe.11324													
item.rogue_boots.5557	50 Agility, 50 Thieving							Feet					
item.rogue_gloves.5556	50 Agility, 50 Thieving							Hands					
item.rogue_mask.5554	50 Agility, 50 Thieving							Head					
item.rogue_s_revenge.12856								Head					
item.rogue_top.5553	50 Agility, 50 Thieving							Body					
item.rogue_trousers.5555	50 Agility, 50 Thieving							Legs					
item.roll.6963													
item.rolling_pin.7445								Weapon	Blunt	5			
item.rope.954													
item.rope_bell_pull.8099													
item.roqed_fish_5.20866													
item.rosemary.6014													
item.rosemary_seed.5097													
item.rotten_apple.1984													
item.rotten_barrel.11044													
item.royal_crown.12397								Head					
item.royal_frog_blouse.6186								Body					
item.royal_frog_leggings.6185								Legs					
item.royal_frog_skirt.6187								Legs					
item.royal_frog_tunic.6184								Body					
item.royal_gown_bottom.12395								Legs					
item.royal_gown_top.12393								Body					
item.royal_sceptre.12439								Weapon	Polestaff	4			
item.royal_seed_pod.19564													
item.ruby_amulet.1698								Neck					
item.ruby_amulet_u.1679													
item.ruby_bolt_tips.9191													
item.ruby_bolts.9339	46 Ranged							Ammo					
item.ruby_bolts_e.9242	46 Ranged							Ammo					
item.ruby_bracelet.11085								Hands					
item.ruby_dragon_bolts.21967	64 Ranged							Ammo					
item.ruby_dragon_bolts_e.21944	64 Ranged							Ammo					
item.ruby_harvest.10020													
item.ruby_sickle_b.24693								Weapon	Slash Sword	5			
item.ruined_herb_tea.4462													
item.ruinous_powers.28775								Shield					
item.rum.8940													
item.rune-full-helm	40 Defence							Head					
item.rune-kiteshield	40 Defence							Shield					
item.rune-platebody	40 Defence							Body					
item.rune_armour_set_lg.13024													
item.rune_armour_set_sk.13026													
item.rune_arrowtips.44													
item.rune_axe.1359	40 Attack							Weapon	Axe	5			
item.rune_battleaxe.1373	40 Attack							Weapon	Axe	6			
item.rune_boots.4131	40 Defence							Feet					
item.rune_brutal.4803	40 Ranged							Ammo					
item.rune_cane.12379	40 Attack							Weapon	Spiked	5			
item.rune_claws.3101	40 Attack							2H	Claw	4			
item.rune_crossbow.9185	61 Ranged							Weapon	Crossbow	6			
item.rune_dart.811	40 Ranged							Weapon	Thrown	3			
item.rune_dart_tip.824													
item.rune_defender.8850	40 Attack, 40 Defence							Shield					
item.rune_defender_ornament_kit.23227													
item.rune_dragon_mask.23273								Head					
item.rune_essence.1436													
item.rune_felling_axe.28214								2H	Axe	7			
item.rune_fire_arrow.2540	40 Ranged							Ammo					
item.rune_gloves.7460								Hands					
item.rune_gold_trimmed_set_lg.13032													
item.rune_gold_trimmed_set_sk.13034													
item.rune_halberd.3202	40 Attack, 20 Strength							2H	Polearm	7			
item.rune_hasta.11377	40 Attack							Weapon	Spear	4			
item.rune_heraldic_helm.8464	40 Defence							Head					
item.rune_javelin.830	40 Ranged							Ammo					
item.rune_javelin_tips.19580													
item.rune_knife.868	40 Ranged							Weapon	Thrown	3			
item.rune_med_helm.1147	40 Defence							Head					
item.rune_nails.4824													
item.rune_pickaxe.1275	40 Attack, 41 Mining							Weapon	Pickaxe	5			
item.rune_plateskirt.1093	40 Defence							Legs					
item.rune_pouch.12791													
item.rune_pouch_note.24587													
item.rune_satchel.10882								Shield					
item.rune_scimitar_ornament_kit_guthix.23321													
item.rune_scimitar_ornament_kit_saradomin.23324													
item.rune_scimitar_ornament_kit_zamorak.23327													
item.rune_spear.1247	40 Attack							2H	Spear	4			
item.rune_thrownaxe.805	40 Ranged							Weapon	Thrown	5			
item.rune_trimmed_set_lg.13028													
item.rune_trimmed_set_sk.13030													
item.rune_warhammer.1347	40 Attack							Weapon	Blunt	6			
item.runecraft_cape.9765	99 Runecraft							Cape					
item.runecraft_hood.9767	99 Runecraft							Head					
item.runescroll_of_bloodbark.25481													
item.runescroll_of_swampbark.25478													
item.runite_bolts.9144	61 Ranged							Ammo					
item.runite_bolts_unf.9381													
item.runite_crossbow_u.9465													
item.runite_limbs.9431													
item.runite_ore_fragment.21538													
item.runner_boots.10552	40 Defence							Feet					
item.runner_hat.10549	45 Defence							Head					
item.sacred_eel.13339													
item.sacred_oil_4.3430													
item.sagacious_spectacles.12337								Head					
item.sage_s_axe.28773								Weapon	Thrown	3			
item.saika_s_hood.26731								Head					
item.saika_s_shroud.26735								Head					
item.saika_s_veil.26733								Head					
item.saltpetre.13421													
item.salve_amulet.4081								Neck					
item.salve_amulet_e.10588								Neck					
item.salve_amulet_ei.12018								Neck					
item.salve_amulet_i.12017								Neck					
item.salve_graveyard_teleport.19619													
item.samurai_boots.20047	35 Defence							Feet					
item.samurai_gloves.20041	35 Defence							Hands					
item.samurai_greaves.20044	35 Defence							Legs					
item.samurai_kasa.20035	35 Defence							Head					
item.samurai_shirt.20038	35 Defence							Body					
item.sand.6958													
item.sandbag.9943													
item.sandstone_10kg.6977													
item.sandstone_1kg.6971													
item.sandstone_20kg.6985													
item.sandstone_2kg.6973													
item.sandstone_32kg.6986													
item.sandstone_5kg.6975													
item.sandstone_base.6988													
item.sandstone_body.6987													
item.sandwich_lady_bottom.23318								Legs					
item.sandwich_lady_hat.23312								Head					
item.sandwich_lady_top.23315								Body					
item.sandworms.13431													
item.sandworms_pack.13432													
item.sandy_hand.6945													
item.sandy_s_rota.6948													
item.sanguine_scythe_of_vitur.25739								2H	Scythe	5			
item.sanguine_torva_full_helm.28254								Head					
item.sanguine_torva_platebody.28256								Body					
item.sanguine_torva_platelegs.28258								Legs					
item.sanguinesti_staff.22323	75 Magic							Weapon	Powered Staff	4			
item.sapphire_amulet.1694								Neck					
item.sapphire_amulet_u.1675													
item.sapphire_bolt_tips.9189													
item.sapphire_bolts.9337	36 Ranged							Ammo					
item.sapphire_bolts_e.9240	36 Ranged							Ammo					
item.sapphire_bracelet.11071								Hands					
item.sapphire_dragon_bolts.21963	64 Ranged							Ammo					
item.sapphire_dragon_bolts_e.21940	64 Ranged							Ammo					
item.sapphire_glacialis.10018													
item.sapphire_lantern.4700													
item.sarachnis_cudgel.23528	65 Attack							Weapon	Spiked	4			
item.saradomin_armour_set_lg.13040													
item.saradomin_armour_set_sk.13042													
item.saradomin_banner.4037								Weapon	Banner	4			
item.saradomin_bracers.10384	40 Defence, 70 Ranged							Hands					
item.saradomin_cape.2412	60 Magic							Cape					
item.saradomin_chaps.10388	40 Defence, 70 Ranged							Legs					
item.saradomin_cloak.4041	40 Prayer							Cape					
item.saradomin_coif.10390	40 Defence, 70 Ranged							Head					
item.saradomin_crozier.10440	60 Prayer							Weapon	Staff	5			
item.saradomin_d_hide_body.10386	40 Defence, 70 Ranged							Body					
item.saradomin_d_hide_boots.19933	40 Defence, 70 Ranged							Feet					
item.saradomin_d_hide_shield.23191	40 Defence, 70 Ranged							Shield					
item.saradomin_dragonhide_set.13163													
item.saradomin_full_helm.2665	40 Defence							Head					
item.saradomin_godsword.11806	75 Attack							2H	2H Sword	6			
item.saradomin_godsword_ornament_kit.20074													
item.saradomin_halo.12637								Head					
item.saradomin_hilt.11814													
item.saradomin_kiteshield.2667	40 Defence							Shield					
item.saradomin_max_cape.13331	99 Attack, 99 Strength, 99 Defence, 99 Ranged, 99 Magic, 99 Prayer, 99 Hitpoints, 99 Runecraft, 99 Construction, 99 Agility, 99 Herblore, 99 Thieving, 99 Crafting, 99 Fletching, 99 Slayer, 99 Hunter, 99 Mining, 99 Smithing, 99 Fishing, 99 Cooking, 99 Firemaking, 99 Woodcutting, 99 Farming							Cape					
item.saradomin_max_hood.13332	99 Attack, 99 Strength, 99 Defence, 99 Ranged, 99 Magic, 99 Prayer, 99 Hitpoints, 99 Runecraft, 99 Construction, 99 Agility, 99 Herblore, 99 Thieving, 99 Crafting, 99 Fletching, 99 Slayer, 99 Hunter, 99 Mining, 99 Smithing, 99 Fishing, 99 Cooking, 99 Firemaking, 99 Woodcutting, 99 Farming							Head					
item.saradomin_mitre.10452	40 Magic, 40 Prayer							Head					
item.saradomin_mjolnir.6762								2H	Polestaff	6			
item.saradomin_page_1.3827													
item.saradomin_page_2.3828													
item.saradomin_page_3.3829													
item.saradomin_page_4.3830													
item.saradomin_platebody.2661	40 Defence							Body					
item.saradomin_platelegs.2663	40 Defence							Legs					
item.saradomin_plateskirt.3479	40 Defence							Legs					
item.saradomin_robe_legs.10464	20 Prayer							Legs					
item.saradomin_robe_top.10458	20 Prayer							Body					
item.saradomin_s_blessed_sword.12809	75 Attack							2H	2H Sword	4			
item.saradomin_s_light.13256													
item.saradomin_s_tear.12804													
item.saradomin_staff.2415	60 Magic							Weapon	Staff	5			
item.saradomin_stole.10470	60 Prayer							Neck					
item.saradomin_sword.11838	70 Attack							2H	2H Sword	4			
item.saturated_heart.27641													
item.saw.8794													
item.sawdust.9468													
item.sawmill_agreement.21529													
item.sawmill_proposal.21528													
item.sawmill_voucher.28628													
item.scaly_blue_dragonhide.27897													
item.scarab_mould.26952													
item.scorching_bow.29591								2H	Bow	5			
item.scrambled_egg.7078													
item.scrapey_bark.8977													
item.scrapey_tree_logs.8934													
item.scroll_sack.22675								Cape					
item.scythe_of_vitur.22325	75 Attack, 75 Strength							2H	Scythe	5			
item.sea_turtle.397													
item.seal_of_passage.9083								Neck					
item.searing_page.28931													
item.seasoned_legs.2158													
item.seasoned_sardine.1552													
item.seaweed.401													
item.seaweed_sandwich.3168													
item.seaweed_spore.21490													
item.secateurs.5329													
item.secateurs_attachment.28161													
item.secateurs_blade.28159													
item.security_book.9003													
item.seed_box.13639													
item.seed_dibber.5343													
item.seercull.6724	50 Ranged							2H	Bow	5			
item.seers_icon.28304													
item.seers_ring.6731								Ring					
item.seers_ring_i.11770								Ring					
item.senntisten_teleport.12782													
item.seren_halo.24198								Head					
item.serpentine_helm.12931	75 Defence							Head					
item.serpentine_visage.12927													
item.servant_bell.7974													
item.servery_cooked_meat.13413													
item.servery_meat_pie.13403													
item.servery_pineapple_pizza.13412													
item.servery_plain_pizza.13409													
item.servery_potato.13414													
item.servery_raw_meat.13399													
item.servery_stew.13418													
item.severed_leg.10857								Weapon	Blunt	4			
item.shade_robe.548								Legs					
item.shade_robe_top.546								Body					
item.shadow_ancient_sceptre.25492								Weapon	Staff	4			
item.shadow_sword.10858								2H	2H Sword	6			
item.shaikahan_bonemeal.5615													
item.shaikahan_bones.3123													
item.shaman_mask.21838								Head					
item.shantay_pass.1854													
item.shark.385													
item.sharpened_axe.4444													
item.shaving_stand.8045													
item.shayzien_banner.20263								Weapon	Polestaff	5			
item.shayzien_body_5.13381	20 Defence							Body					
item.shayzien_boots_1.13358	20 Defence							Feet					
item.shayzien_boots_2.13363	20 Defence							Feet					
item.shayzien_boots_3.13368	20 Defence							Feet					
item.shayzien_boots_4.13373	20 Defence							Feet					
item.shayzien_boots_5.13378	20 Defence							Feet					
item.shayzien_gloves_1.13357	20 Defence							Hands					
item.shayzien_gloves_2.13362	20 Defence							Hands					
item.shayzien_gloves_3.13367	20 Defence							Hands					
item.shayzien_gloves_4.13372	20 Defence							Hands					
item.shayzien_gloves_5.13377	20 Defence							Hands					
item.shayzien_greaves_1.13360	20 Defence							Legs					
item.shayzien_greaves_2.13365	20 Defence							Legs					
item.shayzien_greaves_3.13370	20 Defence							Legs					
item.shayzien_greaves_4.13375	20 Defence							Legs					
item.shayzien_greaves_5.13380	20 Defence							Legs					
item.shayzien_helm_1.13359	20 Defence							Head					
item.shayzien_helm_2.13364	20 Defence							Head					
item.shayzien_helm_3.13369	20 Defence							Head					
item.shayzien_helm_4.13374	20 Defence							Head					
item.shayzien_helm_5.13379	20 Defence							Head					
item.shayzien_hood.20125								Head					
item.shayzien_platebody_1.13361	20 Defence							Body					
item.shayzien_platebody_2.13366	20 Defence							Body					
item.shayzien_platebody_3.13371	20 Defence							Body					
item.shayzien_platebody_4.13376	20 Defence							Body					
item.shayzien_scarf.19955								Neck					
item.shayzien_supply_boots_1.13539													
item.shayzien_supply_boots_2.13544													
item.shayzien_supply_boots_3.13549													
item.shayzien_supply_boots_4.13554													
item.shayzien_supply_boots_5.13559													
item.shayzien_supply_gloves_1.13538													
item.shayzien_supply_gloves_2.13543													
item.shayzien_supply_gloves_3.13548													
item.shayzien_supply_gloves_4.13553													
item.shayzien_supply_gloves_5.13558													
item.shayzien_supply_greaves_1.13541													
item.shayzien_supply_greaves_2.13546													
item.shayzien_supply_greaves_3.13551													
item.shayzien_supply_greaves_4.13556													
item.shayzien_supply_greaves_5.13561													
item.shayzien_supply_helm_1.13540													
item.shayzien_supply_helm_2.13545													
item.shayzien_supply_helm_3.13550													
item.shayzien_supply_helm_4.13555													
item.shayzien_supply_helm_5.13560													
item.shayzien_supply_platebody_1.13542													
item.shayzien_supply_platebody_2.13547													
item.shayzien_supply_platebody_3.13552													
item.shayzien_supply_platebody_4.13557													
item.shayzien_supply_platebody_5.13562													
item.sheep_bones_4.283													
item.shield_left_half.2366													
item.shield_right_half.2368													
item.shielding_potion.25813													
item.ship_ticket.621													
item.shirt.5030								Body					
item.shoe_box.8038													
item.shoes.6790								Feet					
item.short_green_guy.2080													
item.shortbow_u.50													
item.shorts.5042								Legs					
item.shoulder_parrot.23300								Cape					
item.shrink_me_quick.11204													
item.shrunk_ogleroot.11205													
item.sickle_mould.2976													
item.signed_oak_bow.4236	5 Ranged							2H	Bow	6			
item.silk.950													
item.silly_jester_boots.10839								Feet					
item.silly_jester_hat.10836								Head					
item.silly_jester_tights.10838								Legs					
item.silly_jester_top.10837								Body					
item.silver_bolts.9145	26 Ranged							Ammo					
item.silver_bolts_unf.9382													
item.silver_coffin.25465								Cape					
item.silver_dust.7650													
item.silver_feather.10176													
item.silver_locks.25451													
item.silver_necklace.1796								Neck					
item.silver_needle.1804													
item.silver_ore_fragment.21533													
item.silver_sickle.2961								Weapon	Slash Sword	5			
item.silver_sickle_b.2963								Weapon	Slash Sword	5			
item.silverlight.2402								Weapon	Slash Sword	5			
item.sinew.9436													
item.sinhaza_shroud_tier_1.22494								Cape					
item.sinhaza_shroud_tier_2.22496								Cape					
item.sinhaza_shroud_tier_3.22498								Cape					
item.sinhaza_shroud_tier_4.22500								Cape					
item.sinhaza_shroud_tier_5.22502								Cape					
item.sinister_key.993													
item.skeletal_boots.6147								Feet					
item.skeletal_bottoms.6141	40 Defence, 40 Magic							Legs					
item.skeletal_gloves.6153								Hands					
item.skeletal_helm.6137	40 Defence, 40 Magic							Head					
item.skeletal_top.6139	40 Defence, 40 Magic							Body					
item.skeletal_visage.22006													
item.skeleton_bonemeal.4270													
item.skeleton_monkey.24865								Cape					
item.skewer.7443								Weapon	Slash Sword	5			
item.skewer_stick.6305													
item.skills_necklace.11113								Neck					
item.skirt.5048								Legs					
item.skull_of_vet_ion.27673													
item.skull_piece.6163													
item.skull_sceptre.9013								Weapon	Staff	5			
item.skull_sceptre_i.21276								Weapon	Staff	5			
item.slave_boots.1846								Feet					
item.slave_robe.1845								Legs					
item.slave_shirt.1844								Body					
item.slayer_bell.10952													
item.slayer_cape.9786	99 Slayer							Cape					
item.slayer_gloves.6708	42 Slayer							Hands					
item.slayer_helmet.11864	10 Defence							Head					
item.slayer_helmet_i.11865	10 Defence							Head					
item.slayer_hood.9788	99 Slayer							Head					
item.slayer_ring_eternal.21268								Ring					
item.slayer_s_enchantment.21257													
item.slayer_s_respite.5759													
item.slayer_s_respite_m.5761													
item.slayer_s_staff.4170	50 Magic, 55 Slayer							Weapon	Staff	4			
item.slayer_s_staff_e.21255	50 Magic, 55 Slayer							Weapon	Staff	5			
item.sleeping_cap.10398								Head					
item.slice_of_cake.1895													
item.sliced_banana.3162													
item.sliced_mushrooms.7080													
item.sliced_red_banana.7574													
item.small_box_hedge.8205													
item.small_enriched_bone.21547													
item.small_fur_pouch.29299													
item.small_meat_pouch.29295													
item.small_ninja_bonemeal.4263													
item.small_ninja_monkey_bones.3179													
item.small_pouch.5509													
item.small_zombie_monkey_bonemeal.4268													
item.small_zombie_monkey_bones.3185													
item.smithing_cape.9795	99 Smithing							Cape					
item.smithing_hood.9797	99 Smithing							Head					
item.smiths_boots.27027								Feet					
item.smiths_gloves.27029								Hands					
item.smiths_gloves_i.27031								Hands					
item.smiths_trousers.27025								Legs					
item.smiths_tunic.27023								Body					
item.smoke_ancient_sceptre.25491								Weapon	Staff	4			
item.smoke_battlestaff.11998	30 Attack, 30 Magic							Weapon	Staff	5			
item.smoke_rune.4697													
item.smouldering_gland.29587													
item.smouldering_heart.29583													
item.smouldering_pile_of_flesh.29585													
item.smouldering_pot.6772													
item.smouldering_stone.13233													
item.snailfeet_s_bone.26590													
item.snake_charm.4605													
item.snake_hide.6287													
item.snake_mask.29933								Head					
item.snakeskin.6289													
item.snakeskin_bandana.6326	30 Defence, 30 Ranged							Head					
item.snakeskin_body.6322	30 Defence, 30 Ranged							Body					
item.snakeskin_boots.6328	30 Defence, 30 Ranged							Feet					
item.snakeskin_chaps.6324	30 Defence, 30 Ranged							Legs					
item.snakeskin_shield.22272	30 Defence, 30 Ranged							Shield					
item.snakeskin_vambraces.6330	30 Defence, 30 Ranged							Hands					
item.snapdragon.3000													
item.snapdragon_potion_unf.3004													
item.snapdragon_seed.5300													
item.snape_grass.231													
item.snape_grass_seed.22879													
item.snothead_s_bone.26589													
item.snowy_knight.10016													
item.soaked_page.25578													
item.socks_of_ruin.27436								Feet					
item.soda_ash.1781													
item.soft_clay.1761													
item.soft_clay_pack.12009													
item.soiled_page.30068													
item.soul_bearer.19634													
item.soul_cape.25344	70 Prayer							Cape					
item.soul_rune.566													
item.soulreaper_axe.25484								2H	Axe	5			
item.spade_handle.5327													
item.spade_head.5328													
item.spadeful_of_coke.6448													
item.spatula.7439								2H	2H Sword	7			
item.spear.20397								2H	Polearm	7			
item.special_hot_sauce.26916													
item.special_super_hot_kebab.26917													
item.spectral_sigil.12823													
item.spectral_spirit_shield.12821	75 Defence, 65 Magic, 70 Prayer							Shield					
item.spice.2007													
item.spicy_crunchies.2213													
item.spicy_minced_meat.9996													
item.spicy_sauce.7072													
item.spicy_stew.7479													
item.spicy_toad_s_legs.2156													
item.spicy_tomato.9994													
item.spicy_worm.2160													
item.spider_carcass.6291													
item.spider_cave_teleport.29782													
item.spider_on_shaft.6295													
item.spider_on_stick.6293													
item.spiked_boots.3107								Feet					
item.spiked_manacles.23389								Feet					
item.spiky_vambraces.10077	1 Ranged							Hands					
item.spinach_roll.1969													
item.spined_body.6133	40 Defence, 40 Ranged							Body					
item.spined_boots.6143	40 Defence, 40 Magic							Feet					
item.spined_chaps.6135	40 Defence, 40 Ranged							Legs					
item.spined_gloves.6149								Hands					
item.spined_helm.6131	40 Defence, 40 Ranged							Head					
item.spiny_helmet.4551	5 Defence							Head					
item.spirit_angler_boots.25598								Feet					
item.spirit_angler_headband.25592								Head					
item.spirit_angler_top.25594								Body					
item.spirit_angler_waders.25596								Legs					
item.spirit_seed.5317													
item.spirit_seedling.5363													
item.spirit_seedling_w.5369													
item.spirit_shield.12829	45 Defence, 55 Prayer							Shield					
item.split_log.10812													
item.splitbark_body.3387	40 Defence, 40 Magic							Body					
item.splitbark_boots.3393	40 Defence, 40 Magic							Feet					
item.splitbark_gauntlets.3391	40 Defence, 40 Magic							Hands					
item.splitbark_helm.3385	40 Defence, 40 Magic							Head					
item.splitbark_legs.3389	40 Defence, 40 Magic							Legs					
item.spork.7437								Weapon	Stab Sword	4			
item.spotted_cape.10069	40 Hunter							Cape					
item.spotted_kebbit_fur.10125													
item.spottier_cape.10071	66 Hunter							Cape					
item.spring_sq_irkjuice.10848													
item.square_sandwich.6965													
item.staff_of_balance.24144	75 Attack, 75 Magic							Weapon	Bladed Staff	4			
item.staff_of_bob_the_cat.23363								Weapon	Staff	5			
item.staff_of_earth.1385	1 Magic							Weapon	Staff	5			
item.staff_of_light.22296	75 Attack, 75 Magic							Weapon	Bladed Staff	4			
item.staff_of_the_dead.11791	75 Attack, 75 Magic							Weapon	Bladed Staff	4			
item.staff_of_water.1383	1 Magic							Weapon	Staff	5			
item.stale_baguette.20590								Weapon	Blunt	4			
item.star_face.22713								Head					
item.statius_s_full_helm.22625	78 Defence							Head					
item.statius_s_full_helm_bh.27833								Head					
item.statius_s_platebody.22628	78 Defence							Body					
item.statius_s_platebody_bh.27834								Body					
item.statius_s_platelegs.22631	78 Defence							Legs					
item.statius_s_platelegs_bh.27835								Legs					
item.statius_s_warhammer.22622	78 Attack							Weapon	Blunt	5			
item.statius_s_warhammer_bh.27908								Weapon	Blunt	5			
item.steak_sandwich.25631													
item.steam_battlestaff.11787	30 Attack, 30 Magic							Weapon	Staff	5			
item.steam_rune.4694													
item.steam_staff_upgrade_kit.12798													
item.steamforge_brew.29412													
item.steel_arrowtips.41													
item.steel_axe.1353	5 Attack							Weapon	Axe	5			
item.steel_battleaxe.1365	5 Attack							Weapon	Axe	6			
item.steel_bolts.9141	31 Ranged							Ammo					
item.steel_bolts_unf.9378													
item.steel_boots.4123	5 Defence							Feet					
item.steel_brutal.4783	5 Ranged							Ammo					
item.steel_cannonball.2													
item.steel_claws.3097	5 Attack							2H	Claw	4			
item.steel_coffin.25461								Cape					
item.steel_crossbow_u.9459													
item.steel_dart.808	5 Ranged							Weapon	Thrown	3			
item.steel_dart_tip.821													
item.steel_defender.8846	5 Attack, 5 Defence							Shield					
item.steel_dragon_mask.12367								Head					
item.steel_felling_axe.28202								2H	Axe	7			
item.steel_fire_arrow.2534	5 Ranged							Ammo					
item.steel_gauntlets.778								Hands					
item.steel_gloves.7456								Hands					
item.steel_gold_trimmed_set_lg.20382													
item.steel_gold_trimmed_set_sk.20385													
item.steel_halberd.3194	5 Attack							2H	Polearm	7			
item.steel_hasta.11371	5 Attack							Weapon	Spear	4			
item.steel_heraldic_helm.8682	5 Defence							Head					
item.steel_javelin.827	5 Ranged							Ammo					
item.steel_javelin_tips.19574													
item.steel_knife.865	5 Ranged							Weapon	Thrown	3			
item.steel_limbs.9425													
item.steel_locks.25445													
item.steel_med_helm.1141	5 Defence							Head					
item.steel_nails.1539													
item.steel_pickaxe.1269	5 Attack, 6 Mining							Weapon	Pickaxe	5			
item.steel_plateskirt.1083	5 Defence							Legs					
item.steel_set_lg.12984													
item.steel_set_sk.12986													
item.steel_spear.1241	5 Attack							2H	Spear	4			
item.steel_studs.2370													
item.steel_thrownaxe.802	5 Ranged							Weapon	Thrown	5			
item.steel_trimmed_set_lg.20376													
item.steel_trimmed_set_sk.20379													
item.steel_warhammer.1339	5 Attack							Weapon	Blunt	6			
item.stew.2003													
item.stick.4179													
item.stone_scarab.9030													
item.stone_seal.9042													
item.stone_statuette.9038													
item.stony_basalt.22601													
item.strange_fruit.464													
item.strange_old_lockpick_full.24740													
item.strange_potion.4836													
item.strange_teleorb.29535													
item.strangler_serum.28388													
item.strawberries_1.5398													
item.strawberry.5504													
item.strawberry_seed.5323													
item.strength_cape.9750	99 Strength							Cape					
item.strength_hood.9752	99 Strength							Head					
item.stretched_hide.6173													
item.stripy_feather.10087													
item.stripy_pirate_shirt.7110								Body					
item.strong_cup_of_tea.26904													
item.strongbones_bone.26593													
item.stronghold_notes.9004													
item.strung_rabbit_foot.10132								Neck					
item.studded_body.1133	20 Defence, 20 Ranged							Body					
item.studded_chaps.1097	1 Defence, 20 Ranged							Legs					
item.stuffed_big_harpoonfish.25561													
item.stuffed_snake.7579													
item.sturdy_harness.28149													
item.sulliuscep_cap.21626													
item.sulphur_blades.29084								2H	Slash Sword	4			
item.sulphur_potion.25812													
item.sulphurous_essence.29087													
item.summer_pie.7218													
item.summer_sq_irkjuice.10849													
item.sun_kissed_bones.29378													
item.sun_shine.29421													
item.sunbeam_ale.29409													
item.sunfire_fanatic_armour_set.29424													
item.sunfire_fanatic_chausses.28939								Legs					
item.sunfire_fanatic_cuirass.28936								Body					
item.sunfire_fanatic_helm.28933								Head					
item.sunfire_rune.28929													
item.sunfire_splinters.28924													
item.sunlight_antelope_antler.29168													
item.sunlight_antelope_fur.29177													
item.sunlight_antler_bolts.28872								Ammo					
item.sunlight_moth.28863													
item.super_attack_4.2436													
item.super_defence_4.2442													
item.super_kebab.4608													
item.super_potion_set.13066													
item.super_ranging_4.11722													
item.super_strength_4.2440													
item.supercompost.6034													
item.superior_calamity_breeches.26757								Legs					
item.superior_calamity_chest.26751								Body					
item.superior_dragon_bonemeal.22116													
item.superior_dragon_bones.22124													
item.superior_mining_gloves.21345								Hands					
item.suphi_fish_1.20858													
item.suqah_hide.9080													
item.suqah_leather.9081													
item.swamp_lizard.10149	30 Attack, 30 Ranged, 30 Magic							2H	Salamander	5			
item.swamp_paste.1941													
item.swamp_tar.1939													
item.swamp_toad.2150													
item.swamp_weed.10978													
item.swampbark_body.25389	50 Defence, 50 Magic							Body					
item.swampbark_boots.25395	50 Defence, 50 Magic							Feet					
item.swampbark_gauntlets.25392	50 Defence, 50 Magic							Hands					
item.swampbark_helm.25398	50 Defence, 50 Magic							Head					
item.swampbark_legs.25401	50 Defence, 50 Magic							Legs					
item.sweetcorn.5986													
item.sweetcorn_seed.5320													
item.swift_blade.24219								Weapon	Stab Sword	3			
item.tackle_box.25580													
item.tai_bwo_wannai_teleport.12409													
item.tailfeathers.29222													
item.tainted_essence_chunk.28591													
item.tall_box_hedge.8209													
item.tall_fancy_hedge.8208													
item.tan_cavalier.2639								Head					
item.tangled_toad_s_legs.2187													
item.tangled_toads_legs.9551													
item.tanzanite_fang.12922													
item.tanzanite_helm.13197	75 Defence							Head					
item.target_teleport.24336													
item.target_teleport_scroll.12846													
item.tarnished_locket.26910								Neck					
item.tarromin.253													
item.tarromin_potion_unf.95													
item.tarromin_seed.5293													
item.tarromin_tar.10144								Ammo					
item.tatty_graahk_fur.10097													
item.tatty_kyatt_fur.10101													
item.tatty_larupia_fur.10093													
item.taverley_teleport.11742													
item.tchiki_monkey_nuts.7573													
item.tchiki_nut_paste.7575													
item.te_salt.22593													
item.tea_flask.10859													
item.teacher_wand.6912	50 Magic							Weapon	Staff	4			
item.teak_armchair.8314													
item.teak_armour_case.9827													
item.teak_bed.8034													
item.teak_bird_house.21521													
item.teak_cape_rack.9818													
item.teak_clock.8053													
item.teak_dining_bench.8111													
item.teak_drawers.8041													
item.teak_dresser.8048													
item.teak_fancy_dress_box.9866													
item.teak_kitchen_table.8248													
item.teak_logs.6333													
item.teak_magic_wardrobe.9854													
item.teak_plank.8780													
item.teak_pyre_logs.6211													
item.teak_sapling.21477													
item.teak_seed.21486													
item.teak_seedling.21469													
item.teak_seedling_w.21473													
item.teak_stock.9446													
item.teak_table.8118													
item.teak_toy_box.9837													
item.teak_treasure_chest.9840													
item.teak_wardrobe.8042													
item.teal_boots.2924								Feet					
item.teal_gloves.2932								Hands					
item.teal_hat.2930								Head					
item.teal_robe_bottoms.2928								Legs					
item.teal_robe_top.2926								Body					
item.team_10_cape.4333								Cape					
item.team_11_cape.4335								Cape					
item.team_12_cape.4337								Cape					
item.team_13_cape.4339								Cape					
item.team_14_cape.4341								Cape					
item.team_15_cape.4343								Cape					
item.team_16_cape.4345								Cape					
item.team_17_cape.4347								Cape					
item.team_18_cape.4349								Cape					
item.team_19_cape.4351								Cape					
item.team_1_cape.4315								Cape					
item.team_20_cape.4353								Cape					
item.team_21_cape.4355								Cape					
item.team_22_cape.4357								Cape					
item.team_23_cape.4359								Cape					
item.team_24_cape.4361								Cape					
item.team_25_cape.4363								Cape					
item.team_26_cape.4365								Cape					
item.team_27_cape.4367								Cape					
item.team_28_cape.4369								Cape					
item.team_29_cape.4371								Cape					
item.team_2_cape.4317								Cape					
item.team_30_cape.4373								Cape					
item.team_31_cape.4375								Cape					
item.team_32_cape.4377								Cape					
item.team_33_cape.4379								Cape					
item.team_34_cape.4381								Cape					
item.team_35_cape.4383								Cape					
item.team_36_cape.4385								Cape					
item.team_37_cape.4387								Cape					
item.team_38_cape.4389								Cape					
item.team_39_cape.4391								Cape					
item.team_3_cape.4319								Cape					
item.team_40_cape.4393								Cape					
item.team_41_cape.4395								Cape					
item.team_42_cape.4397								Cape					
item.team_43_cape.4399								Cape					
item.team_44_cape.4401								Cape					
item.team_45_cape.4403								Cape					
item.team_46_cape.4405								Cape					
item.team_47_cape.4407								Cape					
item.team_48_cape.4409								Cape					
item.team_49_cape.4411								Cape					
item.team_4_cape.4321								Cape					
item.team_50_cape.4413								Cape					
item.team_5_cape.4323								Cape					
item.team_6_cape.4325								Cape					
item.team_7_cape.4327								Cape					
item.team_8_cape.4329								Cape					
item.team_9_cape.4331								Cape					
item.team_cape_i.20217								Cape					
item.team_cape_x.20214								Cape					
item.team_cape_zero.20211								Cape					
item.teasing_stick.10029													
item.tecu_salamander.28834								2H	Salamander	5			
item.teleport_anchoring_scroll.29455													
item.teleport_card.13658													
item.teleport_to_house.8013													
item.tenacious_indigo_iris_seed.27040													
item.tenti_pineapple.1851													
item.terrifying_charm.27483								Ammo					
item.thammaron_s_sceptre.22555	60 Magic							Weapon	Powered Staff	4			
item.thammaron_s_sceptre_a.27788								Weapon	Staff	5			
item.thammaron_s_sceptre_au.27785								Weapon	Staff	5			
item.thammaron_s_sceptre_u.22552	60 Magic							Weapon	Powered Staff	4			
item.thatch_spar_dense.6285													
item.thatch_spar_light.6281													
item.thatch_spar_med.6283													
item.the_desert_trout_ship_s_log.25567													
item.thieving_bag.23224								Cape					
item.thieving_cape.9777	99 Thieving							Cape					
item.thieving_hood.9779	99 Thieving							Head					
item.thin_snail.3363													
item.thin_snail_meat.3369													
item.thorny_hedge.8203													
item.thread.1734													
item.thread_of_elidinis.27279													
item.three_barrels.8862													
item.throwing_rope.945													
item.tiara.5525								Head					
item.tiara_mould.5523													
item.timber_beam.8837													
item.tin_ore.438													
item.tin_ore_powder.5583													
item.tiny_net.6674													
item.toad_batta.2255													
item.toad_crunchies.2217													
item.toad_s_legs.2152													
item.toadflax.2998													
item.toadflax_potion_unf.3002													
item.toadflax_seed.5296													
item.toktz_ket_xil.6524	60 Defence							Shield					
item.toktz_mej_tal.6526	60 Attack, 60 Magic							2H	Staff	6			
item.toktz_xil_ak.6523	60 Attack							Weapon	Stab Sword	4			
item.toktz_xil_ek.6525	60 Attack							Weapon	Slash Sword	4			
item.toktz_xil_ul.6522	60 Ranged							Weapon	Thrown	4			
item.tomato.1982													
item.tomato_seed.5322													
item.tomatoes_1.5960													
item.tome_of_earth.30064								Shield					
item.tome_of_fire.20714	50 Magic							Shield					
item.tome_of_water.25574								Shield					
item.tonalztics_of_ralos.28922								Weapon	Thrown	7			
item.tonameyo_white.29958													
item.tooth_half_of_key.985													
item.top_hat.12432								Head					
item.top_hat_monocle.12434								Head					
item.topaz_amulet.21114								Neck					
item.topaz_amulet_u.21105													
item.topaz_bolt_tips.9188													
item.topaz_bolts.9336	31 Ranged							Ammo					
item.topaz_bolts_e.9239	31 Ranged							Ammo					
item.topaz_bracelet.21123								Hands					
item.topaz_dragon_bolts.21961	64 Ranged							Ammo					
item.topaz_dragon_bolts_e.21938	64 Ranged							Ammo					
item.topaz_necklace.21096								Neck					
item.topaz_ring.21087								Ring					
item.topiary_hedge.8206													
item.torag_s_armour_set.12879													
item.torag_s_hammers.4747	70 Attack, 70 Strength							2H	Blunt	5			
item.torag_s_helm.4745	70 Defence							Head					
item.torag_s_platebody.4749	70 Defence							Body					
item.torag_s_platelegs.4751	70 Defence							Legs					
item.torch.595													
item.tormented_bracelet.19544	75 Hitpoints							Hands					
item.tormented_ornament_kit.23348													
item.tormented_synapse.29580													
item.torn_prayer_scroll.21047													
item.torn_robe.6788													
item.torstol.269													
item.torstol_potion_unf.111													
item.torstol_seed.5304													
item.tortoise_shell.7939													
item.torture_ornament_kit.20062													
item.torva_full_helm.26382								Head					
item.torva_platebody.26384								Body					
item.torva_platelegs.26386								Legs					
item.toxic_blowpipe.12926	75 Ranged							2H	Thrown	3			
item.toxic_staff_of_the_dead.12904	75 Attack, 75 Magic							Weapon	Bladed Staff	4			
item.toy_cat.7771													
item.toy_doll.7763													
item.toy_doll_wound.7765													
item.toy_mouse.7767													
item.toy_mouse_wound.7769													
item.toy_soldier.7759													
item.toy_soldier_wound.7761													
item.trading_sticks.6306													
item.training_arrows.9706								Ammo					
item.training_bow.9705								2H	Bow	4			
item.training_shield.9704								Shield					
item.training_sword.9703								Weapon	Stab Sword	4			
item.trapper_s_tipple.29277													
item.treasonous_ring.12605								Ring					
item.treasonous_ring_i.12692								Ring					
item.treasure_flag.8970								Weapon	Banner	4			
item.tree_skirt.22717								Legs					
item.tree_top.22715								Body					
item.tri_jester_hat.6860								Head					
item.tri_jester_scarf.6861								Neck					
item.triangle_sandwich.6962													
item.tribal_mask.6335								Head					
item.tribal_top.6341								Body					
item.trident_of_the_seas.11907	75 Magic							Weapon	Powered Staff	4			
item.trident_of_the_seas_e.22288	75 Magic							Weapon	Powered Staff	4			
item.trident_of_the_swamp.12899	75 Magic							Weapon	Powered Staff	4			
item.trident_of_the_swamp_e.22292	75 Magic							Weapon	Powered Staff	4			
item.troll_bone.7884													
item.trollheim_teleport.11747													
item.trollweiss.4086								Weapon	Blunt	4			
item.trousers.5036								Legs					
item.trouver_parchment.24187													
item.tumeken_s_shadow.27275								2H	Powered Staff	5			
item.tuna_and_corn.7068													
item.tuna_potato.7060													
item.turquoise_boots.634								Feet					
item.turquoise_hat.664								Head					
item.turquoise_robe_bottoms.654								Legs					
item.turquoise_robe_top.644								Body					
item.turquoise_slayer_helmet.21888	10 Defence							Head					
item.turquoise_slayer_helmet_i.21890	10 Defence							Head					
item.twisted_bow.20997	75 Ranged							2H	Bow	6			
item.twisted_buckler.21000	75 Defence, 75 Ranged							Shield					
item.twitcher_s_gloves.28630								Hands					
item.two_barrels.8861													
item.tyrannical_ring.12603								Ring					
item.tyrannical_ring_i.12691								Ring					
item.tyras_helm.9629	5 Defence							Head					
item.tzhaar_ket_em.6527	60 Attack							Weapon	Blunt	5			
item.tzhaar_ket_om.6528	60 Strength							2H	Blunt	7			
item.tzhaar_ket_om_ornament_kit.23232													
item.tzkal_slayer_helmet.25910								Head					
item.tzkal_slayer_helmet_i.25912								Head					
item.tztok_slayer_helmet.25898								Head					
item.tztok_slayer_helmet_i.25900								Head					
item.ugthanki_dung.4601													
item.ugthanki_kebab.1883													
item.ugthanki_meat.1861													
item.ugthanki_onion.1877													
item.ugthanki_tomato.1879													
item.ultimate_ironman_helm.12813								Head					
item.ultimate_ironman_platebody.12814								Body					
item.ultimate_ironman_platelegs.12815								Legs					
item.ultor_ring.25485								Ring					
item.ultracompost.21483													
item.unblessed_symbol.1716								Neck					
item.uncharged_toxic_trident.12900	75 Magic							Weapon	Powered Staff	4			
item.uncharged_toxic_trident_e.22294	75 Magic							Weapon	Powered Staff	4			
item.uncharged_trident.11908	75 Magic							Weapon	Powered Staff	4			
item.uncharged_trident_e.22290	75 Magic							Weapon	Powered Staff	4			
item.unconscious_broav.29518													
item.uncooked_apple_pie.2317													
item.uncooked_berry_pie.2321													
item.uncooked_botanical_pie.19656													
item.uncooked_dragonfruit_pie.22789													
item.uncooked_egg.7076													
item.uncooked_meat_pie.2319													
item.uncooked_mushroom_pie.21684													
item.uncut_dragonstone.1631													
item.uncut_jade.1627													
item.uncut_onyx.6571													
item.uncut_opal.1625													
item.uncut_red_topaz.1629													
item.uncut_zenyte.19496													
item.undead_chicken.10487								Weapon	Blunt	4			
item.unfinished_batta.2251													
item.unfinished_bowl.2179													
item.unfinished_broad_bolts.11876													
item.unfinished_cocktail.2042													
item.unfinished_crunchy.2207													
item.unfinished_potion.3406													
item.unfired_bowl.1791													
item.unfired_cup.28193													
item.unfired_pie_dish.1789													
item.unfired_plant_pot.5352													
item.unfired_pot.1787													
item.unfired_pot_lid.4438													
item.unholy_blessing.20223								Ammo					
item.unholy_book.3842								Shield					
item.unholy_book_page_set.13151													
item.unholy_mould.1594													
item.unholy_symbol.1724								Neck					
item.unicorn_bone.7821													
item.unicorn_horn.237													
item.unicorn_horn_dust.235													
item.unidentified_liquid.702													
item.unlit_bug_lantern.7051	33 Slayer							Shield					
item.unlit_torch.596													
item.unpowered_orb.567													
item.unpowered_symbol.1722								Neck					
item.unstrung_comp_bow.4825													
item.unstrung_emblem.1720													
item.unstrung_heavy_ballista.19607													
item.unstrung_light_ballista.19604													
item.unstrung_symbol.1714													
item.uri_s_hat.23255								Head					
item.urium_remains.25419													
item.ursine_chainmace.27660								Weapon	Spiked	4			
item.ursine_chainmace_u.27657								Weapon	Spiked	4			
item.urt_salt.22597													
item.v_s_shield.24265	40 Defence							Shield					
item.vampyre_dust.3325													
item.vampyric_slayer_helmet.25904								Head					
item.vampyric_slayer_helmet_i.25906								Head					
item.varlamorian_kebab.29900													
item.varrock_armour_1.13104								Body					
item.varrock_armour_2.13105								Body					
item.varrock_armour_3.13106								Body					
item.varrock_armour_4.13107								Body					
item.varrock_teleport.8007													
item.veg_ball.2195													
item.vegetable_batta.2281													
item.venator_bow.27610								2H	Bow	5			
item.venator_ring.25487								Ring					
item.venator_shard.27614													
item.verac_s_armour_set.12875													
item.verac_s_brassard.4757	70 Defence							Body					
item.verac_s_flail.4755	70 Attack							2H	Spiked	5			
item.verac_s_helm.4753	70 Defence							Head					
item.verac_s_plateskirt.4759	70 Defence							Legs					
item.very_long_rope.28363													
item.vesta_s_blighted_longsword.24617	75 Attack							Weapon	Slash Sword	5			
item.vesta_s_chainbody.22616	78 Defence							Body					
item.vesta_s_chainbody_bh.27831								Body					
item.vesta_s_longsword.22613	78 Attack							Weapon	Slash Sword	5			
item.vesta_s_longsword_bh.27904								Weapon	Slash Sword	5			
item.vesta_s_plateskirt.22619	78 Defence							Legs					
item.vesta_s_plateskirt_bh.27832								Legs					
item.vesta_s_spear.22610	78 Attack							2H	Spear	5			
item.vesta_s_spear_bh.27900								2H	Spear	5			
item.vial.229													
item.vial_of_blood.22405													
item.vial_of_water.227													
item.victor_s_cape_1.24207								Cape					
item.victor_s_cape_10.24209								Cape					
item.victor_s_cape_100.24213								Cape					
item.victor_s_cape_1000.24520								Cape					
item.victor_s_cape_50.24211								Cape					
item.victor_s_cape_500.24215								Cape					
item.viggora_s_chainmace.22545	60 Attack							Weapon	Spiked	4			
item.viggora_s_chainmace_u.22542	60 Attack							Weapon	Spiked	4			
item.vile_ashes.25769													
item.villager_armband.6347								Hands					
item.villager_hat.6345								Head					
item.villager_robe.6343								Legs					
item.villager_sandals.6349								Feet					
item.vine_seed.6456													
item.virtus_mask.26241								Head					
item.virtus_robe_bottom.26245								Legs					
item.virtus_robe_top.26243								Body					
item.vodka.2015													
item.void_knight_gloves.8842	42 Attack, 42 Strength, 42 Defence, 42 Ranged, 42 Magic, 22 Prayer, 42 Hitpoints							Hands					
item.void_knight_mace.8841	42 Attack, 42 Strength, 42 Defence, 42 Ranged, 42 Magic, 22 Prayer, 42 Hitpoints							Weapon	Staff	5			
item.void_knight_robe.8840	42 Attack, 42 Strength, 42 Defence, 42 Ranged, 42 Magic, 22 Prayer, 42 Hitpoints							Legs					
item.void_knight_top.8839	42 Attack, 42 Strength, 42 Defence, 42 Ranged, 42 Magic, 22 Prayer, 42 Hitpoints							Body					
item.void_mage_helm.11663	42 Attack, 42 Strength, 42 Defence, 42 Ranged, 42 Magic, 22 Prayer, 42 Hitpoints							Head					
item.void_melee_helm.11665	42 Attack, 42 Strength, 42 Defence, 42 Ranged, 42 Magic, 22 Prayer, 42 Hitpoints							Head					
item.void_ranger_helm.11664	42 Attack, 42 Strength, 42 Defence, 42 Ranged, 42 Magic, 22 Prayer, 42 Hitpoints							Head					
item.void_seal_8.11666	42 Attack, 42 Strength, 42 Defence, 42 Ranged, 42 Magic, 22 Prayer, 42 Hitpoints							Neck					
item.voidwaker.27690								Weapon	Slash Sword	4			
item.voidwaker_blade.27684													
item.voidwaker_gem.27687													
item.voidwaker_hilt.27681													
item.volatile_nightmare_staff.24424	75 Magic, 50 Hitpoints							Weapon	Staff	5			
item.volatile_orb.24514													
item.volcanic_abyssal_whip.12773	70 Attack							Weapon	Whip	4			
item.volcanic_ash.21622													
item.volcanic_mine_teleport.21541													
item.volcanic_whip_mix.12771													
item.vyre_noble_blazer.24794								Body					
item.vyre_noble_coat_tails.24796								Legs					
item.vyre_noble_corset.24802								Body					
item.vyre_noble_dress_bottom.24808								Legs					
item.vyre_noble_dress_top.24806								Body					
item.vyre_noble_legs.24678								Legs					
item.vyre_noble_pants.24800								Legs					
item.vyre_noble_shoes.24680								Feet					
item.vyre_noble_skirt.24804								Legs					
item.vyre_noble_top.24676								Body					
item.vyre_noble_vest.24798								Body					
item.vyrewatch_legs.9636								Legs					
item.vyrewatch_shoes.9638								Feet					
item.vyrewatch_top.9634								Body					
item.war_blessing.20232								Ammo					
item.ward_upgrade_kit.12802													
item.warhammer.1415													
item.warm_gloves.20712								Hands					
item.warped_sceptre.28585								Weapon	Powered Staff	4			
item.warrior_helm.3753	45 Defence							Head					
item.warrior_icon.28301													
item.warrior_ring.6735								Ring					
item.warrior_ring_i.11772								Ring					
item.watchtower_teleport.8012													
item.water_battlestaff.1395	1 Magic							Weapon	Staff	5			
item.water_container.22094													
item.water_filled_gourd_vial.20801													
item.water_orb.571													
item.water_talisman.1444													
item.water_tiara.5531								Head					
item.waterbirth_teleport.24953													
item.watering_can.5331													
item.watermelon.5982													
item.watermelon_seed.5321													
item.watermelon_slice.5984													
item.watson_teleport.23387													
item.waxwood_log.24938													
item.waxwood_plank.24939													
item.weapon_poison.187													
item.weapon_poison.5937													
item.weapon_poison.5940													
item.weapon_poison_unf.5936													
item.weapon_poison_unf.5939													
item.webweaver_bow.27655								2H	Bow	4			
item.webweaver_bow_u.27652								2H	Bow	4			
item.weeds.6055													
item.weird_gloop.9593													
item.werewolf_bone.7866													
item.west_ardougne_teleport.19623													
item.western_banner_1.13141								Weapon	Polestaff	5			
item.western_banner_2.13142								Weapon	Polestaff	5			
item.western_banner_3.13143								Weapon	Polestaff	5			
item.western_banner_4.13144								Weapon	Polestaff	5			
item.whisky.2017													
item.white_2h_sword.6609	10 Attack							2H	2H Sword	7			
item.white_apron.1005								Body					
item.white_battleaxe.6589	10 Attack							Weapon	Axe	6			
item.white_bead.1476													
item.white_beret.2637								Head					
item.white_berries.239													
item.white_boater.12313								Head					
item.white_boots.6619	10 Defence							Feet					
item.white_candy.24982													
item.white_cavalier.12321								Head					
item.white_chainbody.6615	10 Defence							Body					
item.white_claws.6587	10 Attack							2H	Claw	4			
item.white_dagger.6591	10 Attack							Weapon	Stab Sword	4			
item.white_dark_bow_paint.12763													
item.white_elegant_blouse.10420								Body					
item.white_elegant_skirt.10422								Legs					
item.white_firelighter.10327													
item.white_flowers.2474								Weapon	Blunt	4			
item.white_full_helm.6623	10 Defence							Head					
item.white_gloves.6629	10 Defence							Hands					
item.white_goblin_mail.26567								Body					
item.white_halberd.6599	10 Attack, 5 Strength							2H	Polearm	7			
item.white_headband.12299								Head					
item.white_kiteshield.6633	10 Defence							Shield					
item.white_lily.22932													
item.white_lily_seed.22887													
item.white_logs.10328													
item.white_longsword.6607	10 Attack							Weapon	Slash Sword	5			
item.white_mace.6601	10 Attack							Weapon	Spiked	4			
item.white_magic_staff.6603	10 Attack							Weapon	Staff	5			
item.white_med_helm.6621	10 Defence							Head					
item.white_pearl.4485													
item.white_pearl_seed.4486													
item.white_platebody.6617	10 Defence							Body					
item.white_platelegs.6625	10 Defence							Legs					
item.white_plateskirt.6627	10 Defence							Legs					
item.white_rose_seed.6453													
item.white_scimitar.6611	10 Attack							Weapon	Slash Sword	4			
item.white_sq_shield.6631	10 Defence							Shield					
item.white_sword.6605	10 Attack							Weapon	Stab Sword	4			
item.white_toy_horsey.2522													
item.white_tree_fruit.6469													
item.white_unicorn_mask.20269								Head					
item.white_warhammer.6613	10 Attack							Weapon	Blunt	6			
item.whiteberry_seed.5105													
item.wild_pie.7208													
item.wildblood_hops.6002													
item.wildblood_seed.5311													
item.wilderness_cape.21428													
item.wilderness_champion_amulet.21433													
item.wilderness_crabs_teleport.24251													
item.wilderness_sword_1.13108								Weapon	Stab Sword	4			
item.wilderness_sword_2.13109								Weapon	Stab Sword	4			
item.wilderness_sword_3.13110								Weapon	Stab Sword	4			
item.wilderness_sword_4.13111								Weapon	Stab Sword	4			
item.willow_bird_house.21518													
item.willow_blackjack.4600								Weapon	Blunt	4			
item.willow_blackjack_d.6414								Weapon	Blunt	4			
item.willow_blackjack_o.6412								Weapon	Blunt	4			
item.willow_branch.5933													
item.willow_comp_bow.10280	20 Ranged							2H	Bow	5			
item.willow_leaves.6024													
item.willow_logs.1519													
item.willow_longbow_u.58													
item.willow_pyre_logs.3442													
item.willow_roots.6045													
item.willow_sapling.5371													
item.willow_seed.5313													
item.willow_seedling.5359													
item.willow_seedling_w.5365													
item.willow_shield.22254	30 Defence							Shield					
item.willow_shortbow_u.60													
item.willow_stock.9444													
item.windswept_logs.11035													
item.wine_of_zamorak.245													
item.winter_sq_irkjuice.10851													
item.witchwood_icon.8923	35 Slayer							Neck					
item.wizard_blizzard.2054													
item.wizard_boots.2579	1 Defence, 20 Magic							Feet					
item.wizard_hat.1017								Head					
item.wizard_s_mind_bomb.1907													
item.woad_leaf.1793													
item.woad_seed.5099													
item.wolf_bone.7830													
item.wolf_bonemeal.4262													
item.wolf_bones.2859													
item.wolf_cloak.23410								Cape					
item.wolf_mask.23407								Head					
item.wolf_whistle.10896													
item.wolfbane.2952								Weapon	Stab Sword	4			
item.wolfbone_arrowtips.2861													
item.wood_camo_legs.10055								Legs					
item.wood_camo_top.10053								Body					
item.wood_dining_table.8115													
item.woodcutting_cape.9807	99 Woodcutting							Cape					
item.woodcutting_hood.9809	99 Woodcutting							Head					
item.wooden_bed.8031													
item.wooden_bench.8108													
item.wooden_cat.10891													
item.wooden_chair.8310													
item.wooden_spoon.7433								Weapon	Slash Sword	5			
item.wooden_stock.9440													
item.wooden_sword.7675								Weapon	Stab Sword	4			
item.wool.1737													
item.woolly_hat.6862								Head					
item.woolly_scarf.6863								Neck					
item.worm_batta.2253													
item.worm_crunchies.2205													
item.worm_hole.2191													
item.woven_top.5024								Body					
item.wrapped_oomlie.2341													
item.wrath_rune.21880													
item.wrath_talisman.22118													
item.wrath_tiara.22121								Head					
item.wrench.6713													
item.wyrm_bonemeal.22754													
item.wyrm_bones.22780													
item.wyrmling_bones.28899													
item.wyvern_bonemeal.6810													
item.wyvern_bones.6812													
item.wyvern_visage.21637													
item.xeric_s_champion.22396								Cape					
item.xeric_s_general.22394								Cape					
item.xeric_s_guard.22388								Cape					
item.xeric_s_sentinel.22392								Cape					
item.xeric_s_talisman.13393								Neck					
item.xeric_s_talisman_inert.13392								Neck					
item.xeric_s_warrior.22390								Cape					
item.xerician_fabric.13383													
item.xerician_hat.13385	10 Defence, 20 Magic							Head					
item.xerician_robe.13389	10 Defence, 20 Magic							Legs					
item.xerician_top.13387	10 Defence, 20 Magic							Body					
item.xochipaltic_ros.29969													
item.yak_hide.10818													
item.yak_hide_armour.10822	20 Defence							Body, Legs					
item.yanille_teleport.11746													
item.yanillian_hops.5998													
item.yanillian_seed.5309													
item.yellow_bead.1472													
item.yellow_boots.2914								Feet					
item.yellow_cape.1023								Cape					
item.yellow_dark_bow_paint.12761													
item.yellow_dye.1765													
item.yellow_feather.10090													
item.yellow_flowers.2466								Weapon	Blunt	4			
item.yellow_gloves.2922								Hands					
item.yellow_goblin_mail.9056													
item.yellow_hat.2920								Head					
item.yellow_robe_bottoms.2918								Legs					
item.yellow_robe_top.2916								Body					
item.yew_bird_house.22198													
item.yew_comp_bow.10282	40 Ranged							2H	Bow	5			
item.yew_leaves.6026													
item.yew_logs.1515													
item.yew_longbow.855	40 Ranged							2H	Bow	6			
item.yew_longbow_u.66													
item.yew_pyre_logs.3446													
item.yew_roots.6049													
item.yew_sapling.5373													
item.yew_seed.5315													
item.yew_seedling.5361													
item.yew_seedling_w.5367													
item.yew_shield.22260	40 Defence							Shield					
item.yew_shortbow.857	40 Ranged							2H	Bow	4			
item.yew_shortbow_u.68													
item.yew_stock.9452													
item.yin_yang_amulet.7803								Neck					
item.yommi_tree_seeds.735													
item.young_impling_jar.11240													
item.zadimus_corpse.610													
item.zalcano_shard.23908													
item.zamorak_armour_set_lg.13044													
item.zamorak_armour_set_sk.13046													
item.zamorak_banner.4039								Weapon	Banner	4			
item.zamorak_bracers.10368	40 Defence, 70 Ranged							Hands					
item.zamorak_cape.2414	60 Magic							Cape					
item.zamorak_chaps.10372	40 Defence, 70 Ranged							Legs					
item.zamorak_cloak.4042	40 Prayer							Cape					
item.zamorak_coif.10374	40 Defence, 70 Ranged							Head					
item.zamorak_crozier.10444	60 Prayer							Weapon	Staff	5			
item.zamorak_d_hide_body.10370	40 Defence, 70 Ranged							Body					
item.zamorak_d_hide_boots.19936	40 Defence, 70 Ranged							Feet					
item.zamorak_d_hide_shield.23194	40 Defence, 70 Ranged							Shield					
item.zamorak_dragonhide_set.13161													
item.zamorak_full_helm.2657	40 Defence							Head					
item.zamorak_godsword.11808	75 Attack							2H	2H Sword	6			
item.zamorak_godsword_ornament_kit.20077													
item.zamorak_halo.12638								Head					
item.zamorak_hilt.11816													
item.zamorak_kiteshield.2659	40 Defence							Shield					
item.zamorak_max_cape.13333	99 Attack, 99 Strength, 99 Defence, 99 Ranged, 99 Magic, 99 Prayer, 99 Hitpoints, 99 Runecraft, 99 Construction, 99 Agility, 99 Herblore, 99 Thieving, 99 Crafting, 99 Fletching, 99 Slayer, 99 Hunter, 99 Mining, 99 Smithing, 99 Fishing, 99 Cooking, 99 Firemaking, 99 Woodcutting, 99 Farming							Cape					
item.zamorak_max_hood.13334	99 Attack, 99 Strength, 99 Defence, 99 Ranged, 99 Magic, 99 Prayer, 99 Hitpoints, 99 Runecraft, 99 Construction, 99 Agility, 99 Herblore, 99 Thieving, 99 Crafting, 99 Fletching, 99 Slayer, 99 Hunter, 99 Mining, 99 Smithing, 99 Fishing, 99 Cooking, 99 Firemaking, 99 Woodcutting, 99 Farming							Head					
item.zamorak_mitre.10456	40 Magic, 40 Prayer							Head					
item.zamorak_mjolnir.6764								2H	Polestaff	6			
item.zamorak_monk_bottom.1033								Legs					
item.zamorak_monk_top.1035								Body					
item.zamorak_page_1.3831													
item.zamorak_page_2.3832													
item.zamorak_page_3.3833													
item.zamorak_page_4.3834													
item.zamorak_platebody.2653	40 Defence							Body					
item.zamorak_platelegs.2655	40 Defence							Legs					
item.zamorak_plateskirt.3478	40 Defence							Legs					
item.zamorak_robe_legs.10468	20 Prayer							Legs					
item.zamorak_robe_top.10460	20 Prayer							Body					
item.zamorak_s_grapes.20749													
item.zamorak_staff.2417	60 Magic							Weapon	Staff	5			
item.zamorak_stole.10474	60 Prayer							Neck					
item.zamorakian_hasta.11889	70 Attack							Weapon	Spear	4			
item.zamorakian_spear.11824	70 Attack							2H	Spear	4			
item.zaryte_crossbow.26374								Weapon	Crossbow	6			
item.zaryte_vambraces.26235								Hands					
item.zealot_s_boots.25440								Feet					
item.zealot_s_helm.25438								Head					
item.zealot_s_robe_bottom.25436								Legs					
item.zealot_s_robe_top.25434								Body					
item.zenyte.19493													
item.zenyte_amulet.19541								Neck					
item.zenyte_amulet_u.19501													
item.zenyte_bracelet.19492								Hands					
item.zenyte_necklace.19535								Neck					
item.zenyte_ring.19538								Ring					
item.zenyte_shard.19529													
item.zogre_bone.7848													
item.zogre_bonemeal.4852													
item.zogre_bones.4812													
item.zombie_axe.28810								Weapon	Axe	5			
item.zombie_bone.7863													
item.zombie_boots.7596								Feet					
item.zombie_gloves.7595								Hands					
item.zombie_helmet.30321								Head					
item.zombie_mask.7594								Head					
item.zombie_monkey.24863								Cape					
item.zombie_pirate_key.29449													
item.zombie_shirt.7592								Body					
item.zombie_trousers.7593								Legs					
item.zul_andra_teleport.12938													
item.zulrah_s_scales.12934													
item.zuriel_s_hood.22650	78 Defence							Head					
item.zuriel_s_hood_bh.27839								Head					
item.zuriel_s_robe_bottom.22656	78 Defence							Legs					
item.zuriel_s_robe_bottom_bh.27841								Legs					
item.zuriel_s_robe_top.22653	78 Defence							Body					
item.zuriel_s_robe_top_bh.27840								Body					
item.zuriel_s_staff.22647	78 Magic							Weapon	Staff	5			
item.zuriel_s_staff_bh.27920								Weapon	Staff	5			
npc.a_corpse.15165			90				Melee			4	10	Aggressive	
npc.a_doubt.3477			59				Melee			6	8	Aggressive	
npc.aberrant_spectre.2			90	Mystic robe bottom (dark)		60	Magic			4	8	Aggressive	
npc.abhorrent_spectre.7402			250			60	Magic			4	31	Non-aggressive	
npc.abomination.8262			200				Melee, Ranged			5	23	Aggressive	
npc.abyssal_antibody.12372			50				Melee			4	1	Non-aggressive	
npc.abyssal_demon.415			150	Abyssal dagger, Abyssal head, Abyssal whip		85	Melee			4	8	Non-aggressive	
npc.abyssal_guardian.2585			50				Magic, Melee			4	11	Aggressive	
npc.abyssal_leech.2584			10				Melee			2	2	Aggressive	
npc.abyssal_sire.5886			425			85	Melee			7	66 (Melee), 96 (with explosion)	Non-aggressive	Poison
npc.abyssal_walker.2586			95				Melee			5	13	Aggressive	
npc.acidic_araxyte.13675			58			92	Ranged			6	15	Aggressive	Venom
npc.acidic_bloodveld.9573			5				Magic			4	50	Aggressive	
npc.adala.13824			60				Melee			4	4	Aggressive	
npc.adamant_dragon.8030			295				Melee, Ranged, Magic, Dragonfire			4	29 (Melee), 20 (Ranged), 20 (Magic), 50 (Dragonfire), 25 (Poison special)	Aggressive	Poison
npc.afflicted.1293			30				Melee			4	4	Aggressive	
npc.agile_scarab.11727			30				Ranged			4	5	Aggressive	
npc.agile_warrior.13483			30				Melee			4	3	Aggressive	
npc.agrith_na_na.4880			200				Melee, Magic			4	16	Aggressive	
npc.agrith_naar.911			95				Magic, Melee			4	14	Aggressive	
npc.ahrim_the_blighted.1672			100				Magic			6	20	Aggressive	
npc.air_elemental.1369			30				Melee			4	3	Non-aggressive	
npc.air_wizard.1559			25				Magic			4	1	Non-aggressive	
npc.akkha.11789			400				Melee, Magic, Ranged			6	55	Aggressive	
npc.akkha_s_shadow.11797			70							6	22	Non-aggressive	
npc.albatross.15224			135				Melee			4	10	Non-aggressive	
npc.albino_bat.1039			33				Melee			4	7	Aggressive	
npc.alchemical_hydra.8615			1100			95	Ranged, Magic			6, 4	17x2 (default), 26x2 (empowered), 35 (default), 52 (empowered), 55	Aggressive	Poison
npc.alexis.2623			60				Melee			4	2	Non-aggressive	
npc.alomone.12093			25				Melee			4	2	Non-aggressive	
npc.alrik.3676			1				Melee			4	1	Non-aggressive	
npc.ammonite_crab.7799			100				Melee			4	1	Aggressive	
npc.amoxliatl.13685			520, 400			48	Magic			8	22 (standard), 34 (Icicle Crash), 16 (standard), ? (Icicle Crash)	Aggressive	
npc.ancient_custodian.14520			330			76	Melee			4	19	Aggressive	
npc.ancient_feral_vyre.15760			81				Melee			4	10	Aggressive	
npc.ancient_guardian.10654			40				Melee			5	7	Aggressive	
npc.ancient_wizard.7307			80				Magic, Ranged, Melee			4	18, 23, 36	Aggressive	Poison
npc.ancient_wyvern.7795			300			82	Melee, Typeless Ranged, Icy Breath			5	10 (Ranged), 16 (Melee), 44 (Icy breath), 10 (Icy breath with Elemental shield equipped)	Aggressive	
npc.ancient_zygomite.7797			150			57	Magical Melee, Magical Ranged			4	9 (melee), 10 (ranged)	Non-aggressive	
npc.angry_barbarian_spirit.5563			190				Melee			4	18	Aggressive	
npc.angry_bear.1060			200				Melee			4	5	Aggressive	
npc.angry_giant_rat.1062			200				Melee			4	5	Aggressive	
npc.angry_goblin.1065			200				Melee			4	5	Aggressive	
npc.angry_tortugan.15170			75				Melee			5	7	Aggressive	
npc.angry_unicorn.1061			200				Melee			4	5	Aggressive	
npc.animated_adamant_armour.2455			99				Melee			4	12	Aggressive	
npc.animated_black_armour.2453			60				Melee			4	7	Aggressive	
npc.animated_bronze_armour.2450			10				Melee			4	2	Aggressive	
npc.animated_iron_armour.2451			20				Melee			4	3	Aggressive	
npc.animated_mithril_armour.2454			80				Melee			4	10	Aggressive	
npc.animated_rune_armour.2456			120				Melee			4	14	Aggressive	
npc.animated_spade.6470			40				Melee			4	6	Non-aggressive	
npc.animated_steel_armour.2452			40				Melee			4	5	Aggressive	
npc.anja.3285			7				Melee			4	1	Non-aggressive	
npc.ankou.2514			60				Melee			4	8	Aggressive	
npc.apparition.4195			75, 70, 50, 60				Melee, Magic			4	9, 6, 8	Aggressive	
npc.aquanite.15497			180			78	Magic			5	18	Non-aggressive	
npc.araxxor.13668			1020			92	All			6, 4	38 (melee), 21 (magic), 34 (ranged)	Aggressive	Venom
npc.araxyte.11175			60, 100			92	Melee			4	13, 17	Aggressive	Venom
npc.arcane_scarab.11726			40				Magic			6	22	Aggressive	
npc.arianwyn.8865			300				Ranged			5	38, 47 (special attack)	Aggressive	
npc.armadylean_guard.6587			132				Ranged			4	10	Aggressive	
npc.armoured_foe.7750			1500										
npc.armoured_kraken.15210			231				Magic			5	18	Aggressive	
npc.arrav.14132			600				Melee			5	30	Aggressive	
npc.arrg.643			140				Melee, Ranged			4	38	Aggressive	
npc.artio.11992			450				Melee, Magic, Ranged			5	35 (Crush), 50 (Magic), 17 (Ranged)	Aggressive	
npc.arzinian_avatar_of_magic.1234			100				Magic			4	13	Aggressive	
npc.arzinian_avatar_of_ranging.1231			100				Ranged			4	14	Aggressive	
npc.arzinian_avatar_of_strength.1228			100				Melee			4	11	Aggressive	
npc.assassin.10940			400				Melee, Ranged			4	39	Aggressive	
npc.asyn_shade.1284			90				Melee			4	9	Aggressive	
npc.asyn_shadow.1283			90				Melee			4	9	Aggressive	
npc.augur_metzli.14313			600				Magic			3	28	Aggressive	
npc.avatar_of_creation.10531			1500				Melee			6	54	Yes (To Red team only)	
npc.avatar_of_destruction.10532			1500				Melee			6	54	Yes (to Blue team only)	
npc.aviansie.3169			70, 63, 67, 83, 77, 86, 69, 95, 75, 98, 79, 115, 124, 139				Ranged			4	8, 10, 9, 11, 12, 15, 16	Yes, unless wearing an Armadyl-affiliated item	
npc.ba_ba.11778			380				Melee, Ranged			6	24	Aggressive	
npc.baboon.11781			10				Ranged			4	1?	Aggressive	
npc.baboon_brawler.11709			25, 30				Melee			4	5, 7	Aggressive	
npc.baboon_mage.11711			20, 25				Magic			4	5, 7	Aggressive	
npc.baboon_shaman.11715			40				Magic			8	7	Aggressive	
npc.baboon_thrall.11718			2				Melee			4	5	Aggressive	
npc.baboon_thrower.11710			30, 35				Ranged			4	5, 7	Aggressive	
npc.baby_black_dragon.1871			80				Melee			4	11	Aggressive	
npc.baby_blue_dragon.241			50				Melee			4	5	Aggressive	
npc.baby_green_dragon.5194			50				Melee			4	5	Aggressive	
npc.baby_red_dragon.137			65				Melee			4	6	Aggressive	
npc.baby_roc.762			50				Melee			4	8	Non-aggressive	
npc.baby_tanglefoot.5853			40				Melee			4	5	Non-aggressive	
npc.balance_elemental.13528			750				Ranged, Melee, Magic			6	40 (standard), 89 (stat-draining)	Aggressive	
npc.balfrug_kreeyath.3132			161				Magic			5	16	Aggressive	
npc.bandit.690			65				Melee			4	7	Non-aggressive	
npc.bandit_champion.738			50				Melee			4	10	Aggressive	
npc.bandosian_guard.6588			130				Melee			5	13	Aggressive	
npc.banshee.414			22	Mystic gloves (dark)		15	Magic, Melee			4	2	Aggressive	
npc.barbarian.3055			24				Melee			6, 4	3	Non-aggressive	
npc.barbarian_warlord.10989			80				Melee			6	10	Aggressive	
npc.bark_blamish_snail.2648			22				Ranged			6	2	Aggressive	
npc.barrelchest.600			134				Melee, Ranged			5	35	Aggressive	
npc.basilisk.417			75	Basilisk head		40	Melee			4	5	Non-aggressive	
npc.basilisk_knight.9293			300			60	Melee, Magic			Varies	20	Aggressive	
npc.basilisk_sentinel.9258			520			60	Magic, Melee			4	28 (normal), 74+ (special attack)	Aggressive	
npc.basilisk_youngling.9282			60			40	Melee			4	5	Aggressive	
npc.bat.2827			8				Melee			4	1	Non-aggressive	
npc.battle_mage.1610			120				Magic			4	20	Non-aggressive	
npc.bear_cub.3908			20				Melee			4	2	Non-aggressive	
npc.bedabin_nomad_fighter.4655			50				Melee			4	7	Non-aggressive	
npc.berry.4132			90				Melee			6	13	Aggressive	
npc.berserk_barbarian_spirit.5565			190				Melee			4	18	Aggressive	
npc.big_evil_chicken.15547			3500, 1000				Magic			3	26	Aggressive	
npc.big_frog.478			25				Melee			4	3	Non-aggressive	
npc.big_snake.2978			120				Melee			6	14	Aggressive	Poison
npc.big_wolf.109			74				Melee			4	7	Aggressive	
npc.billy_goat.1794			28				Melee			4	6	Non-aggressive	
npc.bird.5240			5, 10				Melee			4	1, 2	Non-aggressive	
npc.black_bear.2839			25				Melee			4	3	Non-aggressive	
npc.black_chinchompa.2912			1				Melee				1	Non-aggressive	
npc.black_demon.240			157				Melee			4	16	Aggressive	
npc.black_dragon.252			190				Dragonfire, Melee			4	21	Aggressive	
npc.black_eye_bethel.15025			180				Melee			4	22, 25, 28	Aggressive	
npc.black_golem.4742			80				Melee			4	4	Aggressive	
npc.black_guard.1409			30				Melee			4	3	Non-aggressive	
npc.black_guard_berserker.6050			50				Melee			3	13	Non-aggressive	
npc.black_heather.301			37				Melee			4	4	Non-aggressive	
npc.black_jaguar.12978			80				Melee			4	6	Aggressive	
npc.black_knight.516			42				Melee			5	4	Varies by variant	
npc.black_knight_titan.4067			142				Melee			7	15	Not until spoken to.	
npc.black_unicorn.2849			29				Melee			4	3	Aggressive	
npc.black_unicorn_foal.3911			25				Melee			4	3	Non-aggressive	
npc.blessed_giant_rat.4534			30				Melee			4	1	Non-aggressive	
npc.blessed_spider.4533			32				Melee			4	4	Aggressive	
npc.blood_blamish_snail.2645			10, 13				Ranged			6	2–3	Aggressive	
npc.blood_jaguar.13021			100				Melee			6	5	Aggressive	
npc.blood_moon.13011			500				Typeless Slash			6	32 total [4+8+20]	Aggressive	
npc.blood_reaver.11293			125, 150				Magic			5	20	Yes, unless wearing a Zaros-affiliated item	
npc.blood_spawn.8367			7, 120							No	1 (does not attack)	Non-aggressive	
npc.blood_starved_venator.15770			345			74	Melee			5	21 (Melee, ranged), 40 (Shriek)	Non-aggressive	
npc.bloodthirst_rockslug.12561			77			20	Melee			4		Non-aggressive	
npc.bloodthirsty_abomination.12572			130			58	Magical Melee			4		Non-aggressive	
npc.bloodthirsty_abyssal_demon.12581			600			85	Melee			4	40	Non-aggressive	
npc.bloodthirsty_banshee.12540			61			15	Magical Melee			4		Non-aggressive	
npc.bloodthirsty_basilisk.12565			255			40	Melee			4	16	Non-aggressive	
npc.bloodthirsty_basilisk_sentinel.12566			780			60	Magic, Melee			4	42	Non-aggressive	
npc.bloodthirsty_bloodveld.12568			435			50	Magical Melee			4	20+	Non-aggressive	
npc.bloodthirsty_choke_devil.12575			300			65	Ranged Melee			4		Non-aggressive	
npc.bloodthirsty_cockathrice.12562			142			25	Melee			4	13	Non-aggressive	
npc.bloodthirsty_crawler.12539			60			10	Melee			4		Non-aggressive	Poison
npc.bloodthirsty_drake.12586			945			84	Ranged Melee, Ranged			4	37	Non-aggressive	
npc.bloodthirsty_gargoyle.12578			270			75	Melee, Ranged, Magic			4		Non-aggressive	
npc.bloodthirsty_hand.12538			55			5	Melee			4		Non-aggressive	
npc.bloodthirsty_hydra.12588			1125			95	Magic, Ranged			6	38	Non-aggressive	
npc.bloodthirsty_infernal_pyrelord.12564			276			30	Magical Melee			4		Non-aggressive	
npc.bloodthirsty_jelly.12570			285			52	Magical Melee			4	23	Non-aggressive	
npc.bloodthirsty_kurask.12576			405			70	Melee			4	49	Aggressive	
npc.bloodthirsty_mage.12567			175			45	Magic			4		Non-aggressive	
npc.bloodthirsty_mutated_bloodveld.12569			615			50	Magical Melee			4	27+	Non-aggressive	
npc.bloodthirsty_nechryarch.12582			480			80	Melee			4	40	Non-aggressive	
npc.bloodthirsty_night_beast.12580			825			90	Melee, Magic			4	44	Non-aggressive	
npc.bloodthirsty_pyrelord.12563			187			30	Magical Melee			4		Non-aggressive	
npc.bloodthirsty_repugnant_spectre.12574			380			60	Magic			4		Non-aggressive	
npc.bloodthirsty_shadow_wyrm.12584			480			62	Magic, Melee			4	41	Non-aggressive	
npc.bloodthirsty_smoke_devil.12577			360			93	Magical Ranged			4	35	Non-aggressive	
npc.bloodthirsty_spectre.12573			250			60	Magic			4		Non-aggressive	
npc.bloodthirsty_turoth.12583			292			55	Melee			4	43	Non-aggressive	
npc.bloodthirsty_twisted_banshee.12542			220			15	Magical Melee			4		Non-aggressive	
npc.bloodthirsty_warped_jelly.12571			330			52	Magical Melee			4	28	Non-aggressive	
npc.bloodveld.484			120			50	Magic, Melee			4	5	Non-aggressive	
npc.bloodworm.1678			45				Melee			4	3	Aggressive	
npc.bloody_jack.15682			100				Melee			5	11	Non-aggressive	
npc.blue_dagannoth.15166			120				Melee			4	9	Aggressive	
npc.blue_dragon.265			105				Dragonfire, Melee			4	10	Aggressive	
npc.blue_moon.13013			500				Typeless Slash			6	32 total [4+8+20]	Aggressive	
npc.boar.11066			8, 12				Melee			4	1	Non-aggressive	
npc.boatswain_bill_teak.15678			100				Melee			5	11	Aggressive	
npc.body_golem.10691			60				Melee			5	7	Non-aggressive	
npc.boris.2613			60				Melee			4	2	Non-aggressive	
npc.borrokar.3939			50				Melee			4	6	Non-aggressive	
npc.bouncer.1224			116				Melee			4	13	Aggressive	
npc.branda_the_fire_queen.12596			600				Melee			7	26 (Melee), 12 (Wall)	Aggressive	
npc.brassican_mage.7310			150				Typeless Magic			3	16	Aggressive	
npc.brawler.1734			53				Melee			4	7	Aggressive	
npc.bree.2208			162				Ranged			5	16	Aggressive	
npc.breoca.4107			10				Melee			4	1	Non-aggressive	
npc.brine_rat.4501			50			47	Melee			4	9	Non-aggressive	
npc.broddi.3685			1				Melee			4	1	Non-aggressive	
npc.bronze_dragon.270			122				Dragonfire, Melee			4	12	Aggressive	
npc.broodoo_victim.6409			100				Magic			6	7	Aggressive	
npc.bruise_blamish_snail.2647			12, 15				Ranged			6	2–3	Aggressive	
npc.brutal_black_dragon.7275			315			77	Melee, Magic, Dragonfire			4	29 (Melee, Magic), 50 (Dragonfire)	Aggressive	
npc.brutal_blue_dragon.7273			245				Melee, Magic, Dragonfire			4	21 (Melee, Magic), 50 (Dragonfire)	Aggressive	
npc.brutal_green_dragon.2918			175				Dragonfire, Magic, Melee			4	18	Aggressive	
npc.brutal_red_dragon.7274			285				Melee, Magic, Dragonfire			4	22 (Melee, Magic), 50 (Dragonfire)	Aggressive	
npc.brutus.15626			58				Melee			5	3 (melee), 19 (special)	Aggressive	
npc.bryophyta.8195			115				Melee, Magic			6	16 (Melee), 10 (Magic)	Aggressive	Poison
npc.buffalo.13004			20				Melee			4	2	Non-aggressive	
npc.bull_shark.15194			81				Melee			4	5	Non-aggressive	
npc.bush_snake.6102			25				Melee			3	3	Aggressive	Poison
npc.butterfly_ray.15216			83				Melee			4	4	Non-aggressive	
npc.callisto.6503			1000				Melee, Magic, Ranged			4	55 (Crush), 31 (Ranged), 50 (Special)	Aggressive	
npc.calvar_ion.11993			150				Melee, Magic			6, 5	26	Aggressive	
npc.camp_dweller.1379			30				Melee			4	5	Non-aggressive	
npc.captain_jack.15684			150				Melee			5	11	Aggressive	
npc.captain_ruban_acer.15683			150				Melee			5	11	Aggressive	
npc.carnivorous_chinchompa.2911			1				Melee			4	1	Non-aggressive	
npc.catablepon.2474			40				Magic, Melee			4	6	Aggressive	
npc.cave_abomination.7401			130			58	Magical Melee			4	24	Non-aggressive	
npc.cave_bug.481			5			7	Melee			4	1	Aggressive	
npc.cave_crawler.406			22	Bronze boots		10	Melee			4	3	Aggressive	Poison
npc.cave_goblin_guard.5334			26				Melee			6	3	Non-aggressive	
npc.cave_goblin_miner.5330			10				Melee			4	2	Non-aggressive	
npc.cave_horror.1047			55	Black mask		58	Magic, Melee			4	9	Aggressive	
npc.cave_lizard.7424			20				Melee			4	5	Aggressive	
npc.cave_slime.480			25			17	Melee			4	2	Non-aggressive	Poison
npc.ceolburg.4111			10				Melee			4	1	Non-aggressive	
npc.cerberus.5862			600			91	Melee, Ranged, Magic			6	23	Aggressive	
npc.champion_of_scabaras.11483			600				Magic, Melee			4	24	Aggressive	
npc.chaos_druid.520			20				Melee			4	2	Aggressive	
npc.chaos_druid_warrior.532			40				Melee			5	5	Aggressive	
npc.chaos_dwarf.291			61				Melee			4	6	Aggressive	
npc.chaos_elemental.2054			250				Magic, Melee, Ranged			4	28	Aggressive	
npc.chaos_fanatic.6619			225				Ranged Magic			2	21 (Magic attack)	Aggressive	
npc.chaos_golem.10689			94				Melee			5	10	Non-aggressive	
npc.chaotic_death_spawn.6716			50				Melee, Ranged, Magic			3	7	Non-aggressive	
npc.chasm_crawler.7389			60			10	Melee			4	7	Non-aggressive	Poison
npc.chicken		No	3	None			Melee			4	0	Non-aggressive	
npc.chilled_jelly.13799			140			52	Magical Melee			4	10	Non-aggressive	
npc.chimalli.14362			180				Ranged			4	24	Aggressive	
npc.chinchompa.2910			1				Melee				1	Non-aggressive	
npc.choke_devil.7404			300			65	Ranged Melee			4	24	Non-aggressive	
npc.chompy_bird.1475			10	Chompy chick, Raw chompy						No	0	Non-aggressive	
npc.chronozon.4987			60				Melee			4	18	Aggressive	
npc.chuck_up.15169			110				Ranged			7	9	Aggressive	
npc.city_guard.4373			80				Melee			4	10	Non-aggressive	
npc.cockathrice.7393			95			25	Melee			4	9	Non-aggressive	
npc.cockatrice.419			37	Cockatrice head, Mystic boots (light)		25	Melee			4	5	Non-aggressive	
npc.colonel_radick.4406			65				Melee			4	4	Non-aggressive	
npc.colossal_hydra.10402			750			95	Magic, Ranged			6	34	Non-aggressive	
npc.commander_zilyana.2205			255	Armadyl crossbow, Pet zilyana, Saradomin hilt, Saradomin's light			Magic, Melee			2	27	Aggressive	
npc.confused_barbarian.2920			124				Melee			4	15	Non-aggressive	
npc.confusion_beast.1067			28				Melee			4	5	Aggressive	Poison
npc.corporeal_beast.319			2000	Arcane sigil, Elysian sigil, Holy elixir, Jar of spirits, Pet dark core, Spectral sigil, Spirit shield			Magic, Melee			4	33	Aggressive	
npc.corrupt_lizardman.7997			50				Melee, Ranged			4	6	Aggressive	Poison
npc.corrupted_bat.9042			12				Melee			4	11	Aggressive	
npc.corrupted_bear.9046			100				Melee			4	48	Aggressive	
npc.corrupted_dark_beast.9048			100				Ranged			4	48	Aggressive	
npc.corrupted_dragon.9047			100				Magic			4	48	Aggressive	
npc.corrupted_hunllef.9035			1000				Magic, Ranged			5	68	Aggressive	
npc.corrupted_rat.9040			12				Melee			4	14	Aggressive	
npc.corrupted_scorpion.9044			38				Melee			4	17	Aggressive	
npc.corrupted_spider.9041			12				Melee			4	5	Aggressive	
npc.corrupted_unicorn.9043			38				Melee			4	17	Aggressive	
npc.corrupted_wolf.9045			38				Melee			4	19	Aggressive	
npc.corsair_traitor.7949			55, 160				Magic			5, 3	6, 19	Aggressive	
npc.count_draynor.3481			35				Melee			4	3	Aggressive	
npc.cow			8				Melee			4	1	Non-aggressive	
npc.cow_calf.2792			6				Melee			4	1	Non-aggressive	
npc.crab.4819			18, 19				Melee			4	3	Non-aggressive	
npc.crawling_hand.448			16			5	Melee			4	1	Non-aggressive	
npc.crazy_archaeologist.6618			225				Ranged, Melee			3	14 (standard), 24 (special)	Aggressive	
npc.crimson_sanguisphera.12369			20				Magic			4	1	Non-aggressive	
npc.crocodile.4184			62				Melee			4	6	Aggressive	
npc.cruor.11285			500				Magic			5	29	Yes (after Nex makes him vulnerable)	
npc.crushing_hand.7388			55			5	Melee			4	5	Non-aggressive	
npc.crypt_rat.1679			35				Melee			4	3	Aggressive	
npc.crypt_spider.1683			60				Melee			4	6	Aggressive	
npc.crystalline_bat.9028			12				Melee			4	8	Aggressive	
npc.crystalline_bear.9032			100				Melee			4	28	Aggressive	
npc.crystalline_dark_beast.9034			100				Ranged			4	28	Aggressive	
npc.crystalline_dragon.9033			100				Magic			4	28	Aggressive	
npc.crystalline_hunllef.9021			600				Magic, Ranged			5	50+	Aggressive	
npc.crystalline_rat.9026			12				Melee			4	4	Aggressive	
npc.crystalline_scorpion.9030			38				Melee			4	11	Aggressive	
npc.crystalline_spider.9027			12				Melee			4	4	Aggressive	
npc.crystalline_unicorn.9029			38				Melee			4	6	Aggressive	
npc.crystalline_wolf.9031			38				Melee			4	8	Aggressive	
npc.cuffs.3279			7				Melee			4	1	Non-aggressive	
npc.culinaromancer.4878			150				Melee, Magic			4	25 (Magic), 11 (Crush)	Aggressive	
npc.cultist.12918			25				Melee			4	4	Aggressive	
npc.cursed_baboon.11717			20							4	7	Non-aggressive	
npc.cuthbert_lord_of_dread.12957			1				Melee			4	1	Aggressive	
npc.cyclops.2097			55, 75	Dragon defender			Melee			4	6	Aggressive	
npc.dad.4130			120				Melee			8	27	Non-aggressive	
npc.daddy_s_special_water.15167			120				Melee			8	27	Aggressive	
npc.dagannoth.140			142				Melee			4	22	Aggressive	
npc.dagannoth_fledgeling.2264			100				Melee			4	6	Non-aggressive	
npc.dagannoth_mother.983			120				Melee, Ranged			4	9	Aggressive	
npc.dagannoth_prime.2266			255	Farseer helm, Mud battlestaff, Pet dagannoth prime, Seers ring, Skeletal bottoms, Skeletal top			Magic			4	50	Aggressive	
npc.dagannoth_rex.2267			255	Berserker ring, Pet dagannoth rex, Rock-shell legs, Rock-shell plate, Warrior ring			Melee			4	26	Aggressive	
npc.dagannoth_spawn.3184			35				Melee			4	4	Aggressive	
npc.dagannoth_supreme.2265			255	Archer helm, Archers ring, Pet dagannoth supreme, Seercull, Spined body, Spined chaps			Ranged			4	30	Aggressive	Poison
npc.damien_leucurte.9564			217				Ranged, Magic			5	20	Aggressive	Poison
npc.damis.682			90				Melee			4, 3	22	Aggressive	
npc.dark_ankou.7296			60				Melee			4	8	Aggressive	
npc.dark_beast.4005			220			90	Melee, Magic			4	17 (melee), 8 (magic)	Aggressive	
npc.dark_energy_core.320			25							2	13	Aggressive	
npc.dark_warrior.531			17				Melee			4	2	Aggressive	
npc.dark_wizard.510			24				Magic			4	6	Aggressive	
npc.dawn.7852			450			75	Melee, Ranged, Magic			6	15	Non-aggressive	
npc.deadly_red_spider.3021			35				Melee			4	3	Aggressive	
npc.death_spawn.10			60				Melee, Typeless			4	2	Aggressive	
npc.death_wing.509			80				Melee			4	8	Aggressive	
npc.defiler.1724			27				Ranged			4	6	Aggressive	
npc.delrith.5079			7				Melee			6	3	Non-aggressive	
npc.demon.142			79				Melee				8	Aggressive	
npc.demonic_brutus.15628			750				Melee			5	43 (Melee), 56+ (Special)	Aggressive	
npc.demonic_gorilla.7144			380				Melee, Ranged, Magic			5	31 (normal), 40 (special attack)	Yes, unless the player has completed Monkey Madness II	
npc.deranged_archaeologist.7806			200				Ranged, Melee			3	25 (melee), 25 (range), 56 (special direct hit), 18+ (special indirect hit)	Aggressive	
npc.derwen.7859			320				Magic, Melee			6	43 (Magic), 16 (Melee)	Aggressive	
npc.desert_lizard.459			25			22	Melee			4	3	Aggressive	
npc.desert_wolf.4649			34				Melee			4	3	Aggressive	
npc.dessourt.4883			130				Melee, Magic			3	19	Aggressive	
npc.dessous.3459			255				Magic, Melee, Ranged			3	37	Aggressive	
npc.deviant_spectre.7279			190			60	Magic			4	8, 14 (without Nose peg)	Aggressive	
npc.dharok_the_wretched.1673			100				Melee			7	29	Aggressive	
npc.dire_bat.15757			90				Typeless Stab			4	6	Aggressive	Poison
npc.dire_gryphon.14859			280			51	Melee			5	20	Non-aggressive	
npc.dire_wolf.3426			85, 74, 10				Melee, Ranged			4	8, 7, 3	Aggressive	
npc.dire_wolf_alpha.13812			100				Melee			4	12	Aggressive	
npc.disciple_of_iban.8997			20				Melee			4	2	No, unless spoken to while not wearing a set of Zamorak monk robes	
npc.dolphin.15234			45				Melee			4	2	Non-aggressive	
npc.don_t_know_what.8439			220				Ranged, Melee			3	10	Aggressive	
npc.donny_the_lad.302			37				Melee			4	4	Non-aggressive	
npc.doom_of_mokhaiotl.14707			525, 550, 575, 600, 625, 650, 675				Melee, Magic, Ranged			6, 5, 4	47, 60 (charge), 50, 80 (charge), 53, 99 (charge), 57, 65	Aggressive	Venom
npc.doomion.8995			87				Melee			4	9	Aggressive	
npc.double_agent.1777			80				Melee			4	5	Aggressive	
npc.drake.8612			225			84	Ranged, Ranged Melee, Dragonfire			4	15 (Ranged), 15 (Ranged melee), 32 (Dragonfire)	Aggressive	
npc.dreadborn_araxyte.13680			350			92	Melee			4	31 (normal), 50 (special attack)	Aggressive	Venom
npc.drink_troll.15164			25				Melee			4	2	Aggressive	
npc.drink_troll_queen.15175			315				Magic			5	21	Aggressive	
npc.druid.3258			30				Melee, Magic			4	4 (Crush), 5 (Magic)	Non-aggressive	
npc.drunken_man.3263			7				Melee			4	1	Non-aggressive	
npc.duck.1838			3				Melee			4	0	Non-aggressive	
npc.duckling.2001			3				Melee			4	0	Non-aggressive	
npc.duke.5258			485				Magic, Melee			5	56 (Melee), 48 (Magic), 101 (Gaze)	Aggressive	
npc.duke_sucellus.12191			485				Magic, Melee			5	56 (Melee), 48 (Magic), 101 (Gaze)	Aggressive	
npc.dungeon_rat.2865			12				Melee			4	2	Non-aggressive	
npc.durial321.13662			9500				Melee, Magic			4	34	Aggressive	
npc.dusk.7851			450			75	Melee, Ranged			6	15 (melee) 33 (special attack), 26 (melee), 15x2 (ranged), 65 (special attack)	Non-aggressive	
npc.dust_devil.423			105	Dust battlestaff		65	Melee, Ranged			4	8	Non-aggressive	
npc.dwarf.290			16				Melee			5, 6, 4	2	Non-aggressive	
npc.dwarf_gang_member.1354			40				Melee			5	5	Non-aggressive	
npc.eadburg.4095			10				Melee			4	1	Non-aggressive	
npc.eagle_ray.15214			55				Melee			4	3	Non-aggressive	
npc.earth_elemental.1366			35				Melee			6	4	Non-aggressive	
npc.earth_warrior.2840			54	Earth warrior champion scroll			Melee			4	5	Aggressive	
npc.earth_warrior_champion.3328			108				Melee			4	9	Aggressive	
npc.earth_wizard.1558			25				Magic			4	6	Non-aggressive	
npc.earthen_nagua.14420			160			48	Melee			4	13 total, [7+6]	Aggressive	
npc.eclipse_moon.13012			500				Typeless Slash			6	32 total [4+8+20]	Aggressive	
npc.eduard.2618			60				Melee			4	2	Non-aggressive	
npc.einar.3675			1				Melee			4	1	Non-aggressive	
npc.elder_aquanite.15502			400			78	Magic			5	34 (normal), 50 (special attack)	Non-aggressive	
npc.elder_chaos_druid.6607			150				Magic			4	17	Aggressive	
npc.elder_custodian_stalker.14704			250			76	Melee, Magic, Bleed			4	10 (melee), 5 (special attack)	Aggressive	
npc.eldric_the_ice_king.14147			600				Melee			7	26 (Melee), 12 (Wall)	Aggressive	
npc.elf_archer.5295			105				Ranged			4	11	Non-aggressive	
npc.elf_warrior.5293			105				Melee			4	10	Non-aggressive	
npc.elidinis_warden.11753			140, 4500				Melee, Ranged, Magic			7	20	Aggressive	
npc.elite_black_knight.13463			90				Melee			6	13	Aggressive	
npc.elite_dark_mage.13469			80				Magic			5	16	Aggressive	
npc.elite_dark_ranger.13467			80				Ranged			5	9	Aggressive	
npc.elite_dark_warrior.13465			80				Melee			5	9	Aggressive	
npc.elite_khazard_guard.13531			85				Melee			4	12	Aggressive	
npc.elvarg.6349			80				Melee, Magic, Dragonfire			4	8 (Slash), 70 (Dragonfire), 10 (with anti-dragon shield)	Aggressive	
npc.embertailed_jerboa.13139			2				Melee			4	0	Non-aggressive	
npc.emissary_acolyte.13732			25				Melee			4	4	Aggressive	
npc.emissary_archer.14407			40				Ranged			5		Aggressive	
npc.emissary_ascended.13744			80				Melee			4	12	Aggressive	
npc.emissary_brawler.13773			35, 55				Melee			4, 5	6, 8	Aggressive	
npc.emissary_chosen.13738			50				Melee			4	8	Aggressive	
npc.emissary_conjurer.13777			40				Magic			5	8	Aggressive	
npc.emissary_enforcer.14268			126				Melee			4	18 (Standard), 30+ (Charge)	Aggressive	
npc.enclave_guard.4381			80				Melee			4	10	Non-aggressive	
npc.ennius_tullus.14331			380				Melee			3	22	Aggressive	
npc.enormous_tentacle.5535			120			87	Magical Ranged			4	2	Non-aggressive	
npc.enraged_barbarian_spirit.5564			190				Melee			4	18	Aggressive	
npc.enraged_boar.11227			25				Melee			4	2	Aggressive	
npc.ent.6594			75				Melee			4	17	Aggressive	
npc.entrana_firebird.4927			5				Melee			4	1	Non-aggressive	
npc.essyllt.8950			320				Melee, Ranged			4	40 (melee), 51 (ranged)	Aggressive	
npc.evelot.12047			160				Melee			4	34	Aggressive	
npc.evil_chicken.1870			120				Magic			4	21	Non-aggressive	
npc.evil_creature.1241					Six visual quest variants consolidated into one mandatory combat family		Melee					Aggressive	
npc.evil_spirit.625			90				Melee			4	28	Aggressive	
npc.experiment.1273			40				Melee			4	6	Non-aggressive	
npc.experiment_no_2.5126			95				Melee, Ranged			4	11 (approx)	Non-aggressive	
npc.fareed.3456			130				Melee, Magic			4	37, 40 (without Ice gloves)	Aggressive	
npc.fear_reaper.1066			25				Melee			4	5	Aggressive	
npc.feral_vampyre.3137			60				Melee			4	8	Aggressive	
npc.ferocious_barbarian_spirit.5566			190				Melee			4	18	Aggressive	
npc.fever_spider.626			40			42	Melee			4	4	Non-aggressive	Poison
npc.fire_elemental.1365			30				Melee			4	4	Non-aggressive	
npc.fire_giant.2075			111				Melee			5	11	Aggressive	
npc.fire_warrior_of_lesarkus.3448			59				Magic			4	8	Aggressive	
npc.fire_wizard.1556			25				Magic			4	6	Non-aggressive	
npc.fiyr_shade.1286			110				Melee			4	11	Aggressive	
npc.fiyr_shadow.1285			110				Melee			4	11	Aggressive	
npc.flambeed.4881			210				Melee, Magic			4	25	Aggressive	
npc.flaming_pyrelord.7394			125			30	Magical Melee			4	7	Non-aggressive	
npc.flawed_golem.10695			25				Melee			5	3	Non-aggressive	
npc.flesh_crawler.2498			25				Melee			3	1	Aggressive	
npc.flight_kilisa.3165			133				Melee			5	15	Aggressive	
npc.flockleader_geerin.3164			132				Ranged			5	25	Aggressive	
npc.foreman.1429			20				Melee			4	3	Non-aggressive	
npc.forgotten_soul.10523			50				Melee			4	2	Non-aggressive	
npc.fortress_guard.4772			22				Melee			6	3	Non-aggressive	
npc.fox.3901			30				Melee			4	4	Non-aggressive	
npc.fragment_of_seren.8917			1000				Melee, Ranged			7	12+12 (standard), 3+3 (Protect from Missiles), Max HP minus 1 (special)	Aggressive	
npc.freidir.3938			50				Melee			4	6	Non-aggressive	
npc.fremennik_warband_archer.12814			50				Ranged			6	14	Aggressive	
npc.fremennik_warband_berserker.12816			48				Melee			6	29	Aggressive	
npc.fremennik_warband_seer.12815			50				Magic			6	12	Aggressive	
npc.frenzied_ice_troll_female.5825			80				Ranged			4	17	Aggressive	
npc.frenzied_ice_troll_grunt.5826			80				Melee			4	21	Aggressive	
npc.frenzied_ice_troll_male.5824			80				Melee			4	17	Aggressive	
npc.frenzied_ice_troll_runt.5823			60				Melee			4	15	Aggressive	
npc.frigatebird.15226			79				Melee			4	8	Non-aggressive	
npc.frog.8702			8				Melee			4	1	Non-aggressive	
npc.frogeel.3600			90				Melee			4	10	Aggressive	
npc.frost_crab.13789			60				Melee			4	1	Aggressive	
npc.frost_dragon.14922			230				Melee, Dragonfire			4	16 (Stab), 50 (Dragonfire)	Aggressive	
npc.frost_nagua.13787			120			48	Magic			5	12 total, [6+6]	Aggressive	
npc.fumus.11283			500				Magic			5	29	Yes (after Nex makes him vulnerable)	Poison
npc.gadderanks.4484			20				Melee			4	3	Non-aggressive	
npc.galina.2625			60				Melee			4	2	Non-aggressive	
npc.galvek.8095			1200				Melee, Ranged, Magic, Dragonfire			6	28 (Ranged), 28 (Slash), 28 (Magic), 121 (Dragonfire), 121 (Dragonfire, Tsunami), Fire traps	Aggressive	
npc.gang_boss.6900			80				Ranged, Melee			3	13, 12	Non-aggressive	
npc.gangster.6896			40, 45, 30				Melee			4, 7	5, 6, 8	Non-aggressive	
npc.gardener.3275			7				Melee			4	1	Non-aggressive	
npc.gargoyle.412			105	Adamant boots, Brittle key, Granite maul, Mystic robe top (dark)		75	Melee			4	11	Aggressive	
npc.gelatinnoth_mother.4884			240				Ranged, Magic, Melee			4	9 (melee), 20x2 (ranged, magic)	Aggressive	
npc.gemstone_crab.14779			∞				Melee			7	1	Aggressive	
npc.general_graardor.2215			255	Bandos chestplate, Bandos hilt, Bandos tassets, Pet general graardor			Melee, Ranged			6	60	Aggressive	
npc.general_khazard.12025			170				Melee			4	9	Yes, after killing Bouncer and talked to.	
npc.georgy.2620			60				Melee			4	2	Non-aggressive	
npc.ghast.946			45				Melee			4	3	Non-aggressive	
npc.ghost.85			25				Melee			4	2	Aggressive	
npc.ghoul.289			50	Ghoul champion scroll			Melee			4	5	Aggressive	
npc.ghoul_champion.3330			100				Melee, Ranged			4	9	Aggressive	
npc.giant_ant.15436			20, 30				Melee			4	3, 4	Non-aggressive	
npc.giant_bat.2834			32				Melee			4	3	Aggressive	
npc.giant_champion.3329			70				Melee			4	5	Aggressive	
npc.giant_crypt_rat.1680			70				Melee			4	6	Aggressive	
npc.giant_crypt_spider.1684			80				Melee			4	8	Aggressive	
npc.giant_frog.477			100				Melee			4	9	Non-aggressive	
npc.giant_goblin.12452			750, 1000, 3500				Melee			4, 5	27	Aggressive	
npc.giant_lobster.2994			32				Melee			4	4	Aggressive	
npc.giant_mole.5779			200				Melee			4	21	Non-aggressive	
npc.giant_mosquito.1041			3				Melee			12	1	Non-aggressive	
npc.giant_rat			25				Melee			4	3	Aggressive	
npc.giant_roc.763			250				Melee, Ranged			6	14	Aggressive	
npc.giant_rock_crab.2261			180				Melee			4	9	Aggressive	
npc.giant_rockslug.7392			77			20	Melee			4	9	Non-aggressive	
npc.giant_scarab.797			130				Melee, Ranged			4	20	Aggressive	Poison
npc.giant_sea_snake.1101			100				Melee, Ranged			4	14	Aggressive	Poison
npc.giant_skeleton.680			70				Melee				8	Aggressive	
npc.giant_snail.5628			125, 150, 160				Ranged			4	8, 13, 17	Yes, after 5 seconds of inactivity.	
npc.giant_spider			50				Melee			4	7	Aggressive	
npc.giant_wasp.15438			30				Melee			4	3	Non-aggressive	
npc.glacies.11286			500				Magic			5	29	Yes (after Nex makes her vulnerable)	
npc.glod.5129			160				Melee			4	25	Aggressive	
npc.glough.7101			575				Melee, Ranged, Magic			6	61	Aggressive	
npc.gnome.5968			3				Melee, Ranged			4	1	Non-aggressive	
npc.gnome_archer.6097			10				Ranged			6	2	Aggressive	
npc.gnome_child.6077			2				Melee			4	0	Non-aggressive	
npc.gnome_driver.6098			10				Melee			6	1	Aggressive	
npc.gnome_guard.6081			31				Melee			6, 4	3	Non-aggressive	
npc.gnome_mage.6099			10				Magic			6	1	Aggressive	
npc.gnome_troop.4973			3				Ranged			4	1	Non-aggressive	
npc.gnome_woman.6086			2				Melee			4	1	Non-aggressive	
npc.goat.1792			21				Melee			4	6	Non-aggressive	
npc.goblin			5, 12, 16				Melee			4, 6	1, 2	Non-aggressive	
npc.goblin_champion.3353			32				Magic			4	4	Non-aggressive	
npc.goblin_guard.5369			43				Melee			4	5	Non-aggressive	
npc.golem.2836			70									Non-aggressive	
npc.golem_guard.14125			150				Melee			4	18	Aggressive	
npc.gorad.4367			80				Melee			4	7	Non-aggressive	
npc.gorak.1834			112				Melee, Typeless			4	14	Aggressive	
npc.grave_scorpion.5372			7				Melee			4	2	Varies	
npc.great_olm.7554			800				Magic, Ranged			4	27, 28, 29 (phase 4), 38 (phases 1 and 2), 39, 41 (phase 4)	Aggressive	Poison
npc.great_white_shark.15200			243				Melee			4	15	Aggressive	
npc.greater_abyssal_demon.7410			400			85	Melee			4	27	Non-aggressive	
npc.greater_demon.2025			87				Melee			4	9	Aggressive	
npc.greater_nechryael.7278			205			80	Melee			4	21	Non-aggressive	
npc.green_dragon.260			75				Dragonfire, Melee			4	8	Aggressive	
npc.grey_golem.4744			80				Melee			4	4	Aggressive	
npc.grimy_lizard.13029			75			44	Melee			4	3	Aggressive	Poison
npc.grip.4919			25				Melee			4	3	Non-aggressive	
npc.grizzly_bear.2838			27				Melee			4	3	Aggressive	
npc.grizzly_bear_cub.3424			35				Melee			4	4	Non-aggressive	
npc.growler.2207			146				Magic			5	16	Aggressive	
npc.growthling.8194			10				Melee			4	5	Aggressive	
npc.gryphon.14857			110			51	Melee			5	8, 20+ (special)	Non-aggressive	
npc.guard			22				Melee			4	3	Non-aggressive	
npc.guard_bandit.1027			27				Melee			4	3	Aggressive	
npc.guardian_drake.10400			590			84	Ranged Melee, Ranged			4	35 (melee), 39+ (spec)	Non-aggressive	
npc.guardian_of_armadyl.3445			50, 40				Melee			5	6	Non-aggressive	
npc.gunthor_the_brave.299			35				Melee			6	4	Aggressive	
npc.guthan_the_infested.1674			100				Melee			5	24	Aggressive	
npc.h_a_m_archer.5157			35				Ranged			10	4	Aggressive	
npc.h_a_m_guard.2536			15				Melee			7, 6, 5	2	Non-aggressive	
npc.h_a_m_mage.5158			35				Magic			10	4	Aggressive	
npc.hammerhead_shark.15196			125				Melee			4	7	Aggressive	
npc.harpie_bug_swarm.464			25			33	Melee			4	6	Aggressive	
npc.head_guard.11093			86				Melee			4	10	Non-aggressive	
npc.head_menaphite_guard.11529			180				Melee			4	16	Aggressive	
npc.head_thief.4248			37				Melee			5	3	Non-aggressive	
npc.headless_beast.10493			100				Melee			4	10 (Melee), 16 (Special attack)	Aggressive	
npc.hellhound.104			116				Melee			4	11	Aggressive	
npc.hengel.3284			7				Melee			4	1	Non-aggressive	
npc.hermit_crab.14852			75				Melee			4	1	Non-aggressive	
npc.hero.3295			82				Melee			5	9	No, unless caught stealing from the gem stall	
npc.hespori.8583			300				Ranged, Magic			6	8x2 (Ranged), 14 (Magic), 40+ (special)	Aggressive	Poison
npc.hill_giant.2098			35				Melee			6	4	Aggressive	
npc.hobgoblin.132			62				Melee			4, 6	6	Aggressive	
npc.hobgoblin_champion.3354			58				Ranged			4	6	Aggressive	
npc.holthion.8996			87				Melee			4	9	Aggressive	
npc.hoop_snake.7802			25				Melee			4	2	Non-aggressive	
npc.hopeless_creature.1072			25				Melee			4	5	Aggressive	
npc.hueycoatl_body.14017			2500				Melee, Magic, Ranged			Varies	14	Aggressive	
npc.hueycoatl_tail.14014			2500				Melee, Magic, Ranged			Varies	14	Aggressive	
npc.huge_spider.134			90				Melee			4	8	Aggressive	
npc.husk.9454			20				Magic, Ranged			4	14	Aggressive	
npc.hydra.8609			300			95	Magic, Ranged			6	22	Aggressive	Poison
npc.hygd.4110			10				Melee			4	1	Non-aggressive	
npc.i_dscim_you.15553			1500, 750				Melee			3	21	Aggressive	
npc.ice_elemental.14151			40				Melee			4	4 (Melee)	Aggressive	
npc.ice_giant.2085			70				Melee			5	7	Aggressive	
npc.ice_queen.4922			104				Melee			4	10	Non-aggressive	
npc.ice_spider.3022			65				Melee			4	6	Aggressive	
npc.ice_troll.648			80				Melee			4	25	Aggressive	
npc.ice_troll_female.1876			80				Ranged			4	17	Non-aggressive	
npc.ice_troll_grunt.1877			80				Melee			4	21	Aggressive	
npc.ice_troll_king.5822			150				Melee, Magic, Ranged			4	21 (melee), 16 (special), 11 (Magic), 7 (Ranged)	Aggressive	
npc.ice_troll_male.1875			80				Melee			4	17	Aggressive	
npc.ice_troll_runt.1874			60				Melee			4	17	Aggressive	
npc.ice_warrior.2841			59				Melee			4	6	Aggressive	
npc.ice_wolf.645			70				Melee			4	10	Aggressive	
npc.icefiend.3140			20				Magic, Melee			4	3	Aggressive	
npc.icelord.852			60				Melee			4	5	Aggressive	
npc.imp.3134			10				Melee			4	1	Non-aggressive	
npc.imp_champion.3355			40				Melee, Ranged			4	1	Aggressive	
npc.impaler_deer.15759			50				Melee			4	12	Aggressive	
npc.imre.2614			60				Melee			4	2	Non-aggressive	
npc.infernal_mage.443			60			45	Magic			4	8	Non-aggressive	
npc.infernal_pyrelord.9465			184			30	Magical Melee			4	10	Non-aggressive	
npc.insatiable_bloodveld.7397			290			50	Magical Melee			4	15	Non-aggressive	
npc.insatiable_mutated_bloodveld.7398			410			50	Magical Melee			4	20	Non-aggressive	
npc.invrigar_the_necromancer.511			24				Magic, Melee			4	3	Non-aggressive	
npc.iorwerth_archer.3428			105				Ranged			4	11	No (Yes, during specific quest(s))	
npc.iorwerth_warrior.3429			105				Melee			4	10	Non-aggressive	
npc.irina.2622			60				Melee			4	2	Non-aggressive	
npc.iron_dragon.272			165				Dragonfire, Melee			4	17	Aggressive	
npc.irvig_senay.3965			125				Melee			4	12	Non-aggressive	
npc.ithoi_the_navigator.7964			55				Magic			5	6	Aggressive	
npc.jackal.4185			27				Melee			4	3	Aggressive	
npc.jaguar.12976			80				Melee			4	6	Aggressive	
npc.jaguar_cub.12977			40				Melee			4	3	Aggressive	
npc.jaguar_warrior.12810			125				Melee			5	47 (x3)	Aggressive	
npc.jail_guard.4276			32				Melee			5	3	No, Yes	
npc.jailer.300			47				Melee			4	5	Non-aggressive	
npc.jake.3863			50				Melee			4	4	Non-aggressive	
npc.jal_ak.7693			40				Ranged, Magic, Melee			6	29	Aggressive	
npc.jal_akrek_ket.7696			15				Melee			4	18	Aggressive	
npc.jal_akrek_mej.7694			15				Magic			4	18	Aggressive	
npc.jal_akrek_xil.7695			15				Ranged			4	18	Aggressive	
npc.jal_imkot.7697			75				Melee			4	49	Aggressive	
npc.jal_mejjak.7708			75				Area Of Effect			3	10	Non-aggressive	
npc.jal_mejrah.7692			25				Ranged			3	19	Aggressive	
npc.jal_nib.7691			10				Melee			4	4	Non-aggressive	
npc.jal_xil.7698			125				Ranged, Melee			4	46 (Ranged), 19 (Melee)	Aggressive	
npc.jal_zek.7699			220				Magic, Melee			4	70 (Magic), 52 (Melee)	Aggressive	
npc.jaltok_jad.7700			350				Ranged, Magic, Melee			8	113	Aggressive	
npc.javelin_colossus.12817			220				Ranged			5	48, 49 (Relentless I), 51 (Relentless II), 54 (Relentless III)	Aggressive	
npc.jeff.3282			7				Melee			4	1	Non-aggressive	
npc.jelly.437			75			52	Magic, Melee			4	5	Non-aggressive	
npc.jennella.3944			50				Melee			4	6	Non-aggressive	
npc.jhallan.12353			1500				Magic			4	26	Aggressive	
npc.jogre.2094			60				Melee			6	7	Aggressive	
npc.jogre_champion.3356			120				Melee			4	10	Aggressive	Poison
npc.jonny_the_beard.14139			8				Melee			4	1	Non-aggressive	
npc.joseph.2616			60				Melee			4	2	Non-aggressive	
npc.jubbly_bird.4863			20							No	0 (Does not attack)	Non-aggressive	
npc.jubster.3604			60				Melee			4	9	Aggressive	
npc.judge_of_yama.10938			400				Magic			5	18 (aoe), 29 (fire surge)	Aggressive	
npc.jungle_demon.1443			170				Magic, Melee			6	32	Aggressive	
npc.jungle_horror.1042			45				Melee			4	8	Aggressive	
npc.jungle_spider.3020			50				Melee			4	6	Aggressive	
npc.jungle_wolf.232			69				Melee			4	6	Aggressive	
npc.justiciar_zachariah.7858			320				Magic, Melee			6	43 (melee), 26 (magic)	Non-aggressive	
npc.juvenile_custodian_stalker.14702			135			54	Melee, Bleed			4	6	Aggressive	
npc.k_ril_tsutsaroth.3129			255	Pet k'ril tsutsaroth, Staff of the dead, Steam battlestaff, Zamorak hilt			Magic, Melee			6	30	Aggressive	Poison
npc.kalphite_guardian.959			170				Melee			4	12	Aggressive	Poison
npc.kalphite_queen.963			255	Dragon chainbody, Jar of sand, Kalphite princess, Kq head			Magic, Melee, Ranged			4	31	Aggressive	
npc.kalphite_soldier.138			90				Melee			4	8	Aggressive	Poison
npc.kalphite_worker.955			40				Melee			4	3	Non-aggressive	
npc.kalrag.8993			78				Melee			4	9	Aggressive	
npc.kamil.3458			255				Magic, Melee			4	43	Aggressive	
npc.karamel.4882			250				Magic, Ranged			3	7x2 (Magic), 20 (Ranged)	Aggressive	
npc.karil_the_tainted.1675			100				Ranged			4	20	Aggressive	
npc.kasonde.12262			240				Ranged, Melee			3	20	Aggressive	Venom
npc.kasonde_the_craven.12331			200				Ranged, Melee			3	22	Aggressive	
npc.kebbit.1494			50				Melee				1	Aggressive	
npc.keef.7105			180				Melee			5	47	Aggressive	
npc.kephri.11719			80				Magic			6	24	Aggressive	
npc.ket_zek.3125			160				Magic, Melee			4	52	Aggressive	
npc.ketla_the_unworthy.12329			200, 1				Ranged			3	18	Aggressive	
npc.khazard_commander.4972			22				Melee			4	5	Non-aggressive	
npc.khazard_guard.1208			25				Melee			4	3	Non-aggressive	
npc.khazard_ogre.1225			60				Melee			6	8	Aggressive	
npc.khazard_scorpion.1226			40				Melee			4	5	Aggressive	
npc.khazard_trooper.4969			22				Melee			5, 6	3	Non-aggressive	
npc.khazard_warlord.6390			170				Melee			4	10	Yes, when talked to.	
npc.killerwatt.469			51			37	Magic, Melee, Ranged			2	6	Non-aggressive	
npc.king_black_dragon.239			240	Kbd heads, Prince black dragon			Dragonfire, Melee			4	25	Aggressive	Poison
npc.king_kurask.7405			270			70	Melee			4	33	Aggressive	
npc.king_roald.4163			75				Melee			4	3	Aggressive	
npc.king_sand_crab.7266			200				Melee			4	6	Aggressive	
npc.king_scorpion.3027			30				Melee			4	4	Aggressive	
npc.knight_of_ardougne.3297			52				Melee			5	6 (regular hit), 3 (pickpocket failure)	Non-aggressive	
npc.knight_of_saradomin.2213			135				Melee			6	11	Aggressive	
npc.knight_of_varlamore.12916			52				Melee			5	8	Non-aggressive	
npc.kob.7107			200				Melee			5	57 (normal), 27 (Protect from Melee)	Non-aggressive	
npc.kolodion.1609			107				Magic			7, 4	20	Aggressive	Poison
npc.koschei_the_deathless.3897			30 / 50 / 70 / 255		Four-form quest encounter; combat level is intentionally hidden		Melee			4 / 1	3 / 5 / 7 / 1	Aggressive	
npc.kraka.928			120				Melee			6	23	Aggressive	
npc.kraken.494			255	Jar of dirt, Pet kraken		87	Magic, Typeless			4	28	Non-aggressive	
npc.kree_arra.3162			255	Armadyl chainskirt, Armadyl chestplate, Armadyl helmet, Armadyl hilt, Pet kree'arra			Magic, Melee, Ranged			3	69	Aggressive	
npc.kroy.9560			209				Magic, Melee			4	15	Aggressive	
npc.kruk.6805			210				Melee, Ranged			4	33 (melee), 37 (ranged)	Aggressive	
npc.ksenia.2627			60				Melee			4	2	Non-aggressive	
npc.kurask.410			97	Kurask head, Leaf-bladed battleaxe, Mystic robe top (light)		70	Melee			4	11	Aggressive	
npc.lanzig.3940			50				Melee			4	6	Non-aggressive	
npc.large_chicken.14510			30				Melee			4	2	Aggressive	
npc.large_mosquito.6272			3				Melee			4	1	Aggressive	
npc.lava_dragon.6593			230				Melee, Dragonfire			4	23 (Melee), 50 (Dragonfire)	Aggressive	
npc.lava_strykewyrm.15500			150			62	Melee, Ranged			5	10 (Melee), 12 (Ranged)	Aggressive	
npc.leech.3233			45				Melee			4	3	Aggressive	
npc.lensa.3943			50				Melee			4	6	Non-aggressive	
npc.leon_d_cour.3360			123				Melee			4	13	Aggressive	
npc.lesser_demon.2005			79				Melee			4	8	Aggressive	
npc.lesser_demon_champion.3357			148				Melee, Magic			4	15 (melee), 14 (Magic)	Aggressive	
npc.lev.2619			60				Melee			4	2	Non-aggressive	
npc.liliya.2632			60				Melee			4	2	Non-aggressive	
npc.lizard.458			40			22	Melee			4	5	Aggressive	
npc.lizardman.6914			60				Melee, Ranged			4	7, 9	Aggressive	Poison
npc.lizardman_brute.6918			60				Melee, Ranged			4	11	Aggressive	Poison
npc.lizardman_shaman.6766			150				Melee, Ranged			4	31 (Melee), 21 (Ranged)	Aggressive	Poison
npc.loar_shade.1277			38				Melee			4	4	Aggressive	
npc.lobstrosity.7796			50				Melee			4	9	Aggressive	
npc.locust.11584			27				Melee			4	3	Aggressive	
npc.locust_rider.795			90				Melee			6, 4	15	Aggressive	
npc.long_tailed_wyvern.7792			200			66	Melee, Typeless Ranged, Icy Breath			6	13 (Melee), 10 (Ranged), 10 (Icy breath with Elemental shield)	Aggressive	
npc.lost_barbarian.2921			124				Melee			4	12	Non-aggressive	
npc.lowerniel_drakan.16204			3000				Melee			4	69	Aggressive	
npc.lucien.13607			17				Melee			4	2	Non-aggressive	
npc.lucius.14363			180				Magic			4	24 (magic), 34 (special attack)	Aggressive	
npc.lynx.11068			25, 30				Melee			4	3	Non-aggressive	
npc.lynx_tamer.11071			22				Melee			4	3	Non-aggressive	
npc.maggot_king.15742			1500				Ranged, Magic, Melee			varies	46 (Magic, Ranged), ~55 (Melee lunge)	Aggressive	Poison
npc.magic_axe.2844			44				Melee			4	5	Aggressive	
npc.magic_mark.13663			1500, 3500				Magic			5	18	Aggressive	
npc.magma_strykewyrm.15504			340			62	Melee, Ranged			5	26	Non-aggressive	
npc.malevolent_mage.7396			175			45	Magic			4	20	Non-aggressive	
npc.mammoth.6604			130				Melee			4	7	Aggressive	
npc.man			13				Melee			4	1	Non-aggressive	
npc.maniacal_monkey.6803			65				Melee			4	18	Aggressive	
npc.maniacal_monkey_archer.7119			60				Ranged			4	24	Aggressive	
npc.manticore.12818			250				Melee, Ranged, Magic			10	31 (Melee), 36 (Ranged), 31 (Magic)	Aggressive	Venom
npc.marble_gargoyle.7407			270			75	Melee, Ranged, Magic			4	26 (melee)	Non-aggressive	
npc.market_guard.2120			22				Melee			3	3	Non-aggressive	
npc.mature_custodian_stalker.14703			190			67	Melee, Magic			4	8	Aggressive	
npc.maxilla_beast.16233			200								53		
npc.me.785			45				Melee			4	9	Aggressive	
npc.melzar_the_mad.823			44				Magic, Melee			4	5	Aggressive	
npc.menaphite_akh.11492			480				Melee			4	? (melee), 80 (lightning)	Aggressive	
npc.menaphite_shadow.11462			50				Ranged, Magic			4	22	Aggressive	
npc.menaphite_thug.3549			60				Melee			4	7	Non-aggressive	
npc.mercenary.4656			60				Melee			4	5	Yes, if wielding a weapon.	
npc.mercenary_axeman.13535			110				Melee			5	22	Aggressive	
npc.mercenary_captain.4635			80				Melee			4	5	Non-aggressive	
npc.mercenary_mage.13537			150				Magic			5	5	Non-aggressive	
npc.milla.2624			60				Melee			4	2	Non-aggressive	
npc.mind_golem.10693			40				Melee			5	5	Non-aggressive	
npc.minotaur.2481			10				Melee			4	2	Non-aggressive	
npc.mirrorback_araxyte.13671			58			92	Melee			6	15	Aggressive	Poison
npc.mister_u.15679			100				Melee			5	11	Non-aggressive	
npc.mithril_dragon.2919			254	Dragon full helm			Dragonfire, Magic, Melee, Ranged			4	28	Aggressive	
npc.mogre.2592			48			32	Melee			6	8	Aggressive	
npc.molanisk.1			52			39	Melee			4	5	Aggressive	
npc.monk.2579			15				Melee			4	1	Non-aggressive	
npc.monk_of_zamorak.527			20				Magic, Melee			4	3	Aggressive	
npc.monkey.1038			6				Melee				1	Non-aggressive	
npc.monkey_archer.5272			50				Ranged			4	20	Yes (unless the player is holding a monkey greegree)	
npc.monkey_guard.5271			130				Melee			4	14	Yes, unless you are wielding a Greegree of any kind, after completing Monkey Madness II	
npc.monkey_zombie.5281			60, 90				Melee			4	7, 12	Aggressive	
npc.monstrous_basilisk.7395			170			40	Melee			4	11	Non-aggressive	
npc.moonlight_cockatrice.13030			52			25	Melee			4	6	Non-aggressive	
npc.mosquito_swarm.6273			9, 15				Melee			2	1	Aggressive	
npc.moss_giant.2090			60	Mossy key			Melee			6	6	Aggressive	
npc.moss_guardian.891			120				Magic, Melee			6	14	Aggressive	
npc.mosschin.11271			120				Melee, Magic			4	10	Aggressive	
npc.mother.8428			235				Ranged, Melee			4	16	Aggressive	
npc.mountain_troll.936			90				Melee			6	11	Aggressive	
npc.mounted_terrorbird_gnome.2067			36				Melee			4	3	Non-aggressive	
npc.mourner.8844			19, 105				Melee			4	2, 10	No, Yes unless wearing full mourner gear	
npc.mouse.5127			70				Melee			4	9	Aggressive	
npc.mudskipper.4820			20				Melee			4	4	Non-aggressive	
npc.mummy.717			1				Melee				1	Aggressive	
npc.mutant_tarn.6477			80			40	Melee, Magic			4	9	Aggressive	
npc.mutated_bloodveld.7276			170			50	Magical Melee			4	12	Non-aggressive	
npc.mutated_terrorbird.12464			320			56	Ranged, Melee			4	16	Non-aggressive	
npc.mutated_tortoise.12465			440			56	Melee			4	18	Non-aggressive	
npc.mute_jack.15681			100				Melee			5	11	Aggressive	
npc.myre_blamish_snail.2634			8				Ranged			4	2	Aggressive	
npc.mysterious_figure.12300			450				All			4	18	Aggressive	
npc.naiatli.13838					Mandatory scripted unarmed confrontation in Death on the Isle		Melee						
npc.nail_beast.2946			55				Melee			8	2	Aggressive	
npc.narf.3280			7				Melee			4	1	Non-aggressive	
npc.narwhal.15202			187				Melee			4	7	Non-aggressive	
npc.nazastarool.5353			70, 80				Melee			4	9, 8	Aggressive	
npc.nechryael.8			105	Rune boots		80	Melee			4	11	Non-aggressive	
npc.nechryarch.7411			320			80	Melee			4	27	Non-aggressive	
npc.necromancer.1025			40				Melee			4	3	Aggressive	
npc.newtroost.3605			18				Melee			4	3	Aggressive	
npc.nex.11278			3400				Magic, Ranged, Melee			4	33 (Magic), 60 (Ranged), 27 (Melee), 50 (Smoke Dash), 50 (Shadow Smash), 80 (Blood Sacrifice), 60 (Containment), 75 (Ice Prison)	Aggressive	Poison
npc.nezikchened.3962			150				Melee, Magic			5	18 (Melee & Magic), ~20 (Dark Dagger)	Aggressive	
npc.night_beast.7409			550			90	Melee, Magic			4	31	Non-aggressive	
npc.nikita.2629			60				Melee			4	2	Non-aggressive	
npc.nikolai.2617			60				Melee			4	2	Non-aggressive	
npc.nuclear_smoke_devil.7406			240			93	Magical Ranged			4	29	Non-aggressive	
npc.nylocas_athanatos.8384			30, 180							No	1, 11	Non-aggressive	
npc.nylocas_hagios.8344			11, 22, 2, 3				Magic			3	17, 24, 5, 10	Non-aggressive	
npc.nylocas_ischyros.8342			11, 22, 2, 3				Melee			3	17, 24, 5, 10	Non-aggressive	
npc.nylocas_matomenos.8366			64, Varies							No	11	Non-aggressive	
npc.nylocas_prinkipas.10804			400				Melee, Magic, Ranged			4	38	Aggressive	
npc.nylocas_toxobolos.8343			11, 22, 2, 3				Ranged			3	17, 24, 5, 10	Non-aggressive	
npc.nylocas_vasilias.8355			1440, 2500				Melee, Magic, Ranged			4	24, 70, 105	Aggressive	
npc.oaky_doak.15677			100				Melee			5	11	Aggressive	
npc.obor.7416			120				Melee, Ranged			6	22 (Melee), 26 (Ranged)	Aggressive	
npc.ocelot.14545			40				Melee			4	3	Aggressive	
npc.ocga.4108			10				Melee			4	1	Non-aggressive	
npc.ochre_blamish_snail.2646			10				Ranged			6	2	Aggressive	
npc.ogre.136			60				Melee			6, 4	7	Aggressive	
npc.ogre_chieftain.4362			60				Melee			4	9	Non-aggressive	
npc.ogre_shaman.4382			1				Magic			4	30	No (unless talked to)	
npc.ogress_shaman.7991			82				Magic			4	8	Aggressive	
npc.ogress_warrior.7989			82				Melee			4	8	Aggressive	
npc.oipuis.5259			130				Melee			4	14	Aggressive	
npc.old_jack.15680			100				Melee			5	11	Aggressive	
npc.oomlie_bird.2062			40				Melee			4	5	Non-aggressive	
npc.orca.15204			370				Melee			4	13	Non-aggressive	
npc.ork.2237			110				Melee			5	12	Aggressive	
npc.oryx.13006			19				Melee			4	2	Non-aggressive	
npc.osprey.15222			72				Melee			4	6	Non-aggressive	
npc.othainian.8994			87				Melee			4	9	Aggressive	
npc.otherworldly_being.2843			66				Melee			4	7	Non-aggressive	
npc.ouhai.5261			130				Melee			4	14	Aggressive	
npc.outlaw.4167			20				Melee			4	3	Non-aggressive	
npc.padulah.5263			130				Melee			4	20+	Aggressive	
npc.paladin.1144			57				Melee			5	8	Non-aggressive	
npc.palmer.3869			50				Melee			4	4	Non-aggressive	
npc.parasite.9452			40, 80				Ranged, Magic			4	10, 12	Aggressive	
npc.passionate_supporter.12833			10				Melee			4	1	Non-aggressive	
npc.pee_hat.927			120				Melee			6	23	Aggressive	
npc.penance_fighter.5739			28, 29, 32, 37, 38, 49, 50, 55, 56				Melee			4	4, 3, 5, 6, 7, 8	Aggressive	
npc.penance_queen.5775			250				Melee, Single And Multi-Target Ranged			4	13 (Ranged), 5 (Melee)	Aggressive	
npc.penance_ranger.5757			20, 28, 29, 34, 41, 50, 54, 58				Ranged			4	3, 4, 5, 6, 7, 8, 9	Aggressive	
npc.penda.4109			10				Melee			4	1	Non-aggressive	
npc.penguin.2063			4				Melee				1	Non-aggressive	
npc.persten_the_deceitful.12333			200				Magic			4	32	Aggressive	
npc.pestilent_bloat.8359			1280, 2000, 2400				Ranged			1	8 (Flies), 40 (Stomp), 20 (Flies), 80 (Stomp)	Aggressive	
npc.phantom_hand.10957			12				Melee			4	6	Aggressive	
npc.phantom_muspah.12077			850, 75				Ranged, Magic, Melee, Typeless			6, 5	61 (Ranged), 72 (Magic), 34, 20 (Lightning cloud), 72 (Ranged), 79 (Magic), 80 (Shockwave)	Aggressive	
npc.phosani_s_nightmare.9416			3200				Melee, Ranged, Magic			6	73 (melee), 80 (magic, ranged), ~85 (dash)	Aggressive	
npc.pirate.521			20				Melee			5, 4	3	Non-aggressive	
npc.pirate_guard.4926			25				Melee			4	3	Non-aggressive	
npc.pit_scorpion.3026			32				Melee			4	3	Aggressive	
npc.plague_frog.11586			10				Melee			4	2	Aggressive	
npc.poison_scorpion.3025			23				Melee			4	3	Aggressive	Poison
npc.poison_spider.3023			64				Melee			4	7	Aggressive	Poison
npc.poltenip.4758			22				Melee			4	3	Non-aggressive	
npc.porazdir.7860			320				Magic, Melee			6	43 (Magic), 16 (Melee)	Non-aggressive	
npc.porcupine.13968			5				Melee			4	1	Non-aggressive	
npc.possessed_pickaxe.3612			40				Melee			4	6	Aggressive	
npc.possessed_priest.4210			90				Magic, Melee			4	6	Aggressive	
npc.praying_mantis.15430			18				Melee			4	2	Non-aggressive	
npc.prifddinas_guard.6595			105				Melee			4	10	Non-aggressive	
npc.prince_itzla_arkan.13784			250				Melee			4	12 (normal), 16 (special attack)	Aggressive	
npc.pygmy_kraken.15206			150				Magic			5	10	Aggressive	
npc.pyrefiend.433			45			30	Magic, Melee			4	4	Non-aggressive	
npc.pyrelord.6762			80			30	Magical Melee			4	5	Non-aggressive	
npc.queen_spawn.5776			45				Melee			4	7	Aggressive	
npc.rabbit.1852			1				Melee			4	1	Non-aggressive	
npc.radat.4759			22				Melee			4	3	Non-aggressive	
npc.radiant_sanguisphera.12370			20				Magic			4	1	Non-aggressive	
npc.ragnvald.3687			1				Melee			4	1	Non-aggressive	
npc.ram.1261			8				Melee			4	1	Non-aggressive	
npc.ranalph_devere.3966			130				Melee			4	13	Yes, when not holding the respective heart piece	
npc.ranging_ro.13664			1500, 3500				Ranged			4	16	Aggressive	
npc.ranis_drakan.8244			400				Magic, Melee			5	20	Aggressive	
npc.rannveig.3681			1				Melee			4	1	Non-aggressive	
npc.rat.2492			2				Melee			4	0	Non-aggressive	
npc.ravager.1704			23				Melee			4	7	Aggressive	
npc.reanimated_demon_spawn.7287			85				Melee			4	8	Aggressive	
npc.red_dragon.247			140				Dragonfire, Melee			4	14	Aggressive	
npc.redeyes.11272			160				Melee, Magic			4	14	Aggressive	
npc.reef_snake.15499			160							5			
npc.renegade_knight.3517			48				Melee			4	5	Aggressive	
npc.repugnant_spectre.7403			380			60	Magic			4	39	Non-aggressive	
npc.revenant_cyclops.7934			110				Melee, Ranged, Magic			6	16	Aggressive	
npc.revenant_dark_beast.7938			140				Melee, Ranged, Magic			5	23	Aggressive	
npc.revenant_demon.7936			80				Melee, Ranged, Magic			5	15	Aggressive	
npc.revenant_dragon.7940			155				Melee, Ranged, Magic			5	30	Aggressive	
npc.revenant_goblin.7931			14				Melee, Ranged, Magic			5	3	Aggressive	
npc.revenant_hellhound.7935			80				Melee, Ranged, Magic			5	14	Aggressive	
npc.revenant_hobgoblin.7933			72				Melee, Ranged, Magic			4	8	Aggressive	
npc.revenant_imp.7881			10				Melee, Ranged, Magic			5	2	Aggressive	
npc.revenant_knight.7939			143				Melee, Ranged, Magic			5	27	Aggressive	
npc.revenant_maledictus.11246			1250				Ranged, Magic			5	30	Aggressive	
npc.revenant_ork.7937			105				Melee, Ranged, Magic			5	20	Aggressive	
npc.revenant_pyrefiend.7932			48				Melee, Ranged, Magic			5	5	Aggressive	
npc.river_troll.6732			25, 40, 60, 85, 120, 170				Melee			4	2, 4, 5, 7, 11, 14	Aggressive	
npc.riyl_shade.1282			76				Melee			4	6	Aggressive	
npc.riyl_shadow.1281			76				Melee			4	6	Aggressive	
npc.robert_the_strong.8057			280				Ranged			4	34 (Ranged), 50+ (Special)	Aggressive	
npc.rock.925			140				Melee				30	Aggressive	
npc.rock_crab.100			50				Melee			4	1	Aggressive	
npc.rock_lobster.5944			150				Melee			2	11	Aggressive	
npc.rocnar.143			100				Melee			6	12	Aggressive	
npc.rogue.526			17				Melee			4	2	Non-aggressive	
npc.rooster.1175			7				Melee			4	1	Non-aggressive	
npc.rowdy_guard.4654			60										
npc.rowdy_slave.4634			16				Melee			4	2	Aggressive	
npc.rune_dragon.8027			330				Melee, Ranged, Magic, Dragonfire			4	29 (Melee), 31 (Ranged), 26 (Magic), 40 (range special), 50 (Dragonfire)	Aggressive	
npc.runite_golem.6600			120				Melee			4	16	Non-aggressive	
npc.ruptura_araxyte.13673			58			92	All			6	15	Aggressive	Poison
npc.rusty.3281			7				Melee			4	1	Non-aggressive	
npc.salarin_the_twisted.304			70				Melee			4	7	Aggressive	
npc.san_tojalon.3964			120				Melee			4	12	Non-aggressive	
npc.sand_crab.5935			60				Melee			4	1	No, Yes	
npc.sand_snake.7895			60				Melee			4	3	Aggressive	
npc.sanguidae.15756			10				Melee			3	10	Aggressive	
npc.sarachnis.8713			400				Melee, Ranged			4	31	Aggressive	
npc.saradomin_priest.2209			89				Magic			5	20	Aggressive	
npc.saradomin_wizard.2955			120				Magic, Melee			4	14	Aggressive	Poison
npc.scarab_mage.794			50				Magic			15, 5	17	Aggressive	
npc.scarab_swarm.1782			25				Melee			1	1	Aggressive	Poison
npc.scarabs.729			25				Melee			1	1	Aggressive	Poison
npc.scarred_black_demon.12386			157				Melee			4	17	Aggressive	
npc.scarred_greater_demon.12373			87, 180				Melee			4	10	Aggressive	
npc.scarred_hellhound.12374			25				Melee			4	11	Aggressive	
npc.scarred_imp.12377			25				Melee			4	1	Non-aggressive	
npc.scarred_lesser_demon.12360			79, 100, 70				Melee, Magic, Ranged			4, 3	9, 12, 19	Aggressive	
npc.scion.5918			50				Ranged, Melee			4	16 (Ranged), 10 (Melee)	Aggressive	
npc.scorpia.6615			200				Melee			4	16	Aggressive	Poison
npc.scorpia_s_guardian.6617			70							N, A	4	Non-aggressive	
npc.scorpion			2, 17, 37, 15, 55				Melee			4	0, 2, 4, 15, 6	Aggressive	Poison
npc.screaming_banshee.7390			61			15	Magical Melee			4	7	Non-aggressive	
npc.screaming_twisted_banshee.7391			220			15	Magical Melee			4	12	Non-aggressive	
npc.scurrius.7221			500, 1500				Magic, Ranged, Melee			4	13 (Melee), 8 (Magic), 7 (Ranged), 22 (Rockfall), 14 (Magic), 13 (Ranged), 24 (Rockfall)	Aggressive	
npc.sea_snake_hatchling.1098			50			40	Melee			4	6	Non-aggressive	Poison
npc.sea_snake_young.1097			85			40	Melee			4	8	Non-aggressive	Poison
npc.sea_troll.4308			80, 100				Melee			4, 3	6, 7, 8, 10	Aggressive	
npc.sea_troll_queen.4315			200				Melee, Magic			4	16 (Melee), 37 (Magic), 254 (on Wise Old Man)	Aggressive	
npc.seagull.1338			6				Melee			4	0	Non-aggressive	
npc.sergeant_grimspike.2218			146				Ranged			5	21	Aggressive	
npc.sergeant_steelwill.2217			127				Magic			5	15	Aggressive	
npc.sergeant_strongstack.2216			128				Melee			5	15	Aggressive	
npc.serpent_shaman.12811			125				Magic			5	28	Aggressive	
npc.shade.5633			170, 115				Melee			4	14, 15	Non-aggressive	
npc.shadow_hound.3449			62				Melee			4	6	Aggressive	
npc.shadow_keeper.12248			100				Melee			4	12	Aggressive	
npc.shadow_spider.3016			55				Melee			4	5	Aggressive	
npc.shadow_warrior.2853			67				Melee			4	6	Aggressive	
npc.shadow_wyrm.10398			290			62	Magic, Melee			4	28	Non-aggressive	
npc.shaeded_beast.8709			210				Magic			4	30	Aggressive	
npc.shantay_guard.4643			32				Melee			4	3	Aggressive	
npc.shellbane_gryphon.14860			400			51	Melee, Ranged			5	22, 64 (whirlwinds), 30 (knockback)	Aggressive	
npc.shifter.1694			23				Melee			4	5	Aggressive	
npc.shipyard_worker.5457			10				Melee			4	2	Non-aggressive	
npc.shockwave_colossus.12819			125				Magic			5	56	Aggressive	
npc.sigmund.991			60				Melee			4	5	Aggressive	
npc.sir_bedivere.4361			90				Melee			5	14	Aggressive	
npc.sir_carl.8988			57				Melee			5	8	Non-aggressive	
npc.sir_gawain.4356			110				Melee			5	19	Aggressive	
npc.sir_harry.8989			57				Melee			5	8	Non-aggressive	
npc.sir_jerro.8987			57				Melee			5	8	Non-aggressive	
npc.sir_kay.4355			110				Melee			5	22	Aggressive	
npc.sir_lancelot.4354			115				Melee			4	23	Aggressive	
npc.sir_leye.4682			20				Melee			5	3	Aggressive	
npc.sir_lucan.4357			105				Melee			5	19	Aggressive	
npc.sir_mordred.3527			38				Melee			4	5	Non-aggressive	
npc.sir_palomedes.4358			100				Melee			5	18	Aggressive	
npc.sir_pelleas.4360			99				Melee			5	15	Aggressive	
npc.sir_tristram.4359			105				Melee			5	15	Aggressive	
npc.skeletal_miner.3615			39				Melee			4	6	Aggressive	
npc.skeletal_wyvern.465			200			72	Melee, Ranged			6	13	Aggressive	
npc.skeleton.70			29				Melee			4	3	Aggressive	
npc.skeleton_brute.1538			124				Melee			4	15	Aggressive	
npc.skeleton_champion.3358			58				Ranged			4	5	Aggressive	
npc.skeleton_fremennik.4491			25, 35, 40				Melee			6	5, 6, 8	Non-aggressive	
npc.skeleton_heavy.1540			124				Melee			4	15	Non-aggressive	
npc.skeleton_hellhound.5054			55				Melee			4	12	Aggressive	
npc.skeleton_hero.1537			124				Melee			4	18	Aggressive	
npc.skeleton_mage.84			17				Magic, Melee			4	3	Aggressive	
npc.skeleton_thug.1541			124				Melee			4	15	Aggressive	
npc.skeleton_warlord.1539			124				Melee			4	15	Aggressive	
npc.skoblin.11268			30				Melee			4	5	Aggressive	
npc.skogre.872			71				Melee			6	5	Aggressive	Poison
npc.skotizo.7286			450				Melee, Magic			Random	38	Aggressive	
npc.skraeling.773			1				Melee				1	Non-aggressive	
npc.slagilith.1362			60				Melee			4	13	Aggressive	
npc.slash_bash.882			100				Melee, Ranged			6	13	Aggressive	Poison
npc.slug_prince.4797			70				Melee			4	6	Aggressive	
npc.small_lizard.462			15			22	Melee			4	2	Non-aggressive	
npc.small_scarab.14126			40				Melee			4	1	Aggressive	
npc.smoke_devil.498			185			93	Magic, Ranged			4	20	Non-aggressive	
npc.snailfeet.11270			80				Melee, Ranged			4	6	Aggressive	
npc.snake.1037			25				Melee			4	3	Aggressive	Poison
npc.snakeling.2045			1				Magic, Melee			3	13, 15	Aggressive	Poison, Venom
npc.snothead.11269			50				Melee			4	4	Aggressive	
npc.sofiya.2626			60				Melee			4	2	Non-aggressive	
npc.sol_heredit.12821			1500				Various			Varies	44 (Typeless AOE), 44 (Grapple), 15-25-35 (Triple Parry 1), 15-30-45 (Triple Parry 2)	Aggressive	
npc.soldier_scarab.11724			40				Melee			7	17	Aggressive	
npc.soldier_tier_1.6905			50				Melee			7	5	Non-aggressive	
npc.soldier_tier_2.6907			50				Melee			4	7	Non-aggressive	
npc.soldier_tier_3.6909			55				Melee			5	7	Non-aggressive	
npc.soldier_tier_4.6911			65				Melee			5	8	Non-aggressive	
npc.soldier_tier_5.6913			90				Melee			4	10	Non-aggressive	
npc.solus_dellagar.4962					Attackable quest form used for the final Wanted! confrontation		Magic						
npc.sorebones.561			52				Melee			4	6	Non-aggressive	
npc.sotetseg.8388			2240, 4000				Melee, Magic			5	20 (Melee), 22 (Ranged), 22 (Magic), 45 (Melee), 50 (Ranged), 50 (Magic)	Non-aggressive	
npc.sourhog.10435			40			1	Melee, Ranged			5	6, 20-30 (without Reinforced goggles)	Aggressive	
npc.spawn.5916			15				Ranged, Melee			4	9 Ranged, 4 Melee	Aggressive	
npc.spawn_of_sarachnis.8714			30				Magic, Melee			4, 3	11, 13	Aggressive	
npc.speedy_keith.303			37				Melee			4	4	Non-aggressive	
npc.spider			22				Melee			4	6	Aggressive	
npc.spidine.3602			35				Melee			4	5	Aggressive	
npc.spiked_turoth.10397			195			55	Melee			4	29	Non-aggressive	
npc.spindel.11998			515				Melee, Magic, Ranged			4	14 (Melee), 31 (Ranged), 24 (Magic)	Aggressive	
npc.spindel_s_spiderling.12001			5				Melee			4	3	Aggressive	
npc.spined_kraken.15208			177				Magic			5	14	Aggressive	
npc.spinner.1709			33				Melee			4	3	Non-aggressive	Poison
npc.spinolyp.5947			100				Ranged Magic, Ranged			4	10	Aggressive	Poison
npc.spiritual_mage.2212			85			83	Magic			4, 5, 3	20	Non-aggressive	Poison
npc.spiritual_ranger.2211			106			63	Ranged			4, 3, 5	16	Non-aggressive	
npc.spiritual_warrior.2210			110			68	Melee			4, 5, 3	13	Non-aggressive	
npc.spitting_scarab.11725			40				Ranged			3	10	Aggressive	Poison
npc.spitting_wyvern.7794			200			66	Melee, Ranged, Icy Breath			6	9 (Melee), 8 (Ranged), 50+ (Icy breath)	Aggressive	
npc.splatter.1689			13				Melee			4	3	Aggressive	
npc.stag.1845			19				Melee			4	2	Non-aggressive	
npc.starlight.2206			160				Melee			5	15	Aggressive	
npc.steel_dragon.139			210				Dragonfire, Melee			4	22	Aggressive	
npc.stick.926			135				Melee			6	27	Aggressive	
npc.stingray.15218			106				Melee			4	6	Non-aggressive	
npc.stone_guardian.8064			62				Magic, Melee, Ranged			5	16	Aggressive	
npc.strange_creature.12073			550, 75				Ranged, Magic, Melee			6, 5	32 (Ranged), 33 (Magic), 24, 38 (Ranged), 40 (Shockwave)	Aggressive	
npc.stranger.685			80				Melee			4		Aggressive	Poison
npc.strangled.12268			40				Typeless			4	3	Aggressive	
npc.strangled_bear.12288			100				Typeless			4	6	Aggressive	
npc.strangled_boar.12289			40				Typeless			4	4	Aggressive	
npc.strangled_lynx.12290			50				Typeless			4	5	Aggressive	
npc.strong_warrior.13484			30				Melee			4	21	Aggressive	
npc.strongbones.11273			200				Magic, Melee, Ranged			4	18	Aggressive	
npc.suit_of_armour.5043			29				Melee			5	3	Yes to whoever causes them to animate	
npc.sulphur_lizard.8614			50			44	Melee			4	5	Aggressive	
npc.sulphur_nagua.12879			100			48	Melee			4	11 total [6+5]	Aggressive	
npc.summoned_zombie.69			22				Melee			4	2	Aggressive	
npc.suqah.787			105				Magic, Melee			6	10	Aggressive	
npc.surok_magis.13482			450				Magic			5	45+ (Special)	Aggressive	
npc.svetlana.2621			60				Melee			4	2	Non-aggressive	
npc.swamp_crab.8297			75				Melee			4	1	Aggressive	
npc.swamp_frog.8578			25				Melee			4	3	Non-aggressive	
npc.swamp_snake.5615			120, 125, 130				Melee			4	6, 12, 18	Yes, after 5 seconds of inactivity	
npc.swordchick.3603			35				Melee			4	5	Aggressive	
npc.taloned_wyvern.7793			200			66	Melee, Typeless Ranged, Icy Breath			6	10 (Ranged), 12 (Melee), 55 (Icy breath)	Aggressive	
npc.tanglefoot.5848			102				Melee			4	11	Non-aggressive	
npc.tar_monster.7804			200				Typeless Ranged			4	9	Aggressive	
npc.tarn.6476			80			40	Melee, Magic			4	9	Aggressive	
npc.temple_guardian.7620			45				Melee			4	3	Non-aggressive	
npc.temple_spider.8703			70				Melee			4	6	Aggressive	
npc.tern.15228			22				Melee			4	3	Non-aggressive	
npc.terror_dog.6473			82, 87			40	Melee			4	11, 15	Aggressive	
npc.terrorbird.2064			34				Melee			4	3	Non-aggressive	
npc.the_draugen.3922			60				Melee			4	7	Aggressive	
npc.the_everlasting.3474			230				Melee			6	24	Aggressive	
npc.the_forsaken_assassin.12328			200				Ranged, Melee			4	20	Aggressive	
npc.the_hueycoatl.14009			2500				Melee, Magic, Ranged			Varies	14	Aggressive	
npc.the_illusive.3476			144				Melee			6	8	Aggressive	
npc.the_inadequacy.3473			180				Melee, Ranged			4	18 (Melee), 20+ (Ranged)	Aggressive	
npc.the_jormungand.9291			600			40	Magic, Melee			5	22, 50+ (Gaze attack), 50+ (Bind attack)	Aggressive	
npc.the_kendal.1377			50				Melee			4	9	Aggressive	
npc.the_leviathan.12214			900, 2700, 720				Melee, Ranged, Magic			Varies	50 (Melee orb & Bite), 24 (Ranged orb), 32 (Magic orb), 60 (Smoke Blast), 86 (Melee orb & Bite), 41 (Ranged orb), 55 (Magic orb), 75 (Smoke Blast), 34 (Melee orb & Bite), 16 (Ranged orb), 22 (Magic orb), 41+ (Smoke Blast)	Aggressive	
npc.the_maiden_of_sugadinti.8360			2000, 3500, 2450, 1750, 1050				Magic			10	18, 36	Aggressive	
npc.the_mimic.8633			230				Melee, Magic			3	23	Non-aggressive	
npc.the_nightmare.9425			2400				Melee, Ranged, Magic			6	50, 60 (Melee), 33, 39 (Ranged and Magic), Increased by 20% if using incorrect protection prayer	Non-aggressive	
npc.the_rocks.15168			130				Magic, Melee			4	? (Magic)	Aggressive	
npc.the_shaikahan.4708			100				Melee			4	9	Aggressive	
npc.the_untouchable.3475			90				Melee			6	26	Non-aggressive	
npc.the_whisperer.12204			900, 2700, 660				All			10	42 (x2) (Melee), 40 (Ranged), 36 (Magic), 45 (Screech), 50 (Soul Siphon), 70+ (x2) (Melee), 53 (Ranged), 45 (Magic), 70 (Screech), 75 (Soul Siphon), 30 (x2) (Melee), 28 (Ranged), 26 (Magic)	Aggressive	
npc.thermonuclear_smoke_devil.499			240	Jar of smoke, Pet smoke devil, Smoke battlestaff		93	Magic, Ranged, Typeless			2	8	Non-aggressive	
npc.thief.1448			17				Melee			4	2	Non-aggressive	
npc.third_age_mage.8637			40				Magic			4	16	Aggressive	
npc.third_age_ranger.8636			40				Ranged			4	12	Aggressive	
npc.third_age_warrior.8635			40				Melee			5	18	Aggressive	
npc.thorhild.3677			1				Melee			4	1	Non-aggressive	
npc.thrantax_the_mighty.3518			80				Melee			4	9	Non-aggressive	
npc.thrower_troll.931			95				Melee, Ranged			7	10	Aggressive	
npc.thug.525			18				Melee			4	2	Aggressive	
npc.tiger_shark.15198			174				Melee			4	9	Aggressive	
npc.tok_xil.141			60				Melee, Ranged			4	19	Aggressive	
npc.tolna.1075			37				Melee, Ranged			Varies	5	Aggressive	Poison
npc.torag_the_corrupted.1676			100				Melee			5	23	Aggressive	
npc.torcher.1714			18				Magic, Ranged			4	6	Aggressive	
npc.tormented_demon.13599			600				All			6		Non-aggressive	
npc.tormented_soul.8512			20				Melee			4	2	Aggressive	
npc.tormented_warrior.3959			90				Melee			4	10	Non-aggressive	
npc.tortoise.6075			100, 120				Melee, Magic, Ranged			4	10, 11	No, No (the gnomes that spawn after tortoise's death are, however)	
npc.tortured_gorilla.7095			210, 110				Magic, Ranged, Melee			5, 4	13, 29	Yes, unless the player has completed Monkey Madness II	
npc.tortured_soul.2999			51				Melee			4	7	Non-aggressive	
npc.tough_guy.3551			75				Melee			4	7	Aggressive	
npc.tower_archer.6065			30, 50, 70, 90				Ranged			6	4, 7, 10, 16	Aggressive	
npc.tower_guard.4405			22				Melee			4	4	Non-aggressive	
npc.trapped_soul.8514			30				Melee			4	4	Aggressive	
npc.tree_spirit.1163			85				Melee			4	10	Aggressive	
npc.treus_dayth.3616			100				Ranged, Melee			4	15 (Ranged), 8 (Crush)	Aggressive	
npc.tribesman.530			39				Melee			4	4	Aggressive	Poison
npc.tribeswoman.11955			39				Melee			4	4	Aggressive	Poison
npc.troll.133			120				Melee				23	Aggressive	
npc.troll_general.4120			140				Melee			4	38	Aggressive	
npc.troll_spectator.4123			90				Melee			6	13	Non-aggressive	
npc.tstanon_karlak.3130			142				Melee			5	15	Aggressive	
npc.tumeken_s_warden.11756			140, 4500				Melee, Ranged, Magic			8	22	Aggressive	
npc.turoth.426			76			55	Melee			4	9	Non-aggressive	
npc.twig.4131			90				Melee			6	13 (approx)	Non-aggressive	
npc.typhor.9296			360			40	Magic, Melee			4	20	Aggressive	
npc.tyras_guard.639			110				Melee			5	15	Non-aggressive	
npc.tz_kek.2191			20				Melee			4	7	Aggressive	
npc.tz_kih.2189			10				Melee			4	4	Aggressive	
npc.tzhaar_hur.2161			80				Melee			5	7	Non-aggressive	
npc.tzhaar_ket.2173			140				Melee			4	15	Non-aggressive	
npc.tzhaar_mej.2154			100				Magic, Melee			5	13	Non-aggressive	
npc.tzhaar_xil.2167			120				Melee, Ranged			4	11	Non-aggressive	
npc.tzkal_zuk.7706			1200				Typeless Magic, Typeless Ranged			10, 7		Aggressive	
npc.tztok_jad.3127			250	Tzrek-jad			Magic, Melee, Ranged			8	97	Aggressive	
npc.tztok_jad_rek.15557			200				Melee, Magic, Ranged			8	25 (Melee), ?	Aggressive	
npc.ugthanki.4652			45				Melee			4	4	Aggressive	
npc.ulfric.4500			60				Melee			4	11	Aggressive	
npc.umbra.11284			500				Magic			5	29	Yes (after Nex makes her vulnerable)	
npc.undead_chicken.2993			3				Melee			4	1	Non-aggressive	
npc.undead_cow.2992			8				Melee			4	1	Non-aggressive	
npc.undead_druid.2145			140				Magic, Melee			4	22	Aggressive	
npc.undead_lumberjack.5648			10, 11, 12, 13, 14, 15, 16, 17, 18				Melee			4	2, 3, 4	Aggressive	
npc.undead_one.5342			47, 59				Melee			4	7, 8	Yes, No	
npc.undead_zealot.10591			28				Melee			4	4	Aggressive	
npc.ungadulu.3957			65, 150				Magic, Melee			4	7, 16	Non-aggressive	
npc.unicorn.2837			19				Melee			4	2	Non-aggressive	
npc.unicorn_foal.3910			15				Melee			4	2	Non-aggressive	
npc.unicow.3601			24				Melee			4	4	Aggressive	
npc.uodai.5262			130				Melee			4	14	Aggressive	
npc.ur_maggot_larvae.15743			30				Melee			4	3	Non-aggressive	
npc.urium_shade.10589			130				Melee			4	13	Aggressive	
npc.urium_shadow.6143			130				Melee			4	13	Aggressive	
npc.uyoro.5260			130				Melee			4	14	Aggressive	
npc.valgerd.3683			1				Melee			4	1	Non-aggressive	
npc.vampyre_juvenile.3692			60				Melee			4	4	Non-aggressive	
npc.vampyre_juvinate.3694			60, 85, 50, 110, 100, 150				Melee			4	5, 6, 9	Aggressive	
npc.vampyre_kraken.15212			311				Magic			5	22	Aggressive	
npc.vanstrom_klause.3735			155				Melee			8	16	Aggressive	
npc.vardorvis.12223			700, 1400, 500				Melee			5		Non-aggressive	
npc.veiled_kraken.15576			225				Melee			5	19	Aggressive	
npc.venator.15765			345			74	Melee, Ranged			5	21	Non-aggressive	
npc.venenatis.6504			850				Melee, Magic, Ranged			4	21 (Melee), 35 (Ranged), 30 (Magic)	Aggressive	
npc.venenatis_spiderling.12000			5				Melee			4	3	Aggressive	
npc.vera.2630			60				Melee			4	2	Non-aggressive	
npc.verac_the_defiled.1677			100				Melee			5	23	Aggressive	
npc.verzik_vitur.8370			1200, 1600, 2400				Magic, Melee, Ranged, Typeless Crush			14, 4, 7	60, 16, 16 (bounce), ~34 (bounce after standing underneath), 36 (melee), 20 (magic), 20 (ranged)	No, Yes	
npc.vet_ion.6611			255				Melee, Magic			6, 5	44	Aggressive	
npc.vitreous_chilled_jelly.15501			220			52	Magical Melee			4	19	Non-aggressive	
npc.vitreous_jelly.7399			190			52	Magical Melee			4	17	Non-aggressive	
npc.vitreous_warped_jelly.7400			220			52	Magical Melee			4	19	Non-aggressive	
npc.viyeldi.3963			80				Melee			4	8	Non-aggressive	
npc.void_flare.14179			140				Melee			4	45 (Phase 1-2), 25 (Phase 3)	Non-aggressive	
npc.volatile_baboon.11716			8							4	7	Aggressive	
npc.vorkath.8060			750, 460				Melee, Magic, Ranged, Dragonfire			5	30 (Magic), 32 (Ranged), 32 (Melee), 80 (Dragonfire), 121 (Dragonfire Bomb, Special), 41 (Rapid Fire, 28 (Ranged), 72 (Dragonfire)	Non-aggressive	Venom
npc.vulture.1267			10				Melee			4	5	Non-aggressive	
npc.vyrewatch.3717			75, 90, 105, 110				Melee			8, 4	8, 10, 11, 12, 13	Yes, unless wearing Vyre noble clothing	
npc.vyrewatch_sentinel.9756			150			38	Melee			4	17	Yes (without vyre noble robes)	
npc.wall_beast.476			105			35	Melee			4	4	Aggressive	
npc.wallasalki.5938			120				Magic			6	30	Aggressive	
npc.warped_jelly.7277			140			52	Magical Melee			4	10	Non-aggressive	
npc.warped_terrorbird.12491			150, 200			56	Ranged, Melee			4	10, 16	Aggressive	
npc.warped_tortoise.12490			200			56	Melee			4	12	Non-aggressive	
npc.warrior_of_murahs.10393			22										
npc.watchman.5420			22				Melee			4	4	Non-aggressive	
npc.water_elemental.1370			30				Melee			4	4	Non-aggressive	
npc.water_wizard.1557			25				Magic			4	2	Non-aggressive	
npc.waterfiend.2916			128				Magic, Ranged			4	16	Aggressive	
npc.weaponsmaster.14137			20				Melee			5	3	No (unless spoken to while being in the Black Arm Gang)	
npc.webbed_winged_crow.16226			50				Melee			4	8	Aggressive	
npc.well_armed_foe.7751			1500										
npc.werewolf.2593			100				Melee			4	8	Non-aggressive	
npc.white_golem.4743			80				Melee			4	4	Aggressive	
npc.white_jaguar.12979			80				Melee			4	6	Aggressive	
npc.white_knight.1798			52				Melee			7	6	Non-aggressive	
npc.white_wolf.107			34				Melee			4	3	Aggressive	
npc.wighted_leech.12335			5				Typeless Melee			2	6	Aggressive	
npc.wild_dog.112			62				Melee			4	6	Non-aggressive	
npc.wilson.3865			50				Melee			4	4	Non-aggressive	
npc.wingman_skree.3163			121				Magic			5	16	Aggressive	
npc.witch.514			10									Non-aggressive	
npc.witch_s_experiment.3996			21, 31, 41, 51				Melee			4	2, 3, 4, 5	Aggressive	
npc.wizard.3257			14				Magic			4	4	Non-aggressive	
npc.wolf.106			69				Melee			4	6	Aggressive	
npc.woman			7				Melee			4	1	Non-aggressive	
npc.wormbrain.820			5				Melee			4	1	Non-aggressive	
npc.wyrd.16212			1100				Melee			5	30 (melee), 78+ (explosion)	Aggressive	
npc.wyrm.8610			120			62	Magic, Melee			4	13 (Magic), 10 (Melee)	Non-aggressive	
npc.wyrmling.13031			65			62	Melee			4	5	Non-aggressive	
npc.xamphur.10955			450				Magic			5	18	Aggressive	
npc.xarpus.8340			3400				Typeless Ranged, Poison			4	6 (38+ recoil)	Aggressive	Poison
npc.yadviga.2628			60				Melee			4	2	Non-aggressive	
npc.yak.5816			50				Melee			4	2	Non-aggressive	
npc.yama.14176			2500				Melee, Ranged, Magic			8, 7	46 (auto-attacks), 162 (Meteor Strike), 80 (Shadow Stomp)	Aggressive	Poison
npc.yeti.2847			60							4	7	Non-aggressive	
npc.yt_hurkot.3128			60				Melee			4	14	Non-aggressive	
npc.yt_mejkot.3123			80				Melee			4	25	Aggressive	
npc.yuri.2615			60				Melee			4	2	Non-aggressive	
npc.zakl_n_gritch.3131			150				Ranged			5	21	Aggressive	
npc.zalcano.9049			300, 1000				Various, N, A			5, N, A	53, N, A	Aggressive	
npc.zamorak_crafter.7426			25				Melee			4	2	Aggressive	
npc.zamorak_mage.7422			50				Magic			4	9	Aggressive	
npc.zamorak_ranger.7420			50				Ranged			4	9	Aggressive	
npc.zamorak_warrior.7418			45				Melee			4	8	Aggressive	
npc.zamorak_wizard.2954			76				Magic			4	20	Aggressive	
npc.zemouregal_summon.15558			35				Melee			4, 5	16, 11	Aggressive	
npc.zogre.866			71				Melee			6	5	Aggressive	Poison
npc.zoja.2631			60				Melee			4	2	Non-aggressive	
npc.zombie.26			22				Melee			4	2	Aggressive	
npc.zombie_pirate.563			52				Melee			5	6	Aggressive	
npc.zombie_rat.3969			5				Melee			4	1	Non-aggressive	
npc.zombie_swab.619			50				Melee			4	6	Non-aggressive	
npc.zombies_champion.3359			60				Melee			4	5	Aggressive	
npc.zombified_spawn.8062			38, 8				Melee			No	60, 30	Aggressive	
npc.zulrah.2042			500	Jar of swamp, Magic fang, Magma mutagen, Pet snakeling, Serpentine visage, Tanzanite fang, Tanzanite mutagen			Magic, Melee, Ranged, Typeless			3	41	Aggressive	Poison, Venom
npc.zygomite.537			65			57	Magic, Melee, Ranged			4	8	Non-aggressive	
