card_id	quest_relevance	review_status	review_note	source
item.10th_squad_sigil.4035	Used during Monkey Madness I	approved	Direct required-item association; unique to one quest in pinned Quest Helper dataset	Quest Helper 5ea99d5ea9ba3fb096ebe7b5ed02d80883e9819d: Monkey Madness I
item.acatzin_s_axe.30989	Used during Scrambled	approved	Direct required-item association; unique to one quest in pinned Quest Helper dataset	Quest Helper 5ea99d5ea9ba3fb096ebe7b5ed02d80883e9819d: Scrambled
item.achey_tree_logs.2862	Used during Big Chompy Bird Hunting	approved	Quest-specific required item	Quest Helper 5ea99d5ea9ba3fb096ebe7b5ed02d80883e9819d: Big Chompy Bird Hunting
item.adamant-chainbody	Used during Song of the Elves	approved	Exact catalogue-name match to direct required-item rows; variants, recommendations, alternatives, teleports, diary/skill helpers and ambiguous quantity rows excluded	Quest Helper 5ea99d5ea9ba3fb096ebe7b5ed02d80883e9819d: Song of the Elves
item.agility_potion.3038	Used during Tai Bwo Wannai Trio	approved	Direct required-item association; unique to one quest in pinned Quest Helper dataset	Quest Helper 5ea99d5ea9ba3fb096ebe7b5ed02d80883e9819d: Tai Bwo Wannai Trio
item.air-rune	Used during Darkness of Hallowvale, Dragon Slayer II, Horror from the Deep, Spirits of the Elid, The Giant Dwarf, The Slug Menace, Underground Pass, Waterfall Quest and While Guthix Sleeps	approved	Direct required item; consolidated exact active-catalogue match	Quest Helper 5ea99d5ea9ba3fb096ebe7b5ed02d80883e9819d: Darkness of Hallowvale, Dragon Slayer II, Horror from the Deep, Spirits of the Elid, The Giant Dwarf, The Slug Menace, Underground Pass, Waterfall Quest and While Guthix Sleeps
item.air_orb.573	Used during While Guthix Sleeps	approved	Direct required-item association; unique to one quest in pinned Quest Helper dataset	Quest Helper 5ea99d5ea9ba3fb096ebe7b5ed02d80883e9819d: While Guthix Sleeps
item.air_talisman.1438	Used during Rune Mysteries	approved	Direct required-item association; unique to one quest in pinned Quest Helper dataset	Quest Helper 5ea99d5ea9ba3fb096ebe7b5ed02d80883e9819d: Rune Mysteries
item.airtight_pot.4436	Used during One Small Favour and Swan Song	approved	Direct required-item associations reviewed across multiple Quest Helper quest definitions	Quest Helper 5ea99d5ea9ba3fb096ebe7b5ed02d80883e9819d: One Small Favour; Swan Song
item.ale_yeast.5767	Used during Forgettable Tale…	approved	Direct required-item association; unique to one quest in pinned Quest Helper dataset	Quest Helper 5ea99d5ea9ba3fb096ebe7b5ed02d80883e9819d: Forgettable Tale…
item.ammo_mould.4	Used during Between a Rock...	approved	Direct required-item associations reviewed across multiple Quest Helper quest definitions	Quest Helper 5ea99d5ea9ba3fb096ebe7b5ed02d80883e9819d: Between a Rock...
item.ana_in_a_barrel.1842	Used during The Tourist Trap	approved	Direct required-item association; unique to one quest in pinned Quest Helper dataset	Quest Helper 5ea99d5ea9ba3fb096ebe7b5ed02d80883e9819d: The Tourist Trap
item.ancient_mace.11061	Used during Another Slice of H.A.M.	approved	Quest-specific required item	Quest Helper 5ea99d5ea9ba3fb096ebe7b5ed02d80883e9819d: Another Slice of H.A.M.
item.anger_battleaxe.7807	Used during A Soul’s Bane	approved	Quest-specific required item	Quest Helper 5ea99d5ea9ba3fb096ebe7b5ed02d80883e9819d: A Soul’s Bane
item.anger_mace.7808	Used during A Soul’s Bane	approved	Quest-specific required item	Quest Helper 5ea99d5ea9ba3fb096ebe7b5ed02d80883e9819d: A Soul’s Bane
item.anger_spear.7809	Used during A Soul’s Bane	approved	Quest-specific required item	Quest Helper 5ea99d5ea9ba3fb096ebe7b5ed02d80883e9819d: A Soul’s Bane
item.anger_sword.7806	Used during A Soul’s Bane	approved	Quest-specific required item	Quest Helper 5ea99d5ea9ba3fb096ebe7b5ed02d80883e9819d: A Soul’s Bane
item.anti_dragon_shield.1540	Obtained during Dragon Slayer I; quest must be started to equip	approved	Direct quest item and equipment gate	OSRS Wiki: Anti-dragon shield
item.apple_barrel.6094	Used during Biohazard	approved	Direct required-item association; unique to one quest in pinned Quest Helper dataset	Quest Helper 5ea99d5ea9ba3fb096ebe7b5ed02d80883e9819d: Biohazard
item.arclight.19675	Used during Desert Treasure II	approved	Direct required-item association; unique to one quest in pinned Quest Helper dataset	Quest Helper 5ea99d5ea9ba3fb096ebe7b5ed02d80883e9819d: Desert Treasure II
item.arctic_pine_logs.10810	Used during The Fremennik Isles	approved	Quest-specific required item	Quest Helper 5ea99d5ea9ba3fb096ebe7b5ed02d80883e9819d: The Fremennik Isles
item.ardougne_knight_helm.23785	Used during Biohazard	approved	Direct required-item association; unique to one quest in pinned Quest Helper dataset	Quest Helper 5ea99d5ea9ba3fb096ebe7b5ed02d80883e9819d: Biohazard
item.ardougne_knight_platebody.23787	Used during Biohazard	approved	Direct required-item association; unique to one quest in pinned Quest Helper dataset	Quest Helper 5ea99d5ea9ba3fb096ebe7b5ed02d80883e9819d: Biohazard
item.ardougne_knight_platelegs.23789	Used during Biohazard	approved	Direct required-item association; unique to one quest in pinned Quest Helper dataset	Quest Helper 5ea99d5ea9ba3fb096ebe7b5ed02d80883e9819d: Biohazard
item.armadyl_pendant.87	Used during Temple of Ikov	approved	Quest-specific required item	Quest Helper 5ea99d5ea9ba3fb096ebe7b5ed02d80883e9819d: Temple of Ikov
item.asgarnian_ale.1905	Used during Death Plateau and Recipe for Disaster	approved	Exact catalogue-name match to direct required-item rows; variants, recommendations, alternatives, teleports, diary/skill helpers and ambiguous quantity rows excluded	Quest Helper 5ea99d5ea9ba3fb096ebe7b5ed02d80883e9819d: Death Plateau; Recipe for Disaster
item.asgoldian_ale.7508	Used during Recipe for Disaster	approved	Direct required item in Recipe for Disaster; corrected legacy quest attribution	Quest Helper 5ea99d5ea9ba3fb096ebe7b5ed02d80883e9819d: Recipe for Disaster; OSRS Wiki: Recipe for Disaster
item.ashes.592	Used during Desert Treasure I, Prince Ali Rescue, Recipe for Disaster and Shades of Mort’ton	approved	Direct required-item associations reviewed across Quest Helper quest definitions; recommendations, alternatives, travel conveniences and conditional rows excluded	Quest Helper 5ea99d5ea9ba3fb096ebe7b5ed02d80883e9819d: Desert Treasure I; Prince Ali Rescue; Recipe for Disaster; Shades of Mort’ton
item.assorted_flowers.2460	Used during Biohazard	approved	Direct required-item association; unique to one quest in pinned Quest Helper dataset	Quest Helper 5ea99d5ea9ba3fb096ebe7b5ed02d80883e9819d: Biohazard
item.astral_rune.9075	Used during Dragon Slayer II, Dream Mentor, The Fremennik Exiles and While Guthix Sleeps	approved	Direct required-item associations reviewed across Quest Helper quest definitions; travel conveniences, alternatives and diary/skill helpers excluded	Quest Helper 5ea99d5ea9ba3fb096ebe7b5ed02d80883e9819d: Dragon Slayer II; Dream Mentor; The Fremennik Exiles; While Guthix Sleeps
item.attack_mix.11431	Used during Barbarian Training	approved	Direct potion-mix training requirement; dose count omitted from quest relevance	Quest Helper pinned source 5ea99d5ea9ba3fb096ebe7b5ed02d80883e9819d
item.attack_potion.125	Used during Barbarian Training	approved	Direct potion training requirement; dose count omitted from quest relevance	Quest Helper pinned source 5ea99d5ea9ba3fb096ebe7b5ed02d80883e9819d
item.avantoe.261	Used during While Guthix Sleeps	approved	Direct required-item association; unique to one quest in pinned Quest Helper dataset	Quest Helper 5ea99d5ea9ba3fb096ebe7b5ed02d80883e9819d: While Guthix Sleeps
item.ball_of_wool.1759	Used during Enlightened Journey, Monkey Madness I, Prince Ali Rescue, Recipe for Disaster and Sheep Shearer	approved	Direct required-item associations reviewed across Quest Helper quest definitions; travel conveniences, alternatives and diary/skill helpers excluded	Quest Helper 5ea99d5ea9ba3fb096ebe7b5ed02d80883e9819d: Enlightened Journey; Monkey Madness I; Prince Ali Rescue; Recipe for Disaster; Sheep Shearer
item.balloon_toad.7564	Used during Recipe for Disaster	approved	Direct required item in Recipe for Disaster; corrected legacy quest attribution	Quest Helper 5ea99d5ea9ba3fb096ebe7b5ed02d80883e9819d: Recipe for Disaster; OSRS Wiki: Recipe for Disaster
item.banana.1963	Used during Monkey Madness I, Pirate’s Treasure, Recipe for Disaster and Tai Bwo Wannai Trio	approved	Direct required-item associations reviewed across Quest Helper quest definitions; travel conveniences, alternatives and diary/skill helpers excluded	Quest Helper 5ea99d5ea9ba3fb096ebe7b5ed02d80883e9819d: Monkey Madness I; Pirate’s Treasure; Recipe for Disaster; Tai Bwo Wannai Trio
item.bananas_1.5408	Used during Pirates Treasure	approved	Direct required-item association; unique to one quest in pinned Quest Helper dataset	Quest Helper 5ea99d5ea9ba3fb096ebe7b5ed02d80883e9819d: Pirates Treasure
item.barley_malt.6008	Used during Forgettable Tale…	approved	Direct required-item association; unique to one quest in pinned Quest Helper dataset	Quest Helper 5ea99d5ea9ba3fb096ebe7b5ed02d80883e9819d: Forgettable Tale…
item.barrel.1841	Used during Mourning’s End Part I, Regicide and The Tourist Trap	approved	Direct required-item associations reviewed across multiple Quest Helper quest definitions	Quest Helper 5ea99d5ea9ba3fb096ebe7b5ed02d80883e9819d: Mourning’s End Part I; Regicide; The Tourist Trap
item.barrelchest_anchor.10887	Used during The Great Brain Robbery	approved	Exact catalogue-name match to direct required-item rows; variants, recommendations, alternatives, teleports, diary/skill helpers and ambiguous quantity rows excluded	Quest Helper 5ea99d5ea9ba3fb096ebe7b5ed02d80883e9819d: The Great Brain Robbery
item.barrows_gloves.7462	Unlocked after completing Recipe for Disaster	approved	Quest reward shop unlock	OSRS Wiki: Barrows gloves
item.bass.365	Used during Family Crest	approved	Direct required-item association; unique to one quest in pinned Quest Helper dataset	Quest Helper 5ea99d5ea9ba3fb096ebe7b5ed02d80883e9819d: Family Crest
item.bat_bones.530	Used during Merlin's Crystal and Watchtower	approved	Direct required-item associations reviewed across Quest Helper quest definitions; travel conveniences, alternatives and diary/skill helpers excluded	Quest Helper 5ea99d5ea9ba3fb096ebe7b5ed02d80883e9819d: Merlin's Crystal; Watchtower
item.beacon_ring.11014	Used during What Lies Below	approved	Direct required-item association; unique to one quest in pinned Quest Helper dataset	Quest Helper 5ea99d5ea9ba3fb096ebe7b5ed02d80883e9819d: What Lies Below
item.beads_of_the_dead.616	Used during Shilo Village	approved	Direct required-item association; unique to one quest in pinned Quest Helper dataset	Quest Helper 5ea99d5ea9ba3fb096ebe7b5ed02d80883e9819d: Shilo Village
item.bear_fur.948	Used during Getting Ahead and Mourning’s End Part I	approved	Direct required-item associations reviewed across Quest Helper quest definitions; travel conveniences, alternatives and diary/skill helpers excluded	Quest Helper 5ea99d5ea9ba3fb096ebe7b5ed02d80883e9819d: Getting Ahead; Mourning’s End Part I
item.bedsheet.4284	Used during Ghosts Ahoy	approved	Quest-specific required item	Quest Helper 5ea99d5ea9ba3fb096ebe7b5ed02d80883e9819d: Ghosts Ahoy
item.beer.1917	Used during Forgettable Tale of a Drunken Dwarf, Prince Ali Rescue, The Feud, The Final Dawn, The Hand in the Sand, Tower of Life and Vampyre Slayer	approved	Direct required-item associations reviewed across Quest Helper quest definitions; recommendations, alternatives, travel conveniences and conditional rows excluded	Quest Helper 5ea99d5ea9ba3fb096ebe7b5ed02d80883e9819d: Forgettable Tale of a Drunken Dwarf; Prince Ali Rescue; The Feud; The Final Dawn; The Hand in the Sand; Tower of Life; Vampyre Slayer
item.beer_glass.1919	Used during Forgettable Tale of a Drunken Dwarf and The Final Dawn	approved	Direct required-item associations reviewed across Quest Helper quest definitions; travel conveniences, alternatives and diary/skill helpers excluded	Quest Helper 5ea99d5ea9ba3fb096ebe7b5ed02d80883e9819d: Forgettable Tale of a Drunken Dwarf; The Final Dawn
item.big_fishing_net.305	Used during Perilous Moon	approved	Direct required-item association; unique to one quest in pinned Quest Helper dataset	Quest Helper 5ea99d5ea9ba3fb096ebe7b5ed02d80883e9819d: Perilous Moon
item.black_bead.1474	Used during Imp Catcher	approved	Quest-specific required item	Quest Helper 5ea99d5ea9ba3fb096ebe7b5ed02d80883e9819d: Imp Catcher
item.black_dagger.1217	Used during Biohazard	approved	Direct required-item association; unique to one quest in pinned Quest Helper dataset	Quest Helper 5ea99d5ea9ba3fb096ebe7b5ed02d80883e9819d: Biohazard
item.black_dye.4622	Used during Land of the Goblins	approved	Direct reviewed requirement; corrected legacy quest attribution where applicable	Quest Helper 5ea99d5ea9ba3fb096ebe7b5ed02d80883e9819d: Land of the Goblins; OSRS Wiki: Land of the Goblins
item.black_full_helm.1165	Used during Heroes’ Quest	approved	Direct required-item associations reviewed across multiple Quest Helper quest definitions	Quest Helper 5ea99d5ea9ba3fb096ebe7b5ed02d80883e9819d: Heroes’ Quest
item.black_goblin_mail.9055	Used during Land of the Goblins	approved	Direct reviewed requirement; corrected legacy quest attribution where applicable	Quest Helper 5ea99d5ea9ba3fb096ebe7b5ed02d80883e9819d: Land of the Goblins; OSRS Wiki: Land of the Goblins
item.black_knife.869	Used during Biohazard	approved	Direct required-item association; unique to one quest in pinned Quest Helper dataset	Quest Helper 5ea99d5ea9ba3fb096ebe7b5ed02d80883e9819d: Biohazard
item.black_platebody.1125	Used during Heroes’ Quest	approved	Direct required-item associations reviewed across multiple Quest Helper quest definitions	Quest Helper 5ea99d5ea9ba3fb096ebe7b5ed02d80883e9819d: Heroes’ Quest
item.black_platelegs.1077	Used during Heroes’ Quest	approved	Direct required-item associations reviewed across multiple Quest Helper quest definitions	Quest Helper 5ea99d5ea9ba3fb096ebe7b5ed02d80883e9819d: Heroes’ Quest
item.blackstone_fragment.28356	Used during Desert Treasure II	approved	Quest-specific required item	Quest Helper 5ea99d5ea9ba3fb096ebe7b5ed02d80883e9819d: Desert Treasure II
item.blamish_oil.1582	Used during Heroes’ Quest	approved	Quest-specific required item	Quest Helper 5ea99d5ea9ba3fb096ebe7b5ed02d80883e9819d: Heroes’ Quest
item.blessed_axe.10491	Used during Animal Magnetism	approved	Quest-specific required item	Quest Helper 5ea99d5ea9ba3fb096ebe7b5ed02d80883e9819d: Animal Magnetism
item.blindweed_seed.6710	Used during Rum Deal	approved	Direct required-item association; unique to one quest in pinned Quest Helper dataset	Quest Helper 5ea99d5ea9ba3fb096ebe7b5ed02d80883e9819d: Rum Deal
item.blisterwood_flail.24699	Used during Sins of the Father	approved	Quest-specific required item	Quest Helper 5ea99d5ea9ba3fb096ebe7b5ed02d80883e9819d: Sins of the Father
item.blisterwood_logs.24691	Used during Sins of the Father	approved	Quest-specific required item	Quest Helper 5ea99d5ea9ba3fb096ebe7b5ed02d80883e9819d: Sins of the Father
item.blisterwood_sickle.24697	Used during Sins of the Father	approved	Exact catalogue-name match to direct required-item rows; variants, recommendations, alternatives, teleports, diary/skill helpers and ambiguous quantity rows excluded	Quest Helper 5ea99d5ea9ba3fb096ebe7b5ed02d80883e9819d: Sins of the Father
item.bloated_toad.2875	Used during Big Chompy Bird Hunting and Recipe for Disaster	approved	Direct required item shared by Big Chompy Bird Hunting and Recipe for Disaster	Quest Helper 5ea99d5ea9ba3fb096ebe7b5ed02d80883e9819d: Big Chompy Bird Hunting; Quest Helper 5ea99d5ea9ba3fb096ebe7b5ed02d80883e9819d: Recipe for Disaster; OSRS Wiki: Recipe for Disaster
item.blood_rune.565	Used during Desert Treasure I, Dragon Slayer II and Swan Song	approved	Direct required-item associations reviewed across Quest Helper quest definitions; travel conveniences, alternatives and diary/skill helpers excluded	Quest Helper 5ea99d5ea9ba3fb096ebe7b5ed02d80883e9819d: Desert Treasure I; Dragon Slayer II; Swan Song
item.blue_dye.1767	Used during Ghosts Ahoy, Goblin Diplomacy, Land of the Goblins and Mourning’s End Part I	approved	Direct required-item associations reviewed across Quest Helper quest definitions; recommendations, alternatives, travel conveniences and conditional rows excluded	Quest Helper 5ea99d5ea9ba3fb096ebe7b5ed02d80883e9819d: Ghosts Ahoy; Goblin Diplomacy; Land of the Goblins; Mourning’s End Part I
item.blue_goblin_mail.287	Used during Goblin Diplomacy and Land of the Goblins	approved	Direct reviewed requirement; corrected legacy quest attribution where applicable	OSRS Wiki: Goblin Diplomacy; Quest Helper 5ea99d5ea9ba3fb096ebe7b5ed02d80883e9819d: Land of the Goblins; OSRS Wiki: Land of the Goblins
item.blunt_axe.4415	Used during One Small Favour	approved	Direct required-item association; unique to one quest in pinned Quest Helper dataset	Quest Helper 5ea99d5ea9ba3fb096ebe7b5ed02d80883e9819d: One Small Favour
item.blurite_ore.668	Used during The Knight's Sword	approved	Direct required-item association; unique to one quest in pinned Quest Helper dataset	Quest Helper 5ea99d5ea9ba3fb096ebe7b5ed02d80883e9819d: The Knight's Sword
item.blurite_sword.667	Used during The Knight's Sword	approved	Direct required-item association; unique to one quest in pinned Quest Helper dataset	Quest Helper 5ea99d5ea9ba3fb096ebe7b5ed02d80883e9819d: The Knight's Sword
item.body-rune	Used during While Guthix Sleeps	approved	Exact catalogue-name match to direct required-item rows; variants, recommendations, alternatives, teleports, diary/skill helpers and ambiguous quantity rows excluded	Quest Helper 5ea99d5ea9ba3fb096ebe7b5ed02d80883e9819d: While Guthix Sleeps
item.bolt_of_cloth.8790	Used during Making Friends With My Arm	approved	Direct required-item association; unique to one quest in pinned Quest Helper dataset	Quest Helper 5ea99d5ea9ba3fb096ebe7b5ed02d80883e9819d: Making Friends With My Arm
item.bone_in_vinegar.7813	Used during Rag And Bone Man II	approved	Direct required-item association; unique to one quest in pinned Quest Helper dataset	Quest Helper 5ea99d5ea9ba3fb096ebe7b5ed02d80883e9819d: Rag And Bone Man II
item.bone_seeds.7950	Used during Swan Song	approved	Exact quest-item identity; singular source wording mapped to catalogue display	Quest Helper pinned source 5ea99d5ea9ba3fb096ebe7b5ed02d80883e9819d
item.bones.526	Used during Desert Treasure I, Shilo Village and Swan Song	approved	Direct required-item associations reviewed across Quest Helper quest definitions; recommendations, alternatives, travel conveniences and conditional rows excluded	Quest Helper 5ea99d5ea9ba3fb096ebe7b5ed02d80883e9819d: Desert Treasure I; Shilo Village; Swan Song
item.boots_of_lightness.88	Used during Temple of Ikov	approved	Quest-specific required item	Quest Helper 5ea99d5ea9ba3fb096ebe7b5ed02d80883e9819d: Temple of Ikov
item.bottle_of_fish_bladder_stout.31833	Used during Prying Times	approved	Direct required-item association; unique to one quest in pinned Quest Helper dataset	Quest Helper 5ea99d5ea9ba3fb096ebe7b5ed02d80883e9819d: Prying Times
item.bow_string.1777	Used during Devious Minds	approved	Direct required-item association; unique to one quest in pinned Quest Helper dataset	Quest Helper 5ea99d5ea9ba3fb096ebe7b5ed02d80883e9819d: Devious Minds
item.bow_sword.6818	Used during Devious Minds	approved	Quest-specific required item	Quest Helper 5ea99d5ea9ba3fb096ebe7b5ed02d80883e9819d: Devious Minds
item.bowl	Used during Enlightened Journey and What Lies Below	approved	Exact catalogue-name match to direct required-item rows; variants, recommendations, alternatives, teleports, diary/skill helpers and ambiguous quantity rows excluded	Quest Helper 5ea99d5ea9ba3fb096ebe7b5ed02d80883e9819d: Enlightened Journey; What Lies Below
item.bowl_of_hot_water.4456	Used during One Small Favour	approved	Direct required-item association; unique to one quest in pinned Quest Helper dataset	Quest Helper 5ea99d5ea9ba3fb096ebe7b5ed02d80883e9819d: One Small Favour
item.bowl_of_water.1921	Used during Recipe for Disaster and Scrambled!	approved	Direct required-item associations reviewed across Quest Helper quest definitions; travel conveniences, alternatives and diary/skill helpers excluded	Quest Helper 5ea99d5ea9ba3fb096ebe7b5ed02d80883e9819d: Recipe for Disaster; Scrambled!
item.box_trap.10008	Used during At First Light	approved	Direct required-item association; unique to one quest in pinned Quest Helper dataset	Quest Helper 5ea99d5ea9ba3fb096ebe7b5ed02d80883e9819d: At First Light
item.bravery_potion.739	Used during Legends' Quest	approved	Direct required-item association; unique to one quest in pinned Quest Helper dataset	Quest Helper 5ea99d5ea9ba3fb096ebe7b5ed02d80883e9819d: Legends' Quest
item.bread	Used during Below Ice Mountain, Death Plateau, Merlin's Crystal and Recipe for Disaster	approved	Direct required item; consolidated exact active-catalogue match	Quest Helper 5ea99d5ea9ba3fb096ebe7b5ed02d80883e9819d: Below Ice Mountain, Death Plateau, Merlin's Crystal and Recipe for Disaster
item.broav.29519	Used during While Guthix Sleeps	approved	Quest-specific required item	Quest Helper 5ea99d5ea9ba3fb096ebe7b5ed02d80883e9819d: While Guthix Sleeps
item.bronze-bar	Used during Observatory Quest, One Small Favour, Prince Ali Rescue, The Giant Dwarf and The Tourist Trap; Used during Barbarian Training	approved	Direct required item; consolidated exact active-catalogue match; Canonical active-card identity resolved during quest completeness review	Quest Helper 5ea99d5ea9ba3fb096ebe7b5ed02d80883e9819d: Observatory Quest, One Small Favour, Prince Ali Rescue, The Giant Dwarf and The Tourist Trap; Quest completeness review batch 6
item.bronze_axe	Used during In Aid of the Myreque	approved	Exact catalogue-name match to direct required-item rows; variants, recommendations, alternatives, teleports, diary/skill helpers and ambiguous quantity rows excluded	Quest Helper 5ea99d5ea9ba3fb096ebe7b5ed02d80883e9819d: In Aid of the Myreque
item.bronze_feather.10177	Used during Eagles’ Peak	approved	Quest-specific required item	Quest Helper 5ea99d5ea9ba3fb096ebe7b5ed02d80883e9819d: Eagles’ Peak
item.bronze_med_helm	Used during Black Knights’ Fortress, King’s Ransom and While Guthix Sleeps	approved	Exact catalogue-name match to direct required-item rows; variants, recommendations, alternatives, teleports, diary/skill helpers and ambiguous quantity rows excluded	Quest Helper 5ea99d5ea9ba3fb096ebe7b5ed02d80883e9819d: Black Knights’ Fortress; King’s Ransom; While Guthix Sleeps
item.bronze_nails.4819	Used during The Fremennik Isles	approved	Direct construction-material requirement; singular source wording mapped to stackable catalogue item	Quest Helper pinned source 5ea99d5ea9ba3fb096ebe7b5ed02d80883e9819d
item.bronze_wire.1794	Used during Creature of Fenkenstrain, Recipe for Disaster and Shilo Village	approved	Direct required-item associations reviewed across Quest Helper quest definitions; travel conveniences, alternatives and diary/skill helpers excluded	Quest Helper 5ea99d5ea9ba3fb096ebe7b5ed02d80883e9819d: Creature of Fenkenstrain; Recipe for Disaster; Shilo Village
item.brown_apron.1757	Used during Swan Song	approved	Direct required-item association; unique to one quest in pinned Quest Helper dataset	Quest Helper 5ea99d5ea9ba3fb096ebe7b5ed02d80883e9819d: Swan Song
item.brulee.7473	Used during Recipe for Disaster	approved	Direct required item in Recipe for Disaster; corrected legacy quest attribution	Quest Helper 5ea99d5ea9ba3fb096ebe7b5ed02d80883e9819d: Recipe for Disaster; OSRS Wiki: Recipe for Disaster
item.brulee_supreme.7476	Used during Recipe for Disaster	approved	Direct required item in Recipe for Disaster; corrected legacy quest attribution	Quest Helper 5ea99d5ea9ba3fb096ebe7b5ed02d80883e9819d: Recipe for Disaster; OSRS Wiki: Recipe for Disaster
item.bucket	Used during Clock Tower, Cook's Assistant, Demon Slayer, Getting Ahead, Icthlarin's Little Helper, In Aid of the Myreque, Making Friends with My Arm, Merlin's Crystal, Misthalin Mystery, My Arm's Big Adventure, Priest in Peril, Regicide, Rum Deal, Sleeping Giants, The Feud and Underground Pass	approved	Direct required item; consolidated exact active-catalogue match	Quest Helper 5ea99d5ea9ba3fb096ebe7b5ed02d80883e9819d: Clock Tower, Cook's Assistant, Demon Slayer, Getting Ahead, Icthlarin's Little Helper, In Aid of the Myreque, Making Friends with My Arm, Merlin's Crystal, Misthalin Mystery, My Arm's Big Adventure, Priest in Peril, Regicide, Rum Deal, Sleeping Giants, The Feud and Underground Pass
item.bucket_of_milk.1927	Used during A Tail of Two Cats, Cook's Assistant, Gertrude’s Cat, Ghosts Ahoy, Plague City, Ratcatchers and Recipe for Disaster	approved	Direct required-item associations reviewed across Quest Helper quest definitions; recommendations, alternatives, travel conveniences and conditional rows excluded	Quest Helper 5ea99d5ea9ba3fb096ebe7b5ed02d80883e9819d: A Tail of Two Cats; Cook's Assistant; Gertrude’s Cat; Ghosts Ahoy; Plague City; Ratcatchers; Recipe for Disaster
item.bucket_of_saltwater.4693	Used during Icthlarin’s Little Helper	approved	Quest-specific required item	Quest Helper 5ea99d5ea9ba3fb096ebe7b5ed02d80883e9819d: Icthlarin’s Little Helper
item.bucket_of_sand.1783	Used during The Hand in the Sand	approved	Direct required-item association; unique to one quest in pinned Quest Helper dataset	Quest Helper 5ea99d5ea9ba3fb096ebe7b5ed02d80883e9819d: The Hand in the Sand
item.bucket_of_sap.4687	Used during Icthlarin’s Little Helper	approved	Quest-specific required item	Quest Helper 5ea99d5ea9ba3fb096ebe7b5ed02d80883e9819d: Icthlarin’s Little Helper
item.bucket_of_slime.4286	Used during Ghosts Ahoy	approved	Direct required-item association; unique to one quest in pinned Quest Helper dataset	Quest Helper 5ea99d5ea9ba3fb096ebe7b5ed02d80883e9819d: Ghosts Ahoy
item.bucket_of_water.1929	Used during Demon Slayer I, Forgettable Tale of a Drunken Dwarf, Getting Ahead, Making Friends with My Arm, Mourning’s End Part I, Plague City, Prince Ali Rescue, Recipe for Disaster, Rum Deal, Skippy and the Mogres, Sleeping Giants and Temple of the Eye	approved	Direct required-item associations reviewed across Quest Helper quest and miniquest definitions; teleports, recommendations, alternatives, diary/skill helpers and conditional rows excluded	Quest Helper 5ea99d5ea9ba3fb096ebe7b5ed02d80883e9819d: Demon Slayer I; Forgettable Tale of a Drunken Dwarf; Getting Ahead; Making Friends with My Arm; Mourning’s End Part I; Plague City; Prince Ali Rescue; Recipe for Disaster; Rum Deal; Skippy and the Mogres; Sleeping Giants; Temple of the Eye
item.bucket_of_wax.30	Used during Merlin's Crystal and Troll Romance	approved	Direct required-item associations reviewed across Quest Helper quest definitions; travel conveniences, alternatives and diary/skill helpers excluded	Quest Helper 5ea99d5ea9ba3fb096ebe7b5ed02d80883e9819d: Merlin's Crystal; Troll Romance
item.builder_s_boots.10865	Used during Tower Of Life	approved	Direct required-item association; unique to one quest in pinned Quest Helper dataset	Quest Helper 5ea99d5ea9ba3fb096ebe7b5ed02d80883e9819d: Tower Of Life
item.builder_s_shirt.10863	Used during Tower Of Life	approved	Direct required-item association; unique to one quest in pinned Quest Helper dataset	Quest Helper 5ea99d5ea9ba3fb096ebe7b5ed02d80883e9819d: Tower Of Life
item.builder_s_trousers.10864	Used during Tower Of Life	approved	Direct required-item association; unique to one quest in pinned Quest Helper dataset	Quest Helper 5ea99d5ea9ba3fb096ebe7b5ed02d80883e9819d: Tower Of Life
item.bullseye_lantern.4548	Used during Lunar Diplomacy	approved	Exact catalogue-name match to direct required-item rows; variants, recommendations, alternatives, teleports, diary/skill helpers and ambiguous quantity rows excluded	Quest Helper 5ea99d5ea9ba3fb096ebe7b5ed02d80883e9819d: Lunar Diplomacy
item.burnt_jogre_bones.3127	Used during Tai Bwo Wannai Trio	approved	Direct required-item association; unique to one quest in pinned Quest Helper dataset	Quest Helper 5ea99d5ea9ba3fb096ebe7b5ed02d80883e9819d: Tai Bwo Wannai Trio
item.burnt_meat.2146	Used during Witch's Potion	approved	Direct required item; general obtainable item rather than temporary quest state	Quest Helper pinned source; quest catalogue-gap review
item.butler_s_uniform.29914	Used during Death on the Isle	approved	Direct required outfit; the active catalogue family consolidates the quest shirt and trousers into one Butler's uniform card	Quest Helper 5ea99d5ea9ba3fb096ebe7b5ed02d80883e9819d: Death on the Isle
item.cabbage.1965	Used during Big Chompy Bird Hunting, Black Knights' Fortress, Song of the Elves and The Fremennik Trials	approved	Direct required-item associations reviewed across Quest Helper quest definitions; travel conveniences, alternatives and diary/skill helpers excluded	Quest Helper 5ea99d5ea9ba3fb096ebe7b5ed02d80883e9819d: Big Chompy Bird Hunting; Black Knights' Fortress; Song of the Elves; The Fremennik Trials
item.cabbage_seed.5324	Used during Garden of Tranquillity	approved	Direct seed requirement; uncertain safety quantity omitted from runtime wording	Quest Helper pinned source 5ea99d5ea9ba3fb096ebe7b5ed02d80883e9819d
item.cadantine_seed.5301	Used during Biohazard	approved	Direct required-item association; unique to one quest in pinned Quest Helper dataset	Quest Helper 5ea99d5ea9ba3fb096ebe7b5ed02d80883e9819d: Biohazard
item.cadava_berries.753	Used during Making Friends With My Arm and Romeo And Juliet	approved	Direct required-item associations reviewed across multiple Quest Helper quest definitions	Quest Helper 5ea99d5ea9ba3fb096ebe7b5ed02d80883e9819d: Making Friends With My Arm; Romeo And Juliet
item.cadava_potion.756	Used during Romeo And Juliet	approved	Direct required-item association; unique to one quest in pinned Quest Helper dataset	Quest Helper 5ea99d5ea9ba3fb096ebe7b5ed02d80883e9819d: Romeo And Juliet
item.cake.1891	Used during Desert Treasure I	approved	Direct required-item associations reviewed across Quest Helper quest definitions; recommendations, alternatives, travel conveniences and conditional rows excluded	Quest Helper 5ea99d5ea9ba3fb096ebe7b5ed02d80883e9819d: Desert Treasure I
item.cake_tin.1887	Used during Recipe for Disaster and Troll Romance	approved	Direct required-item associations reviewed across Quest Helper quest definitions; travel conveniences, alternatives and diary/skill helpers excluded	Quest Helper 5ea99d5ea9ba3fb096ebe7b5ed02d80883e9819d: Recipe for Disaster; Troll Romance
item.camel_mould.7001	Used during Enakhra’s Lament	approved	Quest-specific required item	Quest Helper 5ea99d5ea9ba3fb096ebe7b5ed02d80883e9819d: Enakhra’s Lament
item.candle.36	Used during Enakhra’s Lament	approved	Direct required-item association; unique to one quest in pinned Quest Helper dataset	Quest Helper 5ea99d5ea9ba3fb096ebe7b5ed02d80883e9819d: Enakhra’s Lament
item.cannon_barrel.7145	Used during Cabin Fever	approved	Quest-specific required item	Quest Helper 5ea99d5ea9ba3fb096ebe7b5ed02d80883e9819d: Cabin Fever
item.captain_s_log.31985	Used during Prying Times	approved	Direct required-item association; unique to one quest in pinned Quest Helper dataset	Quest Helper 5ea99d5ea9ba3fb096ebe7b5ed02d80883e9819d: Prying Times
item.carnillean_armour.2405	Used during Hazeel Cult	approved	Quest-specific required item	Quest Helper 5ea99d5ea9ba3fb096ebe7b5ed02d80883e9819d: Hazeel Cult
item.cat_antipoison.6766	Used during Rat Catchers	approved	Direct required-item association; unique to one quest in pinned Quest Helper dataset	Quest Helper 5ea99d5ea9ba3fb096ebe7b5ed02d80883e9819d: Rat Catchers
item.catspeak_amulet.4677	Used during A Tail of Two Cats, Dragon Slayer II and Ratcatchers	approved	Exact catalogue-name match to direct required-item rows; variants, recommendations, alternatives, teleports, diary/skill helpers and ambiguous quantity rows excluded	Quest Helper 5ea99d5ea9ba3fb096ebe7b5ed02d80883e9819d: A Tail of Two Cats; Dragon Slayer II; Ratcatchers
item.catspeak_amulet_e.6544	Used during A Tail of Two Cats and Dragon Slayer II	approved	Exact enchanted Catspeak amulet requirements; base-amulet uses remain on the base card	Quest Helper pinned source 5ea99d5ea9ba3fb096ebe7b5ed02d80883e9819d
item.cattleprod.278	Used during Sheep Herder	approved	Direct required-item association; unique to one quest in pinned Quest Helper dataset	Quest Helper 5ea99d5ea9ba3fb096ebe7b5ed02d80883e9819d: Sheep Herder
item.cave_nightshade.2398	Used during Watchtower	approved	Direct required-item association; unique to one quest in pinned Quest Helper dataset	Quest Helper 5ea99d5ea9ba3fb096ebe7b5ed02d80883e9819d: Watchtower
item.chaos-rune	Used during Enakhra’s Lament	approved	Exact catalogue-name match to direct required-item rows; variants, recommendations, alternatives, teleports, diary/skill helpers and ambiguous quantity rows excluded	Quest Helper 5ea99d5ea9ba3fb096ebe7b5ed02d80883e9819d: Enakhra’s Lament
item.charcoal.973	Used during Current Affairs, Darkness of Hallowvale, Desert Treasure I, Legends’ Quest, Recipe for Disaster, Shilo Village, The Dig Site, While Guthix Sleeps and Zogre Flesh Eaters	approved	Direct required-item associations reviewed across Quest Helper quest and miniquest definitions; teleports, recommendations, alternatives, diary/skill helpers and conditional rows excluded	Quest Helper 5ea99d5ea9ba3fb096ebe7b5ed02d80883e9819d: Current Affairs; Darkness of Hallowvale; Desert Treasure I; Legends’ Quest; Recipe for Disaster; Shilo Village; The Dig Site; While Guthix Sleeps; Zogre Flesh Eaters
item.cheese.1985	Used during Ratcatchers and Witch's House	approved	Direct required-item associations reviewed across Quest Helper quest definitions; travel conveniences, alternatives and diary/skill helpers excluded	Quest Helper 5ea99d5ea9ba3fb096ebe7b5ed02d80883e9819d: Ratcatchers; Witch's House
item.chewed_bones.11338	Used during Barbarian Training	approved	Direct pyre-ship training requirement	Quest Helper pinned source 5ea99d5ea9ba3fb096ebe7b5ed02d80883e9819d
item.chisel	Used during A Taste of Hope, Big Chompy Bird Hunting, Desert Treasure II, Dragon Slayer II, Enakhra's Lament, Haunted Mine, Monkey Madness II, Mourning's End Part II, One Small Favour, Shilo Village, Sins of the Father, Sleeping Giants, Tears of Guthix, Temple of the Eye, The Slug Menace and While Guthix Sleeps	approved	Direct required item; consolidated exact active-catalogue match	Quest Helper 5ea99d5ea9ba3fb096ebe7b5ed02d80883e9819d: A Taste of Hope, Big Chompy Bird Hunting, Desert Treasure II, Dragon Slayer II, Enakhra's Lament, Haunted Mine, Monkey Madness II, Mourning's End Part II, One Small Favour, Shilo Village, Sins of the Father, Sleeping Giants, Tears of Guthix, Temple of the Eye, The Slug Menace and While Guthix Sleeps
item.chocolate_cake.1897	Used during A Tail of Two Cats	approved	Direct required-item association; unique to one quest in pinned Quest Helper dataset	Quest Helper 5ea99d5ea9ba3fb096ebe7b5ed02d80883e9819d: A Tail of Two Cats
item.chocolate_dust.1975	Used during Plague City and While Guthix Sleeps	approved	Direct required-item associations reviewed across Quest Helper quest definitions; travel conveniences, alternatives and diary/skill helpers excluded	Quest Helper 5ea99d5ea9ba3fb096ebe7b5ed02d80883e9819d: Plague City; While Guthix Sleeps
item.chocolatey_milk.1977	Used during Plague City	approved	Direct required-item association; unique to one quest in pinned Quest Helper dataset	Quest Helper 5ea99d5ea9ba3fb096ebe7b5ed02d80883e9819d: Plague City
item.chronicle.13660	Used during Dragon Slayer and What Lies Below	approved	Direct required-item associations reviewed across multiple Quest Helper quest definitions	Quest Helper 5ea99d5ea9ba3fb096ebe7b5ed02d80883e9819d: Dragon Slayer; What Lies Below
item.civitas_illa_fortis_teleport.28824	Used during The Final Dawn and The Heart of Darkness	approved	Direct required-item associations reviewed across multiple Quest Helper quest definitions	Quest Helper 5ea99d5ea9ba3fb096ebe7b5ed02d80883e9819d: The Final Dawn; The Heart of Darkness
item.clay.434	Used during Doric's Quest, Getting Ahead and The Giant Dwarf	approved	Direct required-item associations reviewed across Quest Helper quest definitions; travel conveniences, alternatives and diary/skill helpers excluded	Quest Helper 5ea99d5ea9ba3fb096ebe7b5ed02d80883e9819d: Doric's Quest; Getting Ahead; The Giant Dwarf
item.clay_head.25145	Used during Getting Ahead	approved	Quest-specific required item	Quest Helper 5ea99d5ea9ba3fb096ebe7b5ed02d80883e9819d: Getting Ahead
item.clockwork.8792	Used during Cold War	approved	Quest-specific required item	Quest Helper 5ea99d5ea9ba3fb096ebe7b5ed02d80883e9819d: Cold War
item.clockwork_suit.10595	Used during Cold War	approved	Quest-specific required item	Quest Helper 5ea99d5ea9ba3fb096ebe7b5ed02d80883e9819d: Cold War
item.coal	Used during Beneath Cursed Sands, Elemental Workshop I, Elemental Workshop II, Enakhra's Lament, In Aid of the Myreque, Regicide, Royal Trouble, The Fremennik Isles and The Giant Dwarf	approved	Direct required item; consolidated exact active-catalogue match	Quest Helper 5ea99d5ea9ba3fb096ebe7b5ed02d80883e9819d: Beneath Cursed Sands, Elemental Workshop I, Elemental Workshop II, Enakhra's Lament, In Aid of the Myreque, Regicide, Royal Trouble, The Fremennik Isles and The Giant Dwarf
item.conductor_mould.4200	Used during Creature of Fenkenstrain	approved	Exact quest-tool identity; spelling normalised to catalogue display	Quest Helper pinned source 5ea99d5ea9ba3fb096ebe7b5ed02d80883e9819d
item.consecration_seed.4205	Used during Roving Elves	approved	Direct required-item association; unique to one quest in pinned Quest Helper dataset	Quest Helper 5ea99d5ea9ba3fb096ebe7b5ed02d80883e9819d: Roving Elves
item.cooked_fishcake.7530	Used during Recipe for Disaster	approved	Direct required item in Recipe for Disaster; corrected legacy quest attribution	Quest Helper 5ea99d5ea9ba3fb096ebe7b5ed02d80883e9819d: Recipe for Disaster; OSRS Wiki: Recipe for Disaster
item.cooked_jubbly.7568	Used during Recipe for Disaster	approved	Direct required item in Recipe for Disaster; corrected legacy quest attribution	Quest Helper 5ea99d5ea9ba3fb096ebe7b5ed02d80883e9819d: Recipe for Disaster; OSRS Wiki: Recipe for Disaster
item.cooked_meat	Used during Below Ice Mountain	approved	Exact catalogue-name match to direct required-item rows; variants, recommendations, alternatives, teleports, diary/skill helpers and ambiguous quantity rows excluded	Quest Helper 5ea99d5ea9ba3fb096ebe7b5ed02d80883e9819d: Below Ice Mountain
item.cooked_rabbit.3228	Used during Regicide	approved	Direct required-item association; unique to one quest in pinned Quest Helper dataset	Quest Helper 5ea99d5ea9ba3fb096ebe7b5ed02d80883e9819d: Regicide
item.copper_ore	Used during Doric’s Quest and The Giant Dwarf	approved	Exact catalogue-name match to direct required-item rows; variants, recommendations, alternatives, teleports, diary/skill helpers and ambiguous quantity rows excluded	Quest Helper 5ea99d5ea9ba3fb096ebe7b5ed02d80883e9819d: Doric’s Quest; The Giant Dwarf
item.cornflour_mixture.7470	Used during Recipe for Disaster	approved	Direct required item in Recipe for Disaster; corrected legacy quest attribution	Quest Helper 5ea99d5ea9ba3fb096ebe7b5ed02d80883e9819d: Recipe for Disaster; OSRS Wiki: Recipe for Disaster
item.corpse_of_woman.4488	Used during Mountain Daughter	approved	Direct required-item association; unique to one quest in pinned Quest Helper dataset	Quest Helper 5ea99d5ea9ba3fb096ebe7b5ed02d80883e9819d: Mountain Daughter
item.cosmic-rune	Used during A Taste of Hope, In Aid of the Myreque, Legends Quest, Sins of the Father and While Guthix Sleeps	approved	Direct required item; consolidated exact active-catalogue match	Quest Helper 5ea99d5ea9ba3fb096ebe7b5ed02d80883e9819d: A Taste of Hope, In Aid of the Myreque, Legends Quest, Sins of the Father and While Guthix Sleeps
item.costume_needle.29920	Used during At First Light	approved	Quest-specific required item	Quest Helper 5ea99d5ea9ba3fb096ebe7b5ed02d80883e9819d: At First Light
item.cowbells.10593	Used during Cold War	approved	Exact catalogue match to the required Cowbell item; plural catalogue display retained	Quest Helper pinned source 5ea99d5ea9ba3fb096ebe7b5ed02d80883e9819d
item.crate_with_zanik.8871	Used during Death to the Dorgeshuun	approved	Quest-specific required item	Quest Helper 5ea99d5ea9ba3fb096ebe7b5ed02d80883e9819d: Death to the Dorgeshuun
item.criminal_s_thread.1808	Used during Murder Mystery	approved	Direct required-item associations reviewed across multiple Quest Helper quest definitions	Quest Helper 5ea99d5ea9ba3fb096ebe7b5ed02d80883e9819d: Murder Mystery
item.crone_made_amulet.10500	Used during Animal Magnetism	approved	Quest-specific required item	Quest Helper 5ea99d5ea9ba3fb096ebe7b5ed02d80883e9819d: Animal Magnetism
item.crystal_chime.28577	Used during The Path of Glouphrie	approved	Quest-specific required item	Quest Helper 5ea99d5ea9ba3fb096ebe7b5ed02d80883e9819d: The Path of Glouphrie
item.crystal_chime_seed.28575	Used during The Path of Glouphrie	approved	Quest-specific required item	Quest Helper 5ea99d5ea9ba3fb096ebe7b5ed02d80883e9819d: The Path of Glouphrie
item.crystal_pendant.3208	Used during Regicide	approved	Direct required-item association; unique to one quest in pinned Quest Helper dataset	Quest Helper 5ea99d5ea9ba3fb096ebe7b5ed02d80883e9819d: Regicide
item.crystal_seed.23808	Used during Biohazard	approved	Direct required-item association; unique to one quest in pinned Quest Helper dataset	Quest Helper 5ea99d5ea9ba3fb096ebe7b5ed02d80883e9819d: Biohazard
item.cup_of_hot_water.4460	Used during One Small Favour	approved	Direct required-item association; unique to one quest in pinned Quest Helper dataset	Quest Helper 5ea99d5ea9ba3fb096ebe7b5ed02d80883e9819d: One Small Favour
item.cup_of_tea.712	Used during Ghosts Ahoy, The Dig Site and Zogre Flesh Eaters	approved	Direct required-item associations reviewed across Quest Helper quest definitions; travel conveniences, alternatives and diary/skill helpers excluded	Quest Helper 5ea99d5ea9ba3fb096ebe7b5ed02d80883e9819d: Ghosts Ahoy; The Dig Site; Zogre Flesh Eaters
item.damiana_tea.30981	Used during Scrambled	approved	Direct required-item association; unique to one quest in pinned Quest Helper dataset	Quest Helper 5ea99d5ea9ba3fb096ebe7b5ed02d80883e9819d: Scrambled
item.damiana_water.30979	Used during Scrambled	approved	Direct required-item association; unique to one quest in pinned Quest Helper dataset	Quest Helper 5ea99d5ea9ba3fb096ebe7b5ed02d80883e9819d: Scrambled
item.damp_planks.11031	Used during Olaf's Quest	approved	Direct required-item association; unique to one quest in pinned Quest Helper dataset	Quest Helper 5ea99d5ea9ba3fb096ebe7b5ed02d80883e9819d: Olaf's Quest
item.dark_dagger.746	Used during Legends' Quest	approved	Direct required-item association; unique to one quest in pinned Quest Helper dataset	Quest Helper 5ea99d5ea9ba3fb096ebe7b5ed02d80883e9819d: Legends' Quest
item.dark_essence_block.13446	Used during A Kingdom Divided	approved	Direct required-item association; unique to one quest in pinned Quest Helper dataset	Quest Helper 5ea99d5ea9ba3fb096ebe7b5ed02d80883e9819d: A Kingdom Divided
item.dark_squall_hood.29566	Used during While Guthix Sleeps	approved	Quest-specific required item	Quest Helper 5ea99d5ea9ba3fb096ebe7b5ed02d80883e9819d: While Guthix Sleeps
item.dark_squall_robe_bottom.29570	Used during While Guthix Sleeps	approved	Quest-specific required item	Quest Helper 5ea99d5ea9ba3fb096ebe7b5ed02d80883e9819d: While Guthix Sleeps
item.dark_squall_robe_top.29568	Used during While Guthix Sleeps	approved	Quest-specific required item	Quest Helper 5ea99d5ea9ba3fb096ebe7b5ed02d80883e9819d: While Guthix Sleeps
item.darklight.6746	Obtained during Shadow of the Storm	approved	Quest weapon upgraded from Silverlight	OSRS Wiki: Darklight
item.death-rune	Used during Watchtower and While Guthix Sleeps; Used during Desert Treasure II	approved	Exact catalogue-name match to direct required-item rows; variants, recommendations, alternatives, teleports, diary/skill helpers and ambiguous quantity rows excluded; Canonical active-card identity resolved during quest completeness review	Quest Helper 5ea99d5ea9ba3fb096ebe7b5ed02d80883e9819d: Watchtower; While Guthix Sleeps; Quest completeness review batch 6
item.deep_sea_apparatus.31296	Used during The Red Reef	approved	Quest-specific required item	Quest Helper 5ea99d5ea9ba3fb096ebe7b5ed02d80883e9819d: The Red Reef
item.deep_sea_helmet.31295	Used during The Red Reef	approved	Quest-specific required item	Quest Helper 5ea99d5ea9ba3fb096ebe7b5ed02d80883e9819d: The Red Reef
item.defence_potion.137	Used during A Kingdom Divided	approved	Direct Defence potion requirement; accepted dose variants consolidated on canonical card	Quest Helper pinned source 5ea99d5ea9ba3fb096ebe7b5ed02d80883e9819d
item.delphinium_seed.6457	Used during Garden of Tranquillity	approved	Direct garden-quest seed requirement	Quest Helper pinned source 5ea99d5ea9ba3fb096ebe7b5ed02d80883e9819d
item.demonic_sigil_mould.6747	Used during Shadow of the Storm	approved	Quest-specific required item	Quest Helper 5ea99d5ea9ba3fb096ebe7b5ed02d80883e9819d: Shadow of the Storm
item.desert_boots.1837	Used during The Tourist Trap	approved	Direct required-item association; unique to one quest in pinned Quest Helper dataset	Quest Helper 5ea99d5ea9ba3fb096ebe7b5ed02d80883e9819d: The Tourist Trap
item.desert_disguise.4611	Used during The Feud	approved	Direct required-item association; unique to one quest in pinned Quest Helper dataset	Quest Helper 5ea99d5ea9ba3fb096ebe7b5ed02d80883e9819d: The Feud
item.desert_robe.1835	Used during A Tail of Two Cats and The Tourist Trap	approved	Direct required-item associations reviewed across Quest Helper quest definitions; travel conveniences, alternatives and diary/skill helpers excluded	Quest Helper 5ea99d5ea9ba3fb096ebe7b5ed02d80883e9819d: A Tail of Two Cats; The Tourist Trap
item.desert_shirt.1833	Used during A Tail of Two Cats and The Tourist Trap	approved	Direct required-item associations reviewed across Quest Helper quest definitions; travel conveniences, alternatives and diary/skill helpers excluded	Quest Helper 5ea99d5ea9ba3fb096ebe7b5ed02d80883e9819d: A Tail of Two Cats; The Tourist Trap
item.diamond	Used during Legends’ Quest	approved	Exact catalogue-name match to direct required-item rows; variants, recommendations, alternatives, teleports, diary/skill helpers and ambiguous quantity rows excluded	Quest Helper 5ea99d5ea9ba3fb096ebe7b5ed02d80883e9819d: Legends’ Quest
item.digsite_pendant.11190	Used during Desert Treasure II	approved	Direct required-item association; unique to one quest in pinned Quest Helper dataset	Quest Helper 5ea99d5ea9ba3fb096ebe7b5ed02d80883e9819d: Desert Treasure II
item.dinh_s_hammer.22761	Used during The Forsaken Tower	approved	Direct required-item association; unique to one quest in pinned Quest Helper dataset	Quest Helper 5ea99d5ea9ba3fb096ebe7b5ed02d80883e9819d: The Forsaken Tower
item.dirty_blast.7497	Used during Recipe for Disaster	approved	Direct required item in Recipe for Disaster; corrected legacy quest attribution	Quest Helper 5ea99d5ea9ba3fb096ebe7b5ed02d80883e9819d: Recipe for Disaster; OSRS Wiki: Recipe for Disaster
item.diving_apparatus.7535	Used during Recipe for Disaster and The Great Brain Robbery	approved	Direct required-item associations reviewed across multiple Quest Helper quest definitions	Quest Helper 5ea99d5ea9ba3fb096ebe7b5ed02d80883e9819d: Recipe for Disaster; The Great Brain Robbery
item.doogle_leaves.1573	Used during Big Chompy Bird Hunting and Gertrude’s Cat	approved	Direct required-item associations reviewed across multiple Quest Helper quest definitions	Quest Helper 5ea99d5ea9ba3fb096ebe7b5ed02d80883e9819d: Big Chompy Bird Hunting; Gertrude’s Cat
item.dragon_bones.536	Used during Watchtower	approved	Direct required-item association; unique to one quest in pinned Quest Helper dataset	Quest Helper 5ea99d5ea9ba3fb096ebe7b5ed02d80883e9819d: Watchtower
item.dragon_scimitar.4587	Completion of Monkey Madness I required to wield	approved	Equipment requirement	OSRS Wiki: Dragon scimitar
item.dragon_scimitar_cr.28031	Completion of Monkey Madness I required to wield	approved	Cosmetic variant inherits base equipment requirement	OSRS Wiki: Dragon scimitar (or)
item.dragon_token.7478	Used during Recipe for Disaster	approved	Direct required item in Recipe for Disaster; corrected legacy quest attribution	Quest Helper 5ea99d5ea9ba3fb096ebe7b5ed02d80883e9819d: Recipe for Disaster; OSRS Wiki: Recipe for Disaster
item.dragonstone.1615	Used during Dragon Slayer II	approved	Direct required-item association; unique to one quest in pinned Quest Helper dataset	Quest Helper 5ea99d5ea9ba3fb096ebe7b5ed02d80883e9819d: Dragon Slayer II
item.drakan_s_medallion.22400	Used during A Night at the Theatre and Sins of the Father	approved	Direct required-item associations reviewed across multiple Quest Helper quest definitions	Quest Helper 5ea99d5ea9ba3fb096ebe7b5ed02d80883e9819d: A Night at the Theatre; Sins of the Father
item.dramen_staff.772	Used during multiple quests, including Fairytale I – Growing Pains, Fairytale II – Cure a Queen and Lunar Diplomacy	approved	Direct required-item associations reviewed across multiple Quest Helper quest definitions	Quest Helper 5ea99d5ea9ba3fb096ebe7b5ed02d80883e9819d: Fairytale I – Growing Pains; Fairytale II – Cure a Queen; Lunar Diplomacy; Rag and Bone Man I; Recipe for Disaster
item.druid_pouch.2957	Used during In Search of the Myreque, Nature Spirit and While Guthix Sleeps	approved	Direct required-item associations reviewed across multiple Quest Helper quest definitions	Quest Helper 5ea99d5ea9ba3fb096ebe7b5ed02d80883e9819d: In Search of the Myreque; Nature Spirit; While Guthix Sleeps
item.dwarf_weed.267	Used during While Guthix Sleeps	approved	Direct required-item association; unique to one quest in pinned Quest Helper dataset	Quest Helper 5ea99d5ea9ba3fb096ebe7b5ed02d80883e9819d: While Guthix Sleeps
item.dwarven_battleaxe.5056	Used during The Giant Dwarf	approved	Direct required-item association; unique to one quest in pinned Quest Helper dataset	Quest Helper 5ea99d5ea9ba3fb096ebe7b5ed02d80883e9819d: The Giant Dwarf
item.dwarven_rock_cake.7509	Used during Recipe for Disaster	approved	Direct required item in Recipe for Disaster; corrected legacy quest attribution	Quest Helper 5ea99d5ea9ba3fb096ebe7b5ed02d80883e9819d: Recipe for Disaster; OSRS Wiki: Recipe for Disaster
item.dwarven_stout.1913	Used during Forgettable Tale of a Drunken Dwarf and The Final Dawn	approved	Exact catalogue-name match to direct required-item rows; variants, recommendations, alternatives, teleports, diary/skill helpers and ambiguous quantity rows excluded; Canonical active-card identity resolved during quest completeness review	Quest Helper 5ea99d5ea9ba3fb096ebe7b5ed02d80883e9819d: Forgettable Tale of a Drunken Dwarf; The Final Dawn; Quest completeness review batch 6
item.dwellberries.2126	Used during Plague City and The Curse of Arrav	approved	Direct required-item associations reviewed across multiple Quest Helper quest definitions	Quest Helper 5ea99d5ea9ba3fb096ebe7b5ed02d80883e9819d: Plague City; The Curse of Arrav
item.eagle_cape.10171	Used during Eagles’ Peak	approved	Quest-specific required item	Quest Helper 5ea99d5ea9ba3fb096ebe7b5ed02d80883e9819d: Eagles’ Peak
item.eagle_feather.10167	Used during Eagles’ Peak	approved	Direct required-item association; unique to one quest in pinned Quest Helper dataset	Quest Helper 5ea99d5ea9ba3fb096ebe7b5ed02d80883e9819d: Eagles’ Peak
item.earth-rune	Used during Horror from the Deep, Legends Quest, The Slug Menace, Waterfall Quest and While Guthix Sleeps	approved	Direct required item; consolidated exact active-catalogue match	Quest Helper 5ea99d5ea9ba3fb096ebe7b5ed02d80883e9819d: Horror from the Deep, Legends Quest, The Slug Menace, Waterfall Quest and While Guthix Sleeps
item.earth_orb.575	Used during While Guthix Sleeps	approved	Direct required-item association; unique to one quest in pinned Quest Helper dataset	Quest Helper 5ea99d5ea9ba3fb096ebe7b5ed02d80883e9819d: While Guthix Sleeps
item.earth_talisman.1440	Used during Perilous Moon	approved	Direct required-item association; unique to one quest in pinned Quest Helper dataset	Quest Helper 5ea99d5ea9ba3fb096ebe7b5ed02d80883e9819d: Perilous Moon
item.ectophial.4251	Reward for completing Ghosts Ahoy	approved	Direct quest reward	OSRS Wiki: Ectophial
item.egg.1944	Used during Cook's Assistant and Recipe for Disaster	approved	Direct required-item associations reviewed across Quest Helper quest definitions; travel conveniences, alternatives and diary/skill helpers excluded	Quest Helper 5ea99d5ea9ba3fb096ebe7b5ed02d80883e9819d: Cook's Assistant; Recipe for Disaster
item.elemental_ore.2892	Used during Elemental Workshop I and Elemental Workshop II	approved	Direct required-item associations reviewed across multiple Quest Helper quest definitions	Quest Helper 5ea99d5ea9ba3fb096ebe7b5ed02d80883e9819d: Elemental Workshop I; Elemental Workshop II
item.elite_black_full_helm.29560	Used during While Guthix Sleeps	approved	Quest-specific required item	Quest Helper 5ea99d5ea9ba3fb096ebe7b5ed02d80883e9819d: While Guthix Sleeps
item.elite_black_platebody.29562	Used during While Guthix Sleeps	approved	Quest-specific required item	Quest Helper 5ea99d5ea9ba3fb096ebe7b5ed02d80883e9819d: While Guthix Sleeps
item.elite_black_platelegs.29564	Used during While Guthix Sleeps	approved	Quest-specific required item	Quest Helper 5ea99d5ea9ba3fb096ebe7b5ed02d80883e9819d: While Guthix Sleeps
item.emerald	Used during A Taste of Hope and Legends’ Quest	approved	Exact catalogue-name match to direct required-item rows; variants, recommendations, alternatives, teleports, diary/skill helpers and ambiguous quantity rows excluded	Quest Helper 5ea99d5ea9ba3fb096ebe7b5ed02d80883e9819d: A Taste of Hope; Legends’ Quest
item.emerald_lantern.9064	Used during Lunar Diplomacy	approved	Direct required-item association; unique to one quest in pinned Quest Helper dataset	Quest Helper 5ea99d5ea9ba3fb096ebe7b5ed02d80883e9819d: Lunar Diplomacy
item.emerald_sickle_b.22433	Used during A Taste of Hope	approved	Quest-specific required item	Quest Helper 5ea99d5ea9ba3fb096ebe7b5ed02d80883e9819d: A Taste of Hope
item.emissary_hood.29868	Used during The Final Dawn and The Heart of Darkness	approved	Direct required-item associations reviewed across multiple Quest Helper quest definitions	Quest Helper 5ea99d5ea9ba3fb096ebe7b5ed02d80883e9819d: The Final Dawn; The Heart of Darkness
item.emissary_robe_bottom.29872	Used during The Final Dawn and The Heart of Darkness	approved	Exact VMQ3_CULTIST_ROBE_BOTTOM requirement; display-name alias resolved to Emissary robe bottom	Quest Helper pinned source 5ea99d5ea9ba3fb096ebe7b5ed02d80883e9819d: The Final Dawn; The Heart of Darkness
item.emissary_robe_top.29870	Used during The Final Dawn and The Heart of Darkness	approved	Exact VMQ3_CULTIST_ROBE_TOP requirement; display-name alias resolved to Emissary robe top	Quest Helper pinned source 5ea99d5ea9ba3fb096ebe7b5ed02d80883e9819d: The Final Dawn; The Heart of Darkness
item.emissary_sandals.29874	Used during The Final Dawn and The Heart of Darkness	approved	Direct required-item associations reviewed across multiple Quest Helper quest definitions	Quest Helper 5ea99d5ea9ba3fb096ebe7b5ed02d80883e9819d: The Final Dawn; The Heart of Darkness
item.empty_cup.1980	Used during One Small Favour and Scrambled!	approved	Direct required-item associations reviewed across Quest Helper quest definitions; travel conveniences, alternatives and diary/skill helpers excluded	Quest Helper 5ea99d5ea9ba3fb096ebe7b5ed02d80883e9819d: One Small Favour; Scrambled!
item.empty_fishbowl.6667	Used during Recipe for Disaster	approved	Direct required item in Recipe for Disaster; corrected legacy quest attribution	Quest Helper 5ea99d5ea9ba3fb096ebe7b5ed02d80883e9819d: Recipe for Disaster; OSRS Wiki: Recipe for Disaster
item.empty_sack.5418	Used during Enlightened Journey and The Final Dawn	approved	Direct required-item associations reviewed across Quest Helper quest definitions; travel conveniences, alternatives and diary/skill helpers excluded	Quest Helper 5ea99d5ea9ba3fb096ebe7b5ed02d80883e9819d: Enlightened Journey; The Final Dawn
item.enchanted_bar.4007	Used during Monkey Madness I	approved	Direct required-item association; unique to one quest in pinned Quest Helper dataset	Quest Helper 5ea99d5ea9ba3fb096ebe7b5ed02d80883e9819d: Monkey Madness I
item.enchanted_emerald_sickle_b.22435	Used during A Taste of Hope	approved	Quest-specific required item	Quest Helper 5ea99d5ea9ba3fb096ebe7b5ed02d80883e9819d: A Taste of Hope
item.enchanted_gem.4155	Used during Wanted	approved	Direct required-item association; unique to one quest in pinned Quest Helper dataset	Quest Helper 5ea99d5ea9ba3fb096ebe7b5ed02d80883e9819d: Wanted
item.enchanted_lyre.3690	Used during The Fremennik Trials	approved	Exact catalogue-name match to direct required-item rows; variants, recommendations, alternatives, teleports, diary/skill helpers and ambiguous quantity rows excluded	Quest Helper 5ea99d5ea9ba3fb096ebe7b5ed02d80883e9819d: The Fremennik Trials
item.enchanted_ruby_sickle_b.24695	Used during Sins of the Father	approved	Quest-specific required item	Quest Helper 5ea99d5ea9ba3fb096ebe7b5ed02d80883e9819d: Sins of the Father
item.enchanted_symbol.21800	Used during The Mage Arena II	approved	Quest-specific required item	Quest Helper 5ea99d5ea9ba3fb096ebe7b5ed02d80883e9819d: The Mage Arena II
item.enriched_snapdragon_seed.29538	Used during While Guthix Sleeps	approved	Direct required-item association; unique to one quest in pinned Quest Helper dataset	Quest Helper 5ea99d5ea9ba3fb096ebe7b5ed02d80883e9819d: While Guthix Sleeps
item.equa_leaves.2128	Used during Big Chompy Bird Hunting	approved	Direct required-item association; unique to one quest in pinned Quest Helper dataset	Quest Helper 5ea99d5ea9ba3fb096ebe7b5ed02d80883e9819d: Big Chompy Bird Hunting
item.excalibur.35	Used during Holy Grail	approved	Quest-specific required item	Quest Helper 5ea99d5ea9ba3fb096ebe7b5ed02d80883e9819d: Holy Grail
item.exquisite_boots.5064	Used during The Giant Dwarf	approved	Direct required-item association; unique to one quest in pinned Quest Helper dataset	Quest Helper 5ea99d5ea9ba3fb096ebe7b5ed02d80883e9819d: The Giant Dwarf
item.exquisite_clothes.5067	Used during The Giant Dwarf	approved	Direct required-item association; unique to one quest in pinned Quest Helper dataset	Quest Helper 5ea99d5ea9ba3fb096ebe7b5ed02d80883e9819d: The Giant Dwarf
item.eye_of_newt.221	Used during Recipe for Disaster, While Guthix Sleeps and Witch's Potion	approved	Direct required-item associations reviewed across Quest Helper quest definitions; recommendations, alternatives, travel conveniences and conditional rows excluded	Quest Helper 5ea99d5ea9ba3fb096ebe7b5ed02d80883e9819d: Recipe for Disaster; While Guthix Sleeps; Witch's Potion
item.fake_beak.10172	Used during Eagles’ Peak	approved	Quest-specific required item	Quest Helper 5ea99d5ea9ba3fb096ebe7b5ed02d80883e9819d: Eagles’ Peak
item.fake_beard.4593	Used during The Feud	approved	Direct required-item association; unique to one quest in pinned Quest Helper dataset	Quest Helper 5ea99d5ea9ba3fb096ebe7b5ed02d80883e9819d: The Feud
item.feather.314	Used during Big Chompy Bird Hunting, Client of Kourend, Cold War, Mourning’s End Part I and The Tourist Trap	approved	Direct required-item associations reviewed across Quest Helper quest definitions; recommendations, alternatives, travel conveniences and conditional rows excluded	Quest Helper 5ea99d5ea9ba3fb096ebe7b5ed02d80883e9819d: Big Chompy Bird Hunting; Client of Kourend; Cold War; Mourning’s End Part I; The Tourist Trap
item.fenkenstrain_s_castle_teleport.19621	Used during Creature of Fenkenstrain and The Great Brain Robbery	approved	Direct required-item associations reviewed across multiple Quest Helper quest definitions	Quest Helper 5ea99d5ea9ba3fb096ebe7b5ed02d80883e9819d: Creature of Fenkenstrain; The Great Brain Robbery
item.ferret.10092	Used during Eagles’ Peak	approved	Direct required-item association; unique to one quest in pinned Quest Helper dataset	Quest Helper 5ea99d5ea9ba3fb096ebe7b5ed02d80883e9819d: Eagles’ Peak
item.filled_plant_pot.5354	Used during Garden Of Tranquillity	approved	Direct required-item association; unique to one quest in pinned Quest Helper dataset	Quest Helper 5ea99d5ea9ba3fb096ebe7b5ed02d80883e9819d: Garden Of Tranquillity
item.fingernails.2384	Used during Watchtower	approved	Quest-specific required item	Quest Helper 5ea99d5ea9ba3fb096ebe7b5ed02d80883e9819d: Watchtower
item.fire-rune	Used during Dragon Slayer II, Horror from the Deep, The Slug Menace and While Guthix Sleeps	approved	Direct required item; consolidated exact active-catalogue match	Quest Helper 5ea99d5ea9ba3fb096ebe7b5ed02d80883e9819d: Dragon Slayer II, Horror from the Deep, The Slug Menace and While Guthix Sleeps
item.fire_feather.1583	Used during Heroes’ Quest	approved	Quest-specific required item	Quest Helper 5ea99d5ea9ba3fb096ebe7b5ed02d80883e9819d: Heroes’ Quest
item.fire_orb.569	Used during While Guthix Sleeps	approved	Direct required-item association; unique to one quest in pinned Quest Helper dataset	Quest Helper 5ea99d5ea9ba3fb096ebe7b5ed02d80883e9819d: While Guthix Sleeps
item.fish_food.272	Used during Ernest the Chicken	approved	Quest-specific required item	Quest Helper 5ea99d5ea9ba3fb096ebe7b5ed02d80883e9819d: Ernest the Chicken
item.fishbowl_and_net.6673	Used during Rum Deal	approved	Direct required-item association; unique to one quest in pinned Quest Helper dataset	Quest Helper 5ea99d5ea9ba3fb096ebe7b5ed02d80883e9819d: Rum Deal
item.fishbowl_helmet.7534	Used during Recipe for Disaster and The Great Brain Robbery	approved	Direct required-item associations reviewed across multiple Quest Helper quest definitions	Quest Helper 5ea99d5ea9ba3fb096ebe7b5ed02d80883e9819d: Recipe for Disaster; The Great Brain Robbery
item.fishing_bait.313	Used during Heroes' Quest and Recipe for Disaster	approved	Direct required-item associations reviewed across Quest Helper quest definitions; travel conveniences, alternatives and diary/skill helpers excluded	Quest Helper 5ea99d5ea9ba3fb096ebe7b5ed02d80883e9819d: Heroes' Quest; Recipe for Disaster
item.fishing_explosive.6660	Used during Rag and Bone Man II	approved	Direct required route item	Quest Helper pinned source; quest catalogue-gap review
item.fishing_rod.307	Used during Fishing Contest, Garden of Tranquillity, Heroes’ Quest, Land of the Goblins, Shadows of Custodia and The Fremennik Exiles	approved	Direct required-item associations reviewed across Quest Helper quest definitions; recommendations, alternatives, travel conveniences and conditional rows excluded	Quest Helper 5ea99d5ea9ba3fb096ebe7b5ed02d80883e9819d: Fishing Contest; Garden of Tranquillity; Heroes’ Quest; Land of the Goblins; Shadows of Custodia; The Fremennik Exiles
item.fixed_device.6082	Used during Biohazard	approved	Direct required-item association; unique to one quest in pinned Quest Helper dataset	Quest Helper 5ea99d5ea9ba3fb096ebe7b5ed02d80883e9819d: Biohazard
item.flamtaer_bracelet.21180	Used during Shades of Mort’ton	approved	Direct required-item association; unique to one quest in pinned Quest Helper dataset	Quest Helper 5ea99d5ea9ba3fb096ebe7b5ed02d80883e9819d: Shades of Mort’ton
item.flamtaer_hammer.3678	Used during Shades of Mort’ton	approved	Direct required-item association; unique to one quest in pinned Quest Helper dataset	Quest Helper 5ea99d5ea9ba3fb096ebe7b5ed02d80883e9819d: Shades of Mort’ton
item.flighted_ogre_arrow.2865	Used during Big Chompy Bird Hunting	approved	Quest-specific required item	Quest Helper 5ea99d5ea9ba3fb096ebe7b5ed02d80883e9819d: Big Chompy Bird Hunting
item.fremennik_shield.3758	Used during The Fremennik Exiles	approved	Quest-specific required item	Quest Helper 5ea99d5ea9ba3fb096ebe7b5ed02d80883e9819d: The Fremennik Exiles
item.fresh_monkfish.7942	Used during Fish Monkfish	approved	Direct required-item association; unique to one quest in pinned Quest Helper dataset	Quest Helper 5ea99d5ea9ba3fb096ebe7b5ed02d80883e9819d: Fish Monkfish
item.fruit_blast.2084	Used during Recipe for Disaster	approved	Direct required item in Recipe for Disaster; corrected legacy quest attribution	Quest Helper 5ea99d5ea9ba3fb096ebe7b5ed02d80883e9819d: Recipe for Disaster; OSRS Wiki: Recipe for Disaster
item.fur.6814	Used during The Great Brain Robbery	approved	Direct required-item association; unique to one quest in pinned Quest Helper dataset	Quest Helper 5ea99d5ea9ba3fb096ebe7b5ed02d80883e9819d: The Great Brain Robbery
item.games_necklace.3867	Used during Death to the Dorgeshuun	approved	Direct required-item associations reviewed across multiple Quest Helper quest definitions	Quest Helper 5ea99d5ea9ba3fb096ebe7b5ed02d80883e9819d: Death to the Dorgeshuun
item.gardening_trowel.5325	Used during Garden Of Tranquillity	approved	Direct required-item association; unique to one quest in pinned Quest Helper dataset	Quest Helper 5ea99d5ea9ba3fb096ebe7b5ed02d80883e9819d: Garden Of Tranquillity
item.garlic.1550	Used during Fishing Contest, Vampyre Slayer and While Guthix Sleeps	approved	Direct required-item associations reviewed across Quest Helper quest definitions; travel conveniences, alternatives and diary/skill helpers excluded	Quest Helper 5ea99d5ea9ba3fb096ebe7b5ed02d80883e9819d: Fishing Contest; Vampyre Slayer; While Guthix Sleeps
item.garlic_powder.4668	Used during Desert Treasure I	approved	Quest-specific required item	Quest Helper 5ea99d5ea9ba3fb096ebe7b5ed02d80883e9819d: Desert Treasure I
item.gas_mask.1506	Used during Biohazard	approved	Quest-specific required item	Quest Helper 5ea99d5ea9ba3fb096ebe7b5ed02d80883e9819d: Biohazard
item.ghostly_boots.6106	Used during The General's Shadow	approved	Quest-specific required item	Quest Helper 5ea99d5ea9ba3fb096ebe7b5ed02d80883e9819d: The General's Shadow
item.ghostly_cloak.6111	Used during The General's Shadow	approved	Quest-specific required item	Quest Helper 5ea99d5ea9ba3fb096ebe7b5ed02d80883e9819d: The General's Shadow
item.ghostly_gloves.6110	Used during The General's Shadow	approved	Quest-specific required item	Quest Helper 5ea99d5ea9ba3fb096ebe7b5ed02d80883e9819d: The General's Shadow
item.ghostly_hood.6109	Used during The General's Shadow	approved	Quest-specific required item	Quest Helper 5ea99d5ea9ba3fb096ebe7b5ed02d80883e9819d: The General's Shadow
item.ghostly_robe.6107	Used during The General's Shadow	approved	Quest-specific required item	Quest Helper 5ea99d5ea9ba3fb096ebe7b5ed02d80883e9819d: The General's Shadow
item.ghostspeak_amulet.552	Used during multiple quests, including Animal Magnetism, Ghosts Ahoy and Nature Spirit; Used during Dragon Slayer II	approved	Direct required-item associations reviewed across multiple Quest Helper quest definitions; Reviewed direct or route-dependent Dragon Slayer II requirement	Quest Helper 5ea99d5ea9ba3fb096ebe7b5ed02d80883e9819d: Animal Magnetism; Ghosts Ahoy; Nature Spirit; The General's Shadow; The Restless Ghost; Quest Helper 5ea99d5ea9ba3fb096ebe7b5ed02d80883e9819d; OSRS Wiki: Dragon Slayer II
item.glarial_s_amulet.295	Used during Waterfall Quest	approved	Quest-specific required item	Quest Helper 5ea99d5ea9ba3fb096ebe7b5ed02d80883e9819d: Waterfall Quest
item.glassblowing_pipe.1785	Used during Dragon Slayer II and The Fremennik Exiles	approved	Direct required-item associations reviewed across Quest Helper quest definitions; travel conveniences, alternatives and diary/skill helpers excluded	Quest Helper 5ea99d5ea9ba3fb096ebe7b5ed02d80883e9819d: Dragon Slayer II; The Fremennik Exiles
item.glowing_dagger.747	Used during Legends' Quest	approved	Direct required-item association; unique to one quest in pinned Quest Helper dataset	Quest Helper 5ea99d5ea9ba3fb096ebe7b5ed02d80883e9819d: Legends' Quest
item.goat_dung.22590	Used during Making Friends With My Arm	approved	Direct required-item association; unique to one quest in pinned Quest Helper dataset	Quest Helper 5ea99d5ea9ba3fb096ebe7b5ed02d80883e9819d: Making Friends With My Arm
item.goat_horn_dust.9736	Used during While Guthix Sleeps	approved	Direct required-item association; unique to one quest in pinned Quest Helper dataset	Quest Helper 5ea99d5ea9ba3fb096ebe7b5ed02d80883e9819d: While Guthix Sleeps
item.goblin_mail.288	Used during Goblin Diplomacy and Land of the Goblins	approved	Direct reviewed requirement; corrected legacy quest attribution where applicable	OSRS Wiki: Goblin Diplomacy; Quest Helper 5ea99d5ea9ba3fb096ebe7b5ed02d80883e9819d: Land of the Goblins; OSRS Wiki: Land of the Goblins
item.gold-bar	Used during Between A Rock, Legends Quest, Monkey Madness I, The Giant Dwarf and Watchtower	approved	Direct required item; consolidated exact active-catalogue match	Quest Helper 5ea99d5ea9ba3fb096ebe7b5ed02d80883e9819d: Between A Rock, Legends Quest, Monkey Madness I, The Giant Dwarf and Watchtower
item.gold-ore	Used during The Giant Dwarf	approved	Exact catalogue-name match to direct required-item rows; variants, recommendations, alternatives, teleports, diary/skill helpers and ambiguous quantity rows excluded	Quest Helper 5ea99d5ea9ba3fb096ebe7b5ed02d80883e9819d: The Giant Dwarf
item.gold_helmet.4567	Used during Between a Rock...	approved	Quest-specific required item	Quest Helper 5ea99d5ea9ba3fb096ebe7b5ed02d80883e9819d: Between a Rock...
item.golden_bowl.723	Used during Legends' Quest	approved	Direct required-item association; unique to one quest in pinned Quest Helper dataset	Quest Helper 5ea99d5ea9ba3fb096ebe7b5ed02d80883e9819d: Legends' Quest
item.golden_feather.2950	Used during Eagles’ Peak	approved	Direct required-item association; unique to one quest in pinned Quest Helper dataset	Quest Helper 5ea99d5ea9ba3fb096ebe7b5ed02d80883e9819d: Eagles’ Peak
item.golden_wool.3694	Used during The Fremennik Trials	approved	Quest-specific required item	Quest Helper 5ea99d5ea9ba3fb096ebe7b5ed02d80883e9819d: The Fremennik Trials
item.gorilla_bones.3181	Used during Monkey Madness I	approved	Direct required-item association; unique to one quest in pinned Quest Helper dataset	Quest Helper 5ea99d5ea9ba3fb096ebe7b5ed02d80883e9819d: Monkey Madness I
item.goutweed.3261	Used during Eadgar's Ruse, Dream Mentor and Dragon Slayer II	approved	Direct required item across three quests	Quest Helper pinned source; quest catalogue-gap review
item.grail_bell.17	Used during Holy Grail	approved	Quest-specific required item	Quest Helper 5ea99d5ea9ba3fb096ebe7b5ed02d80883e9819d: Holy Grail
item.grain.1947	Used during Cook's Assistant and Eadgar's Ruse	approved	Direct required-item associations reviewed across Quest Helper quest definitions; travel conveniences, alternatives and diary/skill helpers excluded	Quest Helper 5ea99d5ea9ba3fb096ebe7b5ed02d80883e9819d: Cook's Assistant; Eadgar's Ruse
item.granite_5kg.6983	Used during Enakhra's Lament	approved	Exact 5 kg granite requirement; other weights excluded	Quest Helper pinned source 5ea99d5ea9ba3fb096ebe7b5ed02d80883e9819d
item.grapes.1987	Used during Monkey Madness II	approved	Direct required-item association; unique to one quest in pinned Quest Helper dataset	Quest Helper 5ea99d5ea9ba3fb096ebe7b5ed02d80883e9819d: Monkey Madness II
item.green_dye.1771	Used during Ghosts Ahoy and Mourning’s End Part I	approved	Direct required-item associations reviewed across multiple Quest Helper quest definitions	Quest Helper 5ea99d5ea9ba3fb096ebe7b5ed02d80883e9819d: Ghosts Ahoy; Mourning’s End Part I
item.greenman_s_ale.1909	Used during Recipe for Disaster	approved	Exact standard Greenman's ale requirement; mature variants excluded	Quest Helper pinned source 5ea99d5ea9ba3fb096ebe7b5ed02d80883e9819d
item.griffin_feather.11196	Used during Grim Tales	approved	Quest-specific required item	Quest Helper 5ea99d5ea9ba3fb096ebe7b5ed02d80883e9819d: Grim Tales
item.grimy_ardrigal.1527	Used during Jungle Potion	approved	Quest-specific required item	Quest Helper 5ea99d5ea9ba3fb096ebe7b5ed02d80883e9819d: Jungle Potion
item.grimy_irit_leaf.209	Used during Biohazard	approved	Direct required-item association; unique to one quest in pinned Quest Helper dataset	Quest Helper 5ea99d5ea9ba3fb096ebe7b5ed02d80883e9819d: Biohazard
item.grimy_rogue_s_purse.1533	Used during Jungle Potion	approved	Quest-specific required item	Quest Helper 5ea99d5ea9ba3fb096ebe7b5ed02d80883e9819d: Jungle Potion
item.grimy_sito_foil.1529	Used during Jungle Potion	approved	Quest-specific required item	Quest Helper 5ea99d5ea9ba3fb096ebe7b5ed02d80883e9819d: Jungle Potion
item.grimy_snake_weed.1525	Used during Jungle Potion	approved	Quest-specific required item	Quest Helper 5ea99d5ea9ba3fb096ebe7b5ed02d80883e9819d: Jungle Potion
item.grimy_volencia_moss.1531	Used during Jungle Potion	approved	Quest-specific required item	Quest Helper 5ea99d5ea9ba3fb096ebe7b5ed02d80883e9819d: Jungle Potion
item.ground_bat_bones.2391	Used during Watchtower	approved	Quest-specific required item	Quest Helper 5ea99d5ea9ba3fb096ebe7b5ed02d80883e9819d: Watchtower
item.guam_leaf.249	Used during Lunar Diplomacy, One Small Favour and While Guthix Sleeps	approved	Direct required-item associations reviewed across Quest Helper quest definitions; travel conveniences, alternatives and diary/skill helpers excluded	Quest Helper 5ea99d5ea9ba3fb096ebe7b5ed02d80883e9819d: Lunar Diplomacy; One Small Favour; While Guthix Sleeps
item.guam_potion_unf.91	Used during Watchtower	approved	Direct required-item association; unique to one quest in pinned Quest Helper dataset	Quest Helper 5ea99d5ea9ba3fb096ebe7b5ed02d80883e9819d: Watchtower
item.guthix_cape.2413	Reward choice from Mage Arena I; usable during Mage Arena II	approved	One of the three exact god-cape choices; alternatives are choice-equivalent rather than cumulatively required	OSRS Wiki: Mage Arena I; Mage Arena II; Guthix cape
item.guthix_rest_4.4417	Used during One Small Favour	approved	Direct required-item association; unique to one quest in pinned Quest Helper dataset	Quest Helper 5ea99d5ea9ba3fb096ebe7b5ed02d80883e9819d: One Small Favour
item.guthix_staff.2416	Reward choice from Mage Arena I; used to unlock a god spell and usable during Mage Arena II	approved	Exact god-staff choice; only one alignment is required for Mage Arena I completion	OSRS Wiki: Mage Arena I; Mage Arena II; Guthix staff
item.ham_boots.4310	Used during Death to the Dorgeshuun	approved	Quest-specific required item	Quest Helper 5ea99d5ea9ba3fb096ebe7b5ed02d80883e9819d: Death to the Dorgeshuun
item.ham_cloak.4304	Used during Death to the Dorgeshuun	approved	Quest-specific required item	Quest Helper 5ea99d5ea9ba3fb096ebe7b5ed02d80883e9819d: Death to the Dorgeshuun
item.ham_gloves.4308	Used during Death to the Dorgeshuun	approved	Quest-specific required item	Quest Helper 5ea99d5ea9ba3fb096ebe7b5ed02d80883e9819d: Death to the Dorgeshuun
item.ham_hood.4302	Used during Death to the Dorgeshuun	approved	Quest-specific required item	Quest Helper 5ea99d5ea9ba3fb096ebe7b5ed02d80883e9819d: Death to the Dorgeshuun
item.ham_logo.4306	Used during Death to the Dorgeshuun	approved	Quest-specific required item	Quest Helper 5ea99d5ea9ba3fb096ebe7b5ed02d80883e9819d: Death to the Dorgeshuun
item.ham_robe.4300	Used during Death to the Dorgeshuun	approved	Quest-specific required item	Quest Helper 5ea99d5ea9ba3fb096ebe7b5ed02d80883e9819d: Death to the Dorgeshuun
item.ham_shirt.4298	Used during Death to the Dorgeshuun	approved	Quest-specific required item	Quest Helper 5ea99d5ea9ba3fb096ebe7b5ed02d80883e9819d: Death to the Dorgeshuun
item.hammer	Used during Prying Times, Sleeping Giants, The Great Brain Robbery and While Guthix Sleeps; Used during Dragon Slayer II	approved	Exact catalogue-name match to direct required-item rows; variants, recommendations, alternatives, teleports, diary/skill helpers and ambiguous quantity rows excluded; Reviewed direct or route-dependent Dragon Slayer II requirement	Quest Helper 5ea99d5ea9ba3fb096ebe7b5ed02d80883e9819d: Prying Times; Sleeping Giants; The Great Brain Robbery; While Guthix Sleeps; Quest Helper 5ea99d5ea9ba3fb096ebe7b5ed02d80883e9819d; OSRS Wiki: Dragon Slayer II
item.hard_hat.10862	Used during Tower Of Life	approved	Direct required-item association; unique to one quest in pinned Quest Helper dataset	Quest Helper 5ea99d5ea9ba3fb096ebe7b5ed02d80883e9819d: Tower Of Life
item.hard_leather.1743	Used during Animal Magnetism	approved	Direct required-item association; unique to one quest in pinned Quest Helper dataset	Quest Helper 5ea99d5ea9ba3fb096ebe7b5ed02d80883e9819d: Animal Magnetism
item.harralander.255	Used during One Small Favour and While Guthix Sleeps	approved	Direct required-item associations reviewed across Quest Helper quest definitions; travel conveniences, alternatives and diary/skill helpers excluded	Quest Helper 5ea99d5ea9ba3fb096ebe7b5ed02d80883e9819d: One Small Favour; While Guthix Sleeps
item.harralander_potion_unf.97	Used during Heroes’ Quest	approved	Direct required-item association; unique to one quest in pinned Quest Helper dataset	Quest Helper 5ea99d5ea9ba3fb096ebe7b5ed02d80883e9819d: Heroes’ Quest
item.hazeel_s_mark.2406	Used during Hazeel Cult	approved	Quest-specific required item	Quest Helper 5ea99d5ea9ba3fb096ebe7b5ed02d80883e9819d: Hazeel Cult
item.helm_of_neitiznot.10828	Reward for completing The Fremennik Isles	approved	Quest reward and equipment unlock	OSRS Wiki: Helm of neitiznot
item.herb_tea_mix.4464	Used during One Small Favour	approved	Direct required-item association; unique to one quest in pinned Quest Helper dataset	Quest Helper 5ea99d5ea9ba3fb096ebe7b5ed02d80883e9819d: One Small Favour
item.hespori_bark.25968	Used during A Night at the Theatre	approved	Quest-specific required item	Quest Helper 5ea99d5ea9ba3fb096ebe7b5ed02d80883e9819d: A Night at the Theatre
item.holy_symbol.1718	Used during Animal Magnetism and The Great Brain Robbery	approved	Direct required-item associations reviewed across multiple Quest Helper quest definitions	Quest Helper 5ea99d5ea9ba3fb096ebe7b5ed02d80883e9819d: Animal Magnetism; The Great Brain Robbery
item.holy_wrench.6714	Used during Rum Deal	approved	Direct required-item association; unique to one quest in pinned Quest Helper dataset	Quest Helper 5ea99d5ea9ba3fb096ebe7b5ed02d80883e9819d: Rum Deal
item.hunters_talisman.3696	Used during The Fremennik Trials	approved	Quest-specific required item	Quest Helper 5ea99d5ea9ba3fb096ebe7b5ed02d80883e9819d: The Fremennik Trials
item.ice_arrows.78	Used during Temple of Ikov	approved	Quest-specific required item	Quest Helper 5ea99d5ea9ba3fb096ebe7b5ed02d80883e9819d: Temple of Ikov
item.ice_cooler.6696	Used during Rag and Bone Man II	approved	Direct required route item	Quest Helper pinned source; quest catalogue-gap review
item.ice_gloves.1580	Used during Heroes’ Quest, Recipe for Disaster and The Fremennik Exiles	approved	Direct required-item associations reviewed across multiple Quest Helper quest definitions	Quest Helper 5ea99d5ea9ba3fb096ebe7b5ed02d80883e9819d: Heroes’ Quest; Recipe for Disaster; The Fremennik Exiles
item.icy_basalt.22599	Used during Desert Treasure II	approved	Direct required-item associations reviewed across multiple Quest Helper quest definitions	Quest Helper 5ea99d5ea9ba3fb096ebe7b5ed02d80883e9819d: Desert Treasure II
item.imbued_barronite.28806	Used during Defender of Varrock	approved	Quest-specific required item	Quest Helper 5ea99d5ea9ba3fb096ebe7b5ed02d80883e9819d: Defender of Varrock
item.infused_earth_talisman.28967	Used during Perilous Moon	approved	Direct required-item association; unique to one quest in pinned Quest Helper dataset	Quest Helper 5ea99d5ea9ba3fb096ebe7b5ed02d80883e9819d: Perilous Moon
item.infused_water_talisman.28966	Used during Perilous Moon	approved	Direct required-item association; unique to one quest in pinned Quest Helper dataset	Quest Helper 5ea99d5ea9ba3fb096ebe7b5ed02d80883e9819d: Perilous Moon
item.insect_repellent.28	Used during Holy Grail	approved	Direct required-item association; unique to one quest in pinned Quest Helper dataset	Quest Helper 5ea99d5ea9ba3fb096ebe7b5ed02d80883e9819d: Holy Grail
item.insulated_boots.7159	Used during The Curse of Arrav	approved	Direct required-item association; unique to one quest in pinned Quest Helper dataset	Quest Helper 5ea99d5ea9ba3fb096ebe7b5ed02d80883e9819d: The Curse of Arrav
item.inversion_potion.23806	Used during Biohazard	approved	Direct required-item association; unique to one quest in pinned Quest Helper dataset	Quest Helper 5ea99d5ea9ba3fb096ebe7b5ed02d80883e9819d: Biohazard
item.irit_leaf.259	Used during Biohazard	approved	Direct required-item association; unique to one quest in pinned Quest Helper dataset	Quest Helper 5ea99d5ea9ba3fb096ebe7b5ed02d80883e9819d: Biohazard
item.iron-bar	Used during Animal Magnetism, Beneath Cursed Sands, Bone Voyage, Death Plateau, One Small Favour, Swan Song, The Giant Dwarf, The Knight's Sword, Throne of Miscellania and Troll Romance	approved	Direct required item; consolidated exact active-catalogue match	Quest Helper 5ea99d5ea9ba3fb096ebe7b5ed02d80883e9819d: Animal Magnetism, Beneath Cursed Sands, Bone Voyage, Death Plateau, One Small Favour, Swan Song, The Giant Dwarf, The Knight's Sword, Throne of Miscellania and Troll Romance
item.iron-chainbody	Used during Black Knights’ Fortress, King’s Ransom and While Guthix Sleeps	approved	Exact catalogue-name match to direct required-item rows; variants, recommendations, alternatives, teleports, diary/skill helpers and ambiguous quantity rows excluded	Quest Helper 5ea99d5ea9ba3fb096ebe7b5ed02d80883e9819d: Black Knights’ Fortress; King’s Ransom; While Guthix Sleeps
item.iron-ore	Used during Doric’s Quest and The Giant Dwarf	approved	Exact catalogue-name match to direct required-item rows; variants, recommendations, alternatives, teleports, diary/skill helpers and ambiguous quantity rows excluded	Quest Helper 5ea99d5ea9ba3fb096ebe7b5ed02d80883e9819d: Doric’s Quest; The Giant Dwarf
item.iron_spit.7225	Used during Big Chompy Bird Hunting and Recipe for Disaster	approved	Direct required item shared by Big Chompy Bird Hunting and Recipe for Disaster	Quest Helper 5ea99d5ea9ba3fb096ebe7b5ed02d80883e9819d: Big Chompy Bird Hunting; Quest Helper 5ea99d5ea9ba3fb096ebe7b5ed02d80883e9819d: Recipe for Disaster; OSRS Wiki: Recipe for Disaster
item.ivandis_flail.22398	Used during A Night at the Theatre, A Taste of Hope and Sins of the Father	approved	Direct required-item associations reviewed across multiple Quest Helper quest definitions	Quest Helper 5ea99d5ea9ba3fb096ebe7b5ed02d80883e9819d: A Night at the Theatre; A Taste of Hope; Sins of the Father
item.jade.1611	Used during Legends' Quest and One Small Favour	approved	Direct required-item associations reviewed across Quest Helper quest definitions; travel conveniences, alternatives and diary/skill helpers excluded	Quest Helper 5ea99d5ea9ba3fb096ebe7b5ed02d80883e9819d: Legends' Quest; One Small Favour
item.jangerberries.247	Used during Watchtower	approved	Direct required-item association; unique to one quest in pinned Quest Helper dataset	Quest Helper 5ea99d5ea9ba3fb096ebe7b5ed02d80883e9819d: Watchtower
item.jatoba_logs.32902	Used during Repair Town	approved	Direct required-item association; unique to one quest in pinned Quest Helper dataset	Quest Helper 5ea99d5ea9ba3fb096ebe7b5ed02d80883e9819d: Repair Town
item.jerboa_tail.29166	Used during At First Light	approved	Quest-specific required item	Quest Helper 5ea99d5ea9ba3fb096ebe7b5ed02d80883e9819d: At First Light
item.jogre_bones.3125	Used during Tai Bwo Wannai Trio	approved	Direct required-item association; unique to one quest in pinned Quest Helper dataset	Quest Helper 5ea99d5ea9ba3fb096ebe7b5ed02d80883e9819d: Tai Bwo Wannai Trio
item.jug_of_vinegar.7810	Used during Rag And Bone Man I; Used during Rag and Bone Man II	approved	Direct required-item association; unique to one quest in pinned Quest Helper dataset; Direct bone-processing requirement in Rag and Bone Man II	Quest Helper 5ea99d5ea9ba3fb096ebe7b5ed02d80883e9819d: Rag And Bone Man I; Quest Helper 5ea99d5ea9ba3fb096ebe7b5ed02d80883e9819d; OSRS Wiki: Rag and Bone Man II
item.jug_of_water.1937	Used during Monks Friend	approved	Direct required-item association; unique to one quest in pinned Quest Helper dataset	Quest Helper 5ea99d5ea9ba3fb096ebe7b5ed02d80883e9819d: Monks Friend
item.karambwan_vessel.3157	Used during Tai Bwo Wannai Trio	approved	Direct required-item association; unique to one quest in pinned Quest Helper dataset	Quest Helper 5ea99d5ea9ba3fb096ebe7b5ed02d80883e9819d: Tai Bwo Wannai Trio
item.karamjan_rum.431	Used during Pirates Treasure and Tai Bwo Wannai Trio	approved	Direct required-item associations reviewed across multiple Quest Helper quest definitions	Quest Helper 5ea99d5ea9ba3fb096ebe7b5ed02d80883e9819d: Pirates Treasure; Tai Bwo Wannai Trio
item.kebab.1971	Used during Forgettable Tale…	approved	Direct required-item association; unique to one quest in pinned Quest Helper dataset	Quest Helper 5ea99d5ea9ba3fb096ebe7b5ed02d80883e9819d: Forgettable Tale…
item.kebbit_teeth_dust.10111	Used during While Guthix Sleeps	approved	Direct required-item association; unique to one quest in pinned Quest Helper dataset	Quest Helper 5ea99d5ea9ba3fb096ebe7b5ed02d80883e9819d: While Guthix Sleeps
item.keg_of_beer.3711	Used during The Fremennik Exiles and The Fremennik Trials	approved	Direct required-item associations reviewed across multiple Quest Helper quest definitions	Quest Helper 5ea99d5ea9ba3fb096ebe7b5ed02d80883e9819d: The Fremennik Exiles; The Fremennik Trials
item.kelda_seed.6112	Used during Forgettable Tale…	approved	Quest-specific required item	Quest Helper 5ea99d5ea9ba3fb096ebe7b5ed02d80883e9819d: Forgettable Tale…
item.kelda_stout.6118	Used during Forgettable Tale…	approved	Quest-specific required item	Quest Helper 5ea99d5ea9ba3fb096ebe7b5ed02d80883e9819d: Forgettable Tale…
item.keris.10581	Used during Contact!	approved	Quest-specific required item	Quest Helper 5ea99d5ea9ba3fb096ebe7b5ed02d80883e9819d: Contact!
item.kharidian_headpiece.4591	Used during The Feud	approved	Direct required-item association; unique to one quest in pinned Quest Helper dataset	Quest Helper 5ea99d5ea9ba3fb096ebe7b5ed02d80883e9819d: The Feud
item.khazard_armour.75	Used during Fight Arena	approved	Quest-specific required item	Quest Helper 5ea99d5ea9ba3fb096ebe7b5ed02d80883e9819d: Fight Arena
item.khazard_helmet.74	Used during Fight Arena	approved	Quest-specific required item	Quest Helper 5ea99d5ea9ba3fb096ebe7b5ed02d80883e9819d: Fight Arena
item.killer_s_knife.20781	Used during Misthalin Mystery	approved	Direct required-item association; unique to one quest in pinned Quest Helper dataset	Quest Helper 5ea99d5ea9ba3fb096ebe7b5ed02d80883e9819d: Misthalin Mystery
item.klank_s_gauntlets.1495	Used during Underground Pass	approved	Quest-specific required item	Quest Helper 5ea99d5ea9ba3fb096ebe7b5ed02d80883e9819d: Underground Pass
item.knife	Used during A Taste of Hope, Below Ice Mountain, Big Chompy Bird Hunting, Curse of the Empty Lord, Darkness of Hallowvale, Desert Treasure II, Elemental Workshop I, Getting Ahead, Ghosts Ahoy, Lost City, Misthalin Mystery, Perilous Moon, Recipe for Disaster, Sins of the Father, Spirits of the Elid, Tai Bwo Wannai Trio, The Final Dawn, The Fremennik Isles, The Fremennik Trials, The Tourist Trap, While Guthix Sleeps and Zogre Flesh Eaters; Used during Barbarian Training	approved	Direct required item; consolidated exact active-catalogue match; Canonical active-card identity resolved during quest completeness review	Quest Helper 5ea99d5ea9ba3fb096ebe7b5ed02d80883e9819d: A Taste of Hope, Below Ice Mountain, Big Chompy Bird Hunting, Curse of the Empty Lord, Darkness of Hallowvale, Desert Treasure II, Elemental Workshop I, Getting Ahead, Ghosts Ahoy, Lost City, Misthalin Mystery, Perilous Moon, Recipe for Disaster, Sins of the Father, Spirits of the Elid, Tai Bwo Wannai Trio, The Final Dawn, The Fremennik Isles, The Fremennik Trials, The Tourist Trap, While Guthix Sleeps and Zogre Flesh Eaters; Quest completeness review batch 6
item.knife_blade.30965	Used during The Final Dawn	approved	Direct required-item association; unique to one quest in pinned Quest Helper dataset	Quest Helper 5ea99d5ea9ba3fb096ebe7b5ed02d80883e9819d: The Final Dawn
item.korbal_herb.28384	Used during Desert Treasure II	approved	Quest-specific required item	Quest Helper 5ea99d5ea9ba3fb096ebe7b5ed02d80883e9819d: Desert Treasure II
item.kuhu_essence.30962	Used during The Final Dawn	approved	Direct required-item association; unique to one quest in pinned Quest Helper dataset	Quest Helper 5ea99d5ea9ba3fb096ebe7b5ed02d80883e9819d: The Final Dawn
item.kwuarm.263	Used during Rat Catchers	approved	Direct required-item association; unique to one quest in pinned Quest Helper dataset	Quest Helper 5ea99d5ea9ba3fb096ebe7b5ed02d80883e9819d: Rat Catchers
item.lantadyme.2481	Used during While Guthix Sleeps	approved	Direct required-item association; unique to one quest in pinned Quest Helper dataset	Quest Helper 5ea99d5ea9ba3fb096ebe7b5ed02d80883e9819d: While Guthix Sleeps
item.lantern_lens.4542	Used during The Hand in the Sand and While Guthix Sleeps	approved	Direct required-item associations reviewed across Quest Helper quest definitions; travel conveniences, alternatives and diary/skill helpers excluded	Quest Helper 5ea99d5ea9ba3fb096ebe7b5ed02d80883e9819d: The Hand in the Sand; While Guthix Sleeps
item.lava_eel.2149	Used during Heroes’ Quest	approved	Quest-specific required item	Quest Helper 5ea99d5ea9ba3fb096ebe7b5ed02d80883e9819d: Heroes’ Quest
item.lava_rune.4699	Used during Swan Song	approved	Direct required-item association; unique to one quest in pinned Quest Helper dataset	Quest Helper 5ea99d5ea9ba3fb096ebe7b5ed02d80883e9819d: Swan Song
item.law-rune	Used during Creature of Fenkenstrain, Darkness of Hallowvale, King's Ransom, Legends Quest, Spirits of the Elid, The Giant Dwarf and While Guthix Sleeps; Used during Wanted!	approved	Direct required item; consolidated exact active-catalogue match; Canonical active-card identity resolved during quest completeness review	Quest Helper 5ea99d5ea9ba3fb096ebe7b5ed02d80883e9819d: Creature of Fenkenstrain, Darkness of Hallowvale, King's Ransom, Legends Quest, Spirits of the Elid, The Giant Dwarf and While Guthix Sleeps; Quest completeness review batch 6
item.leather.1741	Used during Cold War, Elemental Workshop I and Mourning’s End Part I	approved	Direct required-item associations reviewed across Quest Helper quest definitions; travel conveniences, alternatives and diary/skill helpers excluded	Quest Helper 5ea99d5ea9ba3fb096ebe7b5ed02d80883e9819d: Cold War; Elemental Workshop I; Mourning’s End Part I
item.leather_gloves	Used during Witch’s House	approved	Exact catalogue-name match to direct required-item rows; variants, recommendations, alternatives, teleports, diary/skill helpers and ambiguous quantity rows excluded	Quest Helper 5ea99d5ea9ba3fb096ebe7b5ed02d80883e9819d: Witch’s House
item.left_boot.5062	Used during The Giant Dwarf	approved	Direct required-item association; unique to one quest in pinned Quest Helper dataset	Quest Helper 5ea99d5ea9ba3fb096ebe7b5ed02d80883e9819d: The Giant Dwarf
item.lemon.2102	Used during Monkey Madness II	approved	Direct required-item association; unique to one quest in pinned Quest Helper dataset	Quest Helper 5ea99d5ea9ba3fb096ebe7b5ed02d80883e9819d: Monkey Madness II
item.lens_mould.602	Used during Observatory Quest	approved	Direct required-item association; unique to one quest in pinned Quest Helper dataset	Quest Helper 5ea99d5ea9ba3fb096ebe7b5ed02d80883e9819d: Observatory Quest
item.limestone.3211	Used during Regicide	approved	Direct required-item association; unique to one quest in pinned Quest Helper dataset	Quest Helper 5ea99d5ea9ba3fb096ebe7b5ed02d80883e9819d: Regicide
item.limestone_brick.3420	Used during Shades of Mort’ton, Song of the Elves and The Heart of Darkness	approved	Direct required-item associations reviewed across Quest Helper quest definitions; travel conveniences, alternatives and diary/skill helpers excluded	Quest Helper 5ea99d5ea9ba3fb096ebe7b5ed02d80883e9819d: Shades of Mort’ton; Song of the Elves; The Heart of Darkness
item.limpwurt_root.225	Used during Temple of Ikov and While Guthix Sleeps	approved	Direct required-item associations reviewed across Quest Helper quest definitions; travel conveniences, alternatives and diary/skill helpers excluded	Quest Helper 5ea99d5ea9ba3fb096ebe7b5ed02d80883e9819d: Temple of Ikov; While Guthix Sleeps
item.linen.4684	Used during Icthlarin’s Little Helper	approved	Quest-specific required item	Quest Helper 5ea99d5ea9ba3fb096ebe7b5ed02d80883e9819d: Icthlarin’s Little Helper
item.lit_black_candle.32	Used during Holy Grail	approved	Direct required-item association; unique to one quest in pinned Quest Helper dataset	Quest Helper 5ea99d5ea9ba3fb096ebe7b5ed02d80883e9819d: Holy Grail
item.lit_torch.594	Used during Sea Slug	approved	Direct required-item association; unique to one quest in pinned Quest Helper dataset	Quest Helper 5ea99d5ea9ba3fb096ebe7b5ed02d80883e9819d: Sea Slug
item.loar_remains.3396	Used during Shades of Mort’ton	approved	Direct required-item association; unique to one quest in pinned Quest Helper dataset	Quest Helper 5ea99d5ea9ba3fb096ebe7b5ed02d80883e9819d: Shades of Mort’ton
item.lobster_pot.301	Used during Dragon Slayer I and Throne of Miscellania	approved	Direct required-item associations reviewed across Quest Helper quest definitions; recommendations, alternatives, travel conveniences and conditional rows excluded	Quest Helper 5ea99d5ea9ba3fb096ebe7b5ed02d80883e9819d: Dragon Slayer I; Throne of Miscellania
item.lockpick.1523	Used during Desert Treasure I, Desert Treasure II, King's Ransom, Legends' Quest and Secrets of the North	approved	Direct lockpick requirements consolidated; optional hair-clip wording and breakage quantities omitted	Quest Helper pinned source 5ea99d5ea9ba3fb096ebe7b5ed02d80883e9819d
item.logs	Used during A Tail of Two Cats, Eadgar's Ruse, Enakhra's Lament, Enlightened Journey, Monk's Friend, Monkey Madness II, Rag and Bone Man, Sins of the Father, The Giant Dwarf, Throne of Miscellania, Tree Gnome Village and While Guthix Sleeps; Used during Barbarian Training; Used during Rag and Bone Man II	approved	Direct required item; consolidated exact active-catalogue match; Canonical active-card identity resolved during quest completeness review; Direct bone-processing requirement in Rag and Bone Man II	Quest Helper 5ea99d5ea9ba3fb096ebe7b5ed02d80883e9819d: A Tail of Two Cats, Eadgar's Ruse, Enakhra's Lament, Enlightened Journey, Monk's Friend, Monkey Madness II, Rag and Bone Man, Sins of the Father, The Giant Dwarf, Throne of Miscellania, Tree Gnome Village and While Guthix Sleeps; Quest completeness review batch 6; Quest Helper 5ea99d5ea9ba3fb096ebe7b5ed02d80883e9819d; OSRS Wiki: Rag and Bone Man II
item.lunar_amulet.9102	Used during Bring Lunar Items	approved	Direct required-item association; unique to one quest in pinned Quest Helper dataset	Quest Helper 5ea99d5ea9ba3fb096ebe7b5ed02d80883e9819d: Bring Lunar Items
item.lunar_bar.9077	Used during The Fremennik Exiles	approved	Quest-specific required item	Quest Helper 5ea99d5ea9ba3fb096ebe7b5ed02d80883e9819d: The Fremennik Exiles
item.lunar_boots.9100	Used during Bring Lunar Items	approved	Direct required-item association; unique to one quest in pinned Quest Helper dataset	Quest Helper 5ea99d5ea9ba3fb096ebe7b5ed02d80883e9819d: Bring Lunar Items
item.lunar_cape.9101	Used during Bring Lunar Items	approved	Direct required-item association; unique to one quest in pinned Quest Helper dataset	Quest Helper 5ea99d5ea9ba3fb096ebe7b5ed02d80883e9819d: Bring Lunar Items
item.lunar_gloves.9099	Used during Bring Lunar Items	approved	Direct required-item association; unique to one quest in pinned Quest Helper dataset	Quest Helper 5ea99d5ea9ba3fb096ebe7b5ed02d80883e9819d: Bring Lunar Items
item.lunar_helm.9096	Used during Bring Lunar Items	approved	Direct required-item association; unique to one quest in pinned Quest Helper dataset	Quest Helper 5ea99d5ea9ba3fb096ebe7b5ed02d80883e9819d: Bring Lunar Items
item.lunar_legs.9098	Used during Bring Lunar Items	approved	Direct required-item association; unique to one quest in pinned Quest Helper dataset	Quest Helper 5ea99d5ea9ba3fb096ebe7b5ed02d80883e9819d: Bring Lunar Items
item.lunar_ore.9076	Used during The Fremennik Exiles	approved	Quest-specific required item	Quest Helper 5ea99d5ea9ba3fb096ebe7b5ed02d80883e9819d: The Fremennik Exiles
item.lunar_ring.9104	Used during Bring Lunar Items	approved	Direct required-item association; unique to one quest in pinned Quest Helper dataset	Quest Helper 5ea99d5ea9ba3fb096ebe7b5ed02d80883e9819d: Bring Lunar Items
item.lunar_staff.9084	Used during Lunar Diplomacy	approved	Direct required-item association; unique to one quest in pinned Quest Helper dataset	Quest Helper 5ea99d5ea9ba3fb096ebe7b5ed02d80883e9819d: Lunar Diplomacy
item.lunar_staff_pt1.9091	Used during Lunar Diplomacy	approved	Direct required-item association; unique to one quest in pinned Quest Helper dataset	Quest Helper 5ea99d5ea9ba3fb096ebe7b5ed02d80883e9819d: Lunar Diplomacy
item.lunar_staff_pt2.9092	Used during Lunar Diplomacy	approved	Direct required-item association; unique to one quest in pinned Quest Helper dataset	Quest Helper 5ea99d5ea9ba3fb096ebe7b5ed02d80883e9819d: Lunar Diplomacy
item.lunar_staff_pt3.9093	Used during Lunar Diplomacy	approved	Direct required-item association; unique to one quest in pinned Quest Helper dataset	Quest Helper 5ea99d5ea9ba3fb096ebe7b5ed02d80883e9819d: Lunar Diplomacy
item.lunar_torso.9097	Used during Bring Lunar Items	approved	Direct required-item association; unique to one quest in pinned Quest Helper dataset	Quest Helper 5ea99d5ea9ba3fb096ebe7b5ed02d80883e9819d: Bring Lunar Items
item.lyre.3689	Used during The Fremennik Trials	approved	Quest-specific required item	Quest Helper 5ea99d5ea9ba3fb096ebe7b5ed02d80883e9819d: The Fremennik Trials
item.m_amulet_mould.4020	Used during Monkey Madness I	approved	Direct required-item association; unique to one quest in pinned Quest Helper dataset	Quest Helper 5ea99d5ea9ba3fb096ebe7b5ed02d80883e9819d: Monkey Madness I
item.m_speak_amulet.4021	Used during Monkey Madness I, Monkey Madness II and Recipe for Disaster	approved	Direct required-item associations reviewed across multiple Quest Helper quest definitions	Quest Helper 5ea99d5ea9ba3fb096ebe7b5ed02d80883e9819d: Monkey Madness I; Monkey Madness II; Recipe for Disaster
item.machete.975	Route-dependent tool in Dragon Slayer II	approved	Reviewed direct or route-dependent Dragon Slayer II requirement	Quest Helper 5ea99d5ea9ba3fb096ebe7b5ed02d80883e9819d; OSRS Wiki: Dragon Slayer II
item.magic_essence_4.9021	Used during Fairytale II - Cure a Queen	approved	Finished Magic essence requirement	Quest Helper pinned source 5ea99d5ea9ba3fb096ebe7b5ed02d80883e9819d
item.magic_essence_unf.9019	Used during Fairytale II - Cure a Queen	approved	Unfinished Magic essence quest ingredient	Quest Helper pinned source 5ea99d5ea9ba3fb096ebe7b5ed02d80883e9819d
item.magic_glue.9592	Used during The Eyes of Glouphrie	approved	Quest-specific required item	Quest Helper 5ea99d5ea9ba3fb096ebe7b5ed02d80883e9819d: The Eyes of Glouphrie
item.magic_gold_feather.18	Used during Holy Grail	approved	Quest-specific required item	Quest Helper 5ea99d5ea9ba3fb096ebe7b5ed02d80883e9819d: Holy Grail
item.magic_logs.1513	Used during Desert Treasure I, Enlightened Journey, Monkey Madness II and Mourning’s End Part I	approved	Direct required-item associations reviewed across Quest Helper quest definitions; travel conveniences, alternatives and diary/skill helpers excluded	Quest Helper 5ea99d5ea9ba3fb096ebe7b5ed02d80883e9819d: Desert Treasure I; Enlightened Journey; Monkey Madness II; Mourning’s End Part I
item.magic_secateurs.7409	Used during Fairytale I	approved	Direct required-item association; unique to one quest in pinned Quest Helper dataset	Quest Helper 5ea99d5ea9ba3fb096ebe7b5ed02d80883e9819d: Fairytale I
item.magic_stone.4703	Used during Tears Of Guthix	approved	Direct required-item association; unique to one quest in pinned Quest Helper dataset	Quest Helper 5ea99d5ea9ba3fb096ebe7b5ed02d80883e9819d: Tears Of Guthix
item.magic_whistle.16	Used during Holy Grail	approved	Quest-specific required item	Quest Helper 5ea99d5ea9ba3fb096ebe7b5ed02d80883e9819d: Holy Grail
item.magical_orb.6950	Used during The Hand in the Sand	approved	Quest-specific required item	Quest Helper 5ea99d5ea9ba3fb096ebe7b5ed02d80883e9819d: The Hand in the Sand
item.mahogany_plank.8782	Used during Cold War and Making Friends with My Arm	approved	Direct required-item associations reviewed across Quest Helper quest definitions; travel conveniences, alternatives and diary/skill helpers excluded	Quest Helper 5ea99d5ea9ba3fb096ebe7b5ed02d80883e9819d: Cold War; Making Friends with My Arm
item.maple_logs.1517	Used during Enakhra's Lament, Shadows of Custodia, The Eyes of Glouphrie and Troll Romance	approved	Direct required-item associations reviewed across Quest Helper quest definitions; travel conveniences, alternatives and diary/skill helpers excluded	Quest Helper 5ea99d5ea9ba3fb096ebe7b5ed02d80883e9819d: Enakhra's Lament; Shadows of Custodia; The Eyes of Glouphrie; Troll Romance
item.marigold_seed.5096	Used during Garden Of Tranquillity	approved	Direct required-item association; unique to one quest in pinned Quest Helper dataset	Quest Helper 5ea99d5ea9ba3fb096ebe7b5ed02d80883e9819d: Garden Of Tranquillity
item.marigolds.6010	Used during Garden of Tranquillity	approved	Direct garden-quest flower requirement; singular source wording mapped to catalogue item	Quest Helper pinned source 5ea99d5ea9ba3fb096ebe7b5ed02d80883e9819d
item.marinated_j_bones.3130	Used during Tai Bwo Wannai Trio	approved	Exact marinated jogre-bone requirement; abbreviated catalogue display retained	Quest Helper pinned source 5ea99d5ea9ba3fb096ebe7b5ed02d80883e9819d
item.marrentill.251	Used during Lunar Diplomacy, One Small Favour and Ratcatchers	approved	Direct required-item associations reviewed across Quest Helper quest definitions; travel conveniences, alternatives and diary/skill helpers excluded	Quest Helper 5ea99d5ea9ba3fb096ebe7b5ed02d80883e9819d: Lunar Diplomacy; One Small Favour; Ratcatchers
item.marrentill_potion_unf.93	Used during Bone Voyage	approved	Direct required-item association; unique to one quest in pinned Quest Helper dataset	Quest Helper 5ea99d5ea9ba3fb096ebe7b5ed02d80883e9819d: Bone Voyage
item.medical_gown.430	Used during Biohazard	approved	Quest-specific required item	Quest Helper 5ea99d5ea9ba3fb096ebe7b5ed02d80883e9819d: Biohazard
item.metal_bar.10876	Used during Tower of Life	approved	Exact quest-specific Metal bar requirement; ordinary metal bars remain separate	Quest Helper pinned source 5ea99d5ea9ba3fb096ebe7b5ed02d80883e9819d
item.metal_feather.10174	Used during Eagles’ Peak	approved	Direct required-item association; unique to one quest in pinned Quest Helper dataset	Quest Helper 5ea99d5ea9ba3fb096ebe7b5ed02d80883e9819d: Eagles’ Peak
item.milk_sample.33128	Used during The Ides of Milk	approved	Direct required-item association; unique to one quest in pinned Quest Helper dataset	Quest Helper 5ea99d5ea9ba3fb096ebe7b5ed02d80883e9819d: The Ides of Milk
item.milky_mixture.7471	Used during Recipe for Disaster	approved	Direct required item in Recipe for Disaster; corrected legacy quest attribution	Quest Helper 5ea99d5ea9ba3fb096ebe7b5ed02d80883e9819d: Recipe for Disaster; OSRS Wiki: Recipe for Disaster
item.mind-rune	Used during Legends’ Quest, The Slug Menace and While Guthix Sleeps	approved	Exact catalogue-name match to direct required-item rows; variants, recommendations, alternatives, teleports, diary/skill helpers and ambiguous quantity rows excluded	Quest Helper 5ea99d5ea9ba3fb096ebe7b5ed02d80883e9819d: Legends’ Quest; The Slug Menace; While Guthix Sleeps
item.mirror_shield.4156	Used during The Fremennik Exiles	approved	Direct required equipment association; optional Rag and Bone Man II method excluded	Quest Helper 5ea99d5ea9ba3fb096ebe7b5ed02d80883e9819d: The Fremennik Exiles; OSRS Wiki: The Fremennik Exiles
item.mist_rune.4695	Used during Swan Song	approved	Direct required-item association; unique to one quest in pinned Quest Helper dataset	Quest Helper 5ea99d5ea9ba3fb096ebe7b5ed02d80883e9819d: Swan Song
item.mith_grapple.9418	Used during The Curse of Arrav and The Path of Glouphrie	approved	Direct required-item associations reviewed across multiple Quest Helper quest definitions	Quest Helper 5ea99d5ea9ba3fb096ebe7b5ed02d80883e9819d: The Curse of Arrav; The Path of Glouphrie
item.mithril-2h-sword	Used during Devious Minds	approved	Exact catalogue-name match to direct required-item rows; variants, recommendations, alternatives, teleports, diary/skill helpers and ambiguous quantity rows excluded	Quest Helper 5ea99d5ea9ba3fb096ebe7b5ed02d80883e9819d: Devious Minds
item.mithril-bar	Used during In Aid of the Myreque and The Giant Dwarf	approved	Exact catalogue-name match to direct required-item rows; variants, recommendations, alternatives, teleports, diary/skill helpers and ambiguous quantity rows excluded	Quest Helper 5ea99d5ea9ba3fb096ebe7b5ed02d80883e9819d: In Aid of the Myreque; The Giant Dwarf
item.mithril-ore	Used during The Fremennik Isles and The Giant Dwarf	approved	Exact catalogue-name match to direct required-item rows; variants, recommendations, alternatives, teleports, diary/skill helpers and ambiguous quantity rows excluded	Quest Helper 5ea99d5ea9ba3fb096ebe7b5ed02d80883e9819d: The Fremennik Isles; The Giant Dwarf
item.mithril_axe.1355	Used during Animal Magnetism	approved	Direct required-item association; unique to one quest in pinned Quest Helper dataset	Quest Helper 5ea99d5ea9ba3fb096ebe7b5ed02d80883e9819d: Animal Magnetism
item.molten_glass.1775	Used during A Kingdom Divided, Desert Treasure I, Dragon Slayer II, Horror from the Deep, Observatory Quest, The Fremennik Exiles and Wanted	approved	Direct required-item associations reviewed across Quest Helper quest definitions; recommendations, alternatives, travel conveniences and conditional rows excluded	Quest Helper 5ea99d5ea9ba3fb096ebe7b5ed02d80883e9819d: A Kingdom Divided; Desert Treasure I; Dragon Slayer II; Horror from the Deep; Observatory Quest; The Fremennik Exiles; Wanted
item.monkey.4033	Used during Monkey Madness I	approved	Direct required-item association; unique to one quest in pinned Quest Helper dataset	Quest Helper 5ea99d5ea9ba3fb096ebe7b5ed02d80883e9819d: Monkey Madness I
item.monkey_nuts.4012	Used during Recipe for Disaster	approved	Direct required item in Recipe for Disaster; corrected legacy quest attribution	Quest Helper 5ea99d5ea9ba3fb096ebe7b5ed02d80883e9819d: Recipe for Disaster; OSRS Wiki: Recipe for Disaster
item.mort_myre_fungus.2970	Used during Nature Spirit and While Guthix Sleeps	approved	Direct required-item associations reviewed across Quest Helper quest definitions; travel conveniences, alternatives and diary/skill helpers excluded	Quest Helper 5ea99d5ea9ba3fb096ebe7b5ed02d80883e9819d: Nature Spirit; While Guthix Sleeps
item.mosschin_s_bone.26591	Used during Hopespear's Will	approved	Exact named goblin-bone requirement; source plural normalised to catalogue item	Quest Helper pinned source 5ea99d5ea9ba3fb096ebe7b5ed02d80883e9819d
item.mourner_boots.6069	Used during Mourning’s End Part I and Mourning’s End Part II	approved	Direct required-item associations reviewed across multiple Quest Helper quest definitions	Quest Helper 5ea99d5ea9ba3fb096ebe7b5ed02d80883e9819d: Mourning’s End Part I; Mourning’s End Part II
item.mourner_cloak.6070	Used during Mourning’s End Part I and Mourning’s End Part II	approved	Direct required-item associations reviewed across multiple Quest Helper quest definitions	Quest Helper 5ea99d5ea9ba3fb096ebe7b5ed02d80883e9819d: Mourning’s End Part I; Mourning’s End Part II
item.mourner_gloves.6068	Used during Mourning’s End Part I and Mourning’s End Part II	approved	Direct required-item associations reviewed across multiple Quest Helper quest definitions	Quest Helper 5ea99d5ea9ba3fb096ebe7b5ed02d80883e9819d: Mourning’s End Part I; Mourning’s End Part II
item.mourner_top.6065	Used during Mourning’s End Part I and Mourning’s End Part II	approved	Direct required-item associations reviewed across multiple Quest Helper quest definitions	Quest Helper 5ea99d5ea9ba3fb096ebe7b5ed02d80883e9819d: Mourning’s End Part I; Mourning’s End Part II
item.mourner_trousers.6067	Used during Mourning’s End Part I and Mourning’s End Part II	approved	Direct required-item associations reviewed across multiple Quest Helper quest definitions	Quest Helper 5ea99d5ea9ba3fb096ebe7b5ed02d80883e9819d: Mourning’s End Part I; Mourning’s End Part II
item.mud_rune.4698	Used during The Eyes of Glouphrie	approved	Direct required-item association; unique to one quest in pinned Quest Helper dataset	Quest Helper 5ea99d5ea9ba3fb096ebe7b5ed02d80883e9819d: The Eyes of Glouphrie
item.mudskipper_hide.7532	Used during Recipe for Disaster	approved	Direct required item in Recipe for Disaster; corrected legacy quest attribution	Quest Helper 5ea99d5ea9ba3fb096ebe7b5ed02d80883e9819d: Recipe for Disaster; OSRS Wiki: Recipe for Disaster
item.mysterious_herb.22402	Used during A Taste of Hope	approved	Quest-specific required item	Quest Helper 5ea99d5ea9ba3fb096ebe7b5ed02d80883e9819d: A Taste of Hope
item.mysterious_orb.21261	Used during Client of Kourend	approved	Quest-specific required item	Quest Helper 5ea99d5ea9ba3fb096ebe7b5ed02d80883e9819d: Client of Kourend
item.nature-rune	Used during Song of the Elves and While Guthix Sleeps	approved	Exact catalogue-name match to direct required-item rows; variants, recommendations, alternatives, teleports, diary/skill helpers and ambiguous quantity rows excluded	Quest Helper 5ea99d5ea9ba3fb096ebe7b5ed02d80883e9819d: Song of the Elves; While Guthix Sleeps
item.necklace_mould.1597	Used during Family Crest	approved	Direct required-item association; unique to one quest in pinned Quest Helper dataset	Quest Helper 5ea99d5ea9ba3fb096ebe7b5ed02d80883e9819d: Family Crest
item.necklace_of_passage_5.21146	Used during The Restless Ghost	approved	Direct required-item association; unique to one quest in pinned Quest Helper dataset	Quest Helper 5ea99d5ea9ba3fb096ebe7b5ed02d80883e9819d: The Restless Ghost
item.needle.1733	Used during At First Light, Creature of Fenkenstrain, Elemental Workshop I, Getting Ahead, Ghosts Ahoy, Lunar Diplomacy, Recipe for Disaster, Spirits of the Elid and The Fremennik Isles	approved	Direct required-item associations reviewed across Quest Helper quest and miniquest definitions; teleports, recommendations, alternatives, diary/skill helpers and conditional rows excluded	Quest Helper 5ea99d5ea9ba3fb096ebe7b5ed02d80883e9819d: At First Light; Creature of Fenkenstrain; Elemental Workshop I; Getting Ahead; Ghosts Ahoy; Lunar Diplomacy; Recipe for Disaster; Spirits of the Elid; The Fremennik Isles
item.neitiznot_faceguard.24271	Completion of The Fremennik Exiles required to wear	approved	Equipment requirement	OSRS Wiki: Neitiznot faceguard
item.neitiznot_shield.10826	Used during The Fremennik Isles	approved	Quest-specific required item	Quest Helper 5ea99d5ea9ba3fb096ebe7b5ed02d80883e9819d: The Fremennik Isles
item.nettle_tea.4239	Used during Ghosts Ahoy	approved	Direct required-item association; unique to one quest in pinned Quest Helper dataset	Quest Helper 5ea99d5ea9ba3fb096ebe7b5ed02d80883e9819d: Ghosts Ahoy
item.oak-longbow	Used during Ghosts Ahoy	approved	Exact catalogue-name match to direct required-item rows; variants, recommendations, alternatives, teleports, diary/skill helpers and ambiguous quantity rows excluded	Quest Helper 5ea99d5ea9ba3fb096ebe7b5ed02d80883e9819d: Ghosts Ahoy
item.oak_blackjack.4599	Used during The Feud	approved	Exact catalogue-name match to direct required-item rows; variants, recommendations, alternatives, teleports, diary/skill helpers and ambiguous quantity rows excluded	Quest Helper 5ea99d5ea9ba3fb096ebe7b5ed02d80883e9819d: The Feud
item.oak_logs.1521	Used during Enakhra's Lament, Enlightened Journey, Sleeping Giants and The Eyes of Glouphrie	approved	Direct required-item associations reviewed across Quest Helper quest definitions; travel conveniences, alternatives and diary/skill helpers excluded	Quest Helper 5ea99d5ea9ba3fb096ebe7b5ed02d80883e9819d: Enakhra's Lament; Enlightened Journey; Sleeping Giants; The Eyes of Glouphrie
item.oak_plank.8778	Used during Bone Voyage, Cold War and The Great Brain Robbery; Used during Dragon Slayer II	approved	Direct required-item associations reviewed across Quest Helper quest definitions; travel conveniences, alternatives and diary/skill helpers excluded; Reviewed direct or route-dependent Dragon Slayer II requirement	Quest Helper 5ea99d5ea9ba3fb096ebe7b5ed02d80883e9819d: Bone Voyage; Cold War; The Great Brain Robbery; Quest Helper 5ea99d5ea9ba3fb096ebe7b5ed02d80883e9819d; OSRS Wiki: Dragon Slayer II
item.odd_bird_seed.10178	Used during Eagles’ Peak	approved	Quest-specific required item	Quest Helper 5ea99d5ea9ba3fb096ebe7b5ed02d80883e9819d: Eagles’ Peak
item.ogre_arrow.2866	Used during Big Chompy Bird Hunting and Recipe for Disaster	approved	Direct required-item associations reviewed across multiple Quest Helper quest definitions	Quest Helper 5ea99d5ea9ba3fb096ebe7b5ed02d80883e9819d: Big Chompy Bird Hunting; Recipe for Disaster
item.ogre_arrow_shaft.2864	Used during Big Chompy Bird Hunting	approved	Quest-specific required item	Quest Helper 5ea99d5ea9ba3fb096ebe7b5ed02d80883e9819d: Big Chompy Bird Hunting
item.ogre_bow.2883	Used during Big Chompy Bird Hunting and Recipe for Disaster	approved	Direct required item shared by Big Chompy Bird Hunting and Recipe for Disaster	Quest Helper 5ea99d5ea9ba3fb096ebe7b5ed02d80883e9819d: Big Chompy Bird Hunting; Quest Helper 5ea99d5ea9ba3fb096ebe7b5ed02d80883e9819d: Recipe for Disaster; OSRS Wiki: Recipe for Disaster
item.oily_fishing_rod.1585	Used during Heroes’ Quest	approved	Quest-specific required item	Quest Helper 5ea99d5ea9ba3fb096ebe7b5ed02d80883e9819d: Heroes’ Quest
item.olive_oil_4.3422	Used during Shades of Mort’ton	approved	Direct required-item association; unique to one quest in pinned Quest Helper dataset	Quest Helper 5ea99d5ea9ba3fb096ebe7b5ed02d80883e9819d: Shades of Mort’ton
item.onion.1957	Used during Big Chompy Bird Hunting, The Fremennik Trials and Witch's Potion	approved	Direct required-item associations reviewed across Quest Helper quest definitions; travel conveniences, alternatives and diary/skill helpers excluded	Quest Helper 5ea99d5ea9ba3fb096ebe7b5ed02d80883e9819d: Big Chompy Bird Hunting; The Fremennik Trials; Witch's Potion
item.onion_seed.5319	Used during Garden of Tranquillity	approved	Direct seed requirement; uncertain safety quantity omitted from runtime wording	Quest Helper pinned source 5ea99d5ea9ba3fb096ebe7b5ed02d80883e9819d
item.opal.1609	Used during Legends' Quest, One Small Favour and The Dig Site	approved	Direct required-item associations reviewed across Quest Helper quest definitions; travel conveniences, alternatives and diary/skill helpers excluded	Quest Helper 5ea99d5ea9ba3fb096ebe7b5ed02d80883e9819d: Legends' Quest; One Small Favour; The Dig Site
item.orange.2108	Used during Recipe for Disaster	approved	Direct required item in Recipe for Disaster; corrected legacy quest attribution	Quest Helper 5ea99d5ea9ba3fb096ebe7b5ed02d80883e9819d: Recipe for Disaster; OSRS Wiki: Recipe for Disaster
item.orange_dye.1769	Used during Ghosts Ahoy, Goblin Diplomacy and Land of the Goblins	approved	Direct reviewed requirement; corrected legacy quest attribution where applicable	OSRS Wiki: Ghosts Ahoy; OSRS Wiki: Goblin Diplomacy; Quest Helper 5ea99d5ea9ba3fb096ebe7b5ed02d80883e9819d: Land of the Goblins; OSRS Wiki: Land of the Goblins
item.orange_goblin_mail.286	Used during Goblin Diplomacy and Land of the Goblins	approved	Direct reviewed requirement; corrected legacy quest attribution where applicable	OSRS Wiki: Goblin Diplomacy; Quest Helper 5ea99d5ea9ba3fb096ebe7b5ed02d80883e9819d: Land of the Goblins; OSRS Wiki: Land of the Goblins
item.orange_slices.2112	Used during Recipe for Disaster	approved	Direct required item in Recipe for Disaster; corrected legacy quest attribution	Quest Helper 5ea99d5ea9ba3fb096ebe7b5ed02d80883e9819d: Recipe for Disaster; OSRS Wiki: Recipe for Disaster
item.orchid_seed.6458	Used during Garden of Tranquillity	approved	Direct pink and yellow orchid-seed requirements consolidated on the canonical card	Quest Helper pinned source 5ea99d5ea9ba3fb096ebe7b5ed02d80883e9819d
item.papyrus.970	Used during Darkness of Hallowvale, Enlightened Journey, Legends' Quest, Shilo Village, The Golem, While Guthix Sleeps and Zogre Flesh Eaters	approved	Direct required-item associations reviewed across Quest Helper quest definitions; recommendations, alternatives, travel conveniences and conditional rows excluded	Quest Helper 5ea99d5ea9ba3fb096ebe7b5ed02d80883e9819d: Darkness of Hallowvale; Enlightened Journey; Legends' Quest; Shilo Village; The Golem; While Guthix Sleeps; Zogre Flesh Eaters
item.pasty_jogre_bones.3128	Used during Tai Bwo Wannai Trio	approved	Direct required-item association; unique to one quest in pinned Quest Helper dataset	Quest Helper 5ea99d5ea9ba3fb096ebe7b5ed02d80883e9819d: Tai Bwo Wannai Trio
item.pendant_of_ates.29893	Used during The Final Dawn	approved	Exact active Pendant of ates requirement; inert variant excluded	Quest Helper pinned source 5ea99d5ea9ba3fb096ebe7b5ed02d80883e9819d
item.pendant_of_lucien.86	Used during Temple of Ikov	approved	Quest-specific required item	Quest Helper 5ea99d5ea9ba3fb096ebe7b5ed02d80883e9819d: Temple of Ikov
item.penguin_bongos.10592	Used during Cold War	approved	Quest-specific required item	Quest Helper 5ea99d5ea9ba3fb096ebe7b5ed02d80883e9819d: Cold War
item.perfect_gold_bar.2365	Used during Family Crest	approved	Quest-specific required item	Quest Helper 5ea99d5ea9ba3fb096ebe7b5ed02d80883e9819d: Family Crest
item.perfect_gold_ore.446	Used during Family Crest	approved	Quest-specific required item	Quest Helper 5ea99d5ea9ba3fb096ebe7b5ed02d80883e9819d: Family Crest
item.perfect_necklace.774	Used during Family Crest	approved	Quest-specific required item	Quest Helper 5ea99d5ea9ba3fb096ebe7b5ed02d80883e9819d: Family Crest
item.perfect_ring.773	Used during Family Crest	approved	Quest-specific required item	Quest Helper 5ea99d5ea9ba3fb096ebe7b5ed02d80883e9819d: Family Crest
item.pestle_and_mortar.233	Used during A Taste of Hope, Dream Mentor, Eadgar’s Ruse, Fairytale II – Cure a Queen, Garden of Tranquillity, Land of the Goblins, Lunar Diplomacy, Monkey Madness II, Perilous Moons, Recipe for Disaster, Regicide, Shadow of the Storm, Song of the Elves, Tai Bwo Wannai Trio, The Dig Site, The Eyes of Glouphrie, The Golem and Watchtower; Used during Dragon Slayer II	approved	Direct required-item associations reviewed across Quest Helper quest and miniquest definitions; teleports, recommendations, alternatives, diary/skill helpers and conditional rows excluded; Reviewed direct or route-dependent Dragon Slayer II requirement	Quest Helper 5ea99d5ea9ba3fb096ebe7b5ed02d80883e9819d: A Taste of Hope; Dream Mentor; Eadgar’s Ruse; Fairytale II – Cure a Queen; Garden of Tranquillity; Land of the Goblins; Lunar Diplomacy; Monkey Madness II; Perilous Moons; Recipe for Disaster; Regicide; Shadow of the Storm; Song of the Elves; Tai Bwo Wannai Trio; The Dig Site; The Eyes of Glouphrie; The Golem; Watchtower; Quest Helper 5ea99d5ea9ba3fb096ebe7b5ed02d80883e9819d; OSRS Wiki: Dragon Slayer II
item.pet_rock.3695	Used during The Fremennik Exiles and The Fremennik Trials	approved	Direct required-item associations reviewed across multiple Quest Helper quest definitions	Quest Helper 5ea99d5ea9ba3fb096ebe7b5ed02d80883e9819d: The Fremennik Exiles; The Fremennik Trials
item.phoenix_crossbow.767	Used during Shield Of Arrav Black Arm Gang	approved	Direct required-item association; unique to one quest in pinned Quest Helper dataset	Quest Helper 5ea99d5ea9ba3fb096ebe7b5ed02d80883e9819d: Shield Of Arrav Black Arm Gang
item.phoenix_feather.4621	Used during The Golem	approved	Direct required-item association; unique to one quest in pinned Quest Helper dataset	Quest Helper 5ea99d5ea9ba3fb096ebe7b5ed02d80883e9819d: The Golem
item.pineapple_chunks.2116	Used during Eadgar's Ruse	approved	Direct required-item association; unique to one quest in pinned Quest Helper dataset	Quest Helper 5ea99d5ea9ba3fb096ebe7b5ed02d80883e9819d: Eadgar's Ruse
item.pink_rose_seed.6455	Used during Garden Of Tranquillity	approved	Direct required-item association; unique to one quest in pinned Quest Helper dataset	Quest Helper 5ea99d5ea9ba3fb096ebe7b5ed02d80883e9819d: Garden Of Tranquillity
item.pink_skirt.1013	Used during Prince Ali Rescue	approved	Direct required-item association; unique to one quest in pinned Quest Helper dataset	Quest Helper 5ea99d5ea9ba3fb096ebe7b5ed02d80883e9819d: Prince Ali Rescue
item.plague_jacket.284	Used during Sheep Herder	approved	Direct required-item association; unique to one quest in pinned Quest Helper dataset	Quest Helper 5ea99d5ea9ba3fb096ebe7b5ed02d80883e9819d: Sheep Herder
item.plague_trousers.285	Used during Sheep Herder	approved	Direct required-item association; unique to one quest in pinned Quest Helper dataset	Quest Helper 5ea99d5ea9ba3fb096ebe7b5ed02d80883e9819d: Sheep Herder
item.plank.960	Used during Daddy’s Home, Darkness of Hallowvale, Dragon Slayer I, Horror from the Deep, In Aid of the Myreque, In Search of the Myreque, Observatory Quest, Regicide, Royal Trouble, Scrambled!, The Great Brain Robbery and Underground Pass	approved	Direct required-item associations reviewed across Quest Helper quest and miniquest definitions; teleports, recommendations, alternatives, diary/skill helpers and conditional rows excluded	Quest Helper 5ea99d5ea9ba3fb096ebe7b5ed02d80883e9819d: Daddy’s Home; Darkness of Hallowvale; Dragon Slayer I; Horror from the Deep; In Aid of the Myreque; In Search of the Myreque; Observatory Quest; Regicide; Royal Trouble; Scrambled!; The Great Brain Robbery; Underground Pass
item.plant_cure.6036	Used during Garden of Tranquillity and My Arm's Big Adventure	approved	Direct required-item associations reviewed across multiple Quest Helper quest definitions	Quest Helper 5ea99d5ea9ba3fb096ebe7b5ed02d80883e9819d: Garden of Tranquillity; My Arm's Big Adventure
item.poison.273	Used during Ernest the Chicken and Hazeel Cult	approved	Direct required-item associations reviewed across multiple Quest Helper quest definitions	Quest Helper 5ea99d5ea9ba3fb096ebe7b5ed02d80883e9819d: Ernest the Chicken; Hazeel Cult
item.poison_karambwan.3146	Used during Tai Bwo Wannai Trio	approved	Direct required-item association; unique to one quest in pinned Quest Helper dataset	Quest Helper 5ea99d5ea9ba3fb096ebe7b5ed02d80883e9819d: Tai Bwo Wannai Trio
item.poisoned_cheese.6768	Used during Rat Catchers	approved	Direct required-item association; unique to one quest in pinned Quest Helper dataset	Quest Helper 5ea99d5ea9ba3fb096ebe7b5ed02d80883e9819d: Rat Catchers
item.polished_buttons.10496	Used during Animal Magnetism	approved	Quest-specific required item	Quest Helper 5ea99d5ea9ba3fb096ebe7b5ed02d80883e9819d: Animal Magnetism
item.pot	Used during Cook's Assistant, Forgettable Tale, Murder Mystery, One Small Favour, Rag and Bone Man, Recipe for Disaster, Regicide and Swan Song; Used during Rag and Bone Man II	approved	Direct required item; consolidated exact active-catalogue match; Direct bone-processing requirement in Rag and Bone Man II	Quest Helper 5ea99d5ea9ba3fb096ebe7b5ed02d80883e9819d: Cook's Assistant, Forgettable Tale, Murder Mystery, One Small Favour, Rag and Bone Man, Recipe for Disaster, Regicide and Swan Song; Quest Helper 5ea99d5ea9ba3fb096ebe7b5ed02d80883e9819d; OSRS Wiki: Rag and Bone Man II
item.pot_lid.4440	Used during One Small Favour and Swan Song	approved	Direct required-item associations reviewed across multiple Quest Helper quest definitions	Quest Helper 5ea99d5ea9ba3fb096ebe7b5ed02d80883e9819d: One Small Favour; Swan Song
item.pot_of_cornflour.7468	Used during Recipe for Disaster	approved	Direct required item in Recipe for Disaster; corrected legacy quest attribution	Quest Helper 5ea99d5ea9ba3fb096ebe7b5ed02d80883e9819d: Recipe for Disaster; OSRS Wiki: Recipe for Disaster
item.pot_of_cream.2130	Used during Recipe for Disaster	approved	Direct required item in Recipe for Disaster; corrected legacy quest attribution	Quest Helper 5ea99d5ea9ba3fb096ebe7b5ed02d80883e9819d: Recipe for Disaster; OSRS Wiki: Recipe for Disaster
item.pot_of_flour	Used during Cook's Assistant, Getting Ahead, Murder Mystery, Prince Ali Rescue and Recipe for Disaster	approved	Direct required item; consolidated exact active-catalogue match	Quest Helper 5ea99d5ea9ba3fb096ebe7b5ed02d80883e9819d: Cook's Assistant, Getting Ahead, Murder Mystery, Prince Ali Rescue and Recipe for Disaster
item.pot_of_vinegar.7811	Used during Rag And Bone Man I; Used during Rag and Bone Man II	approved	Direct required-item association; unique to one quest in pinned Quest Helper dataset; Direct bone-processing requirement in Rag and Bone Man II	Quest Helper 5ea99d5ea9ba3fb096ebe7b5ed02d80883e9819d: Rag And Bone Man I; Quest Helper 5ea99d5ea9ba3fb096ebe7b5ed02d80883e9819d; OSRS Wiki: Rag and Bone Man II
item.potato.1942	Used during Big Chompy Bird Hunting and The Fremennik Trials	approved	Direct required-item associations reviewed across Quest Helper quest definitions; travel conveniences, alternatives and diary/skill helpers excluded	Quest Helper 5ea99d5ea9ba3fb096ebe7b5ed02d80883e9819d: Big Chompy Bird Hunting; The Fremennik Trials
item.potato_cactus.3138	Used during While Guthix Sleeps	approved	Direct required-item association; unique to one quest in pinned Quest Helper dataset	Quest Helper 5ea99d5ea9ba3fb096ebe7b5ed02d80883e9819d: While Guthix Sleeps
item.potato_seed.5318	Used during A Tail of Two Cats	approved	Direct required-item association; unique to one quest in pinned Quest Helper dataset	Quest Helper 5ea99d5ea9ba3fb096ebe7b5ed02d80883e9819d: A Tail of Two Cats
item.potatoes_10.5438	Used during The Final Dawn	approved	Direct required-item association; unique to one quest in pinned Quest Helper dataset	Quest Helper 5ea99d5ea9ba3fb096ebe7b5ed02d80883e9819d: The Final Dawn
item.premade_blurb_sp.2028	Used during Death Plateau	approved	Direct required-item association; unique to one quest in pinned Quest Helper dataset	Quest Helper 5ea99d5ea9ba3fb096ebe7b5ed02d80883e9819d: Death Plateau
item.priest_gown.426	Used during Biohazard	approved	Quest-specific required item	Quest Helper 5ea99d5ea9ba3fb096ebe7b5ed02d80883e9819d: Biohazard
item.primed_mind_bar.9728	Used during Elemental Workshop II	approved	Quest-specific required item	Quest Helper 5ea99d5ea9ba3fb096ebe7b5ed02d80883e9819d: Elemental Workshop II
item.purple_dye.1773	Used during Ghosts Ahoy and Land of the Goblins	approved	Direct reviewed requirement; corrected legacy quest attribution where applicable	OSRS Wiki: Ghosts Ahoy; Quest Helper 5ea99d5ea9ba3fb096ebe7b5ed02d80883e9819d: Land of the Goblins; OSRS Wiki: Land of the Goblins
item.purple_goblin_mail.9058	Used during Land of the Goblins	approved	Direct reviewed requirement; corrected legacy quest attribution where applicable	Quest Helper 5ea99d5ea9ba3fb096ebe7b5ed02d80883e9819d: Land of the Goblins; OSRS Wiki: Land of the Goblins
item.queen_s_secateurs.7410	Used during Fairytale I – Growing Pains and Fairytale II – Cure a Queen	approved	Direct required-item associations reviewed across multiple Quest Helper quest definitions	Quest Helper 5ea99d5ea9ba3fb096ebe7b5ed02d80883e9819d: Fairytale I – Growing Pains; Fairytale II – Cure a Queen
item.quetzal_feed.28975	Used during The Heart of Darkness	approved	Direct required-item association; unique to one quest in pinned Quest Helper dataset	Quest Helper 5ea99d5ea9ba3fb096ebe7b5ed02d80883e9819d: The Heart of Darkness
item.rake.5341	Used during A Tail of Two Cats, Forgettable Tale of a Drunken Dwarf, Garden of Tranquillity, My Arm's Big Adventure, Rum Deal and Throne of Miscellania	approved	Direct required-item associations reviewed across Quest Helper quest definitions; recommendations, alternatives, travel conveniences and conditional rows excluded	Quest Helper 5ea99d5ea9ba3fb096ebe7b5ed02d80883e9819d: A Tail of Two Cats; Forgettable Tale of a Drunken Dwarf; Garden of Tranquillity; My Arm's Big Adventure; Rum Deal; Throne of Miscellania
item.rake_handle.5347	Used during My Arm's Big Adventure	approved	Direct required-item association; unique to one quest in pinned Quest Helper dataset	Quest Helper 5ea99d5ea9ba3fb096ebe7b5ed02d80883e9819d: My Arm's Big Adventure
item.rake_head.5348	Used during My Arm's Big Adventure	approved	Direct required-item association; unique to one quest in pinned Quest Helper dataset	Quest Helper 5ea99d5ea9ba3fb096ebe7b5ed02d80883e9819d: My Arm's Big Adventure
item.ranarr_potion_unf.99	Used during Eadgar's Ruse	approved	Direct required-item association; unique to one quest in pinned Quest Helper dataset	Quest Helper 5ea99d5ea9ba3fb096ebe7b5ed02d80883e9819d: Eadgar's Ruse
item.ranarr_weed.257	Used during While Guthix Sleeps	approved	Direct required-item association; unique to one quest in pinned Quest Helper dataset	Quest Helper 5ea99d5ea9ba3fb096ebe7b5ed02d80883e9819d: While Guthix Sleeps
item.raw-tuna	Used during The Fremennik Isles	approved	Exact catalogue-name match to direct required-item rows; variants, recommendations, alternatives, teleports, diary/skill helpers and ambiguous quantity rows excluded	Quest Helper 5ea99d5ea9ba3fb096ebe7b5ed02d80883e9819d: The Fremennik Isles
item.raw_bear_meat.2136	Used during Druidic Ritual	approved	Direct required-item association; unique to one quest in pinned Quest Helper dataset	Quest Helper 5ea99d5ea9ba3fb096ebe7b5ed02d80883e9819d: Druidic Ritual
item.raw_beef	Used during Druidic Ritual	approved	Exact catalogue-name match to direct required-item rows; variants, recommendations, alternatives, teleports, diary/skill helpers and ambiguous quantity rows excluded	Quest Helper 5ea99d5ea9ba3fb096ebe7b5ed02d80883e9819d: Druidic Ritual
item.raw_bream.29216	Used during Perilous Moon	approved	Direct required-item association; unique to one quest in pinned Quest Helper dataset	Quest Helper 5ea99d5ea9ba3fb096ebe7b5ed02d80883e9819d: Perilous Moon
item.raw_chicken	Used during Druidic Ritual, Eadgar's Ruse and Recipe for Disaster	approved	Direct required item; consolidated exact active-catalogue match	Quest Helper 5ea99d5ea9ba3fb096ebe7b5ed02d80883e9819d: Druidic Ritual, Eadgar's Ruse and Recipe for Disaster
item.raw_chompy.2876	Used during Big Chompy Bird Hunting and Recipe for Disaster	approved	Direct required item shared by Big Chompy Bird Hunting and Recipe for Disaster	Quest Helper 5ea99d5ea9ba3fb096ebe7b5ed02d80883e9819d: Big Chompy Bird Hunting; Quest Helper 5ea99d5ea9ba3fb096ebe7b5ed02d80883e9819d: Recipe for Disaster; OSRS Wiki: Recipe for Disaster
item.raw_cod.341	Used during Cold War and Recipe for Disaster	approved	Direct required-item associations reviewed across Quest Helper quest definitions; travel conveniences, alternatives and diary/skill helpers excluded	Quest Helper 5ea99d5ea9ba3fb096ebe7b5ed02d80883e9819d: Cold War; Recipe for Disaster
item.raw_fishcake.7529	Used during Recipe for Disaster	approved	Direct required item in Recipe for Disaster; corrected legacy quest attribution	Quest Helper 5ea99d5ea9ba3fb096ebe7b5ed02d80883e9819d: Recipe for Disaster; OSRS Wiki: Recipe for Disaster
item.raw_giant_carp.338	Used during Fishing Contest	approved	Quest-specific required item	Quest Helper 5ea99d5ea9ba3fb096ebe7b5ed02d80883e9819d: Fishing Contest
item.raw_guide_cake.7543	Used during Recipe for Disaster	approved	Direct required item in Recipe for Disaster; corrected legacy quest attribution	Quest Helper 5ea99d5ea9ba3fb096ebe7b5ed02d80883e9819d: Recipe for Disaster; OSRS Wiki: Recipe for Disaster
item.raw_jubbly.7566	Used during Recipe for Disaster	approved	Direct required item in Recipe for Disaster; corrected legacy quest attribution	Quest Helper 5ea99d5ea9ba3fb096ebe7b5ed02d80883e9819d: Recipe for Disaster; OSRS Wiki: Recipe for Disaster
item.raw_karambwan.3142	Used during Tai Bwo Wannai Trio	approved	Direct required-item association; unique to one quest in pinned Quest Helper dataset	Quest Helper 5ea99d5ea9ba3fb096ebe7b5ed02d80883e9819d: Tai Bwo Wannai Trio
item.raw_karambwanji.3150	Used during Tai Bwo Wannai Trio	approved	Exact TBWT_RAW_KARAMBWANJI quest constant; quantity wording removed	Quest Helper pinned source 5ea99d5ea9ba3fb096ebe7b5ed02d80883e9819d: Tai Bwo Wannai Trio
item.raw_lava_eel.2148	Used during Heroes’ Quest	approved	Quest-specific required item	Quest Helper 5ea99d5ea9ba3fb096ebe7b5ed02d80883e9819d: Heroes’ Quest
item.raw_mackerel.353	Used during In Aid of the Myreque	approved	Direct required-item association; unique to one quest in pinned Quest Helper dataset	Quest Helper 5ea99d5ea9ba3fb096ebe7b5ed02d80883e9819d: In Aid of the Myreque
item.raw_moss_lizard.29076	Used during Perilous Moon	approved	Direct required-item association; unique to one quest in pinned Quest Helper dataset	Quest Helper 5ea99d5ea9ba3fb096ebe7b5ed02d80883e9819d: Perilous Moon
item.raw_rat_meat.2134	Used during Druidic Ritual	approved	Direct required-item association; unique to one quest in pinned Quest Helper dataset	Quest Helper 5ea99d5ea9ba3fb096ebe7b5ed02d80883e9819d: Druidic Ritual
item.raw_sardine	Used during Gertrude’s Cat	approved	Exact catalogue-name match to direct required-item rows; variants, recommendations, alternatives, teleports, diary/skill helpers and ambiguous quantity rows excluded	Quest Helper 5ea99d5ea9ba3fb096ebe7b5ed02d80883e9819d: Gertrude’s Cat
item.raw_slimy_eel.3379	Used during Land of the Goblins	approved	Direct reviewed requirement; corrected legacy quest attribution where applicable	Quest Helper 5ea99d5ea9ba3fb096ebe7b5ed02d80883e9819d: Land of the Goblins; OSRS Wiki: Land of the Goblins
item.raw_stuffed_snake.7577	Used during Recipe for Disaster	approved	Direct required item in Recipe for Disaster; corrected legacy quest attribution	Quest Helper 5ea99d5ea9ba3fb096ebe7b5ed02d80883e9819d: Recipe for Disaster; OSRS Wiki: Recipe for Disaster
item.red_banana.7572	Used during Recipe for Disaster	approved	Direct required item in Recipe for Disaster; corrected legacy quest attribution	Quest Helper 5ea99d5ea9ba3fb096ebe7b5ed02d80883e9819d: Recipe for Disaster; OSRS Wiki: Recipe for Disaster
item.red_bead.1470	Used during Imp Catcher	approved	Quest-specific required item	Quest Helper 5ea99d5ea9ba3fb096ebe7b5ed02d80883e9819d: Imp Catcher
item.red_dye.1763	Used during Enlightened Journey, Getting Ahead, Ghosts Ahoy, Mourning’s End Part I, Song of the Elves and The Hand in the Sand	approved	Direct required-item associations reviewed across Quest Helper quest definitions; recommendations, alternatives, travel conveniences and conditional rows excluded	Quest Helper 5ea99d5ea9ba3fb096ebe7b5ed02d80883e9819d: Enlightened Journey; Getting Ahead; Ghosts Ahoy; Mourning’s End Part I; Song of the Elves; The Hand in the Sand
item.red_mahogany_log.4445	Used during One Small Favour	approved	Direct required-item association; unique to one quest in pinned Quest Helper dataset	Quest Helper 5ea99d5ea9ba3fb096ebe7b5ed02d80883e9819d: One Small Favour
item.red_rose_seed.6454	Used during Garden Of Tranquillity	approved	Direct required-item association; unique to one quest in pinned Quest Helper dataset	Quest Helper 5ea99d5ea9ba3fb096ebe7b5ed02d80883e9819d: Garden Of Tranquillity
item.red_spiders_eggs.223	Used during Ratcatchers and While Guthix Sleeps	approved	Direct required-item associations reviewed across Quest Helper quest definitions; travel conveniences, alternatives and diary/skill helpers excluded	Quest Helper 5ea99d5ea9ba3fb096ebe7b5ed02d80883e9819d: Ratcatchers; While Guthix Sleeps
item.red_topaz.1613	Used during Legends' Quest and One Small Favour	approved	Direct required-item associations reviewed across Quest Helper quest definitions; travel conveniences, alternatives and diary/skill helpers excluded	Quest Helper 5ea99d5ea9ba3fb096ebe7b5ed02d80883e9819d: Legends' Quest; One Small Favour
item.redberries.1951	Used during Prince Ali Rescue and The Hand in the Sand	approved	Direct required-item associations reviewed across Quest Helper quest definitions; travel conveniences, alternatives and diary/skill helpers excluded	Quest Helper 5ea99d5ea9ba3fb096ebe7b5ed02d80883e9819d: Prince Ali Rescue; The Hand in the Sand
item.redberry_pie.2325	Used during Prying Times, The Giant Dwarf and The Knight's Sword	approved	Direct required-item associations reviewed across Quest Helper quest definitions; travel conveniences, alternatives and diary/skill helpers excluded	Quest Helper 5ea99d5ea9ba3fb096ebe7b5ed02d80883e9819d: Prying Times; The Giant Dwarf; The Knight's Sword
item.redeyes_bone.26592	Used during Hopespear's Will	approved	Exact named goblin-bone requirement; source plural normalised to catalogue item	Quest Helper pinned source 5ea99d5ea9ba3fb096ebe7b5ed02d80883e9819d
item.reduced_cadava_potion.22589	Used during Making Friends With My Arm	approved	Direct required-item association; unique to one quest in pinned Quest Helper dataset	Quest Helper 5ea99d5ea9ba3fb096ebe7b5ed02d80883e9819d: Making Friends With My Arm
item.reinforced_goggles.24942	Used during A Porcine of Interest	approved	Quest-specific required item	Quest Helper 5ea99d5ea9ba3fb096ebe7b5ed02d80883e9819d: A Porcine of Interest
item.repair_plank.7121	Used during Cabin Fever	approved	Quest-specific required item	Quest Helper 5ea99d5ea9ba3fb096ebe7b5ed02d80883e9819d: Cabin Fever
item.restore_potion.131	Used during While Guthix Sleeps	approved	Direct required-item association; unique to one quest in pinned Quest Helper dataset	Quest Helper 5ea99d5ea9ba3fb096ebe7b5ed02d80883e9819d: While Guthix Sleeps
item.ring_mould.1592	Used during Family Crest	approved	Direct required-item association; unique to one quest in pinned Quest Helper dataset	Quest Helper 5ea99d5ea9ba3fb096ebe7b5ed02d80883e9819d: Family Crest
item.ring_of_charos.4202	Used during Garden of Tranquillity and The Great Brain Robbery	approved	Exact base-ring constants reviewed; activated-ring requirements kept separate	Quest Helper pinned source 5ea99d5ea9ba3fb096ebe7b5ed02d80883e9819d
item.ring_of_charos_a.6465	Used during Garden of Tranquillity, Ghosts Ahoy, In Search of the Myreque, The Fremennik Exiles and While Guthix Sleeps	approved	Exact activated Ring of charos requirements	Quest Helper pinned source 5ea99d5ea9ba3fb096ebe7b5ed02d80883e9819d
item.ring_of_life.2570	Used during The Curse of Arrav	approved	Direct required-item association; unique to one quest in pinned Quest Helper dataset	Quest Helper 5ea99d5ea9ba3fb096ebe7b5ed02d80883e9819d: The Curse of Arrav
item.ring_of_recoil.2550	Used during Dragon Slayer, The Fremennik Trials and The Mage Arena II	approved	Direct required-item associations reviewed across multiple Quest Helper quest definitions	Quest Helper 5ea99d5ea9ba3fb096ebe7b5ed02d80883e9819d: Dragon Slayer; The Fremennik Trials; The Mage Arena II
item.ring_of_visibility.4657	Used during The Curse of the Empty Lord	approved	Quest-specific required item	Quest Helper 5ea99d5ea9ba3fb096ebe7b5ed02d80883e9819d: The Curse of the Empty Lord
item.robe_of_elidinis.6786	Used during Spirits of the Elid	approved	Direct required-item association; unique to one quest in pinned Quest Helper dataset	Quest Helper 5ea99d5ea9ba3fb096ebe7b5ed02d80883e9819d: Spirits of the Elid
item.rock_cake.2379	Used during Watchtower	approved	Quest-specific required item	Quest Helper 5ea99d5ea9ba3fb096ebe7b5ed02d80883e9819d: Watchtower
item.rod_mould.7649	Used during In Aid of the Myreque	approved	Quest-specific required item	Quest Helper 5ea99d5ea9ba3fb096ebe7b5ed02d80883e9819d: In Aid of the Myreque
item.roe.11324	Used during Barbarian Training	approved	Direct barbarian potion-mixing ingredient	Quest Helper pinned source 5ea99d5ea9ba3fb096ebe7b5ed02d80883e9819d
item.rope.954	Used during A Porcine of Interest, A Soul’s Bane, Another Slice of H.A.M., Cabin Fever, In Aid of the Myreque, Legends’ Quest, Making Friends with My Arm, Mountain Daughter, Mourning’s End Part II, Olaf’s Quest, Perilous Moons, Plague City, Prince Ali Rescue, Rag and Bone Man II, Recipe for Disaster, Regicide, Roving Elves, Royal Trouble, Shilo Village, Song of the Elves, Spirits of the Elid, Tale of the Righteous, Tears of Guthix, The Dig Site, The Fremennik Isles, Troll Romance, Underground Pass, Wanted!, Watchtower and Waterfall Quest	approved	Direct required-item associations reviewed across Quest Helper quest and miniquest definitions; teleports, recommendations, alternatives, diary/skill helpers and conditional rows excluded	Quest Helper 5ea99d5ea9ba3fb096ebe7b5ed02d80883e9819d: A Porcine of Interest; A Soul’s Bane; Another Slice of H.A.M.; Cabin Fever; In Aid of the Myreque; Legends’ Quest; Making Friends with My Arm; Mountain Daughter; Mourning’s End Part II; Olaf’s Quest; Perilous Moons; Plague City; Prince Ali Rescue; Rag and Bone Man II; Recipe for Disaster; Regicide; Roving Elves; Royal Trouble; Shilo Village; Song of the Elves; Spirits of the Elid; Tale of the Righteous; Tears of Guthix; The Dig Site; The Fremennik Isles; Troll Romance; Underground Pass; Wanted!; Watchtower; Waterfall Quest
item.rotten_apple.1984	Used during Biohazard	approved	Quest-specific required item	Quest Helper 5ea99d5ea9ba3fb096ebe7b5ed02d80883e9819d: Biohazard
item.rotten_barrel.11044	Used during Olaf's Quest	approved	Direct required-item association; unique to one quest in pinned Quest Helper dataset	Quest Helper 5ea99d5ea9ba3fb096ebe7b5ed02d80883e9819d: Olaf's Quest
item.ruby	Used during Family Crest, Legends’ Quest and Sins of the Father	approved	Exact catalogue-name match to direct required-item rows; variants, recommendations, alternatives, teleports, diary/skill helpers and ambiguous quantity rows excluded	Quest Helper 5ea99d5ea9ba3fb096ebe7b5ed02d80883e9819d: Family Crest; Legends’ Quest; Sins of the Father
item.ruby_sickle_b.24693	Used during Sins of the Father	approved	Quest-specific required item	Quest Helper 5ea99d5ea9ba3fb096ebe7b5ed02d80883e9819d: Sins of the Father
item.runite-bar	Used during Song of the Elves	approved	Exact catalogue-name match to direct required-item rows; variants, recommendations, alternatives, teleports, diary/skill helpers and ambiguous quantity rows excluded	Quest Helper 5ea99d5ea9ba3fb096ebe7b5ed02d80883e9819d: Song of the Elves
item.sacred_oil_4.3430	Used during Shades of Mort’ton	approved	Direct required-item association; unique to one quest in pinned Quest Helper dataset	Quest Helper 5ea99d5ea9ba3fb096ebe7b5ed02d80883e9819d: Shades of Mort’ton
item.salmon	Used during Family Crest	approved	Exact catalogue-name match to direct required-item rows; variants, recommendations, alternatives, teleports, diary/skill helpers and ambiguous quantity rows excluded	Quest Helper 5ea99d5ea9ba3fb096ebe7b5ed02d80883e9819d: Family Crest
item.sand.6958	Used during The Hand in the Sand	approved	Direct required-item association; unique to one quest in pinned Quest Helper dataset	Quest Helper 5ea99d5ea9ba3fb096ebe7b5ed02d80883e9819d: The Hand in the Sand
item.sandbag.9943	Used during Enlightened Journey	approved	Direct required-item association; unique to one quest in pinned Quest Helper dataset	Quest Helper 5ea99d5ea9ba3fb096ebe7b5ed02d80883e9819d: Enlightened Journey
item.sandstone_20kg.6985	Used during Enakhra's Lament	approved	Exact ENAKH_SANDSTONE_HUGE_BODY requirement; distinct 20 kg quest sculpture component	Quest Helper pinned source 5ea99d5ea9ba3fb096ebe7b5ed02d80883e9819d: Enakhra's Lament
item.sandstone_32kg.6986	Used during Enakhra's Lament	approved	Exact ENAKH_SANDSTONE_HUGE_BASE_LEGS requirement; distinct 32 kg quest sculpture component	Quest Helper pinned source 5ea99d5ea9ba3fb096ebe7b5ed02d80883e9819d: Enakhra's Lament
item.sandstone_5kg.6975	Used during Enakhra's Lament	approved	Exact 5 kg sandstone requirement; other sandstone weights excluded	Quest Helper pinned source 5ea99d5ea9ba3fb096ebe7b5ed02d80883e9819d
item.sandstone_base.6988	Used during Enakhra’s Lament	approved	Quest-specific required item	Quest Helper 5ea99d5ea9ba3fb096ebe7b5ed02d80883e9819d: Enakhra’s Lament
item.sandstone_body.6987	Used during Enakhra’s Lament	approved	Quest-specific required item	Quest Helper 5ea99d5ea9ba3fb096ebe7b5ed02d80883e9819d: Enakhra’s Lament
item.sandy_coin_purse.30943	Used during The Final Dawn	approved	Direct required-item association; unique to one quest in pinned Quest Helper dataset	Quest Helper 5ea99d5ea9ba3fb096ebe7b5ed02d80883e9819d: The Final Dawn
item.sandy_hand.6945	Used during The Hand in the Sand	approved	Quest-specific required item	Quest Helper 5ea99d5ea9ba3fb096ebe7b5ed02d80883e9819d: The Hand in the Sand
item.sandy_s_rota.6948	Used during The Hand in the Sand	approved	Quest-specific required item	Quest Helper 5ea99d5ea9ba3fb096ebe7b5ed02d80883e9819d: The Hand in the Sand
item.sapphire	Used during In Aid of the Myreque, Legends’ Quest and One Small Favour	approved	Exact catalogue-name match to direct required-item rows; variants, recommendations, alternatives, teleports, diary/skill helpers and ambiguous quantity rows excluded	Quest Helper 5ea99d5ea9ba3fb096ebe7b5ed02d80883e9819d: In Aid of the Myreque; Legends’ Quest; One Small Favour
item.sapphire_amulet.1694	Used during Making History	approved	Exact catalogue-name match to direct required-item rows; variants, recommendations, alternatives, teleports, diary/skill helpers and ambiguous quantity rows excluded	Quest Helper 5ea99d5ea9ba3fb096ebe7b5ed02d80883e9819d: Making History
item.sapphire_lantern.4700	Used during Tears Of Guthix; Used during While Guthix Sleeps	approved	Direct required-item association; unique to one quest in pinned Quest Helper dataset; Direct light-source requirement in While Guthix Sleeps	Quest Helper 5ea99d5ea9ba3fb096ebe7b5ed02d80883e9819d: Tears Of Guthix; Quest Helper 5ea99d5ea9ba3fb096ebe7b5ed02d80883e9819d; OSRS Wiki: While Guthix Sleeps
item.saradomin_cape.2412	Reward choice from Mage Arena I; usable during Mage Arena II	approved	One of the three exact god-cape choices; alternatives are choice-equivalent rather than cumulatively required	OSRS Wiki: Mage Arena I; Mage Arena II; Saradomin cape
item.saradomin_staff.2415	Reward choice from Mage Arena I; used to unlock a god spell and usable during Mage Arena II	approved	Exact god-staff choice; only one alignment is required for Mage Arena I completion	OSRS Wiki: Mage Arena I; Mage Arena II; Saradomin staff
item.saw.8794	Used during Perilous Moon; Used during Dragon Slayer II	approved	Direct required-item association; unique to one quest in pinned Quest Helper dataset; Reviewed direct or route-dependent Dragon Slayer II requirement	Quest Helper 5ea99d5ea9ba3fb096ebe7b5ed02d80883e9819d: Perilous Moon; Quest Helper 5ea99d5ea9ba3fb096ebe7b5ed02d80883e9819d; OSRS Wiki: Dragon Slayer II
item.sawmill_agreement.21529	Used during Bone Voyage	approved	Quest-specific required item	Quest Helper 5ea99d5ea9ba3fb096ebe7b5ed02d80883e9819d: Bone Voyage
item.sawmill_proposal.21528	Used during Bone Voyage	approved	Quest-specific required item	Quest Helper 5ea99d5ea9ba3fb096ebe7b5ed02d80883e9819d: Bone Voyage
item.scarab_mould.26952	Used during Beneath Cursed Sands	approved	Quest-specific required item	Quest Helper 5ea99d5ea9ba3fb096ebe7b5ed02d80883e9819d: Beneath Cursed Sands
item.seal_of_passage.9083	Used during Dragon Slayer II, Lunar Diplomacy and The Fremennik Exiles	approved	Direct required-item associations reviewed across multiple Quest Helper quest definitions	Quest Helper 5ea99d5ea9ba3fb096ebe7b5ed02d80883e9819d: Dragon Slayer II; Lunar Diplomacy; The Fremennik Exiles
item.seasoned_sardine.1552	Used during Gertrude’s Cat	approved	Quest-specific required item	Quest Helper 5ea99d5ea9ba3fb096ebe7b5ed02d80883e9819d: Gertrude’s Cat
item.seaweed.401	Used during Tai Bwo Wannai Trio and Troubled Tortugans	approved	Direct required-item associations reviewed across Quest Helper quest definitions; travel conveniences, alternatives and diary/skill helpers excluded	Quest Helper 5ea99d5ea9ba3fb096ebe7b5ed02d80883e9819d: Tai Bwo Wannai Trio; Troubled Tortugans
item.seaweed_sandwich.3168	Used during Tai Bwo Wannai Trio	approved	Direct required-item association; unique to one quest in pinned Quest Helper dataset	Quest Helper 5ea99d5ea9ba3fb096ebe7b5ed02d80883e9819d: Tai Bwo Wannai Trio
item.secateurs.5329	Used during Fairytale I – Growing Pains and Garden of Tranquillity	approved	Direct required-item associations reviewed across multiple Quest Helper quest definitions	Quest Helper 5ea99d5ea9ba3fb096ebe7b5ed02d80883e9819d: Fairytale I – Growing Pains; Garden of Tranquillity
item.seed_dibber.5343	Used during A Tail of Two Cats, Forgettable Tale of a Drunken Dwarf, Garden of Tranquillity, Grim Tales, My Arm's Big Adventure, Rum Deal and Song of the Elves; Conditional requirement in While Guthix Sleeps if Barbarian Farming Training is incomplete	approved	Direct required-item associations reviewed across Quest Helper quest definitions; recommendations, alternatives, travel conveniences and conditional rows excluded; Explicit conditional quest requirement; not cumulative for players with the training complete	Quest Helper 5ea99d5ea9ba3fb096ebe7b5ed02d80883e9819d: A Tail of Two Cats; Forgettable Tale of a Drunken Dwarf; Garden of Tranquillity; Grim Tales; My Arm's Big Adventure; Rum Deal; Song of the Elves; Quest Helper 5ea99d5ea9ba3fb096ebe7b5ed02d80883e9819d; OSRS Wiki: While Guthix Sleeps
item.serum_207.3414	Used during Shades of Mort’ton	approved	Direct required-item association; unique to one quest in pinned Quest Helper dataset	Quest Helper 5ea99d5ea9ba3fb096ebe7b5ed02d80883e9819d: Shades of Mort’ton
item.serum_208.3419	Used during Shades of Mort’ton	approved	Direct required-item association; unique to one quest in pinned Quest Helper dataset	Quest Helper 5ea99d5ea9ba3fb096ebe7b5ed02d80883e9819d: Shades of Mort’ton
item.severed_leg.10857	Used during The General's Shadow	approved	Quest-specific required item	Quest Helper 5ea99d5ea9ba3fb096ebe7b5ed02d80883e9819d: The General's Shadow
item.shantay_pass.1854	Used during Spirits of the Elid and The Feud	approved	Direct required-item associations reviewed across multiple Quest Helper quest definitions	Quest Helper 5ea99d5ea9ba3fb096ebe7b5ed02d80883e9819d: Spirits of the Elid; The Feud
item.sharpened_axe.4444	Used during One Small Favour	approved	Direct required-item association; unique to one quest in pinned Quest Helper dataset	Quest Helper 5ea99d5ea9ba3fb096ebe7b5ed02d80883e9819d: One Small Favour
item.shears	Used during A Tail of Two Cats, Recruitment Drive and Sheep Shearer	approved	Exact catalogue-name match to direct required-item rows; variants, recommendations, alternatives, teleports, diary/skill helpers and ambiguous quantity rows excluded	Quest Helper 5ea99d5ea9ba3fb096ebe7b5ed02d80883e9819d: A Tail of Two Cats; Recruitment Drive; Sheep Shearer
item.sheep_bones_4.283	Used during Sheep Herder	approved	Quest Helper defines the four poisoned sheep-bone states as direct quest requirements; active catalogue consolidates them into the Sheep bones (4) card	Quest Helper pinned source 5ea99d5ea9ba3fb096ebe7b5ed02d80883e9819d: Sheep Herder
item.shielding_potion.25813	Used during A Kingdom Divided	approved	Quest-specific required item	Quest Helper 5ea99d5ea9ba3fb096ebe7b5ed02d80883e9819d: A Kingdom Divided
item.shoes.6790	Used during Spirits of the Elid	approved	Direct required-item association; unique to one quest in pinned Quest Helper dataset	Quest Helper 5ea99d5ea9ba3fb096ebe7b5ed02d80883e9819d: Spirits of the Elid
item.shrimps	Used during Family Crest	approved	Exact catalogue-name match to direct required-item rows; variants, recommendations, alternatives, teleports, diary/skill helpers and ambiguous quantity rows excluded	Quest Helper 5ea99d5ea9ba3fb096ebe7b5ed02d80883e9819d: Family Crest
item.shrink_me_quick.11204	Used during Grim Tales	approved	Quest-specific required item	Quest Helper 5ea99d5ea9ba3fb096ebe7b5ed02d80883e9819d: Grim Tales
item.shrunk_ogleroot.11205	Used during Grim Tales	approved	Quest-specific required item	Quest Helper 5ea99d5ea9ba3fb096ebe7b5ed02d80883e9819d: Grim Tales
item.signed_oak_bow.4236	Used during Ghosts Ahoy	approved	Quest-specific required item	Quest Helper 5ea99d5ea9ba3fb096ebe7b5ed02d80883e9819d: Ghosts Ahoy
item.silk.950	Used during Cold War, Dragon Slayer I, Enlightened Journey, Ghosts Ahoy, Mourning’s End Part I and Song of the Elves	approved	Direct required-item associations reviewed across Quest Helper quest definitions; recommendations, alternatives, travel conveniences and conditional rows excluded	Quest Helper 5ea99d5ea9ba3fb096ebe7b5ed02d80883e9819d: Cold War; Dragon Slayer I; Enlightened Journey; Ghosts Ahoy; Mourning’s End Part I; Song of the Elves
item.silly_jester_boots.10839	Used during The Fremennik Isles	approved	Quest-specific required item	Quest Helper 5ea99d5ea9ba3fb096ebe7b5ed02d80883e9819d: The Fremennik Isles
item.silly_jester_hat.10836	Used during The Fremennik Isles	approved	Quest-specific required item	Quest Helper 5ea99d5ea9ba3fb096ebe7b5ed02d80883e9819d: The Fremennik Isles
item.silly_jester_tights.10838	Used during The Fremennik Isles	approved	Quest-specific required item	Quest Helper 5ea99d5ea9ba3fb096ebe7b5ed02d80883e9819d: The Fremennik Isles
item.silly_jester_top.10837	Used during The Fremennik Isles	approved	Exact FRISD_JESTER_TOP requirement; Quest Helper labels the item as Silly jester body	Quest Helper pinned source 5ea99d5ea9ba3fb096ebe7b5ed02d80883e9819d: The Fremennik Isles
item.silver-bar	Used during Creature of Fenkenstrain, Desert Treasure I, In Aid of the Myreque, Shadow of the Storm and The Giant Dwarf	approved	Direct required item; consolidated exact active-catalogue match	Quest Helper 5ea99d5ea9ba3fb096ebe7b5ed02d80883e9819d: Creature of Fenkenstrain, Desert Treasure I, In Aid of the Myreque, Shadow of the Storm and The Giant Dwarf
item.silver-ore	Used during The Giant Dwarf	approved	Exact catalogue-name match to direct required-item rows; variants, recommendations, alternatives, teleports, diary/skill helpers and ambiguous quantity rows excluded	Quest Helper 5ea99d5ea9ba3fb096ebe7b5ed02d80883e9819d: The Giant Dwarf
item.silver_dust.7650	Used during While Guthix Sleeps	approved	Direct required-item association; unique to one quest in pinned Quest Helper dataset	Quest Helper 5ea99d5ea9ba3fb096ebe7b5ed02d80883e9819d: While Guthix Sleeps
item.silver_feather.10176	Used during Eagles’ Peak	approved	Direct required-item association; unique to one quest in pinned Quest Helper dataset	Quest Helper 5ea99d5ea9ba3fb096ebe7b5ed02d80883e9819d: Eagles’ Peak
item.silver_necklace.1796	Used during Murder Mystery	approved	Direct required-item association; unique to one quest in pinned Quest Helper dataset	Quest Helper 5ea99d5ea9ba3fb096ebe7b5ed02d80883e9819d: Murder Mystery
item.silver_needle.1804	Used during Murder Mystery	approved	Direct required-item association; unique to one quest in pinned Quest Helper dataset	Quest Helper 5ea99d5ea9ba3fb096ebe7b5ed02d80883e9819d: Murder Mystery
item.silver_sickle.2961	Used during In Aid of the Myreque and Nature Spirit	approved	Exact unblessed silver-sickle requirements	Quest Helper pinned source 5ea99d5ea9ba3fb096ebe7b5ed02d80883e9819d
item.silver_sickle_b.2963	Used during A Taste of Hope, Nature Spirit, Sins of the Father and While Guthix Sleeps	approved	Exact blessed silver-sickle requirements	Quest Helper pinned source 5ea99d5ea9ba3fb096ebe7b5ed02d80883e9819d
item.silverlight.2402	Obtained during Demon Slayer I	approved	Quest weapon used against Delrith	OSRS Wiki: Silverlight
item.slave_boots.1846	Used during The Tourist Trap	approved	Direct required-item association; unique to one quest in pinned Quest Helper dataset	Quest Helper 5ea99d5ea9ba3fb096ebe7b5ed02d80883e9819d: The Tourist Trap
item.slave_robe.1845	Used during The Tourist Trap	approved	Direct required-item association; unique to one quest in pinned Quest Helper dataset	Quest Helper 5ea99d5ea9ba3fb096ebe7b5ed02d80883e9819d: The Tourist Trap
item.slave_shirt.1844	Used during The Tourist Trap	approved	Direct required-item association; unique to one quest in pinned Quest Helper dataset	Quest Helper 5ea99d5ea9ba3fb096ebe7b5ed02d80883e9819d: The Tourist Trap
item.slayer_gloves.6708	Used during Rum Deal	approved	Direct required-item association; unique to one quest in pinned Quest Helper dataset	Quest Helper 5ea99d5ea9ba3fb096ebe7b5ed02d80883e9819d: Rum Deal
item.sliced_banana.3162	Used during Tai Bwo Wannai Trio	approved	Direct required-item association; unique to one quest in pinned Quest Helper dataset	Quest Helper 5ea99d5ea9ba3fb096ebe7b5ed02d80883e9819d: Tai Bwo Wannai Trio
item.sliced_red_banana.7574	Used during Recipe for Disaster	approved	Direct required item in Recipe for Disaster; corrected legacy quest attribution	Quest Helper 5ea99d5ea9ba3fb096ebe7b5ed02d80883e9819d: Recipe for Disaster; OSRS Wiki: Recipe for Disaster
item.small_fishing_net	Used during Swan Song and Tai Bwo Wannai Trio	approved	Exact catalogue-name match to direct required-item rows; variants, recommendations, alternatives, teleports, diary/skill helpers and ambiguous quantity rows excluded	Quest Helper 5ea99d5ea9ba3fb096ebe7b5ed02d80883e9819d: Swan Song; Tai Bwo Wannai Trio
item.small_pouch.5509	Used during Priest In Peril	approved	Direct required-item association; unique to one quest in pinned Quest Helper dataset	Quest Helper 5ea99d5ea9ba3fb096ebe7b5ed02d80883e9819d: Priest In Peril
item.smouldering_pot.6772	Used during Rat Catchers	approved	Direct required-item association; unique to one quest in pinned Quest Helper dataset	Quest Helper 5ea99d5ea9ba3fb096ebe7b5ed02d80883e9819d: Rat Catchers
item.snailfeet_s_bone.26590	Used during Hopespear's Will	approved	Exact named goblin-bone requirement; source plural normalised to catalogue item	Quest Helper pinned source 5ea99d5ea9ba3fb096ebe7b5ed02d80883e9819d
item.snake_charm.4605	Used during Rat Catchers and The Feud	approved	Direct required-item associations reviewed across multiple Quest Helper quest definitions	Quest Helper 5ea99d5ea9ba3fb096ebe7b5ed02d80883e9819d: Rat Catchers; The Feud
item.snapdragon_seed.5300	Used during While Guthix Sleeps	approved	Direct required-item association; unique to one quest in pinned Quest Helper dataset	Quest Helper 5ea99d5ea9ba3fb096ebe7b5ed02d80883e9819d: While Guthix Sleeps
item.snape_grass.231	Used during Plague City and While Guthix Sleeps	approved	Direct required-item associations reviewed across Quest Helper quest definitions; travel conveniences, alternatives and diary/skill helpers excluded	Quest Helper 5ea99d5ea9ba3fb096ebe7b5ed02d80883e9819d: Plague City; While Guthix Sleeps
item.snothead_s_bone.26589	Used during Hopespear's Will	approved	Exact named goblin-bone requirement; source plural normalised to catalogue item	Quest Helper pinned source 5ea99d5ea9ba3fb096ebe7b5ed02d80883e9819d
item.soft_clay.1761	Used during Enakhra's Lament, Getting Ahead, In Aid of the Myreque, One Small Favour, Prince Ali Rescue, The Golem and The Heart of Darkness	approved	Direct required-item associations reviewed across Quest Helper quest definitions; recommendations, alternatives, travel conveniences and conditional rows excluded	Quest Helper 5ea99d5ea9ba3fb096ebe7b5ed02d80883e9819d: Enakhra's Lament; Getting Ahead; In Aid of the Myreque; One Small Favour; Prince Ali Rescue; The Golem; The Heart of Darkness
item.soul_rune.566	Used during Legends' Quest	approved	Direct required-item association; unique to one quest in pinned Quest Helper dataset	Quest Helper 5ea99d5ea9ba3fb096ebe7b5ed02d80883e9819d: Legends' Quest
item.spade	Used during Bear Your Soul, Beneath Cursed Sands, Cold War, Creature of Fenkenstrain, Dragon Slayer II, Ernest the Chicken, Fairytale I - Growing Pains, Fishing Contest, Garden of Tranquillity, Ghosts Ahoy, In Aid of the Myreque, Lunar Diplomacy, Making History, My Arm's Big Adventure, Olaf's Quest, Pirate's Treasure, Plague City, Regicide, Roving Elves, Shilo Village, Song of the Elves, The Corsair Curse, Underground Pass, While Guthix Sleeps and X Marks the Spot; Used during Barbarian Training	approved	Direct required item; consolidated exact active-catalogue match; Canonical active-card identity resolved during quest completeness review	Quest Helper 5ea99d5ea9ba3fb096ebe7b5ed02d80883e9819d: Bear Your Soul, Beneath Cursed Sands, Cold War, Creature of Fenkenstrain, Dragon Slayer II, Ernest the Chicken, Fairytale I - Growing Pains, Fishing Contest, Garden of Tranquillity, Ghosts Ahoy, In Aid of the Myreque, Lunar Diplomacy, Making History, My Arm's Big Adventure, Olaf's Quest, Pirate's Treasure, Plague City, Regicide, Roving Elves, Shilo Village, Song of the Elves, The Corsair Curse, Underground Pass, While Guthix Sleeps and X Marks the Spot; Quest completeness review batch 6
item.spice.2007	Used during Death Plateau	approved	Direct required-item association; unique to one quest in pinned Quest Helper dataset	Quest Helper 5ea99d5ea9ba3fb096ebe7b5ed02d80883e9819d: Death Plateau
item.spicy_stew.7479	Used during Recipe for Disaster	approved	Direct required item in Recipe for Disaster; corrected legacy quest attribution	Quest Helper 5ea99d5ea9ba3fb096ebe7b5ed02d80883e9819d: Recipe for Disaster; OSRS Wiki: Recipe for Disaster
item.spiked_boots.3107	Used during Death Plateau	approved	Quest-specific required item	Quest Helper 5ea99d5ea9ba3fb096ebe7b5ed02d80883e9819d: Death Plateau
item.split_log.10812	Used during The Fremennik Isles	approved	Quest-specific required item	Quest Helper 5ea99d5ea9ba3fb096ebe7b5ed02d80883e9819d: The Fremennik Isles
item.stamina_potion.12631	Used during Ethically Acquired Antiquities	approved	Direct required-item association; unique to one quest in pinned Quest Helper dataset	Quest Helper 5ea99d5ea9ba3fb096ebe7b5ed02d80883e9819d: Ethically Acquired Antiquities
item.steak_sandwich.25631	Used during Below Ice Mountain	approved	Quest-specific required item	Quest Helper 5ea99d5ea9ba3fb096ebe7b5ed02d80883e9819d: Below Ice Mountain
item.steamforge_brew.29412	Used during The Final Dawn	approved	Direct required-item association; unique to one quest in pinned Quest Helper dataset	Quest Helper 5ea99d5ea9ba3fb096ebe7b5ed02d80883e9819d: The Final Dawn
item.steel-bar	Used during Cold War, Desert Treasure I, In Aid of the Myreque, One Small Favour, Prying Times and The Giant Dwarf	approved	Direct required item; consolidated exact active-catalogue match	Quest Helper 5ea99d5ea9ba3fb096ebe7b5ed02d80883e9819d: Cold War, Desert Treasure I, In Aid of the Myreque, One Small Favour, Prying Times and The Giant Dwarf
item.steel-chainbody	Used during In Aid of the Myreque	approved	Exact catalogue-name match to direct required-item rows; variants, recommendations, alternatives, teleports, diary/skill helpers and ambiguous quantity rows excluded	Quest Helper 5ea99d5ea9ba3fb096ebe7b5ed02d80883e9819d: In Aid of the Myreque
item.steel-dagger	Used during In Search of the Myreque	approved	Exact catalogue-name match to direct required-item rows; variants, recommendations, alternatives, teleports, diary/skill helpers and ambiguous quantity rows excluded	Quest Helper 5ea99d5ea9ba3fb096ebe7b5ed02d80883e9819d: In Search of the Myreque
item.steel-full-helm	Used during Song of the Elves	approved	Exact catalogue-name match to direct required-item rows; variants, recommendations, alternatives, teleports, diary/skill helpers and ambiguous quantity rows excluded	Quest Helper 5ea99d5ea9ba3fb096ebe7b5ed02d80883e9819d: Song of the Elves
item.steel-longsword	Used during In Search of the Myreque	approved	Exact catalogue-name match to direct required-item rows; variants, recommendations, alternatives, teleports, diary/skill helpers and ambiguous quantity rows excluded	Quest Helper 5ea99d5ea9ba3fb096ebe7b5ed02d80883e9819d: In Search of the Myreque
item.steel-mace	Used during In Search of the Myreque	approved	Exact catalogue-name match to direct required-item rows; variants, recommendations, alternatives, teleports, diary/skill helpers and ambiguous quantity rows excluded	Quest Helper 5ea99d5ea9ba3fb096ebe7b5ed02d80883e9819d: In Search of the Myreque
item.steel-platebody	Used during Song of the Elves	approved	Exact catalogue-name match to direct required-item rows; variants, recommendations, alternatives, teleports, diary/skill helpers and ambiguous quantity rows excluded	Quest Helper 5ea99d5ea9ba3fb096ebe7b5ed02d80883e9819d: Song of the Elves
item.steel-platelegs	Used during In Aid of the Myreque and Song of the Elves	approved	Exact catalogue-name match to direct required-item rows; variants, recommendations, alternatives, teleports, diary/skill helpers and ambiguous quantity rows excluded	Quest Helper 5ea99d5ea9ba3fb096ebe7b5ed02d80883e9819d: In Aid of the Myreque; Song of the Elves
item.steel_med_helm.1141	Used during In Aid of the Myreque	approved	Direct required-item association; unique to one quest in pinned Quest Helper dataset	Quest Helper 5ea99d5ea9ba3fb096ebe7b5ed02d80883e9819d: In Aid of the Myreque
item.steel_nails.1539	Used during Cold War, Dragon Slayer I, Horror from the Deep and In Search of the Myreque	approved	Direct required-item associations reviewed across Quest Helper quest definitions; travel conveniences, alternatives and diary/skill helpers excluded	Quest Helper 5ea99d5ea9ba3fb096ebe7b5ed02d80883e9819d: Cold War; Dragon Slayer I; Horror from the Deep; In Search of the Myreque
item.steel_sword	Used during In Search of the Myreque	approved	Exact catalogue-name match to direct required-item rows; variants, recommendations, alternatives, teleports, diary/skill helpers and ambiguous quantity rows excluded	Quest Helper 5ea99d5ea9ba3fb096ebe7b5ed02d80883e9819d: In Search of the Myreque
item.steel_warhammer.1339	Used during In Search Of The Myreque	approved	Direct required-item association; unique to one quest in pinned Quest Helper dataset	Quest Helper 5ea99d5ea9ba3fb096ebe7b5ed02d80883e9819d: In Search Of The Myreque
item.stew.2003	Used during Recipe for Disaster and The Queen of Thieves	approved	Direct required-item associations reviewed across Quest Helper quest definitions; travel conveniences, alternatives and diary/skill helpers excluded	Quest Helper 5ea99d5ea9ba3fb096ebe7b5ed02d80883e9819d: Recipe for Disaster; The Queen of Thieves
item.strange_old_lockpick_full.24740	Used during His Faithful Servants	approved	Direct required-item associations reviewed across multiple Quest Helper quest definitions	Quest Helper 5ea99d5ea9ba3fb096ebe7b5ed02d80883e9819d: His Faithful Servants
item.strange_potion.4836	Used during Desert Treasure II	approved	Direct required-item associations reviewed across multiple Quest Helper quest definitions	Quest Helper 5ea99d5ea9ba3fb096ebe7b5ed02d80883e9819d: Desert Treasure II
item.strange_teleorb.29535	Used during While Guthix Sleeps	approved	Direct required-item association; unique to one quest in pinned Quest Helper dataset	Quest Helper 5ea99d5ea9ba3fb096ebe7b5ed02d80883e9819d: While Guthix Sleeps
item.strangler_serum.28388	Used during Desert Treasure II	approved	Quest-specific required item	Quest Helper 5ea99d5ea9ba3fb096ebe7b5ed02d80883e9819d: Desert Treasure II
item.strong_cup_of_tea.26904	Used during Temple of the Eye	approved	Direct required-item association; unique to one quest in pinned Quest Helper dataset	Quest Helper 5ea99d5ea9ba3fb096ebe7b5ed02d80883e9819d: Temple of the Eye
item.strongbones_bone.26593	Used during Hopespear's Will	approved	Exact named goblin-bone requirement; source plural normalised to catalogue item	Quest Helper pinned source 5ea99d5ea9ba3fb096ebe7b5ed02d80883e9819d
item.stuffed_snake.7579	Used during Recipe for Disaster	approved	Direct required item in Recipe for Disaster; corrected legacy quest attribution	Quest Helper 5ea99d5ea9ba3fb096ebe7b5ed02d80883e9819d: Recipe for Disaster; OSRS Wiki: Recipe for Disaster
item.sulphur_potion.25812	Used during A Kingdom Divided	approved	Quest-specific required item	Quest Helper 5ea99d5ea9ba3fb096ebe7b5ed02d80883e9819d: A Kingdom Divided
item.supercompost.6034	Used during Add Compost	approved	Direct required-item association; unique to one quest in pinned Quest Helper dataset	Quest Helper 5ea99d5ea9ba3fb096ebe7b5ed02d80883e9819d: Add Compost
item.suqah_hide.9080	Used during Lunar Diplomacy	approved	Direct required-item association; unique to one quest in pinned Quest Helper dataset	Quest Helper 5ea99d5ea9ba3fb096ebe7b5ed02d80883e9819d: Lunar Diplomacy
item.swamp_paste.1941	Used during Cabin Fever, Dragon Slayer II, In Aid of the Myreque, Sea Slug, Shades of Mort’ton and The Slug Menace	approved	Direct required-item associations reviewed across Quest Helper quest definitions; recommendations, alternatives, travel conveniences and conditional rows excluded	Quest Helper 5ea99d5ea9ba3fb096ebe7b5ed02d80883e9819d: Cabin Fever; Dragon Slayer II; In Aid of the Myreque; Sea Slug; Shades of Mort’ton; The Slug Menace
item.swamp_tar.1939	Used during Cold War, Eagles' Peak, Horror from the Deep and Troll Romance	approved	Direct required-item associations reviewed across Quest Helper quest definitions; travel conveniences, alternatives and diary/skill helpers excluded	Quest Helper 5ea99d5ea9ba3fb096ebe7b5ed02d80883e9819d: Cold War; Eagles' Peak; Horror from the Deep; Troll Romance
item.sweetcorn.5986	Used during Recipe for Disaster	approved	Direct required item in Recipe for Disaster; corrected legacy quest attribution	Quest Helper 5ea99d5ea9ba3fb096ebe7b5ed02d80883e9819d: Recipe for Disaster; OSRS Wiki: Recipe for Disaster
item.swordfish	Used during Family Crest	approved	Exact catalogue-name match to direct required-item rows; variants, recommendations, alternatives, teleports, diary/skill helpers and ambiguous quantity rows excluded	Quest Helper 5ea99d5ea9ba3fb096ebe7b5ed02d80883e9819d: Family Crest
item.tarromin.253	Used during While Guthix Sleeps	approved	Direct required-item association; unique to one quest in pinned Quest Helper dataset	Quest Helper 5ea99d5ea9ba3fb096ebe7b5ed02d80883e9819d: While Guthix Sleeps
item.tarromin_potion_unf.95	Used during Grim Tales and Shades of Mort’ton	approved	Direct required-item associations reviewed across Quest Helper quest definitions; travel conveniences, alternatives and diary/skill helpers excluded	Quest Helper 5ea99d5ea9ba3fb096ebe7b5ed02d80883e9819d: Grim Tales; Shades of Mort’ton
item.tchiki_monkey_nuts.7573	Used during Recipe for Disaster	approved	Direct required item in Recipe for Disaster; corrected legacy quest attribution	Quest Helper 5ea99d5ea9ba3fb096ebe7b5ed02d80883e9819d: Recipe for Disaster; OSRS Wiki: Recipe for Disaster
item.tchiki_nut_paste.7575	Used during Recipe for Disaster	approved	Direct required item in Recipe for Disaster; corrected legacy quest attribution	Quest Helper 5ea99d5ea9ba3fb096ebe7b5ed02d80883e9819d: Recipe for Disaster; OSRS Wiki: Recipe for Disaster
item.tenti_pineapple.1851	Used during The Tourist Trap	approved	Direct required-item association; unique to one quest in pinned Quest Helper dataset	Quest Helper 5ea99d5ea9ba3fb096ebe7b5ed02d80883e9819d: The Tourist Trap
item.thread.1734	Used during Creature of Fenkenstrain, Elemental Workshop I, Getting Ahead, Ghosts Ahoy, Lunar Diplomacy, Spirits of the Elid and The Fremennik Isles	approved	Direct required-item associations reviewed across Quest Helper quest definitions; recommendations, alternatives, travel conveniences and conditional rows excluded	Quest Helper 5ea99d5ea9ba3fb096ebe7b5ed02d80883e9819d: Creature of Fenkenstrain; Elemental Workshop I; Getting Ahead; Ghosts Ahoy; Lunar Diplomacy; Spirits of the Elid; The Fremennik Isles
item.timber_beam.8837	Used during Shades of Mort’ton	approved	Direct required-item association; unique to one quest in pinned Quest Helper dataset	Quest Helper 5ea99d5ea9ba3fb096ebe7b5ed02d80883e9819d: Shades of Mort’ton
item.tin_ore.438	Used during The Fremennik Isles and The Giant Dwarf	approved	Direct required-item associations reviewed across Quest Helper quest definitions; travel conveniences, alternatives and diary/skill helpers excluded	Quest Helper 5ea99d5ea9ba3fb096ebe7b5ed02d80883e9819d: The Fremennik Isles; The Giant Dwarf
item.tinderbox	Used during A Tail of Two Cats, Another Slice of Ham, Beneath Cursed Sands, Cabin Fever, Contact, Death to the Dorgeshuun, Desert Treasure I, Desert Treasure II, Dream Mentor, Eadgar's Ruse, Enakhra's Lament, Enlightened Journey, Horror from the Deep, Icthlarin's Little Helper, In Aid of the Myreque, Land of the Goblins, Lunar Diplomacy, Merlin's Crystal, Misthalin Mystery, Olaf's Quest, Rag and Bone Man, Rat Catchers, Recipe for Disaster, Regicide, Secrets of the North, Shades of Mort'ton, Song of the Elves, Swan Song, Tai Bwo Wannai Trio, Tears of Guthix, The Corsair Curse, The Dig Site, The Forsaken Tower, The Fremennik Trials, The Giant Dwarf, The Great Brain Robbery and Underground Pass; Used during Barbarian Training; Used during Rag and Bone Man II; Used during Dragon Slayer II	approved	Direct required item; consolidated exact active-catalogue match; Canonical active-card identity resolved during quest completeness review; Direct bone-processing requirement in Rag and Bone Man II; Reviewed direct or route-dependent Dragon Slayer II requirement	Quest Helper 5ea99d5ea9ba3fb096ebe7b5ed02d80883e9819d: A Tail of Two Cats, Another Slice of Ham, Beneath Cursed Sands, Cabin Fever, Contact, Death to the Dorgeshuun, Desert Treasure I, Desert Treasure II, Dream Mentor, Eadgar's Ruse, Enakhra's Lament, Enlightened Journey, Horror from the Deep, Icthlarin's Little Helper, In Aid of the Myreque, Land of the Goblins, Lunar Diplomacy, Merlin's Crystal, Misthalin Mystery, Olaf's Quest, Rag and Bone Man, Rat Catchers, Recipe for Disaster, Regicide, Secrets of the North, Shades of Mort'ton, Song of the Elves, Swan Song, Tai Bwo Wannai Trio, Tears of Guthix, The Corsair Curse, The Dig Site, The Forsaken Tower, The Fremennik Trials, The Giant Dwarf, The Great Brain Robbery and Underground Pass; Quest completeness review batch 6; Quest Helper 5ea99d5ea9ba3fb096ebe7b5ed02d80883e9819d; OSRS Wiki: Rag and Bone Man II; Quest Helper 5ea99d5ea9ba3fb096ebe7b5ed02d80883e9819d; OSRS Wiki: Dragon Slayer II
item.tiny_net.6674	Used during Current Affairs	approved	Direct required-item association; unique to one quest in pinned Quest Helper dataset	Quest Helper 5ea99d5ea9ba3fb096ebe7b5ed02d80883e9819d: Current Affairs
item.toad_crunchies.2217	Used during Mourning’s End Part I	approved	Direct required-item associations reviewed across Quest Helper quest definitions; travel conveniences, alternatives and diary/skill helpers excluded	Quest Helper 5ea99d5ea9ba3fb096ebe7b5ed02d80883e9819d: Mourning’s End Part I
item.toad_s_legs.2152	Used during While Guthix Sleeps	approved	Direct required-item association; unique to one quest in pinned Quest Helper dataset	Quest Helper 5ea99d5ea9ba3fb096ebe7b5ed02d80883e9819d: While Guthix Sleeps
item.toadflax.2998	Used during While Guthix Sleeps	approved	Direct required-item association; unique to one quest in pinned Quest Helper dataset	Quest Helper 5ea99d5ea9ba3fb096ebe7b5ed02d80883e9819d: While Guthix Sleeps
item.toadflax_potion_unf.3002	Used during Land of the Goblins	approved	Direct reviewed requirement; corrected legacy quest attribution where applicable	Quest Helper 5ea99d5ea9ba3fb096ebe7b5ed02d80883e9819d: Land of the Goblins; OSRS Wiki: Land of the Goblins
item.tomato.1982	Used during Big Chompy Bird Hunting	approved	Direct required-item association; unique to one quest in pinned Quest Helper dataset	Quest Helper 5ea99d5ea9ba3fb096ebe7b5ed02d80883e9819d: Big Chompy Bird Hunting
item.torn_robe.6788	Used during Spirits of the Elid	approved	Direct required-item association; unique to one quest in pinned Quest Helper dataset	Quest Helper 5ea99d5ea9ba3fb096ebe7b5ed02d80883e9819d: Spirits of the Elid
item.tortugan_shield.31398	Used during Troubled Tortugans	approved	Direct required-item association; unique to one quest in pinned Quest Helper dataset	Quest Helper 5ea99d5ea9ba3fb096ebe7b5ed02d80883e9819d: Troubled Tortugans
item.toy_mouse.7767	Used during At First Light	approved	Exact catalogue-name match to direct required-item rows; variants, recommendations, alternatives, teleports, diary/skill helpers and ambiguous quantity rows excluded	Quest Helper 5ea99d5ea9ba3fb096ebe7b5ed02d80883e9819d: At First Light
item.toy_mouse_wound.7769	Used during At First Light	approved	Exact wound Toy mouse state requirement	Quest Helper pinned source 5ea99d5ea9ba3fb096ebe7b5ed02d80883e9819d
item.trollweiss.4086	Used during Troll Romance	approved	Quest-specific required item	Quest Helper 5ea99d5ea9ba3fb096ebe7b5ed02d80883e9819d: Troll Romance
item.trout	Used during Death Plateau	approved	Exact catalogue-name match to direct required-item rows; variants, recommendations, alternatives, teleports, diary/skill helpers and ambiguous quantity rows excluded	Quest Helper 5ea99d5ea9ba3fb096ebe7b5ed02d80883e9819d: Death Plateau
item.tuna	Used during Family Crest	approved	Exact catalogue-name match to direct required-item rows; variants, recommendations, alternatives, teleports, diary/skill helpers and ambiguous quantity rows excluded	Quest Helper 5ea99d5ea9ba3fb096ebe7b5ed02d80883e9819d: Family Crest
item.ugthanki_dung.4601	Used during Add Dung	approved	Direct required-item association; unique to one quest in pinned Quest Helper dataset	Quest Helper 5ea99d5ea9ba3fb096ebe7b5ed02d80883e9819d: Add Dung
item.unconscious_broav.29518	Used during While Guthix Sleeps	approved	Direct required-item association; unique to one quest in pinned Quest Helper dataset	Quest Helper 5ea99d5ea9ba3fb096ebe7b5ed02d80883e9819d: While Guthix Sleeps
item.uncut-sapphire	Used during One Small Favour	approved	Exact catalogue-name match to direct required-item rows; variants, recommendations, alternatives, teleports, diary/skill helpers and ambiguous quantity rows excluded	Quest Helper 5ea99d5ea9ba3fb096ebe7b5ed02d80883e9819d: One Small Favour
item.uncut_jade.1627	Used during One Small Favour	approved	Direct required-item association; unique to one quest in pinned Quest Helper dataset	Quest Helper 5ea99d5ea9ba3fb096ebe7b5ed02d80883e9819d: One Small Favour
item.uncut_opal.1625	Used during One Small Favour	approved	Direct required-item association; unique to one quest in pinned Quest Helper dataset	Quest Helper 5ea99d5ea9ba3fb096ebe7b5ed02d80883e9819d: One Small Favour
item.uncut_red_topaz.1629	Used during One Small Favour	approved	Direct required-item association; unique to one quest in pinned Quest Helper dataset	Quest Helper 5ea99d5ea9ba3fb096ebe7b5ed02d80883e9819d: One Small Favour
item.undead_chicken.10487	Used during Animal Magnetism	approved	Quest-specific required item	Quest Helper 5ea99d5ea9ba3fb096ebe7b5ed02d80883e9819d: Animal Magnetism
item.unfinished_potion.3406	Used during A Taste of Hope	approved	Direct required-item association; unique to one quest in pinned Quest Helper dataset	Quest Helper 5ea99d5ea9ba3fb096ebe7b5ed02d80883e9819d: A Taste of Hope
item.unfired_bowl.1791	Used during Dragon Slayer	approved	Direct required-item association; unique to one quest in pinned Quest Helper dataset	Quest Helper 5ea99d5ea9ba3fb096ebe7b5ed02d80883e9819d: Dragon Slayer
item.unfired_pot_lid.4438	Used during One Small Favour	approved	Direct required-item association; unique to one quest in pinned Quest Helper dataset	Quest Helper 5ea99d5ea9ba3fb096ebe7b5ed02d80883e9819d: One Small Favour
item.unholy_symbol.1724	Used during Icthlarin’s Little Helper	approved	Direct required-item association; unique to one quest in pinned Quest Helper dataset	Quest Helper 5ea99d5ea9ba3fb096ebe7b5ed02d80883e9819d: Icthlarin’s Little Helper
item.unicorn_horn.237	Used during Underground Pass	approved	Direct required-item association; unique to one quest in pinned Quest Helper dataset	Quest Helper 5ea99d5ea9ba3fb096ebe7b5ed02d80883e9819d: Underground Pass
item.unicorn_horn_dust.235	Used during Rat Catchers	approved	Direct required-item association; unique to one quest in pinned Quest Helper dataset	Quest Helper 5ea99d5ea9ba3fb096ebe7b5ed02d80883e9819d: Rat Catchers
item.unidentified_liquid.702	Used during The Dig Site	approved	Direct required-item association; unique to one quest in pinned Quest Helper dataset	Quest Helper 5ea99d5ea9ba3fb096ebe7b5ed02d80883e9819d: The Dig Site
item.unlit_torch.596	Used during Sea Slug	approved	Direct required-item association; unique to one quest in pinned Quest Helper dataset	Quest Helper 5ea99d5ea9ba3fb096ebe7b5ed02d80883e9819d: Sea Slug
item.unpowered_orb.567	Used during Legends' Quest and While Guthix Sleeps	approved	Direct required-item associations reviewed across Quest Helper quest definitions; travel conveniences, alternatives and diary/skill helpers excluded	Quest Helper 5ea99d5ea9ba3fb096ebe7b5ed02d80883e9819d: Legends' Quest; While Guthix Sleeps
item.v_s_shield.24265	Used during The Fremennik Exiles	approved	Quest-specific required item	Quest Helper 5ea99d5ea9ba3fb096ebe7b5ed02d80883e9819d: The Fremennik Exiles
item.very_long_rope.28363	Used during Desert Treasure II	approved	Quest-specific required item	Quest Helper 5ea99d5ea9ba3fb096ebe7b5ed02d80883e9819d: Desert Treasure II
item.vial.229	Used during A Taste of Hope, Land of the Goblins, Shadow of the Storm, The Dig Site, The Golem, The Hand in the Sand and Watchtower	approved	Direct required-item associations reviewed across Quest Helper quest definitions; recommendations, alternatives, travel conveniences and conditional rows excluded	Quest Helper 5ea99d5ea9ba3fb096ebe7b5ed02d80883e9819d: A Taste of Hope; Land of the Goblins; Shadow of the Storm; The Dig Site; The Golem; The Hand in the Sand; Watchtower
item.vial_of_blood.22405	Used during A Taste of Hope	approved	Quest-specific required item	Quest Helper 5ea99d5ea9ba3fb096ebe7b5ed02d80883e9819d: A Taste of Hope
item.vial_of_water.227	Used during A Tail of Two Cats, A Taste of Hope, Fairytale II – Cure a Queen, Legends' Quest and Song of the Elves	approved	Direct required-item associations reviewed across Quest Helper quest definitions; recommendations, alternatives, travel conveniences and conditional rows excluded	Quest Helper 5ea99d5ea9ba3fb096ebe7b5ed02d80883e9819d: A Tail of Two Cats; A Taste of Hope; Fairytale II – Cure a Queen; Legends' Quest; Song of the Elves
item.vine_seed.6456	Used during Garden of Tranquillity	approved	Direct garden-quest seed requirement	Quest Helper pinned source 5ea99d5ea9ba3fb096ebe7b5ed02d80883e9819d
item.vodka.2015	Used during Bone Voyage and Eadgar's Ruse	approved	Direct required-item associations reviewed across Quest Helper quest definitions; travel conveniences, alternatives and diary/skill helpers excluded	Quest Helper 5ea99d5ea9ba3fb096ebe7b5ed02d80883e9819d: Bone Voyage; Eadgar's Ruse
item.vyre_noble_legs.24678	Used during Sins of the Father	approved	Quest-specific required item	Quest Helper 5ea99d5ea9ba3fb096ebe7b5ed02d80883e9819d: Sins of the Father
item.vyre_noble_shoes.24680	Used during Sins of the Father	approved	Quest-specific required item	Quest Helper 5ea99d5ea9ba3fb096ebe7b5ed02d80883e9819d: Sins of the Father
item.vyre_noble_top.24676	Used during Sins of the Father	approved	Quest-specific required item	Quest Helper 5ea99d5ea9ba3fb096ebe7b5ed02d80883e9819d: Sins of the Father
item.vyrewatch_legs.9636	Used during Sins of the Father	approved	Direct required-item association; unique to one quest in pinned Quest Helper dataset	Quest Helper 5ea99d5ea9ba3fb096ebe7b5ed02d80883e9819d: Sins of the Father
item.vyrewatch_shoes.9638	Used during Sins of the Father	approved	Direct required-item association; unique to one quest in pinned Quest Helper dataset	Quest Helper 5ea99d5ea9ba3fb096ebe7b5ed02d80883e9819d: Sins of the Father
item.vyrewatch_top.9634	Used during Sins of the Father	approved	Direct required-item association; unique to one quest in pinned Quest Helper dataset	Quest Helper 5ea99d5ea9ba3fb096ebe7b5ed02d80883e9819d: Sins of the Father
item.water-rune	Used during Horror from the Deep, In Aid of the Myreque, The Slug Menace, Waterfall Quest and While Guthix Sleeps	approved	Direct required item; consolidated exact active-catalogue match	Quest Helper 5ea99d5ea9ba3fb096ebe7b5ed02d80883e9819d: Horror from the Deep, In Aid of the Myreque, The Slug Menace, Waterfall Quest and While Guthix Sleeps
item.water_orb.571	Used during While Guthix Sleeps	approved	Direct required-item association; unique to one quest in pinned Quest Helper dataset	Quest Helper 5ea99d5ea9ba3fb096ebe7b5ed02d80883e9819d: While Guthix Sleeps
item.water_talisman.1444	Used during Perilous Moon	approved	Direct required-item association; unique to one quest in pinned Quest Helper dataset	Quest Helper 5ea99d5ea9ba3fb096ebe7b5ed02d80883e9819d: Perilous Moon
item.watermelon_seed.5321	Used during The Great Brain Robbery	approved	Direct required-item association; unique to one quest in pinned Quest Helper dataset	Quest Helper 5ea99d5ea9ba3fb096ebe7b5ed02d80883e9819d: The Great Brain Robbery
item.waterskin.1823	Used during Beneath Cursed Sands	approved	Direct required-item association; unique to one quest in pinned Quest Helper dataset	Quest Helper 5ea99d5ea9ba3fb096ebe7b5ed02d80883e9819d: Beneath Cursed Sands
item.waxwood_log.24938	Used during Daddy’s Home	approved	Quest-specific required item	Quest Helper 5ea99d5ea9ba3fb096ebe7b5ed02d80883e9819d: Daddy’s Home
item.waxwood_plank.24939	Used during Daddy’s Home	approved	Quest-specific required item	Quest Helper 5ea99d5ea9ba3fb096ebe7b5ed02d80883e9819d: Daddy’s Home
item.west_ardougne_teleport.19623	Used during Mourning’s End Part I, Mourning’s End Part II and Regicide	approved	Direct required-item associations reviewed across multiple Quest Helper quest definitions	Quest Helper 5ea99d5ea9ba3fb096ebe7b5ed02d80883e9819d: Mourning’s End Part I; Mourning’s End Part II; Regicide
item.white_apron.1005	Used during Rum Smuggling Step	approved	Direct required-item association; unique to one quest in pinned Quest Helper dataset	Quest Helper 5ea99d5ea9ba3fb096ebe7b5ed02d80883e9819d: Rum Smuggling Step
item.white_bead.1476	Used during Imp Catcher	approved	Quest-specific required item	Quest Helper 5ea99d5ea9ba3fb096ebe7b5ed02d80883e9819d: Imp Catcher
item.white_berries.239	Used during The Hand in the Sand and While Guthix Sleeps	approved	Direct required-item associations reviewed across Quest Helper quest definitions; travel conveniences, alternatives and diary/skill helpers excluded	Quest Helper 5ea99d5ea9ba3fb096ebe7b5ed02d80883e9819d: The Hand in the Sand; While Guthix Sleeps
item.white_goblin_mail.26567	Used during Land of the Goblins	approved	Direct reviewed requirement; corrected legacy quest attribution where applicable	Quest Helper 5ea99d5ea9ba3fb096ebe7b5ed02d80883e9819d: Land of the Goblins; OSRS Wiki: Land of the Goblins
item.white_pearl.4485	Used during Mountain Daughter	approved	Direct required-item association; unique to one quest in pinned Quest Helper dataset	Quest Helper 5ea99d5ea9ba3fb096ebe7b5ed02d80883e9819d: Mountain Daughter
item.white_pearl_seed.4486	Used during Mountain Daughter	approved	Direct required-item association; unique to one quest in pinned Quest Helper dataset	Quest Helper 5ea99d5ea9ba3fb096ebe7b5ed02d80883e9819d: Mountain Daughter
item.white_rose_seed.6453	Used during Garden Of Tranquillity	approved	Direct required-item association; unique to one quest in pinned Quest Helper dataset	Quest Helper 5ea99d5ea9ba3fb096ebe7b5ed02d80883e9819d: Garden Of Tranquillity
item.willow-longbow	Used during Shadows of Custodia	approved	Exact catalogue-name match to direct required-item rows; variants, recommendations, alternatives, teleports, diary/skill helpers and ambiguous quantity rows excluded	Quest Helper 5ea99d5ea9ba3fb096ebe7b5ed02d80883e9819d: Shadows of Custodia
item.willow_branch.5933	Used during Enlightened Journey	approved	Direct required-item association; unique to one quest in pinned Quest Helper dataset	Quest Helper 5ea99d5ea9ba3fb096ebe7b5ed02d80883e9819d: Enlightened Journey
item.willow_logs.1519	Used during Enakhra's Lament, Enlightened Journey and Icthlarin's Little Helper	approved	Direct required-item associations reviewed across Quest Helper quest definitions; travel conveniences, alternatives and diary/skill helpers excluded	Quest Helper 5ea99d5ea9ba3fb096ebe7b5ed02d80883e9819d: Enakhra's Lament; Enlightened Journey; Icthlarin's Little Helper
item.windswept_logs.11035	Used during Olaf's Quest	approved	Direct required-item association; unique to one quest in pinned Quest Helper dataset	Quest Helper 5ea99d5ea9ba3fb096ebe7b5ed02d80883e9819d: Olaf's Quest
item.wine_of_zamorak.245	Used during While Guthix Sleeps	approved	Direct required-item associations reviewed across multiple Quest Helper quest definitions	Quest Helper 5ea99d5ea9ba3fb096ebe7b5ed02d80883e9819d: While Guthix Sleeps
item.wizard_s_mind_bomb.1907	Used during Dragon Slayer and The Final Dawn	approved	Direct required-item associations reviewed across multiple Quest Helper quest definitions	Quest Helper 5ea99d5ea9ba3fb096ebe7b5ed02d80883e9819d: Dragon Slayer; The Final Dawn
item.wolf_bones.2859	Used during Big Chompy Bird Hunting	approved	Quest-specific required item	Quest Helper 5ea99d5ea9ba3fb096ebe7b5ed02d80883e9819d: Big Chompy Bird Hunting
item.wolf_whistle.10896	Used during The Great Brain Robbery	approved	Quest-specific required item	Quest Helper 5ea99d5ea9ba3fb096ebe7b5ed02d80883e9819d: The Great Brain Robbery
item.wolfbone_arrowtips.2861	Used during Big Chompy Bird Hunting	approved	Quest-specific required item	Quest Helper 5ea99d5ea9ba3fb096ebe7b5ed02d80883e9819d: Big Chompy Bird Hunting
item.wooden_cat.10891	Used during The Great Brain Robbery	approved	Quest-specific required item	Quest Helper 5ea99d5ea9ba3fb096ebe7b5ed02d80883e9819d: The Great Brain Robbery
item.wool.1737	Used during Sheep Shearer and Sleeping Giants	approved	Direct required-item associations reviewed across Quest Helper quest definitions; travel conveniences, alternatives and diary/skill helpers excluded	Quest Helper 5ea99d5ea9ba3fb096ebe7b5ed02d80883e9819d: Sheep Shearer; Sleeping Giants
item.wrath_rune.21880	Used during Dragon Slayer II	approved	Direct required-item association; unique to one quest in pinned Quest Helper dataset	Quest Helper 5ea99d5ea9ba3fb096ebe7b5ed02d80883e9819d: Dragon Slayer II
item.wrench.6713	Used during Rum Deal	approved	Direct required-item association; unique to one quest in pinned Quest Helper dataset	Quest Helper 5ea99d5ea9ba3fb096ebe7b5ed02d80883e9819d: Rum Deal
item.yak_hide_armour.10822	Used during The Fremennik Isles	approved	Direct required-item association; unique to one quest in pinned Quest Helper dataset	Quest Helper 5ea99d5ea9ba3fb096ebe7b5ed02d80883e9819d: The Fremennik Isles
item.yellow_bead.1472	Used during Imp Catcher	approved	Quest-specific required item	Quest Helper 5ea99d5ea9ba3fb096ebe7b5ed02d80883e9819d: Imp Catcher
item.yellow_dye.1765	Used during Eagles' Peak, Enlightened Journey, Ghosts Ahoy, Land of the Goblins, Mourning’s End Part I and Prince Ali Rescue	approved	Direct required-item associations reviewed across Quest Helper quest definitions; recommendations, alternatives, travel conveniences and conditional rows excluded	Quest Helper 5ea99d5ea9ba3fb096ebe7b5ed02d80883e9819d: Eagles' Peak; Enlightened Journey; Ghosts Ahoy; Land of the Goblins; Mourning’s End Part I; Prince Ali Rescue
item.yellow_goblin_mail.9056	Used during Land of the Goblins	approved	Direct reviewed requirement; corrected legacy quest attribution where applicable	Quest Helper 5ea99d5ea9ba3fb096ebe7b5ed02d80883e9819d: Land of the Goblins; OSRS Wiki: Land of the Goblins
item.yew_logs.1515	Used during Castle Wars Balloon Flight	approved	Direct required-item association; unique to one quest in pinned Quest Helper dataset	Quest Helper 5ea99d5ea9ba3fb096ebe7b5ed02d80883e9819d: Castle Wars Balloon Flight
item.yommi_tree_seeds.735	Used during Legends' Quest	approved	Direct required-item association; unique to one quest in pinned Quest Helper dataset	Quest Helper 5ea99d5ea9ba3fb096ebe7b5ed02d80883e9819d: Legends' Quest
item.zadimus_corpse.610	Used during Shilo Village	approved	Direct required-item association; unique to one quest in pinned Quest Helper dataset	Quest Helper 5ea99d5ea9ba3fb096ebe7b5ed02d80883e9819d: Shilo Village
item.zamorak_brew.193	Used during Biohazard	approved	Direct required-item association; unique to one quest in pinned Quest Helper dataset	Quest Helper 5ea99d5ea9ba3fb096ebe7b5ed02d80883e9819d: Biohazard
item.zamorak_cape.2414	Reward choice from Mage Arena I; usable during Mage Arena II	approved	One of the three exact god-cape choices; alternatives are choice-equivalent rather than cumulatively required	OSRS Wiki: Mage Arena I; Mage Arena II; Zamorak cape
item.zamorak_monk_bottom.1033	Used during Underground Pass	approved	Direct required-item association; unique to one quest in pinned Quest Helper dataset	Quest Helper 5ea99d5ea9ba3fb096ebe7b5ed02d80883e9819d: Underground Pass
item.zamorak_monk_top.1035	Used during Underground Pass	approved	Direct required-item association; unique to one quest in pinned Quest Helper dataset	Quest Helper 5ea99d5ea9ba3fb096ebe7b5ed02d80883e9819d: Underground Pass
item.zamorak_staff.2417	Reward choice from Mage Arena I; used to unlock a god spell and usable during Mage Arena II	approved	Exact god-staff choice; only one alignment is required for Mage Arena I completion	OSRS Wiki: Mage Arena I; Mage Arena II; Zamorak staff
npc.abomination.8262	Boss in A Taste of Hope	approved	Direct quest-combat association reviewed for CL835	Quest Helper 5ea99d5ea9ba3fb096ebe7b5ed02d80883e9819d / Wiki-aligned quest identity
npc.adala.13824	Mandatory unarmed encounter in Death on the Isle	approved	One of two required low-level confrontations; Naiatli is mapped separately as the second mandatory encounter	OSRS Wiki: Death on the Isle
npc.adamant_dragon.8030	Required combat encounter in Dragon Slayer II	approved	Mandatory encounter in the Dragon Slayer II route	Quest Helper 5ea99d5ea9ba3fb096ebe7b5ed02d80883e9819d; OSRS Wiki: Dragon Slayer II
npc.agrith_na_na.4880	Boss encounter in Recipe for Disaster	approved	Direct quest-combat association reviewed for CL835	Quest Helper 5ea99d5ea9ba3fb096ebe7b5ed02d80883e9819d / Wiki-aligned quest identity
npc.agrith_naar.911	Boss in Shadow of the Storm	approved	Direct quest NPC encounter reviewed from Quest Helper 5ea99d5ea9ba3fb096ebe7b5ed02d80883e9819d / Wiki-aligned quest identity	Quest Helper NPC review: pinned commit 5ea99d5ea9ba3fb096ebe7b5ed02d80883e9819d
npc.ahrim_the_blighted.1672	Required boss in His Faithful Servants	approved	Mandatory named miniquest boss	OSRS Wiki: His Faithful Servants
npc.amoxliatl.13685	Final boss in The Heart of Darkness	approved	Mandatory named quest boss	OSRS Wiki: The Heart of Darkness
npc.ancient_guardian.10654	Boss encounter in Below Ice Mountain	approved	Required guardian encounter; may be defeated through combat or the mining mechanic	OSRS Wiki: Below Ice Mountain
npc.angry_bear.1060	Required combat encounter in A Soul's Bane	approved	Mandatory exact anger-room enemy; active catalogue identity	OSRS Wiki: A Soul's Bane; Angry bear
npc.angry_giant_rat.1062	Required combat encounter in A Soul's Bane	approved	Mandatory exact anger-room enemy; active catalogue identity	OSRS Wiki: A Soul's Bane; Angry giant rat
npc.angry_goblin.1065	Required combat encounter in A Soul's Bane	approved	Mandatory exact anger-room enemy; active catalogue identity	OSRS Wiki: A Soul's Bane; Angry goblin
npc.angry_unicorn.1061	Required combat encounter in A Soul's Bane	approved	Mandatory exact anger-room enemy; active catalogue identity	OSRS Wiki: A Soul's Bane; Angry unicorn
npc.armoured_zombie.12720	At least six mandatory Armoured Zombie kills in Defender of Varrock	approved	Canonical active card covers the required Zemouregal base variants	OSRS Wiki: Defender of Varrock
npc.arrav.14132	Boss encounter in The Curse of Arrav	approved	Mandatory named quest boss; exact current quest identity	OSRS Wiki: The Curse of Arrav; Arrav
npc.arrg.643	Boss in Troll Romance	approved	Direct quest-combat association reviewed for CL836	Quest Helper 5ea99d5ea9ba3fb096ebe7b5ed02d80883e9819d / Wiki-aligned quest identity
npc.arzinian_avatar_of_magic.1234	Boss form in Between a Rock...	approved	Exact combat form of the Arzinian Being quest boss	OSRS Wiki: Between a Rock...; Arzinian Avatar of Magic
npc.arzinian_avatar_of_ranging.1231	Boss form in Between a Rock...	approved	Exact combat form of the Arzinian Being quest boss	OSRS Wiki: Between a Rock...; Arzinian Avatar of Ranging
npc.arzinian_avatar_of_strength.1228	Boss form in Between a Rock...	approved	Exact combat form of the Arzinian Being quest boss	OSRS Wiki: Between a Rock...; Arzinian Avatar of Strength
npc.assassin.10940	Combat encounter in A Kingdom Divided; Required combat encounter in While Guthix Sleeps	approved	Exact A Kingdom Divided assassin family; unrelated generic enemies remain excluded; Mandatory combat encounter in While Guthix Sleeps	OSRS Wiki: A Kingdom Divided; Assassin (A Kingdom Divided); Quest Helper 5ea99d5ea9ba3fb096ebe7b5ed02d80883e9819d; OSRS Wiki: While Guthix Sleeps
npc.augur_metzli.14313	Boss encounter in The Final Dawn	approved	Mandatory named quest boss; exact combat identity	OSRS Wiki: The Final Dawn; Augur Metzli
npc.baby_blue_dragon.241	Required bone-source encounter in Rag and Bone Man II	approved	Required special-bone source for Rag and Bone Man II	Quest Helper 5ea99d5ea9ba3fb096ebe7b5ed02d80883e9819d; OSRS Wiki: Rag and Bone Man II
npc.balance_elemental.13528	Boss encounter in While Guthix Sleeps	approved	Direct quest-combat association reviewed for CL835	Quest Helper 5ea99d5ea9ba3fb096ebe7b5ed02d80883e9819d / Wiki-aligned quest identity
npc.bandit_champion.738	Boss encounter in The Feud	approved	Required named gang champion	OSRS Wiki: The Feud
npc.barbarian_warlord.10989	Combat encounter in A Kingdom Divided	approved	Required named quest encounter	OSRS Wiki: A Kingdom Divided
npc.barrelchest.600	Boss in The Great Brain Robbery	approved	Direct quest-combat association reviewed for CL836	Quest Helper 5ea99d5ea9ba3fb096ebe7b5ed02d80883e9819d / Wiki-aligned quest identity
npc.basilisk.417	Required bone-source encounter in Rag and Bone Man II	approved	Required special-bone source for Rag and Bone Man II	Quest Helper 5ea99d5ea9ba3fb096ebe7b5ed02d80883e9819d; OSRS Wiki: Rag and Bone Man II
npc.bat.2827	Required bone-source encounter in Rag and Bone Man II	approved	Required special-bone source for Rag and Bone Man II	Quest Helper 5ea99d5ea9ba3fb096ebe7b5ed02d80883e9819d; OSRS Wiki: Rag and Bone Man II
npc.big_snake.2978	Combat requirement in Recipe for Disaster — Freeing King Awowogei	approved	Required quest creature used to obtain the snake corpse	OSRS Wiki: Recipe for Disaster — Freeing King Awowogei
npc.black_demon.240	Boss in The Grand Tree	approved	A unique Black demon must be defeated to complete the quest	OSRS Wiki: The Grand Tree; Black demon
npc.black_dragon.252	Required combat encounter in Recipe for Disaster — Freeing Sir Amik Varze; Required combat encounter in Dragon Slayer II	approved	One Black dragon must be killed for the dragon token; Mandatory encounter in the Dragon Slayer II route	OSRS Wiki: Recipe for Disaster — Freeing Sir Amik Varze; Black dragon; Quest Helper 5ea99d5ea9ba3fb096ebe7b5ed02d80883e9819d; OSRS Wiki: Dragon Slayer II
npc.black_eye_bethel.15025	Boss in The Red Reef	approved	Mandatory named quest boss	OSRS Wiki: The Red Reef; Black Eye Bethel
npc.black_golem.4742	Boss in Spirits of the Elid	approved	Mandatory named quest boss	OSRS Wiki: Spirits of the Elid
npc.black_knight.516	Required Black Knight encounter in Wanted!	approved	Direct quest combat before the Solus Dellagar confrontation	OSRS Wiki: Wanted!
npc.black_knight_titan.4067	Boss encounter in Holy Grail	approved	Direct quest NPC encounter reviewed from Quest Helper 5ea99d5ea9ba3fb096ebe7b5ed02d80883e9819d / Wiki-aligned quest identity	Quest Helper NPC review: pinned commit 5ea99d5ea9ba3fb096ebe7b5ed02d80883e9819d
npc.blood_moon.13011	Boss in Perilous Moons	approved	Mandatory named quest boss	OSRS Wiki: Perilous Moons
npc.blue_dragon.265	Required combat encounter in Dragon Slayer II	approved	Mandatory encounter in the Dragon Slayer II route	Quest Helper 5ea99d5ea9ba3fb096ebe7b5ed02d80883e9819d; OSRS Wiki: Dragon Slayer II
npc.blue_moon.13013	Boss in Perilous Moons	approved	Mandatory named quest boss	OSRS Wiki: Perilous Moons
npc.bouncer.1224	Boss encounter in Fight Arena; Required combat encounter in The General's Shadow	approved	Direct quest NPC encounter reviewed from Quest Helper 5ea99d5ea9ba3fb096ebe7b5ed02d80883e9819d / Wiki-aligned quest identity; Exact active level-160 Bouncer family used for the mandatory Ghost of Bouncer fight	Quest Helper NPC review: pinned commit 5ea99d5ea9ba3fb096ebe7b5ed02d80883e9819d; OSRS Wiki: The General's Shadow; Ghost of Bouncer; pinned RuneLite cache family 3508/3509
npc.brutal_green_dragon.2918	Required combat encounter in Dragon Slayer II	approved	Mandatory encounter in the Dragon Slayer II route	Quest Helper 5ea99d5ea9ba3fb096ebe7b5ed02d80883e9819d; OSRS Wiki: Dragon Slayer II
npc.brutal_red_dragon.7274	Required combat encounter in Dragon Slayer II	approved	Mandatory encounter in the Dragon Slayer II route	Quest Helper 5ea99d5ea9ba3fb096ebe7b5ed02d80883e9819d; OSRS Wiki: Dragon Slayer II
npc.brutus.15626	Boss in The Ides of Milk	approved	Mandatory named quest boss; post-quest Demonic Brutus remains excluded	OSRS Wiki: The Ides of Milk
npc.cave_goblin.6434	Required bone-source encounter in Rag and Bone Man II	approved	Required special-bone source for Rag and Bone Man II	Quest Helper 5ea99d5ea9ba3fb096ebe7b5ed02d80883e9819d; OSRS Wiki: Rag and Bone Man II
npc.champion_of_scabaras.11483	Boss in Beneath Cursed Sands	approved	Required named quest boss	OSRS Wiki: Beneath Cursed Sands; Champion of Scabaras
npc.chaos_golem.10689	Mandatory Chaos Golem encounters in Defender of Varrock	approved	Multiple golems must be defeated during the quest	OSRS Wiki: Defender of Varrock
npc.chimalli.14362	Boss encounter in The Final Dawn	approved	Mandatory named paired boss encounter	OSRS Wiki: The Final Dawn; Chimalli
npc.chompy_bird.1475	Required hunt in Big Chompy Bird Hunting	approved	At least one chompy must be killed to complete the quest	OSRS Wiki: Big Chompy Bird Hunting
npc.chronozon.4987	Boss encounter in Family Crest	approved	Direct quest NPC encounter reviewed from Quest Helper 5ea99d5ea9ba3fb096ebe7b5ed02d80883e9819d / Wiki-aligned quest identity	Quest Helper NPC review: pinned commit 5ea99d5ea9ba3fb096ebe7b5ed02d80883e9819d
npc.confusion_beast.1067	Required combat encounter in A Soul's Bane	approved	Mandatory named quest enemy	OSRS Wiki: A Soul's Bane
npc.corrupt_lizardman.7997	Boss in Tale of the Righteous	approved	Required named quest boss	OSRS Wiki: Corrupt Lizardman; Tale of the Righteous
npc.corsair_traitor.7949	Final combat encounter in The Corsair Curse	approved	Named quest antagonist and Nightmare Zone unlock	OSRS Wiki: The Corsair Curse; Corsair Traitor
npc.count_draynor.3481	Boss in Vampyre Slayer	approved	Direct quest NPC encounter reviewed from Quest Helper 5ea99d5ea9ba3fb096ebe7b5ed02d80883e9819d / Wiki-aligned quest identity	Quest Helper NPC review: pinned commit 5ea99d5ea9ba3fb096ebe7b5ed02d80883e9819d
npc.crab.4819	Required combat/source encounter in Recipe for Disaster	approved	Mandatory encounter or ingredient-source kill in Recipe for Disaster	Quest Helper 5ea99d5ea9ba3fb096ebe7b5ed02d80883e9819d; OSRS Wiki: Recipe for Disaster
npc.culinaromancer.4878	Final boss in Recipe for Disaster	approved	Direct quest NPC encounter reviewed from Quest Helper 5ea99d5ea9ba3fb096ebe7b5ed02d80883e9819d / Wiki-aligned quest identity	Quest Helper NPC review: pinned commit 5ea99d5ea9ba3fb096ebe7b5ed02d80883e9819d
npc.cuthbert_lord_of_dread.12957	Boss in The Ribbiting Tale of a Lily Pad Labour Dispute	approved	Named quest boss	OSRS Wiki: Cuthbert, Lord of Dread; The Ribbiting Tale of a Lily Pad Labour Dispute
npc.dad.4130	Boss encounter in Troll Stronghold	approved	Required named arena opponent	OSRS Wiki: Troll Stronghold
npc.dagannoth.140	Required bone-source encounter in Rag and Bone Man II	approved	Required special-bone source for Rag and Bone Man II	Quest Helper 5ea99d5ea9ba3fb096ebe7b5ed02d80883e9819d; OSRS Wiki: Rag and Bone Man II
npc.dagannoth_mother.983	Boss in Horror from the Deep	approved	Direct quest NPC encounter reviewed from Quest Helper 5ea99d5ea9ba3fb096ebe7b5ed02d80883e9819d / Wiki-aligned quest identity	Quest Helper NPC review: pinned commit 5ea99d5ea9ba3fb096ebe7b5ed02d80883e9819d
npc.damien_leucurte.9564	Required combat encounter in Sins of the Father	approved	Mandatory named quest enemy	OSRS Wiki: Sins of the Father; Damien Leucurte
npc.damis.682	Boss encounter in Desert Treasure I	approved	Direct quest NPC encounter reviewed from Quest Helper 5ea99d5ea9ba3fb096ebe7b5ed02d80883e9819d / Wiki-aligned quest identity	Quest Helper NPC review: pinned commit 5ea99d5ea9ba3fb096ebe7b5ed02d80883e9819d
npc.delrith.5079	Boss in Demon Slayer I	approved	Direct quest NPC encounter reviewed from Quest Helper 5ea99d5ea9ba3fb096ebe7b5ed02d80883e9819d / Wiki-aligned quest identity	Quest Helper NPC review: pinned commit 5ea99d5ea9ba3fb096ebe7b5ed02d80883e9819d
npc.demonic_gorilla.7144	Required combat encounter in Monkey Madness II	approved	Quest completion requires defeating two demonic gorillas	OSRS Wiki: Monkey Madness II; Demonic gorilla
npc.derwen.7859	Boss in Mage Arena II	approved	Required named miniquest boss	OSRS Wiki: Mage Arena II
npc.dessourt.4883	Boss encounter in Recipe for Disaster	approved	Direct quest-combat association reviewed for CL835	Quest Helper 5ea99d5ea9ba3fb096ebe7b5ed02d80883e9819d / Wiki-aligned quest identity
npc.dessous.3459	Boss encounter in Desert Treasure I	approved	Direct quest NPC encounter reviewed from Quest Helper 5ea99d5ea9ba3fb096ebe7b5ed02d80883e9819d / Wiki-aligned quest identity	Quest Helper NPC review: pinned commit 5ea99d5ea9ba3fb096ebe7b5ed02d80883e9819d
npc.dharok_the_wretched.1673	Required boss in His Faithful Servants	approved	Mandatory named miniquest boss	OSRS Wiki: His Faithful Servants
npc.dire_wolf_alpha.13812	Required boss encounter in Meat and Greet	approved	Mandatory named quest enemy	OSRS Wiki: Meat and Greet
npc.disciple_of_iban.8997	Required combat encounter in Underground Pass	approved	Mandatory named quest enemy	OSRS Wiki: Underground Pass
npc.don_t_know_what.8439	Mandatory encounter in Making Friends with My Arm	approved	Required Weiss troll battle	OSRS Wiki: Making Friends with My Arm
npc.doomion.8995	Required combat encounter in Underground Pass	approved	Mandatory named quest enemy	OSRS Wiki: Underground Pass
npc.duke_sucellus.12191	Boss encounter in Desert Treasure II	approved	Direct quest-combat association reviewed for CL835	Quest Helper 5ea99d5ea9ba3fb096ebe7b5ed02d80883e9819d / Wiki-aligned quest identity
npc.earth_elemental.1366	Required combat encounter in Elemental Workshop I	approved	An Earth elemental must be defeated for elemental ore	OSRS Wiki: Elemental Workshop I
npc.eclipse_moon.13012	Boss in Perilous Moons	approved	Mandatory named quest boss	OSRS Wiki: Perilous Moons
npc.elidinis_warden.11753	Required raid boss in Into the Tombs	approved	Mandatory named miniquest boss	OSRS Wiki: Into the Tombs
npc.elite_black_knight.13463	Required combat encounter in While Guthix Sleeps	approved	Mandatory combat encounter in While Guthix Sleeps	Quest Helper 5ea99d5ea9ba3fb096ebe7b5ed02d80883e9819d; OSRS Wiki: While Guthix Sleeps
npc.elvarg.6349	Boss in Dragon Slayer I	approved	Primary quest boss	OSRS Wiki: Dragon Slayer I
npc.emissary_enforcer.14268	Required combat encounter in The Final Dawn	approved	Mandatory named quest enemy; generic cultist waves remain excluded	OSRS Wiki: The Final Dawn; Emissary Enforcer
npc.ennius_tullus.14331	Boss encounter in The Final Dawn	approved	Mandatory named quest boss	OSRS Wiki: The Final Dawn; Ennius Tullus
npc.entrana_firebird.4927	Required combat target in Heroes' Quest	approved	A fire feather is obtained by defeating the Entrana firebird	OSRS Wiki: Heroes' Quest
npc.essyllt.8950	Boss encounter in Song of the Elves	approved	Direct quest-combat association reviewed for CL836	Quest Helper 5ea99d5ea9ba3fb096ebe7b5ed02d80883e9819d / Wiki-aligned quest identity
npc.evelot.12047	Combat encounter in Secrets of the North	approved	Required named quest enemy	OSRS Wiki: Secrets of the North
npc.evil_chicken.1870	Boss encounter in Recipe for Disaster	approved	Direct quest-combat association reviewed for CL835	Quest Helper 5ea99d5ea9ba3fb096ebe7b5ed02d80883e9819d / Wiki-aligned quest identity
npc.evil_creature.1241	Required combat encounters in The Eyes of Glouphrie	approved	Six visual variants consolidated into one combat family	Quest completeness review; pinned cache family 1241
npc.evil_spirit.625	Boss encounter in Rum Deal	approved	Required named quest enemy released from the brewery controls	OSRS Wiki: Rum Deal
npc.experiment.1273	Mandatory combat encounter in Creature of Fenkenstrain; Required bone-source encounter in Rag and Bone Man II	approved	Corrected from Garden of Tranquillity; the level-51 Experiment must be defeated for the cavern key; Required special-bone source for Rag and Bone Man II	OSRS Wiki: Creature of Fenkenstrain; Experiment; Quest Helper 5ea99d5ea9ba3fb096ebe7b5ed02d80883e9819d; OSRS Wiki: Rag and Bone Man II
npc.fareed.3456	Boss encounter in Desert Treasure I	approved	Direct quest NPC encounter reviewed from Quest Helper 5ea99d5ea9ba3fb096ebe7b5ed02d80883e9819d / Wiki-aligned quest identity	Quest Helper NPC review: pinned commit 5ea99d5ea9ba3fb096ebe7b5ed02d80883e9819d
npc.fear_reaper.1066	Final boss encounter in A Soul's Bane	approved	Mandatory named quest boss	OSRS Wiki: A Soul's Bane
npc.fire_giant.2075	Required bone-source encounter in Rag and Bone Man II	approved	Required special-bone source for Rag and Bone Man II	Quest Helper 5ea99d5ea9ba3fb096ebe7b5ed02d80883e9819d; OSRS Wiki: Rag and Bone Man II
npc.fire_warrior_of_lesarkus.3448	Required combat encounter in Temple of Ikov	approved	Mandatory named quest enemy	OSRS Wiki: Temple of Ikov
npc.flambeed.4881	Boss encounter in Recipe for Disaster	approved	Direct quest-combat association reviewed for CL835	Quest Helper 5ea99d5ea9ba3fb096ebe7b5ed02d80883e9819d / Wiki-aligned quest identity
npc.fragment_of_seren.8917	Boss in Song of the Elves	approved	Direct quest NPC encounter reviewed from Quest Helper 5ea99d5ea9ba3fb096ebe7b5ed02d80883e9819d / Wiki-aligned quest identity	Quest Helper NPC review: pinned commit 5ea99d5ea9ba3fb096ebe7b5ed02d80883e9819d
npc.frenzied_ice_troll_female.5825	Mandatory combat option in The Fremennik Isles	approved	Ten frenzied ice trolls of any listed variant are required before the Ice Troll King; variants are alternatives, not cumulative requirements	OSRS Wiki: The Fremennik Isles
npc.frenzied_ice_troll_grunt.5826	Mandatory combat option in The Fremennik Isles	approved	Ten frenzied ice trolls of any listed variant are required before the Ice Troll King; variants are alternatives, not cumulative requirements	OSRS Wiki: The Fremennik Isles
npc.frenzied_ice_troll_male.5824	Mandatory combat option in The Fremennik Isles	approved	Ten frenzied ice trolls of any listed variant are required before the Ice Troll King; variants are alternatives, not cumulative requirements	OSRS Wiki: The Fremennik Isles
npc.frenzied_ice_troll_runt.5823	Mandatory combat option in The Fremennik Isles	approved	Ten frenzied ice trolls of any listed variant are required before the Ice Troll King; variants are alternatives, not cumulative requirements	OSRS Wiki: The Fremennik Isles
npc.gadderanks.4484	Combat encounter in In Aid of the Myreque	approved	Required named quest enemy	OSRS Wiki: In Aid of the Myreque
npc.galvek.8095	Final boss in Dragon Slayer II	approved	Direct quest NPC encounter reviewed from Quest Helper 5ea99d5ea9ba3fb096ebe7b5ed02d80883e9819d / Wiki-aligned quest identity	Quest Helper NPC review: pinned commit 5ea99d5ea9ba3fb096ebe7b5ed02d80883e9819d
npc.gelatinnoth_mother.4884	Boss encounter in Recipe for Disaster	approved	Direct quest NPC encounter reviewed from Quest Helper 5ea99d5ea9ba3fb096ebe7b5ed02d80883e9819d / Wiki-aligned quest identity	Quest Helper NPC review: pinned commit 5ea99d5ea9ba3fb096ebe7b5ed02d80883e9819d
npc.ghast.946	Required combat target in Nature Spirit	approved	Three ghasts must be killed with a druid pouch during the quest	OSRS Wiki: Nature Spirit
npc.ghoul.289	Required bone-source encounter in Rag and Bone Man II	approved	Required special-bone source for Rag and Bone Man II	Quest Helper 5ea99d5ea9ba3fb096ebe7b5ed02d80883e9819d; OSRS Wiki: Rag and Bone Man II
npc.giant_lobster.2994	Mandatory combat encounter in The Red Reef	approved	Exact quest-specific giant lobster encountered during the underwater dredger section	OSRS Wiki: The Red Reef; Giant lobster (The Red Reef)
npc.giant_roc.763	Boss in My Arm’s Big Adventure	approved	Direct quest-combat association reviewed for CL835	Quest Helper 5ea99d5ea9ba3fb096ebe7b5ed02d80883e9819d / Wiki-aligned quest identity
npc.giant_scarab.797	Boss in Contact!	approved	Direct quest-combat association reviewed for CL835	Quest Helper 5ea99d5ea9ba3fb096ebe7b5ed02d80883e9819d / Wiki-aligned quest identity
npc.giant_sea_snake.1101	Boss in Royal Trouble	approved	Direct quest-combat association reviewed for CL836	Quest Helper 5ea99d5ea9ba3fb096ebe7b5ed02d80883e9819d / Wiki-aligned quest identity
npc.glod.5129	Boss in Grim Tales	approved	Direct quest NPC encounter reviewed from Quest Helper 5ea99d5ea9ba3fb096ebe7b5ed02d80883e9819d / Wiki-aligned quest identity	Quest Helper NPC review: pinned commit 5ea99d5ea9ba3fb096ebe7b5ed02d80883e9819d
npc.glough.7101	Boss in Monkey Madness II	approved	Direct quest NPC encounter reviewed from Quest Helper 5ea99d5ea9ba3fb096ebe7b5ed02d80883e9819d / Wiki-aligned quest identity	Quest Helper NPC review: pinned commit 5ea99d5ea9ba3fb096ebe7b5ed02d80883e9819d
npc.goblin_guard.5369	Required combat encounter in Observatory Quest	approved	Exact Observatory Dungeon Goblin guard; it must be woken and defeated to obtain the goblin kitchen key	OSRS Wiki: Observatory Quest; Goblin guard; pinned RuneLite cache family 5369
npc.golem_guard.14125	Boss encounter in The Curse of Arrav	approved	Mandatory named quest boss	OSRS Wiki: The Curse of Arrav; Golem guard
npc.gorad.4367	Required combat encounter in Watchtower	approved	Mandatory named quest enemy	OSRS Wiki: Watchtower
npc.gorak.1834	Combat requirement in Fairytale II — Cure a Queen	approved	A Gorak must be defeated to obtain the required claw	OSRS Wiki: Fairytale II — Cure a Queen
npc.green_dragon.260	Required combat encounter in Dragon Slayer II	approved	Mandatory encounter in the Dragon Slayer II route	Quest Helper 5ea99d5ea9ba3fb096ebe7b5ed02d80883e9819d; OSRS Wiki: Dragon Slayer II
npc.grey_golem.4744	Boss in Spirits of the Elid	approved	Mandatory named quest boss	OSRS Wiki: Spirits of the Elid
npc.grip.4919	Black Arm route encounter in Heroes' Quest	approved	Route-specific quest combat; retained as quest-relevant but not cumulative across gang choices	OSRS Wiki: Heroes' Quest
npc.guardian_of_armadyl.3445	Combat encounter in Temple of Ikov	approved	Direct quest-combat association reviewed for CL836	Quest Helper 5ea99d5ea9ba3fb096ebe7b5ed02d80883e9819d / Wiki-aligned quest identity
npc.guthan_the_infested.1674	Required boss in His Faithful Servants	approved	Mandatory named miniquest boss	OSRS Wiki: His Faithful Servants
npc.h_a_m_archer.5157	Required combat encounter in Another Slice of H.A.M.	approved	Mandatory exact quest enemy fought using Ranged or Magic	OSRS Wiki: Another Slice of H.A.M.; H.A.M. Archer
npc.h_a_m_mage.5158	Required combat encounter in Another Slice of H.A.M.	approved	Mandatory exact quest enemy fought using Ranged or Magic	OSRS Wiki: Another Slice of H.A.M.; H.A.M. Mage
npc.headless_beast.10493	Boss in Getting Ahead	approved	Direct quest-combat association reviewed for CL835	Quest Helper 5ea99d5ea9ba3fb096ebe7b5ed02d80883e9819d / Wiki-aligned quest identity
npc.holthion.8996	Required combat encounter in Underground Pass	approved	Mandatory named quest enemy	OSRS Wiki: Underground Pass
npc.hopeless_creature.1072	Required combat encounter in A Soul's Bane	approved	Mandatory named quest enemy	OSRS Wiki: A Soul's Bane
npc.ice_giant.2085	Required bone-source encounter in Rag and Bone Man II	approved	Required special-bone source for Rag and Bone Man II	Quest Helper 5ea99d5ea9ba3fb096ebe7b5ed02d80883e9819d; OSRS Wiki: Rag and Bone Man II
npc.ice_queen.4922	Combat encounter in Heroes’ Quest	approved	Direct quest NPC encounter reviewed from Quest Helper 5ea99d5ea9ba3fb096ebe7b5ed02d80883e9819d / Wiki-aligned quest identity	Quest Helper NPC review: pinned commit 5ea99d5ea9ba3fb096ebe7b5ed02d80883e9819d
npc.ice_troll_king.5822	Boss in The Fremennik Isles	approved	Direct quest-combat association reviewed for CL836	Quest Helper 5ea99d5ea9ba3fb096ebe7b5ed02d80883e9819d / Wiki-aligned quest identity
npc.icelord.852	Required combat encounter in Cold War	approved	Mandatory quest enemy identity	OSRS Wiki: Cold War
npc.iron_dragon.272	Required combat encounter in Dragon Slayer II	approved	Mandatory encounter in the Dragon Slayer II route	Quest Helper 5ea99d5ea9ba3fb096ebe7b5ed02d80883e9819d; OSRS Wiki: Dragon Slayer II
npc.irvig_senay.3965	Required combat encounter in Legends' Quest	approved	Mandatory named quest enemy	OSRS Wiki: Legends' Quest
npc.jackal.4185	Required bone-source encounter in Rag and Bone Man II	approved	Required special-bone source for Rag and Bone Man II	Quest Helper 5ea99d5ea9ba3fb096ebe7b5ed02d80883e9819d; OSRS Wiki: Rag and Bone Man II
npc.jogre.2094	Required bone-source encounter in Rag and Bone Man II	approved	Required special-bone source for Rag and Bone Man II	Quest Helper 5ea99d5ea9ba3fb096ebe7b5ed02d80883e9819d; OSRS Wiki: Rag and Bone Man II
npc.jubbly_bird.4863	Required combat/source encounter in Recipe for Disaster	approved	Mandatory encounter or ingredient-source kill in Recipe for Disaster	Quest Helper 5ea99d5ea9ba3fb096ebe7b5ed02d80883e9819d; OSRS Wiki: Recipe for Disaster
npc.judge_of_yama.10938	Boss encounter in A Kingdom Divided	approved	Required named quest boss	OSRS Wiki: A Kingdom Divided
npc.jungle_demon.1443	Boss in Monkey Madness I	approved	Direct quest NPC encounter reviewed from Quest Helper 5ea99d5ea9ba3fb096ebe7b5ed02d80883e9819d / Wiki-aligned quest identity	Quest Helper NPC review: pinned commit 5ea99d5ea9ba3fb096ebe7b5ed02d80883e9819d
npc.justiciar_zachariah.7858	Boss in Mage Arena II	approved	Required named miniquest boss	OSRS Wiki: Mage Arena II
npc.kalrag.8993	Required combat encounter in Underground Pass	approved	Mandatory named quest enemy	OSRS Wiki: Underground Pass
npc.kamil.3458	Boss encounter in Desert Treasure I	approved	Direct quest NPC encounter reviewed from Quest Helper 5ea99d5ea9ba3fb096ebe7b5ed02d80883e9819d / Wiki-aligned quest identity	Quest Helper NPC review: pinned commit 5ea99d5ea9ba3fb096ebe7b5ed02d80883e9819d
npc.karamel.4882	Boss encounter in Recipe for Disaster	approved	Direct quest-combat association reviewed for CL835	Quest Helper 5ea99d5ea9ba3fb096ebe7b5ed02d80883e9819d / Wiki-aligned quest identity
npc.karil_the_tainted.1675	Required boss in His Faithful Servants	approved	Mandatory named miniquest boss	OSRS Wiki: His Faithful Servants
npc.kasonde_the_craven.12331	Combat encounter in Desert Treasure II	approved	Direct quest-combat association reviewed for CL835	Quest Helper 5ea99d5ea9ba3fb096ebe7b5ed02d80883e9819d / Wiki-aligned quest identity
npc.keef.7105	Boss encounter in Monkey Madness II	approved	Mandatory named quest boss	OSRS Wiki: Monkey Madness II; Keef
npc.ketla_the_unworthy.12329	Combat encounter in Desert Treasure II	approved	Direct quest-combat association reviewed for CL835	Quest Helper 5ea99d5ea9ba3fb096ebe7b5ed02d80883e9819d / Wiki-aligned quest identity
npc.khazard_ogre.1225	Combat encounter in Fight Arena	approved	Required arena enemy	OSRS Wiki: Fight Arena
npc.khazard_scorpion.1226	Combat encounter in Fight Arena	approved	Required arena enemy	OSRS Wiki: Fight Arena
npc.khazard_warlord.6390	Boss in Tree Gnome Village	approved	Direct quest NPC encounter reviewed from Quest Helper 5ea99d5ea9ba3fb096ebe7b5ed02d80883e9819d / Wiki-aligned quest identity	Quest Helper NPC review: pinned commit 5ea99d5ea9ba3fb096ebe7b5ed02d80883e9819d
npc.king_roald.4163	Boss encounter in What Lies Below	approved	Mandatory named quest boss	OSRS Wiki: What Lies Below
npc.knight_of_varlamore.12916	Required sparring encounter in Twilight's Promise	approved	Mandatory named quest encounter	OSRS Wiki: Twilight's Promise
npc.kob.7107	Boss encounter in Monkey Madness II	approved	Mandatory named quest boss	OSRS Wiki: Monkey Madness II; Kob
npc.kolodion.1609	Boss in Mage Arena I	approved	Required shape-shifting miniquest boss	OSRS Wiki: Mage Arena I; Kolodion
npc.koschei_the_deathless.3897	Required multi-stage combat encounter in The Fremennik Trials	approved	Mandatory combat trial; four combat forms consolidated	Quest completeness review; pinned cache family 3897
npc.kroy.9560	Required combat encounter in Sins of the Father	approved	Mandatory named quest enemy	OSRS Wiki: Sins of the Father; Kroy
npc.kruk.6805	Boss in Monkey Madness II	approved	Mandatory named quest boss	OSRS Wiki: Monkey Madness II; Kruk
npc.lesser_demon.2005	Combat encounter in Dragon Slayer I	approved	Direct quest-combat association reviewed for CL835	Quest Helper 5ea99d5ea9ba3fb096ebe7b5ed02d80883e9819d / Wiki-aligned quest identity
npc.lizard.458	Required bone-source encounter in Rag and Bone Man II	approved	Required special-bone source for Rag and Bone Man II	Quest Helper 5ea99d5ea9ba3fb096ebe7b5ed02d80883e9819d; OSRS Wiki: Rag and Bone Man II
npc.loar_shade.1277	Required combat encounters in Shades of Mort'ton	approved	Five Loar Shades are mandatory	Quest completeness review; pinned cache family 1277
npc.lucius.14363	Boss encounter in The Final Dawn	approved	Mandatory named paired boss encounter	OSRS Wiki: The Final Dawn; Lucius
npc.me.785	Final boss in Lunar Diplomacy	approved	Required named Dream World opponent	OSRS Wiki: Lunar Diplomacy
npc.melzar_the_mad.823	Combat encounter in Dragon Slayer I	approved	Direct quest-combat association reviewed for CL835	Quest Helper 5ea99d5ea9ba3fb096ebe7b5ed02d80883e9819d / Wiki-aligned quest identity
npc.menaphite_akh.11492	Final boss in Beneath Cursed Sands	approved	Required named final combat encounter	OSRS Wiki: Beneath Cursed Sands
npc.mercenary_axeman.13535	Required combat encounter in While Guthix Sleeps	approved	Mandatory combat encounter in While Guthix Sleeps	Quest Helper 5ea99d5ea9ba3fb096ebe7b5ed02d80883e9819d; OSRS Wiki: While Guthix Sleeps
npc.mercenary_captain.4635	Required combat encounter in The Tourist Trap	approved	Mandatory named quest enemy	OSRS Wiki: The Tourist Trap
npc.mercenary_mage.13537	Required combat encounter in While Guthix Sleeps	approved	Mandatory combat encounter in While Guthix Sleeps	Quest Helper 5ea99d5ea9ba3fb096ebe7b5ed02d80883e9819d; OSRS Wiki: While Guthix Sleeps
npc.minotaur.2481	Required combat encounter in Meat and Greet	approved	Mandatory quest enemy in the Wolf Den route	OSRS Wiki: Meat and Greet
npc.mithril_dragon.2919	Required source encounter for chewed bones during Barbarian Training; Required combat encounter in Dragon Slayer II	approved	Chewed bones used for pyre-ship training are obtained from mithril dragons; Mandatory encounter in the Dragon Slayer II route	OSRS Wiki: Barbarian Training; Quest Helper 5ea99d5ea9ba3fb096ebe7b5ed02d80883e9819d; OSRS Wiki: Dragon Slayer II
npc.mogre.2592	Required bone-source encounter in Rag and Bone Man II	approved	Required special-bone source for Rag and Bone Man II	Quest Helper 5ea99d5ea9ba3fb096ebe7b5ed02d80883e9819d; OSRS Wiki: Rag and Bone Man II
npc.monk_of_zamorak.527	Required combat encounter in Priest in Peril	approved	A level-30 Monk of Zamorak must be defeated for the key	OSRS Wiki: Priest in Peril
npc.moss_giant.2090	Required bone-source encounter in Rag and Bone Man II	approved	Required special-bone source for Rag and Bone Man II	Quest Helper 5ea99d5ea9ba3fb096ebe7b5ed02d80883e9819d; OSRS Wiki: Rag and Bone Man II
npc.moss_guardian.891	Boss in Roving Elves	approved	Mandatory unarmed quest boss; Moss giant family is not substituted	OSRS Wiki: Roving Elves; Moss Guardian
npc.mosschin.11271	Required combat encounter in Hopespear's Will; Mandatory combat encounter in Land of the Goblins	approved	Mandatory named miniquest enemy; Mandatory named goblin-priest encounter	OSRS Wiki: Hopespear's Will; Quest Helper 5ea99d5ea9ba3fb096ebe7b5ed02d80883e9819d; OSRS Wiki: Land of the Goblins
npc.mother.8428	Mandatory boss in Making Friends with My Arm	approved	Required final Weiss troll encounter	OSRS Wiki: Making Friends with My Arm
npc.mourner.8844	Required combat encounter in Biohazard and Mourning's End Part I	approved	The active combat Mourner identity is directly fought in both quest paths; non-interactive tunnel mourners remain excluded	OSRS Wiki: Biohazard; Mourning's End Part I; Mourner
npc.mudskipper.4820	Required combat/source encounter in Recipe for Disaster	approved	Mandatory encounter or ingredient-source kill in Recipe for Disaster	Quest Helper 5ea99d5ea9ba3fb096ebe7b5ed02d80883e9819d; OSRS Wiki: Recipe for Disaster
npc.mutant_tarn.6477	Final boss form in Lair of Tarn Razorlor	approved	Mandatory transformed final form of Tarn	OSRS Wiki: Lair of Tarn Razorlor
npc.mutated_bloodveld.7276	Required combat encounter in Sins of the Father	approved	Mandatory exact quest combat family	OSRS Wiki: Sins of the Father; Mutated Bloodveld
npc.naiatli.13838	Mandatory scripted combat encounter in Death on the Isle	approved	Second required confrontation alongside Adala	Quest completeness review; pinned cache family 13838
npc.nail_beast.2946	Required combat encounter in Sins of the Father	approved	Mandatory quest combat family	OSRS Wiki: Sins of the Father; Nail beast
npc.nazastarool.5353	Boss encounter in Shilo Village	approved	Direct quest-combat association reviewed for CL835	Quest Helper 5ea99d5ea9ba3fb096ebe7b5ed02d80883e9819d / Wiki-aligned quest identity
npc.nezikchened.3962	Boss encounter in Legends’ Quest	approved	Direct quest NPC encounter reviewed from Quest Helper 5ea99d5ea9ba3fb096ebe7b5ed02d80883e9819d / Wiki-aligned quest identity	Quest Helper NPC review: pinned commit 5ea99d5ea9ba3fb096ebe7b5ed02d80883e9819d
npc.nylocas_vasilias.8355	Boss encounter in A Taste of Hope and A Night at the Theatre	approved	Exact named boss encountered during A Taste of Hope and required in the Theatre of Blood completion used by A Night at the Theatre	Quest Helper 5ea99d5ea9ba3fb096ebe7b5ed02d80883e9819d / OSRS Wiki: A Taste of Hope; A Night at the Theatre
npc.ogre.136	Required bone-source encounter in Rag and Bone Man II	approved	Required special-bone source for Rag and Bone Man II	Quest Helper 5ea99d5ea9ba3fb096ebe7b5ed02d80883e9819d; OSRS Wiki: Rag and Bone Man II
npc.ogre_shaman.4382	Quest requirement in Watchtower	approved	Quest-only shamans must be killed using the magic ogre potion	OSRS Wiki: Watchtower; Ogre shaman
npc.othainian.8994	Required combat encounter in Underground Pass	approved	Mandatory named quest enemy	OSRS Wiki: Underground Pass
npc.outlaw.4167	Required combat encounter in What Lies Below	approved	Mandatory quest enemy identity	OSRS Wiki: What Lies Below
npc.persten_the_deceitful.12333	Combat encounter in Desert Treasure II	approved	Direct quest-combat association reviewed for CL835	Quest Helper 5ea99d5ea9ba3fb096ebe7b5ed02d80883e9819d / Wiki-aligned quest identity
npc.pestilent_bloat.8359	Raid boss required during A Night at the Theatre	approved	Exact named Theatre of Blood boss in the quest completion path	OSRS Wiki: A Night at the Theatre
npc.pirate.521	Mandatory combat encounter in The Red Reef; Mandatory pirate encounters in Cabin Fever	approved	Exact active family contains the level 52 pirates that must be defeated after docking at The Last Light; Canonical Pirate card covers the required enemy-crew fights	OSRS Wiki: The Red Reef; Pirate; OSRS Wiki: Cabin Fever
npc.porazdir.7860	Boss in Mage Arena II	approved	Required named miniquest boss	OSRS Wiki: Mage Arena II
npc.possessed_priest.4210	Boss encounter in Icthlarin's Little Helper	approved	Named quest sub-boss	OSRS Wiki: Possessed Priest; Icthlarin's Little Helper
npc.prince_itzla_arkan.13784	Boss encounter in The Heart of Darkness	approved	Mandatory named quest boss	OSRS Wiki: The Heart of Darkness; Prince Itzla Arkan
npc.rabbit.1852	Required bone-source encounter in Rag and Bone Man II	approved	Required special-bone source for Rag and Bone Man II	Quest Helper 5ea99d5ea9ba3fb096ebe7b5ed02d80883e9819d; OSRS Wiki: Rag and Bone Man II
npc.ranalph_devere.3966	Required combat encounter in Legends' Quest	approved	Mandatory named quest enemy	OSRS Wiki: Legends' Quest
npc.ranis_drakan.8244	Final boss in A Taste of Hope	approved	Direct quest-combat association reviewed for CL835	Quest Helper 5ea99d5ea9ba3fb096ebe7b5ed02d80883e9819d / Wiki-aligned quest identity
npc.rat.2492	Required combat encounter in Witch's Potion; Required bone-source encounter in Rag and Bone Man II	approved	Exact basic Rat family; killing a level-1 rat after starting the quest is required to obtain the untradeable rat's tail; Required special-bone source for Rag and Bone Man II	OSRS Wiki: Witch's Potion; Rat's tail; pinned RuneLite cache family 2492; Quest Helper 5ea99d5ea9ba3fb096ebe7b5ed02d80883e9819d; OSRS Wiki: Rag and Bone Man II
npc.red_dragon.247	Required combat encounter in Dragon Slayer II	approved	Mandatory encounter in the Dragon Slayer II route	Quest Helper 5ea99d5ea9ba3fb096ebe7b5ed02d80883e9819d; OSRS Wiki: Dragon Slayer II
npc.redeyes.11272	Required combat encounter in Hopespear's Will; Mandatory combat encounter in Land of the Goblins	approved	Mandatory named miniquest enemy; Mandatory named goblin-priest encounter	OSRS Wiki: Hopespear's Will; Quest Helper 5ea99d5ea9ba3fb096ebe7b5ed02d80883e9819d; OSRS Wiki: Land of the Goblins
npc.robert_the_strong.8057	Boss encounter in Dragon Slayer II	approved	Direct quest NPC encounter reviewed from Quest Helper 5ea99d5ea9ba3fb096ebe7b5ed02d80883e9819d / Wiki-aligned quest identity	Quest Helper NPC review: pinned commit 5ea99d5ea9ba3fb096ebe7b5ed02d80883e9819d
npc.rune_dragon.8027	Required combat encounter in Dragon Slayer II	approved	Mandatory encounter in the Dragon Slayer II route	Quest Helper 5ea99d5ea9ba3fb096ebe7b5ed02d80883e9819d; OSRS Wiki: Dragon Slayer II
npc.san_tojalon.3964	Combat encounter in Legends’ Quest	approved	Direct quest-combat association reviewed for CL836	Quest Helper 5ea99d5ea9ba3fb096ebe7b5ed02d80883e9819d / Wiki-aligned quest identity
npc.sand_snake.7895	Boss in The Depths of Despair	approved	Required quest boss guarding the Royal Accord	OSRS Wiki: Sand Snake; The Depths of Despair
npc.scarab_mage.794	Combat encounter in Contact!	approved	Direct quest-combat association reviewed for CL836	Quest Helper 5ea99d5ea9ba3fb096ebe7b5ed02d80883e9819d / Wiki-aligned quest identity
npc.scarab_swarm.1782	Combat encounter in Contact!	approved	Direct quest-combat association reviewed for CL836	Quest Helper 5ea99d5ea9ba3fb096ebe7b5ed02d80883e9819d / Wiki-aligned quest identity
npc.scarabs.729	Combat encounter in Contact!	approved	Direct quest NPC encounter reviewed from Quest Helper 5ea99d5ea9ba3fb096ebe7b5ed02d80883e9819d / Wiki-aligned quest identity	Quest Helper NPC review: pinned commit 5ea99d5ea9ba3fb096ebe7b5ed02d80883e9819d
npc.sea_snake_hatchling.1098	Combat encounter in Royal Trouble	approved	Direct quest-combat association reviewed for CL836	Quest Helper 5ea99d5ea9ba3fb096ebe7b5ed02d80883e9819d / Wiki-aligned quest identity
npc.sea_snake_young.1097	Combat encounter in Royal Trouble	approved	Direct quest-combat association reviewed for CL836	Quest Helper 5ea99d5ea9ba3fb096ebe7b5ed02d80883e9819d / Wiki-aligned quest identity
npc.sea_troll_queen.4315	Final boss in Swan Song	approved	Direct quest-combat association reviewed for CL835	Quest Helper 5ea99d5ea9ba3fb096ebe7b5ed02d80883e9819d / Wiki-aligned quest identity
npc.seagull.1338	Required bone-source encounter in Rag and Bone Man II	approved	Required special-bone source for Rag and Bone Man II	Quest Helper 5ea99d5ea9ba3fb096ebe7b5ed02d80883e9819d; OSRS Wiki: Rag and Bone Man II
npc.shellbane_gryphon.14860	Mandatory final boss in Troubled Tortugans	approved	Required defence of the Tortugan eggs	OSRS Wiki: Troubled Tortugans
npc.sigmund.991	Boss encounter in Death to the Dorgeshuun and Another Slice of H.A.M.	approved	Same exact Sigmund card is a mandatory boss encounter in both Dorgeshuun quests	OSRS Wiki: Death to the Dorgeshuun; Another Slice of H.A.M.
npc.sir_carl.8988	Required paladin encounter in Underground Pass	approved	Mandatory named quest enemy	OSRS Wiki: Underground Pass
npc.sir_harry.8989	Required paladin encounter in Underground Pass	approved	Mandatory named quest enemy	OSRS Wiki: Underground Pass
npc.sir_jerro.8987	Required paladin encounter in Underground Pass	approved	Mandatory named quest enemy	OSRS Wiki: Underground Pass
npc.sir_leye.4682	Combat encounter in Recruitment Drive	approved	Required named quest enemy	OSRS Wiki: Recruitment Drive; Sir Leye
npc.sir_mordred.3527	Combat encounter in Merlin's Crystal	approved	Required named quest enemy	OSRS Wiki: Sir Mordred; Merlin's Crystal
npc.skeleton_hellhound.5054	Boss encounter in In Search of the Myreque	approved	Direct quest-combat association reviewed for CL836	Quest Helper 5ea99d5ea9ba3fb096ebe7b5ed02d80883e9819d / Wiki-aligned quest identity
npc.slagilith.1362	Boss encounter in One Small Favour	approved	Direct quest NPC encounter reviewed from Quest Helper 5ea99d5ea9ba3fb096ebe7b5ed02d80883e9819d / Wiki-aligned quest identity	Quest Helper NPC review: pinned commit 5ea99d5ea9ba3fb096ebe7b5ed02d80883e9819d
npc.slash_bash.882	Boss in Zogre Flesh Eaters	approved	Named quest boss spawned during the quest	OSRS Wiki: Slash Bash; Zogre Flesh Eaters
npc.slug_prince.4797	Boss in The Slug Menace	approved	Named quest boss	OSRS Wiki: Slug Prince; The Slug Menace
npc.snailfeet.11270	Required combat encounter in Hopespear's Will; Mandatory combat encounter in Land of the Goblins	approved	Mandatory named miniquest enemy; Mandatory named goblin-priest encounter	OSRS Wiki: Hopespear's Will; Quest Helper 5ea99d5ea9ba3fb096ebe7b5ed02d80883e9819d; OSRS Wiki: Land of the Goblins
npc.snake.1037	Required bone-source encounter in Rag and Bone Man II	approved	Required special-bone source for Rag and Bone Man II	Quest Helper 5ea99d5ea9ba3fb096ebe7b5ed02d80883e9819d; OSRS Wiki: Rag and Bone Man II
npc.snothead.11269	Required combat encounter in Hopespear's Will; Mandatory combat encounter in Land of the Goblins	approved	Mandatory named miniquest enemy; Mandatory named goblin-priest encounter	OSRS Wiki: Hopespear's Will; Quest Helper 5ea99d5ea9ba3fb096ebe7b5ed02d80883e9819d; OSRS Wiki: Land of the Goblins
npc.solus_dellagar.4962	Required final combat encounter in Wanted!	approved	Attackable quest form; dialogue-only identity 4930 remains outside the combat family	Quest completeness review; pinned cache family 4962
npc.sotetseg.8388	Raid boss required during A Night at the Theatre	approved	Exact named Theatre of Blood boss in the quest completion path	OSRS Wiki: A Night at the Theatre
npc.sourhog.10435	Boss in A Porcine of Interest	approved	Required quest monster and source of the proof item	OSRS Wiki: A Porcine of Interest
npc.spawn.5916	Required combat encounter in Dragon Slayer II	approved	Mandatory encounter in the Dragon Slayer II route	Quest Helper 5ea99d5ea9ba3fb096ebe7b5ed02d80883e9819d; OSRS Wiki: Dragon Slayer II
npc.steel_dragon.139	Required combat encounter in Dragon Slayer II	approved	Mandatory encounter in the Dragon Slayer II route	Quest Helper 5ea99d5ea9ba3fb096ebe7b5ed02d80883e9819d; OSRS Wiki: Dragon Slayer II
npc.strange_creature.12073	Final boss in Secrets of the North; Final boss in Secrets of the North; three mandatory Strange Creature encounters in Shadows of Custodia	approved	Required named final quest boss; post-quest Phantom Muspah remains separate; The same active Strange Creature card represents all three required level-93 encounters	OSRS Wiki: Secrets of the North; OSRS Wiki: Shadows of Custodia
npc.strongbones.11273	Required combat encounter in Hopespear's Will; Mandatory combat encounter in Land of the Goblins	approved	Mandatory named miniquest enemy; Mandatory named goblin-priest encounter	OSRS Wiki: Hopespear's Will; Quest Helper 5ea99d5ea9ba3fb096ebe7b5ed02d80883e9819d; OSRS Wiki: Land of the Goblins
npc.sulphur_nagua.12879	Required combat encounter in Perilous Moons	approved	Mandatory quest enemy identity	OSRS Wiki: Perilous Moons
npc.suqah.787	Mandatory combat encounter in Lunar Diplomacy	approved	Multiple Suqah must be defeated for the tooth, hides and ceremonial tiara progression	OSRS Wiki: Lunar Diplomacy
npc.surok_magis.13482	Boss encounter in What Lies Below; Required combat encounter in While Guthix Sleeps	approved	Direct quest-combat association reviewed for CL836; Mandatory combat encounter in While Guthix Sleeps	Quest Helper 5ea99d5ea9ba3fb096ebe7b5ed02d80883e9819d / Wiki-aligned quest identity; Quest Helper 5ea99d5ea9ba3fb096ebe7b5ed02d80883e9819d; OSRS Wiki: While Guthix Sleeps
npc.tanglefoot.5848	Boss in A Fairy Tale I — Growing Pains	approved	Direct quest-combat association reviewed for CL835	Quest Helper 5ea99d5ea9ba3fb096ebe7b5ed02d80883e9819d / Wiki-aligned quest identity
npc.tarn.6476	First boss form in Lair of Tarn Razorlor	approved	Mandatory first form of the miniquest boss	OSRS Wiki: Lair of Tarn Razorlor
npc.temple_guardian.7620	Mandatory boss in Priest in Peril and The Enchanted Key	approved	Exact Temple guardian encounter; mandatory in both reviewed quest/miniquest routes	OSRS Wiki: Priest in Peril; The Enchanted Key
npc.terrorbird.2064	Alternative valid terrorbird bone source in Rag and Bone Man II	approved	Either eligible terrorbird family can supply the required wing	Quest Helper 5ea99d5ea9ba3fb096ebe7b5ed02d80883e9819d; OSRS Wiki: Rag and Bone Man II
npc.the_draugen.3922	Combat encounter in The Fremennik Trials	approved	Direct quest NPC encounter reviewed from Quest Helper 5ea99d5ea9ba3fb096ebe7b5ed02d80883e9819d / Wiki-aligned quest identity	Quest Helper NPC review: pinned commit 5ea99d5ea9ba3fb096ebe7b5ed02d80883e9819d
npc.the_everlasting.3474	Boss encounter in Dream Mentor	approved	Direct quest-combat association reviewed for CL835	Quest Helper 5ea99d5ea9ba3fb096ebe7b5ed02d80883e9819d / Wiki-aligned quest identity
npc.the_illusive.3476	Boss encounter in Dream Mentor	approved	Direct quest-combat association reviewed for CL835	Quest Helper 5ea99d5ea9ba3fb096ebe7b5ed02d80883e9819d / Wiki-aligned quest identity
npc.the_inadequacy.3473	Boss encounter in Dream Mentor	approved	Direct quest-combat association reviewed for CL835	Quest Helper 5ea99d5ea9ba3fb096ebe7b5ed02d80883e9819d / Wiki-aligned quest identity
npc.the_jormungand.9291	Final boss in The Fremennik Exiles	approved	Primary quest boss	OSRS Wiki: The Jormungand; The Fremennik Exiles
npc.the_kendal.1377	Boss in Mountain Daughter	approved	Direct quest NPC encounter reviewed from Quest Helper 5ea99d5ea9ba3fb096ebe7b5ed02d80883e9819d / Wiki-aligned quest identity	Quest Helper NPC review: pinned commit 5ea99d5ea9ba3fb096ebe7b5ed02d80883e9819d
npc.the_leviathan.12214	Boss encounter in Desert Treasure II	approved	Direct quest-combat association reviewed for CL835	Quest Helper 5ea99d5ea9ba3fb096ebe7b5ed02d80883e9819d / Wiki-aligned quest identity
npc.the_maiden_of_sugadinti.8360	Raid boss required during A Night at the Theatre	approved	Exact named Theatre of Blood boss in the quest completion path	OSRS Wiki: A Night at the Theatre
npc.the_shaikahan.4708	Combat encounter in Tai Bwo Wannai Trio	approved	Named quest creature that must be defeated with the quest spear	OSRS Wiki: The Shaikahan; Tai Bwo Wannai Trio
npc.the_untouchable.3475	Boss encounter in Dream Mentor	approved	Direct quest-combat association reviewed for CL835	Quest Helper 5ea99d5ea9ba3fb096ebe7b5ed02d80883e9819d / Wiki-aligned quest identity
npc.the_whisperer.12204	Boss encounter in Desert Treasure II	approved	Direct quest-combat association reviewed for CL835	Quest Helper 5ea99d5ea9ba3fb096ebe7b5ed02d80883e9819d / Wiki-aligned quest identity
npc.tolna.1075	Boss encounter in A Soul’s Bane	approved	Direct quest-combat association reviewed for CL835	Quest Helper 5ea99d5ea9ba3fb096ebe7b5ed02d80883e9819d / Wiki-aligned quest identity
npc.torag_the_corrupted.1676	Required boss in His Faithful Servants	approved	Mandatory named miniquest boss	OSRS Wiki: His Faithful Servants
npc.tormented_demon.13599	Combat encounter in While Guthix Sleeps	approved	Direct quest-combat association reviewed for CL835	Quest Helper 5ea99d5ea9ba3fb096ebe7b5ed02d80883e9819d / Wiki-aligned quest identity
npc.tormented_soul.8512	Combat encounter in The Ascent of Arceuus	approved	Required quest enemies	OSRS Wiki: The Ascent of Arceuus
npc.tortured_gorilla.7095	Required combat encounter in Monkey Madness II	approved	Quest completion requires defeating the quest-instance tortured gorillas	OSRS Wiki: Monkey Madness II; Tortured gorilla
npc.tough_guy.3551	Boss encounter in The Feud	approved	Required named gang champion	OSRS Wiki: The Feud
npc.trapped_soul.8514	Combat encounter in The Ascent of Arceuus	approved	Required named quest encounter	OSRS Wiki: Trapped Soul; The Ascent of Arceuus
npc.tree_spirit.1163	Boss encounter in Lost City	approved	Direct quest-combat association reviewed for CL836	Quest Helper 5ea99d5ea9ba3fb096ebe7b5ed02d80883e9819d / Wiki-aligned quest identity
npc.treus_dayth.3616	Boss in Haunted Mine	approved	Direct quest NPC encounter reviewed from Quest Helper 5ea99d5ea9ba3fb096ebe7b5ed02d80883e9819d / Wiki-aligned quest identity	Quest Helper NPC review: pinned commit 5ea99d5ea9ba3fb096ebe7b5ed02d80883e9819d
npc.troll.133	Required bone-source encounter in Rag and Bone Man II	approved	Required special-bone source for Rag and Bone Man II	Quest Helper 5ea99d5ea9ba3fb096ebe7b5ed02d80883e9819d; OSRS Wiki: Rag and Bone Man II
npc.troll_general.4120	Required combat encounter in Troll Stronghold	approved	Mandatory quest enemy identity	OSRS Wiki: Troll Stronghold
npc.tumeken_s_warden.11756	Required raid boss in Into the Tombs	approved	Mandatory named miniquest boss	OSRS Wiki: Into the Tombs
npc.tyras_guard.639	Required combat encounter in Regicide	approved	Mandatory guard encounter in the quest route	OSRS Wiki: Regicide
npc.ulfric.4500	Boss in Olaf's Quest	approved	Required named quest enemy	OSRS Wiki: Olaf's Quest
npc.undead_cow.2992	Required bone-source encounter in Rag and Bone Man II	approved	Required special-bone source for Rag and Bone Man II	Quest Helper 5ea99d5ea9ba3fb096ebe7b5ed02d80883e9819d; OSRS Wiki: Rag and Bone Man II
npc.vampyre_juvenile.3692	Required combat encounter in Sins of the Father	approved	Mandatory quest combat family	OSRS Wiki: Sins of the Father; Vampyre Juvenile
npc.vampyre_juvinate.3694	Required combat encounter in Sins of the Father	approved	Mandatory quest combat family	OSRS Wiki: Sins of the Father; Vampyre Juvinate
npc.vanstrom_klause.3735	Boss in Sins of the Father; Boss in Sins of the Father; mandatory scripted battle in Darkness of Hallowvale	approved	Direct quest NPC encounter reviewed from Quest Helper 5ea99d5ea9ba3fb096ebe7b5ed02d80883e9819d / Wiki-aligned quest identity; The quest requires the encounter even though Vanstrom ends it by knocking the player out	Quest Helper NPC review: pinned commit 5ea99d5ea9ba3fb096ebe7b5ed02d80883e9819d; OSRS Wiki: Darkness of Hallowvale
npc.vardorvis.12223	Boss encounter in Desert Treasure II	approved	Direct quest-combat association reviewed for CL835	Quest Helper 5ea99d5ea9ba3fb096ebe7b5ed02d80883e9819d / Wiki-aligned quest identity
npc.verac_the_defiled.1677	Required boss in His Faithful Servants	approved	Mandatory named miniquest boss	OSRS Wiki: His Faithful Servants
npc.verzik_vitur.8370	Final raid boss required during A Night at the Theatre	approved	Exact named final Theatre of Blood boss in the quest completion path	OSRS Wiki: A Night at the Theatre
npc.viyeldi.3963	Combat encounter in Legends’ Quest	approved	Direct quest-combat association reviewed for CL836	Quest Helper 5ea99d5ea9ba3fb096ebe7b5ed02d80883e9819d / Wiki-aligned quest identity
npc.vorkath.8060	Boss encounter in Dragon Slayer II	approved	Direct quest NPC encounter reviewed from Quest Helper 5ea99d5ea9ba3fb096ebe7b5ed02d80883e9819d / Wiki-aligned quest identity	Quest Helper NPC review: pinned commit 5ea99d5ea9ba3fb096ebe7b5ed02d80883e9819d
npc.vulture.1267	Required bone-source encounter in Rag and Bone Man II	approved	Required special-bone source for Rag and Bone Man II	Quest Helper 5ea99d5ea9ba3fb096ebe7b5ed02d80883e9819d; OSRS Wiki: Rag and Bone Man II
npc.warped_terrorbird.12491	Combat requirement in The Path of Glouphrie; Alternative valid terrorbird bone source in Rag and Bone Man II	approved	Three quest-instance Warped Terrorbirds must be defeated; optional Warped Tortoises remain excluded; Either eligible terrorbird family can supply the required wing	OSRS Wiki: The Path of Glouphrie; Quest Helper 5ea99d5ea9ba3fb096ebe7b5ed02d80883e9819d; OSRS Wiki: Rag and Bone Man II
npc.werewolf.2593	Required bone-source encounter in Rag and Bone Man II	approved	Required special-bone source for Rag and Bone Man II	Quest Helper 5ea99d5ea9ba3fb096ebe7b5ed02d80883e9819d; OSRS Wiki: Rag and Bone Man II
npc.white_golem.4743	Boss in Spirits of the Elid	approved	Mandatory named quest boss	OSRS Wiki: Spirits of the Elid
npc.witch_s_experiment.3996	Boss in Witch’s House	approved	Direct quest-combat association reviewed for CL836	Quest Helper 5ea99d5ea9ba3fb096ebe7b5ed02d80883e9819d / Wiki-aligned quest identity
npc.wolf.106	Required bone-source encounter in Rag and Bone Man II	approved	Required special-bone source for Rag and Bone Man II	Quest Helper 5ea99d5ea9ba3fb096ebe7b5ed02d80883e9819d; OSRS Wiki: Rag and Bone Man II
npc.xamphur.10955	Final boss in A Kingdom Divided	approved	Required named final combat encounter	OSRS Wiki: A Kingdom Divided
npc.xarpus.8340	Raid boss required during A Night at the Theatre	approved	Exact named Theatre of Blood boss in the quest completion path	OSRS Wiki: A Night at the Theatre
npc.zogre.866	Required bone-source encounter in Rag and Bone Man II	approved	Required special-bone source for Rag and Bone Man II	Quest Helper 5ea99d5ea9ba3fb096ebe7b5ed02d80883e9819d; OSRS Wiki: Rag and Bone Man II
npc.zombie.26	Required bone-source encounter in Rag and Bone Man II	approved	Required special-bone source for Rag and Bone Man II	Quest Helper 5ea99d5ea9ba3fb096ebe7b5ed02d80883e9819d; OSRS Wiki: Rag and Bone Man II
